tree
version=v4
num_class=1
num_tree_per_iteration=1
label_index=0
max_feature_idx=7
objective=binary sigmoid:1
feature_names=score rsi adx atr ema20 final_probability confidence rejected
feature_infos=[0:72] [0:80.299999999999997] [0:72.200000000000003] [0:0.1179] [0:2.5527000000000002] [0.44:0.66000000000000003] [0.5:1] [0:1]
tree_sizes=3305 3377 3432 3356 3402 3363 3379 3431 3411 3410 3391 3389 3413 3415 3394 3395 3395 3445 3415 3399 3160 3408 3437 3390 3418 3369 3413 3428 3386 2640 2162 3282 1831 1739 3363 2237 2460 1737 1616 2259 1945 3373 1111 1215 1108 2042 2465 1310 1209 3062 1427 2342 1211 2671 2742 1331 2468 1318 1210 1313 1002 1805 2961 2559 1520 2013 2699 1109 2340 1813 2335 2753 1003 2153 1011 2790 1842 1412 1418 1734 1734 1315 1312 1926 1724 1111 2018 3426 1932 2176 3417 1966 3282 3393 1086 1952 1797 3406 2414 1513 3410 2284 2529 1321 3304 2454 3404 2361 2138 2435 2048 2360 3406 2769 2861 3423 2977 2163 3303 2266 3172 3411 2073 1432 2442 1644 1940 1390 1835 3162 2125 2813 3174 1436 1511 2802 2777 3425 1920 2880 2667 2011 2329 2079 2231 2896 3416 2429 1830 2811 2589 3427 3413 2399 1830 2223 2302 2882 3302 2819 2576 1837 2451 3018 3407 1412 3421 2695 2331 1621 3410 2261 2461 2995 2211 2923 1954 3440 2794 3408 3374 1497 2459 2349 2242 3229 3390 2345 2805 3374 1964 3323 3395 3445 2340 2229 3440 1790 1511 2337 2207 1822 3408 1417 3019 3434 2589 1903 3444 2232 2706 3429 3223 1803 1909 3413 1525 1834 3181 3448 2361 1689 3437 2250 3449 1834 1413 3449 3143 3147 2049 2243 2255 2715 3417 3427 1643 3332 2785 3415 3344 3435 1549 1519 2806 3428 2789 2100 3408 1229 3441 3336 1658 2076 3367 3400 2061 3418 3097 1545 2892 3012 1627 2643 2776 3391 2171 3289 2239 3395 3390 1435 2666 2343 3417 3018 2691 1517 1987 1520 2457 2150 2321 2539 1956 1474 1417 3140 2430 3470 3117 1387 1422 1335 3277 3065 2531 2480 3158 1480

Tree=0
num_leaves=31
num_cat=0
split_feature=0 2 2 0 3 1 3 2 0 2 2 3 3 3 1 2 2 3 2 1 1 2 2 2 3 2 0 2 1 1
split_gain=299.295 326.818 93.2876 73.0836 55.5346 51.5318 42.5597 40.6788 54.8994 60.6555 45.5691 25.7204 38.9263 25.6519 36.8259 29.1608 25.3274 48.1002 23.5839 85.5613 20.4825 20.681 60.0716 20.3202 19.6814 19.1644 16.4412 14.8993 14.6844 35.5367
threshold=60.500000000000007 28.650000000000002 19.950000000000003 63.500000000000007 0.00062874500000000011 61.150000000000013 0.004237035000000001 26.250000000000004 62.500000000000007 20.250000000000004 25.750000000000004 8.9260000000000009e-05 8.1195000000000011e-05 0.0014943250000000001 45.250000000000007 45.95000000000001 40.400000000000006 0.00069947500000000007 13.250000000000002 57.650000000000013 53.150000000000013 16.650000000000002 14.15 33.95000000000001 0.0021777800000000003 42.650000000000013 55.500000000000007 41.150000000000013 58.95000000000001 69.750000000000014
decision_type=2 2 2 2 2 2 2 2 2 2 2 2 2 2 2 2 2 2 2 2 2 2 2 2 2 2 2 2 2 2
left_child=4 2 18 5 11 16 26 8 10 -10 -4 12 -1 14 25 -16 23 -18 19 -2 21 22 -13 -3 -15 -5 -6 -26 -9 -30
right_child=1 3 7 13 6 -7 -8 28 9 -11 -12 20 -14 24 15 -17 17 -19 -20 -21 -22 -23 -24 -25 27 -27 -28 -29 29 -31
leaf_value=-0.92145787850086802 -1.0764579419155003 -1.0309152945365181 -1.0683179519169328 -1.1113010897800928 -1.0245642566415163 -0.92738724268112915 -0.97415447512693598 -1.1008955223181749 -0.8569560243045502 -1.0206075349098114 -0.96419085501908131 -0.92553131461282656 -1.0319510610175833 -0.86297450025587841 -0.94759924922277949 -1.0572002867909787 -1.0505209145034611 -0.96717097426989729 -1.0928828105319044 -0.88262199952378895 -1.0204804508809675 -0.86525223009618835 -1.1014871804831441 -1.0752627734948437 -1.0057832365861401 -0.99621645431741368 -1.0865242479739647 -0.92689341160934768 -0.98612339354612266 -1.1079856718496872
leaf_weight=11.933452218770979 179.38673335313797 67.751212596893311 125.10877326130867 8.0839515030384046 27.13898004591465 12.318402290344237 33.10570615530014 43.114408016204834 5.9667261093854895 88.92346653342247 11.356027111411093 41.574607729911804 24.05937947332859 7.3140513598918906 32.913231119513512 7.3140513598918906 34.64550644159317 34.260556370019913 315.27410861849785 5.7742510735988608 7.5065263956785193 10.008701860904692 5.3893010020256034 41.574607729911804 10.201176896691324 6.351676180958747 17.515228256583214 15.782952934503554 10.971077039837839 12.895827397704123
leaf_count=62 932 352 650 42 141 64 172 224 31 462 59 216 125 38 171 38 180 178 1638 30 39 52 28 216 53 33 91 82 57 67
internal_value=-1.04516 -1.05509 -1.07135 -1.00846 -0.985157 -1.02592 -1.01703 -1.0492 -1.03928 -1.01008 -1.05956 -0.96059 -0.994937 -0.970771 -0.992186 -0.967631 -1.03282 -1.0091 -1.08454 -1.0703 -0.941603 -0.931359 -0.945906 -1.04775 -0.936029 -1.06033 -1.04879 -0.957404 -1.08349 -1.05175
internal_weight=1255.51 1077.28 798.771 278.511 178.232 190.55 77.7599 298.336 231.355 94.8902 136.465 100.472 35.9928 87.9611 54.6629 40.2273 178.232 68.9061 500.435 185.161 64.4791 56.9726 46.9639 109.326 33.2982 14.4356 44.6542 25.9841 66.9813 23.8669
internal_count=6523 5597 4150 1447 926 990 404 1550 1202 493 709 522 187 457 284 209 926 358 2600 962 335 296 244 568 173 75 232 135 348 124
is_linear=0
shrinkage=1


Tree=1
num_leaves=31
num_cat=0
split_feature=0 2 2 4 4 2 2 3 3 3 2 1 1 3 1 2 1 4 3 2 2 1 3 1 0 1 1 4 4 3
split_gain=263.681 297.611 101.479 61.3981 144.045 116.889 64.2342 53.0108 46.1717 36.7035 36.5867 29.4409 28.8779 25.8182 23.3008 22.4986 76.0579 26.4026 21.5146 21.1072 36.9497 21.3918 18.675 17.0074 15.0345 13.6934 22.8777 13.6899 82.0157 49.267
threshold=60.500000000000007 19.950000000000003 40.400000000000006 0.016200000000000003 0.019150000000000004 24.750000000000004 20.350000000000005 0.00029936000000000003 0.00062874500000000011 0.004237035000000001 28.150000000000002 46.050000000000004 45.850000000000001 0.0099000000000000008 41.550000000000004 13.250000000000002 56.350000000000001 0.018950000000000005 0.00010381500000000001 16.650000000000002 14.15 56.350000000000001 7.3105000000000012e-05 42.250000000000007 55.500000000000007 50.650000000000013 49.45000000000001 0.012150000000000003 0.013500000000000002 0.00029936000000000003
decision_type=2 2 2 2 2 2 2 2 2 2 2 2 2 2 2 2 2 2 2 2 2 2 2 2 2 2 2 2 2 2
left_child=8 15 3 6 5 -5 -3 12 18 24 -8 -6 -4 14 -9 16 23 -18 19 20 22 -21 -1 -2 -10 26 -11 -17 29 -29
right_child=1 2 7 4 11 -7 10 13 9 25 -12 -13 -14 -15 -16 27 17 -19 -20 21 -22 -23 -24 -25 -26 -27 -28 28 -30 -31
leaf_value=0.17049132951631885 -0.018516876753594206 0.15675025706001097 -0.066623323888805319 0.18110274063938447 -0.020910978861219839 0.010907406106451641 -0.042309958509288731 0.17868369031166292 0.019370879378803132 0.072013857644187038 0.0044103451731667062 0.016156988034835517 0.050685271715624508 -0.044636754286316027 0.07097484626596591 -0.061030658837611586 0.17363594117202549 0.0063113153960048093 0.14312688845989829 0.15598477773655584 -0.045994116163378181 0.023623211360743381 0.062469399719103959 -0.05041749496282049 -0.040128873204568205 0.15223161305661773 -0.045923118637438087 -0.063738070136202155 -0.046867477509368781 0.15057968250625173
leaf_weight=4.2762109190225592 100.09349226951599 4.9638961851596823 11.934075534343721 22.611939445137978 79.592450588941574 18.292935132980347 105.56466928124428 5.362328276038169 27.406132400035858 25.465349197387699 69.114732325077057 163.03681683540344 9.1710664778947812 4.4264165163040152 86.885030835866928 106.61683993041515 6.0705602467060071 3.9308492541313171 11.179931312799452 11.814843729138376 7.5793772339820853 4.2843655049800864 65.286946594715118 72.795267105102539 17.16546693444252 3.9789608120918265 4.774752974510192 3.7607350945472708 188.9769385010004 8.6496907174587232
leaf_count=21 528 24 62 117 415 94 550 27 141 128 357 843 47 22 439 567 30 20 55 57 40 22 327 384 91 20 24 20 1005 46
internal_value=-2.94943e-05 -0.00951003 0.0147015 0.00414768 0.0186443 0.105324 -0.0187024 0.0561245 0.0553824 0.0263417 -0.0238038 0.00397295 -0.0154134 0.0717936 0.0774768 -0.0381709 -0.0242013 0.109081 0.0772007 0.0690976 0.0579678 0.121432 0.0694167 -0.031999 -0.00347034 0.0652157 0.0531374 -0.0464392 -0.038663 0.0852449
internal_weight=1255.06 1071.85 580.956 463.177 283.534 40.9049 179.643 117.779 183.212 78.7907 174.679 242.629 21.1051 96.6738 92.2474 490.894 182.89 10.0014 104.422 93.2417 77.1425 16.0992 69.5632 172.889 44.5716 34.2191 30.2401 308.004 201.387 12.4104
internal_count=6523 5597 2997 2400 1469 211 931 597 926 404 907 1258 109 488 466 2600 962 50 522 467 388 79 348 912 232 172 152 1638 1071 66
is_linear=0
shrinkage=0.05


Tree=2
num_leaves=31
num_cat=0
split_feature=5 3 4 5 4 4 3 3 3 1 5 4 4 3 4 3 3 1 1 5 3 4 4 5 1 1 3 3 3 5
split_gain=232.157 67.7031 74.1914 44.3288 51.7621 59.1022 39.2804 33.7627 32.1713 31.4102 29.1035 25.2239 23.0615 20.4255 23.4721 20.0568 29.5761 18.6579 17.9922 15.5426 17.5871 13.6513 13.4404 13.4026 11.0131 20.0145 10.7679 8.72709 12.6314 7.53548
threshold=0.54500000000000015 0.00029936000000000003 0.21275000000000002 0.57500000000000007 0.016350000000000003 0.020650000000000005 0.00062874500000000011 0.015107105000000001 0.004237035000000001 55.650000000000013 0.55500000000000016 0.012850000000000002 0.0077500000000000008 0.00010060000000000002 0.0099500000000000022 8.9260000000000009e-05 8.1195000000000011e-05 54.150000000000013 58.350000000000001 0.48500000000000004 9.5610000000000015e-05 0.0076500000000000014 0.0063500000000000006 0.49500000000000005 50.650000000000013 49.45000000000001 0.00019904500000000004 8.651000000000001e-05 8.4935000000000013e-05 0.48500000000000004
decision_type=2 2 2 2 2 2 2 2 2 2 2 2 2 2 2 2 2 2 2 2 2 2 2 2 2 2 2 2 2 2
left_child=6 9 3 7 11 -6 15 17 23 13 21 -5 18 14 22 16 -1 -3 -12 20 -17 -11 -2 29 25 -10 -14 28 -18 -8
right_child=1 2 -4 4 5 -7 8 -9 24 10 12 -13 26 -15 -16 19 27 -19 -20 -21 -22 -23 -24 -25 -26 -27 -28 -29 -30 -31
leaf_value=0.10181218372203681 -0.015068084498257065 -0.011950014464844458 -0.055973826731421851 0.0042824191458726976 0.10458131531243652 0.023409118321798095 0.0029221700125377109 0.11533879691521601 0.066491176384680148 0.01457204455263963 -0.028820846446316214 -0.063540472332533723 -0.066105027933086605 -0.054346531051640473 0.070788788152143955 0.14149993987919371 0.0037106444029434736 0.010871223585606929 0.06258257805955604 0.1132837020571172 0.049371610800417104 0.12118904450142241 -0.051701563673797774 -0.038927264859321076 0.13579167890084642 -0.044612859546711583 -0.0036299646599779476 -0.047785761820535712 0.10275991312481497 0.065290931757369428
leaf_weight=13.143795594573019 65.363154590129852 383.23576745390892 57.679774880409241 55.195052936673164 27.751891270279884 117.18616998195648 20.986937612295154 5.6368875354528418 25.869640409946445 5.9856346249580366 9.2269794195890444 18.085946872830391 19.288452431559563 108.58361437916756 6.0762455463409415 6.2600733339786521 15.750049635767942 116.56433609127998 12.51487100124359 31.537644952535629 31.915617778897285 6.2433660179376602 41.190036311745644 16.822477504611015 4.2422714829444876 4.6747387647628775 10.995565518736841 5.1835606396198264 3.987354338169097 6.2764673233032218
leaf_count=62 346 2015 309 291 138 602 107 29 126 31 48 96 103 584 32 30 79 603 64 150 155 32 221 91 20 24 57 26 20 32
internal_value=-6.21352e-05 -0.00906815 -0.00144663 0.00289975 0.0217324 0.0390474 0.0513624 -0.00522395 0.0244082 -0.0299032 0.000794588 -0.0124521 -0.0154682 -0.0388388 -0.0238088 0.0710003 0.0413924 -0.00661649 0.0236088 0.0870126 0.0649397 0.0699511 -0.0293115 -0.0038655 0.0602919 0.0492337 -0.0436727 0.00904646 0.0243898 0.0176493
internal_weight=1253.45 1066.8 781.336 723.656 218.219 144.938 186.651 505.437 78.8725 285.468 64.2549 73.281 52.0259 221.213 112.629 107.778 38.0648 499.8 21.7419 69.7133 38.1757 12.229 106.553 44.0859 34.7867 30.5444 30.284 24.921 19.7374 27.2634
internal_count=6523 5601 4083 3774 1127 740 922 2647 400 1518 335 387 272 1183 599 522 187 2618 112 335 185 63 567 230 170 150 160 125 99 139
is_linear=0
shrinkage=0.05


Tree=3
num_leaves=31
num_cat=0
split_feature=0 2 2 0 4 4 2 1 2 2 4 2 2 1 4 4 4 1 1 1 4 4 4 4 2 2 1 4 1 1
split_gain=207.478 268.215 77.4621 54.9725 48.7869 183.419 65.9425 39.8773 37.7971 25.7498 25.0572 28.7511 21.6058 65.7673 21.1724 17.378 35.8546 23.6984 16.3669 15.223 12.8488 12.8458 74.2494 9.06559 33.9122 27.9301 10.3815 31.3927 21.819 8.52197
threshold=60.500000000000007 28.650000000000002 19.950000000000003 63.500000000000007 0.016350000000000003 0.019150000000000004 20.350000000000005 64.750000000000014 24.650000000000002 26.600000000000005 0.016200000000000003 38.850000000000009 13.250000000000002 56.350000000000001 0.018950000000000005 0.06345000000000002 0.047550000000000009 46.750000000000007 42.250000000000007 43.850000000000001 0.0117 0.012150000000000003 0.013500000000000002 0.0083500000000000015 16.650000000000002 14.15 48.750000000000007 0.039550000000000009 52.95000000000001 49.45000000000001
decision_type=2 2 2 2 2 2 2 2 2 2 2 2 2 2 2 2 2 2 2 2 2 2 2 2 2 2 2 2 2 2
left_child=23 2 12 7 6 8 -4 10 -6 -7 19 -12 13 18 -15 16 17 -5 -2 -3 -8 -14 -23 24 25 -1 27 -25 -28 -17
right_child=1 3 4 15 5 9 20 -9 -10 -11 11 -13 21 14 -16 29 -18 -19 -20 -21 -22 22 -24 26 -26 -27 28 -29 -30 -31
leaf_value=0.050999851719325064 -0.017004689016207684 -0.049754488485796985 0.14207781370096875 0.023940806772233661 0.15397609218011341 0.0024919902183226025 -0.026654996987352082 0.1234653436236969 -0.0078740547769201742 -0.04466372253932327 0.0047351031301394123 0.055418149457348381 -0.059289827709549714 0.15271726698057375 0.005229369963483132 0.13233636220418296 -0.040267197428224114 0.088079299339383188 -0.04873000749415176 0.0028692239990562429 -0.064540436434069051 0.078365679932664065 -0.045351741963351122 -0.039159801556786819 0.13017164040117227 -0.046448200568251052 -0.028883218499953286 0.1430273003279775 0.072675878883273523 0.061690713028669665
leaf_weight=137.55858774483204 98.255304247140884 18.462097108364105 5.2361458241939536 22.460124626755714 23.788709402084354 115.94618088006973 77.826907068490982 8.3806987106800062 4.1691056340932837 38.405478551983833 64.152315199375153 49.887254074215889 101.66492253541946 6.5328988730907422 3.9682263880968094 12.213927000761034 8.960461884737013 41.819412112236023 70.341094985604286 52.318248480558395 32.014554396271706 12.86774732172489 183.49642573297024 3.9377155750989896 13.011296376585959 7.6387905478477469 15.484221056103708 5.5672626048326492 7.8936524391174308 7.5135964900255194
leaf_count=661 528 99 24 113 112 601 417 40 21 203 333 247 567 30 20 59 45 203 384 271 172 66 1005 21 58 40 80 28 38 37
internal_value=-7.67235e-05 -0.00872202 -0.0240085 0.0326272 -0.00395855 0.0121105 -0.0294474 0.0173738 0.129721 -0.00923015 0.0124719 0.0269796 -0.0364914 -0.0226893 0.0980304 0.0642197 0.0527339 0.0658181 -0.0302917 -0.0108372 -0.0377913 -0.0447585 -0.0371833 0.0478636 0.0528577 0.0458103 0.0235965 0.0674085 0.00535923 0.106129
internal_weight=1251.77 1060.68 774.514 286.168 297.387 182.309 115.078 193.201 27.9578 154.352 184.82 114.04 477.127 179.098 10.5011 92.9675 73.24 64.2795 168.596 70.7803 109.841 298.029 196.364 191.092 158.209 145.197 32.8829 9.50498 23.3779 19.7275
internal_count=6523 5597 4150 1447 1550 937 613 990 133 804 950 580 2600 962 50 457 361 316 912 370 589 1638 1071 926 759 701 167 49 118 96
is_linear=0
shrinkage=0.05


Tree=4
num_leaves=31
num_cat=0
split_feature=0 2 2 1 3 3 3 3 2 3 3 1 2 1 1 2 1 0 3 3 1 0 0 2 3 1 1 3 2 2
split_gain=184.673 245.712 78.5168 48.4934 64.4288 39.3101 31.1965 29.5656 71.0403 37.0389 27.1784 24.5011 23.0204 46.931 44.5409 20.6136 58.6681 18.2504 16.3197 24.8835 15.5662 12.9052 12.0864 10.2511 9.94366 9.15618 15.8788 8.76451 10.189 13.1132
threshold=60.500000000000007 19.950000000000003 40.400000000000006 45.350000000000001 0.016350000000000003 0.00029936000000000003 0.00062874500000000011 0.00036877000000000009 20.350000000000005 0.0024757600000000005 0.004237035000000001 45.850000000000001 45.95000000000001 49.150000000000013 45.350000000000001 13.250000000000002 56.350000000000001 64.500000000000014 8.9260000000000009e-05 8.1195000000000011e-05 42.250000000000007 56.500000000000007 55.500000000000007 40.150000000000006 0.00031866500000000004 50.650000000000013 49.45000000000001 0.00029936000000000003 14.350000000000003 16.650000000000002
decision_type=2 2 2 2 2 2 2 2 2 2 2 2 2 2 2 2 2 2 2 2 2 2 2 2 2 2 2 2 2 2
left_child=6 15 3 4 17 11 18 8 -5 -9 22 -4 13 -7 -14 16 20 -3 19 -1 24 -20 23 -8 -2 26 -12 -17 -29 -30
right_child=1 2 5 7 -6 12 10 9 -10 -11 25 -13 14 -15 -16 27 -18 -19 21 -21 -22 -23 -24 -25 -26 -27 -28 28 29 -31
leaf_value=0.089072486990903921 -0.035459196836070607 -0.042319639262670287 -0.064307037885708337 0.14506565855776116 0.12376009387096561 0.044340819651003296 0.0014971226216457705 0.034606619387831293 -0.016097975316962013 -0.012058640942734414 0.057375821288533795 0.044322180710961862 0.09526158008656023 0.13575806417580843 -0.0075602865324581967 -0.057245393760492695 0.09021957018429784 0.035146317389234308 0.060155290147994145 0.0058504131785991481 -0.04752797337002107 0.10521924791343314 -0.038586853473677511 0.083453563254825183 -0.0028851858497298752 0.11976503508908441 -0.042533309414936271 -0.064766014418274814 -0.015632169695073823 -0.043940952271701091
leaf_weight=13.878333687782286 39.891998201608658 91.721060290932655 11.116170316934587 7.1512790024280539 6.634362816810607 34.672365188598633 23.915180802345279 174.55982175469398 119.03890852630138 55.961930394172668 27.557932391762733 9.5271589159965497 17.437548205256462 23.950895830988884 26.136326655745506 85.049021154642105 10.840160727500914 8.1439126729965192 48.316367134451866 25.576487153768539 68.562162697315216 25.025439262390137 16.713137716054916 4.4716977477073661 57.517386749386787 4.5065319985151282 4.5113296508789054 30.482682675123215 66.98891219496727 108.42024013400078
leaf_count=62 219 494 62 32 33 168 119 880 627 292 128 47 81 113 126 490 50 42 223 125 384 112 91 22 309 20 24 171 370 607
internal_value=-0.000100909 -0.00836758 0.0131952 0.00375498 -0.0258224 0.04872 0.04465 0.0126043 -0.0068175 0.0232561 0.0209863 -0.0139602 0.0614312 0.0819426 0.0335968 -0.0353915 -0.0218509 -0.0359235 0.0617067 0.0354016 -0.0292506 0.0757223 -0.00489575 0.0148306 -0.0162992 0.0529631 0.0430772 -0.043593 -0.0379042 -0.0331734
internal_weight=1248.28 1053.8 586.052 463.211 106.499 122.84 194.472 356.712 126.19 230.522 81.6758 20.6433 102.197 58.6233 43.5739 467.753 176.812 99.865 112.797 39.4548 165.972 73.3418 45.1 28.3869 97.4094 36.5758 32.0693 290.941 205.892 175.409
internal_count=6523 5597 2997 2400 569 597 926 1831 659 1172 404 109 488 281 207 2600 962 536 522 187 912 335 232 141 528 172 152 1638 1148 977
is_linear=0
shrinkage=0.05


Tree=5
num_leaves=31
num_cat=0
split_feature=0 2 2 0 4 4 2 1 4 4 2 2 1 4 2 1 2 4 4 1 4 4 4 4 2 2 1 4 1 0
split_gain=164.976 226.106 65.5848 44.1898 42.8548 153.953 52.3285 35.084 23.6783 20.0074 29.7892 19.6343 52.4354 17.3678 15.839 14.8001 13.1013 13.0594 30.1616 18.5852 12.6658 12.5171 68.3379 6.83618 27.2764 25.0014 9.17147 25.0262 17.6808 6.40231
threshold=60.500000000000007 28.650000000000002 19.950000000000003 63.500000000000007 0.016350000000000003 0.019150000000000004 20.350000000000005 61.150000000000013 0.20055000000000003 0.015500000000000002 38.850000000000009 13.250000000000002 56.350000000000001 0.018950000000000005 42.550000000000004 42.250000000000007 24.450000000000003 0.06345000000000002 0.047550000000000009 46.750000000000007 0.0117 0.012150000000000003 0.013500000000000002 0.0083500000000000015 16.650000000000002 14.15 48.750000000000007 0.039550000000000009 52.95000000000001 67.500000000000014
decision_type=2 2 2 2 2 2 2 2 2 2 2 2 2 2 2 2 2 2 2 2 2 2 2 2 2 2 2 2 2 2
left_child=23 2 11 7 6 16 -4 9 -7 14 -11 12 15 -14 -3 -2 -6 18 19 -5 -8 -13 -23 24 25 -1 27 -25 -28 -19
right_child=1 3 4 17 5 8 20 -9 -10 10 -12 21 13 -15 -16 -17 -18 29 -20 -21 -22 22 -24 26 -26 -27 28 -29 -30 -31
leaf_value=0.044548681724281308 -0.015627363850698531 0.0011107698235045917 0.1180770772389081 0.021567768539999622 0.13558998790376228 -0.002054251642243789 -0.025188427079550098 0.092191940878213141 -0.062704881953863839 -0.00055952605803609098 0.049999192227043521 -0.057288883017578895 0.13049434545980049 0.00045680927103861199 -0.057057074293569113 -0.046364434948888644 0.058187415002079003 0.073733969993432749 -0.039180906684522794 0.077655609368023695 -0.063391179959681507 0.074655234334966639 -0.043132861498559612 -0.037354224762556579 0.11348733073468538 -0.047089809765109902 -0.02808588287099691 0.124373759040438 0.062082967967873083 0.13870382545477722
leaf_weight=142.34340581297874 96.586620107293129 48.999180734157562 5.6762818545103064 22.812458246946335 21.563389003276829 136.03117243945599 76.235684528946877 13.811766579747198 18.185084670782089 64.96492426097393 52.438405483961105 95.561379492282867 7.0301021039485914 4.1351313441991806 15.209224820137022 66.815849483013153 7.9683916270732871 15.234975308179857 8.8074868619441968 43.881667762994766 30.876176983118057 13.124222889542578 175.40721206367016 3.8137114197015745 13.740726351737974 7.7216071486473075 15.256859108805658 5.9924034923315048 8.3055619299411756 5.7026053816080085
leaf_count=661 528 259 24 113 95 705 417 64 99 338 249 567 30 20 80 384 38 71 45 203 172 66 1005 21 58 40 80 28 38 25
internal_value=-0.000118674 -0.00802441 -0.022472 0.0293366 -0.00412539 0.0107459 -0.0283851 0.0156199 -0.00927454 0.0097215 0.0220034 -0.0343192 -0.0210462 0.0832093 -0.0126572 -0.0282471 0.11514 0.0570353 0.0470968 0.0586069 -0.0362963 -0.0424473 -0.0348716 0.0418208 0.0460514 0.0397719 0.0208277 0.061229 0.00361465 0.0922422
internal_weight=1244.23 1047.06 755.197 291.863 296.536 183.748 112.788 195.424 154.216 181.612 117.403 458.661 174.568 11.1652 64.2084 163.402 29.5318 96.4392 75.5016 66.6941 107.112 284.093 188.531 197.174 163.806 150.065 33.3685 9.80611 23.5624 20.9376
internal_count=6523 5597 4150 1447 1550 937 613 990 804 926 587 2600 962 50 339 912 133 457 361 316 589 1638 1071 926 759 701 167 49 118 96
is_linear=0
shrinkage=0.05


Tree=6
num_leaves=31
num_cat=0
split_feature=0 2 2 1 3 3 0 1 3 3 1 2 3 2 1 1 0 3 3 3 3 3 0 1 3 1 3 2 2 2
split_gain=147.52 207.538 62.2221 41.9942 56.5755 30.6241 25.7352 40.1852 25.6508 23.5273 22.4176 21.5671 20.5792 18.7241 47.2921 18.3722 16.7058 14.9081 12.7856 15.9856 16.4393 11.1848 10.676 10.3879 9.32986 9.28166 8.60824 10.099 12.4451 8.56435
threshold=60.500000000000007 19.950000000000003 40.400000000000006 45.350000000000001 0.016350000000000003 0.00029936000000000003 62.500000000000007 59.750000000000007 0.00062874500000000011 0.004237035000000001 45.850000000000001 28.800000000000001 0.0099000000000000008 13.250000000000002 57.650000000000013 41.550000000000004 64.500000000000014 0.00010381500000000001 7.3105000000000012e-05 8.9260000000000009e-05 0.000102255 8.651000000000001e-05 55.500000000000007 42.250000000000007 0.00031866500000000004 56.350000000000001 0.00029936000000000003 14.350000000000003 16.650000000000002 40.150000000000006
decision_type=2 2 2 2 2 2 2 2 2 2 2 2 2 2 2 2 2 2 2 2 2 2 2 2 2 2 2 2 2 2
left_child=8 13 3 4 16 10 11 -8 17 22 -4 -5 15 14 23 -7 -3 18 -1 21 -21 -20 29 24 -2 -25 -15 -28 -29 -10
right_child=1 2 5 6 -6 12 7 -9 9 -11 -12 -13 -14 26 -16 -17 -18 -19 19 20 -22 -23 -24 25 -26 -27 27 28 -30 -31
leaf_value=0.12602653130928915 -0.033847231944444466 -0.040821196920866991 -0.063149752423769412 -0.013335874213002183 0.1118426551906106 0.14259030181030927 0.03795912172639232 -0.024651335125277438 0 0.047091180291399526 0.041415060276285838 0.021472230822075535 -0.04812793267103075 -0.055342508726894363 0.10512467331112413 0.052773715060798636 0.032870206583626653 0.10538016689020131 0.028563559295465713 0.06689090861488016 -0.02162165445937745 -0.049294713940006188 -0.0381758376117197 -0.045235275493211269 -0.0019840550951877953 0.02961797355417168 -0.063213385215451168 -0.013629324107804397 -0.041685982423790235 0.073001564782880696
leaf_weight=4.9766574203968039 38.826264962553978 89.209354370832443 10.636755257844927 124.72315092384815 6.9744502007961264 6.0834553688764563 133.33963495492935 31.544745996594429 24.266731142997745 37.623300269246101 9.6698702424764615 69.038033351302147 4.6271596103906623 79.933980405330658 7.0933642983436576 95.546579211950302 8.2657588720321638 12.868018597364424 30.263705164194107 57.496828243136406 5.6340792626142493 5.3070826828479758 16.565339177846909 65.105814009904861 56.978283882141113 4.2732251882553092 28.715722441673279 65.199644863605499 103.39108207821846 4.6986282616853705
leaf_count=21 219 494 62 660 33 27 657 165 119 172 47 349 22 490 30 439 42 55 140 255 25 26 91 384 309 20 171 370 607 22
internal_value=-0.000134573 -0.00770306 0.0117997 0.00329361 -0.0245769 0.0428569 0.011429 0.0259429 0.0392085 0.0178734 -0.0131528 -0.00090311 0.0536101 -0.0332941 -0.0202734 0.0583341 -0.0344937 0.0543596 0.0478835 0.0437693 0.0588909 0.0167015 -0.00621077 -0.0257489 -0.0149711 -0.0405169 -0.0413569 -0.0356405 -0.0308797 0.0119665
internal_weight=1238.88 1039.18 589.659 463.095 104.45 126.564 358.646 164.884 199.7 83.154 20.3066 193.761 106.257 449.517 172.277 101.63 97.4751 116.546 103.678 98.7017 63.1309 35.5708 45.5307 165.184 95.8045 69.379 277.24 197.306 168.591 28.9654
internal_count=6523 5597 2997 2400 569 597 1831 822 926 404 109 1009 488 2600 962 466 536 522 467 446 280 166 232 932 528 404 1638 1148 977 141
is_linear=0
shrinkage=0.05


Tree=7
num_leaves=31
num_cat=0
split_feature=5 3 4 3 5 1 1 4 5 3 4 3 5 3 4 4 1 3 5 4 4 3 3 3 3 3 5 1 3 1
split_gain=131.305 48.9256 59.9987 31.4903 30.3823 40.6523 25.324 24.9221 22.7808 22.7204 22.7111 21.2974 20.1218 18.9959 20.1432 18.8789 15.1149 12.8642 12.8165 12.053 11.278 11.1112 13.9669 14.4312 10.1477 9.41288 6.55162 6.31419 6.06244 5.85296
threshold=0.54500000000000015 0.00029936000000000003 0.21275000000000002 0.0065109800000000004 0.55500000000000016 57.850000000000001 55.650000000000013 0.016350000000000003 0.55500000000000016 0.00062874500000000011 0.11565000000000002 0.0070079450000000007 0.55500000000000016 0.00010060000000000002 0.0099500000000000022 0.0077500000000000008 58.350000000000001 0.00010381500000000001 0.48500000000000004 0.0063500000000000006 0.0076500000000000014 7.3105000000000012e-05 8.9260000000000009e-05 0.000102255 8.651000000000001e-05 0.00019904500000000004 0.50500000000000012 42.250000000000007 0.0033204250000000005 48.750000000000007
decision_type=2 2 2 2 2 2 2 2 2 2 2 2 2 2 2 2 2 2 2 2 2 2 2 2 2 2 2 2 2 2
left_child=9 6 3 4 5 -3 13 -6 20 17 -5 26 -12 14 19 16 -10 21 -13 -2 -8 -1 24 -24 -23 -17 29 -4 -28 -11
right_child=1 2 27 10 7 -7 8 -9 15 11 12 18 -14 -15 -16 25 -18 -19 -20 -21 -22 22 23 -25 -26 -27 28 -29 -30 -31
leaf_value=0.11687212563320937 -0.011372635753785708 -0.016452789532713809 0.0082022178602299822 -0.033582205190983885 -0.0080546633495394808 0.082361877943031986 0.010828218170490492 0.017873213276822394 -0.027725443273704183 0.022648287417203518 0.1338320961170629 0.024412966882808654 0.039656238218639027 -0.050314093583952092 0.066867240927564492 -0.063310509071942772 0.056021953006259874 0.097739695099203217 0.098901358395673794 -0.047581523413238458 0.10605120662908701 0.026860090195326758 0.06237565154193965 -0.020702599578834534 -0.047906546218734088 -0.0034983177653864226 -0.040282942676219631 -0.057397758244203345 0.012366401395571366 -0.031997260033933973
leaf_weight=5.1024311184883109 61.478676423430443 259.14637079834938 3.7993483245372763 6.2134659588336971 139.79727557301521 10.731570169329641 6.0587786734104139 273.42734013497829 9.0376710444688815 29.865638762712479 8.6776950806379336 14.098306164145471 17.091256350278854 97.805136650800705 6.2143306732177725 17.226065382361412 12.886965170502661 13.179386347532271 10.086525470018385 37.180878579616547 6.6385262310504913 30.571994334459305 58.554423362016678 5.5954289585351935 5.1936253011226645 10.919128820300104 14.406630575656893 48.591437920928001 8.5240994840860349 5.7014354318380347
leaf_count=21 346 1417 20 33 757 54 31 1389 48 141 43 66 81 584 32 103 64 55 44 221 32 140 255 25 26 57 81 289 39 29
internal_value=-0.000146847 -0.00734495 -0.000937456 0.00284294 0.000561721 -0.0124759 -0.0258446 0.00908968 0.00183015 0.0368261 0.0512573 0.0166026 0.071958 -0.0344364 -0.0195474 -0.0132801 0.0213038 0.0509047 0.0559643 -0.0251033 0.061444 0.0448922 0.0410532 0.0550304 0.0157603 -0.0403775 0.00017611 -0.0525387 -0.0205256 0.0136832
internal_weight=1233.8 1032.92 767.476 715.085 683.103 269.878 265.446 413.225 62.7671 200.88 31.9824 82.6826 25.769 202.679 104.874 50.0698 21.9246 118.197 24.1848 98.6596 12.6973 105.018 99.9155 64.1499 35.7656 28.1452 58.4978 52.3908 22.9307 35.5671
internal_count=6523 5601 4083 3774 3617 1471 1518 2146 335 922 157 400 124 1183 599 272 112 522 110 567 63 467 446 280 166 160 290 309 120 170
is_linear=0
shrinkage=0.05


Tree=8
num_leaves=31
num_cat=0
split_feature=2 0 2 4 4 2 3 3 2 2 3 3 4 4 0 2 3 3 4 4 4 4 4 4 3 4 4 0 4 4
split_gain=129.536 171.439 54.8713 37.0804 130.168 46.0089 35.7853 26.0503 23.3362 28.2519 37.584 34.8327 23.0132 21.012 22.8239 18.2905 18.1544 19.4034 17.7058 27.3533 24.1188 12.409 12.0823 23.9814 11.9049 11.805 63.4838 11.7746 10.8566 32.7021
threshold=28.650000000000002 60.500000000000007 19.950000000000003 0.016350000000000003 0.019150000000000004 20.350000000000005 0.0014943250000000001 0.0021777800000000003 29.300000000000001 41.150000000000013 0.0079890700000000026 0.0039500000000000013 0.032850000000000011 0.028050000000000002 64.500000000000014 13.250000000000002 0.00062874500000000011 0.0013002900000000002 0.019950000000000006 0.020350000000000004 0.0073500000000000015 0.0117 0.017950000000000004 0.013150000000000002 0.00010381500000000001 0.012150000000000003 0.013500000000000002 56.500000000000007 0.0087500000000000026 0.0083500000000000015
decision_type=2 2 2 2 2 2 2 2 2 2 2 2 2 2 2 2 2 2 2 2 2 2 2 2 2 2 2 2 2 2
left_child=1 16 15 5 -5 -4 13 -8 -9 10 -10 -11 -6 14 18 28 24 -18 20 -20 -2 -7 23 -16 -1 -17 -27 -15 29 -3
right_child=6 2 3 4 12 21 7 8 9 11 -12 -13 -14 27 22 25 17 -19 19 -21 -22 -23 -24 -25 -26 26 -28 -29 -30 -31
leaf_value=0.040573498668056159 0.043691880630849438 -0.015651390154287789 0.1085963584029577 0.10372656547125936 -0.039325494929834733 -0.023521778690293899 0.10820062379387044 0.15552881847364886 -0.037715250194805712 0.099242822875013487 0.10776048134781985 0.0083480193022938375 0.0033810944928370293 0.043375671755017178 0.06593117623002491 -0.055016402015113389 -0.037084295089579937 0.028069011841121757 0.13163930940483362 0.024252382604212211 -0.0071941782322703573 -0.062104873814244288 0.098179525218115279 -0.067210863536160667 0.091252884854874497 0.072196302930821785 -0.040877900405131715 -0.025671502140370846 -0.036787471261122112 0.11384287912869669
leaf_weight=96.653071582317352 31.611015766859055 107.21703965961933 5.8214815706014624 30.685470044612885 44.189611867070198 74.303560361266136 17.613840326666832 4.0714330226182929 21.093192979693416 23.407135680317879 5.5113224536180487 19.377135276794434 108.98340885341167 7.257389783859252 14.670409351587297 88.018040910363197 14.56656341254711 51.080908253788948 7.3653634637594214 30.146313011646271 87.224670514464378 29.452369183301926 13.51997736096382 4.2647643387317649 13.411092489957808 13.289376199245451 166.95047990977764 37.327099978923798 55.975820228457451 5.0017199367284766
leaf_count=427 156 607 24 133 237 417 81 19 107 103 24 87 567 35 69 567 75 236 33 147 446 172 59 21 55 66 1005 193 332 23
internal_value=-0.000151699 -0.00986804 -0.0205465 -0.00380539 0.00989561 -0.0268278 0.0269468 0.0535384 0.0402345 0.0331835 -0.00710096 0.0583083 -0.00892453 0.0165301 0.0238284 -0.031787 0.0344473 0.0135016 0.0158428 0.0457645 0.00632514 -0.0345715 0.0619771 0.0354854 0.0468713 -0.0399092 -0.0324776 -0.0142483 -0.018787 -0.00973895
internal_weight=1230.06 905.6 729.888 293.436 183.858 109.577 324.461 91.0741 73.4602 69.3888 26.6045 42.7843 153.173 233.387 188.803 436.452 175.712 65.6475 156.347 37.5117 118.836 103.756 32.4552 18.9352 110.064 268.258 180.24 44.5845 168.195 112.219
internal_count=6523 4943 4150 1550 937 613 1580 421 340 321 131 190 804 1159 931 2600 793 311 782 180 602 589 149 90 482 1638 1071 228 962 630
is_linear=0
shrinkage=0.05


Tree=9
num_leaves=31
num_cat=0
split_feature=2 5 2 3 1 1 3 2 2 3 1 2 3 3 2 1 5 5 3 3 1 3 3 3 3 2 1 2 3 2
split_gain=116.654 154.036 51.0146 31.4573 31.7645 29.5463 32.2099 30.4705 58.6359 21.924 21.114 25.8971 34.5348 30.009 20.7074 40.1656 19.7232 18.7346 16.3594 18.5342 14.0861 11.6708 10.7663 10.5942 10.44 12.1878 9.87953 7.82986 7.53685 6.98977
threshold=28.650000000000002 0.54500000000000015 19.350000000000005 0.0014943250000000001 64.750000000000014 46.150000000000013 0.016916570000000002 25.850000000000005 25.750000000000004 0.0021777800000000003 60.550000000000004 41.150000000000013 0.0079890700000000026 0.0039500000000000013 13.250000000000002 56.350000000000001 0.58500000000000008 0.59500000000000008 0.00062874500000000011 0.0013002900000000002 42.250000000000007 0.00048096000000000006 0.0012994950000000001 0.00010381500000000001 7.3105000000000012e-05 16.650000000000002 47.050000000000004 33.150000000000013 0.00048096000000000006 14.350000000000003
decision_type=2 2 2 2 2 2 2 2 2 2 2 2 2 2 2 2 2 2 2 2 2 2 2 2 2 2 2 2 2 2
left_child=1 18 14 4 16 6 17 8 -7 -5 11 12 -11 -13 15 20 22 -4 23 -20 -3 -9 26 24 -1 -26 -2 -18 -29 -16
right_child=3 2 5 9 -6 7 -8 21 -10 10 -12 13 -14 -15 29 -17 27 -19 19 -21 -22 -23 -24 -25 25 -27 -28 28 -30 -31
leaf_value=0.10691108551957007 -0.0049539899342099245 -0.012153620125173747 -0.049641786644939588 0.0993487864140669 0.086449955528024425 0.0088814780011528694 0.071283523071907759 0.00052111799689275918 0.1700810448417075 -0.038592794316437973 0.14208788483999921 0.091736302578624723 0.099887014146694902 0.0079117509912115819 -0.061746167738488081 0.07181858403157948 0.076773241014730431 0.056697989400202542 -0.038502286145281471 0.026306511301552694 -0.043019114659252344 -0.045972391556837695 -0.057961801446048303 0.085662111550190767 0.027720894642588409 0.087207474945838276 0.018414985136415155 0.055223979791185797 -0.005728848401960706 -0.037132477327979668
leaf_weight=5.2072060257196418 89.360354200005531 93.885834395885468 62.646248191595078 18.216235503554344 14.750818625092505 175.50960698723793 6.7155931740999213 21.751481667160988 5.7350910007953635 20.531049653887752 4.4927276968955985 24.046828418970108 5.6524180471897116 19.427524819970131 34.67993851006031 11.528338462114332 12.977936461567877 4.3097612708806983 13.91751082241535 51.129462704062462 61.698404371738434 34.575255319476128 6.5420427173376074 13.574006840586661 82.838895574212074 9.6687296777963621 90.894993618130684 10.477163702249529 9.4528407007455808 207.45529316365719
leaf_count=21 467 532 368 81 64 918 31 120 28 106 20 103 24 87 223 50 58 22 73 234 384 187 35 55 367 39 444 48 43 1291
internal_value=-0.000160967 -0.00948466 -0.0197405 0.0254037 0.0156243 -0.00446317 -0.0321122 0.00409975 0.0141008 0.0501292 0.0378528 0.0308642 -0.00824161 0.0544962 -0.0313431 -0.0177358 0.0108092 -0.0426481 0.0323786 0.0123254 -0.0244455 -0.0279605 0.00448107 0.044033 0.0381174 0.0340798 0.00680593 0.0464562 0.02618 -0.0407025
internal_weight=1223.65 896.827 720.491 326.823 234.456 311.243 73.6716 237.571 181.245 92.3668 74.1505 69.6578 26.1835 43.4744 409.248 167.113 219.705 66.956 176.336 65.047 155.584 56.3267 186.797 111.289 97.7148 92.5076 180.255 32.9079 19.93 242.135
internal_count=6523 4943 4154 1580 1159 1674 421 1253 946 421 340 320 130 190 2480 966 1095 390 789 307 916 307 946 482 427 406 911 149 91 1514
is_linear=0
shrinkage=0.05


Tree=10
num_leaves=31
num_cat=0
split_feature=2 4 2 3 4 4 2 3 1 4 3 3 3 1 2 3 4 1 2 1 3 2 2 4 4 1 3 1 1 3
split_gain=105.122 84.1448 52.3573 39.0724 31.133 99.3123 30.1761 27.8912 27.8563 26.6537 20.1946 19.358 18.6848 17.9147 22.8907 31.0217 27.8035 16.0777 25.0541 15.8573 30.8195 31.3214 27.6015 30.9593 15.0852 14.57 13.0599 12.2266 11.1421 9.15229
threshold=28.650000000000002 0.0041000000000000003 19.050000000000004 0.000110475 0.016350000000000003 0.019150000000000004 20.350000000000005 0.0014943250000000001 64.750000000000014 0.20055000000000003 0.0015787650000000002 0.00019904500000000004 0.0021777800000000003 60.550000000000004 41.150000000000013 0.0079890700000000026 0.061050000000000007 57.150000000000013 13.65 45.150000000000013 0.00059795500000000006 42.650000000000013 46.400000000000006 0.0095500000000000012 0.0069500000000000004 42.750000000000007 0.0019442100000000003 59.45000000000001 47.350000000000001 8.9260000000000009e-05
decision_type=2 2 2 2 2 2 2 2 2 2 2 2 2 2 2 2 2 2 2 2 2 2 2 2 2 2 2 2 2 2
left_child=1 3 17 29 6 28 11 8 19 -7 -5 -4 -9 14 15 -14 -16 -3 -19 20 -2 -22 23 -21 -10 -8 -12 -20 -6 -1
right_child=7 2 4 10 5 9 25 12 24 -11 26 -13 13 -15 16 -17 -18 18 27 22 21 -23 -24 -25 -26 -27 -28 -29 -30 -31
leaf_value=0.022665329752086506 -0.045312822403629903 -0.036474319312594997 0.09079713000215249 -0.018147727744526911 0.0048303421492528423 -0.00066212929344338679 0.01912606571249335 0.091901528894990953 0.029100972300169406 -0.060912422780628153 0.10356582452195195 -0.012649981332255797 -0.037365279300869823 0.1298134759384002 0.11861360472761709 0.093208028191731282 0.027422070921859304 0.073887104666387649 0.019160869776647729 0.064053749117110925 -0.014009396165632843 0.082630939553026791 -0.048091706746825606 0.011218347496073082 0.13035084397773147 -0.042130393169449123 0.013721924716101442 -0.05808193286493301 0.096309016704760678 0.052473827568504584
leaf_weight=48.943932980298996 32.147157713770866 290.68349614739418 8.1998051404953021 78.8707165569067 3.8906306177377692 152.60205163061619 10.70627525448799 18.702426910400391 7.5733834207057935 20.794574528932571 4.306171938776969 9.7348851859569532 20.158147394657139 4.6759396195411673 11.278344377875326 5.7587856501340857 32.750286892056465 8.5488950312137622 8.3736468255519885 38.370336934924126 22.224775463342667 13.279490873217581 13.737560108304022 100.67815634608269 7.5030919015407562 89.752935484051704 54.205169335007668 12.646209239959715 29.66132915019989 56.870102912187576
leaf_count=227 180 1824 35 443 21 808 64 81 32 124 23 60 106 20 47 24 143 36 52 179 122 58 67 489 32 518 257 78 125 248
internal_value=-0.000164935 -0.00910529 -0.0185506 0.0159452 -0.00440311 0.0072771 -0.0248508 0.0239795 0.0147709 -0.0079474 -0.00161213 0.0346104 0.0471243 0.0357269 0.0291893 -0.00791275 0.0511108 -0.0329014 0.00205872 0.0102289 -0.00986557 0.0221267 0.0191598 0.0258697 0.0803462 -0.0355398 0.0205848 -0.0271291 0.0858958 0.0387676
internal_weight=1217.63 888.791 645.595 243.196 325.342 206.949 118.394 328.838 235.514 173.397 137.382 17.9347 93.3239 74.6215 69.9456 25.9169 44.0286 320.252 29.5688 220.437 67.6514 35.5043 152.786 139.048 15.0765 100.459 58.5113 21.0199 33.552 105.814
internal_count=6523 4943 3745 1198 1755 1078 677 1580 1159 932 723 95 421 340 320 130 190 1990 166 1095 360 180 735 668 64 582 280 130 146 475
is_linear=0
shrinkage=0.05


Tree=11
num_leaves=31
num_cat=0
split_feature=2 4 2 3 1 4 4 2 3 3 1 3 3 3 1 2 3 3 1 2 3 2 2 2 4 1 3 3 3 3
split_gain=94.8723 76.7873 48.7742 34.7906 28.5811 40.4599 81.6621 39.7566 30.2252 24.8596 24.6051 18.2508 16.2998 16.0949 15.4687 20.2951 27.9764 24.3661 14.9819 22.564 14.6345 13.9837 24.131 13.7547 12.9094 11.5062 11.0352 8.09126 6.7761 8.01618
threshold=28.650000000000002 0.0041000000000000003 19.050000000000004 0.000110475 46.150000000000013 0.016350000000000003 0.019150000000000004 20.350000000000005 0.016916570000000002 0.0014943250000000001 64.750000000000014 0.0015787650000000002 0.00019904500000000004 0.0021777800000000003 60.550000000000004 41.150000000000013 0.0079890700000000026 0.0039500000000000013 57.150000000000013 13.65 0.0012994950000000001 31.650000000000002 30.450000000000003 40.150000000000006 0.0069500000000000004 59.45000000000001 0.0019442100000000003 8.9260000000000009e-05 8.1195000000000011e-05 6.978500000000001e-05
decision_type=2 2 2 2 2 2 2 2 2 2 2 2 2 2 2 2 2 2 2 2 2 2 2 2 2 2 2 2 2 2
left_child=1 3 18 27 8 7 -7 -6 12 10 20 -5 -4 -11 15 16 -15 -17 -3 -20 21 22 -2 -23 -12 -21 -13 28 29 -1
right_child=9 2 4 11 5 6 -8 -9 -10 13 24 26 -14 14 -16 17 -18 -19 19 25 -22 23 -24 -25 -26 -27 -28 -29 -30 -31
leaf_value=-0.0083161579243114861 0.0097997468122797034 -0.035424517442718871 0.010773846480050184 -0.017412006136880792 0.051154710547794469 0.091147891916422669 0.0012065753814557078 -0.037631457352787792 0.067796669178860833 0.085528750105160659 0.027490672375470794 0.093761448651484489 -0.053435819378774667 -0.036175255087416806 0.1199900430411304 0.08085947769178653 0.087455659879463604 0.0060798583342050955 0.069539916928689743 0.018011772096918593 -0.05885514875526781 -0.010530312714597654 0.080639859576186579 0.018792963543873116 0.12047342947517177 -0.057193136458551209 0.012970958993743379 0.049289574568304156 0.0052797512762725561 0.061376073956387639
leaf_weight=5.4302003830671337 35.290674775838852 284.49529309570789 11.866307601332663 78.116991356015205 14.999186128377913 31.384756222367287 127.7982439994812 75.517127394676208 6.8050630092620841 19.087958544492722 7.6207448840141279 4.5230668783187857 54.79518486559391 19.792913123965267 4.8102170377969733 24.854435414075851 5.835131660103797 19.635562092065811 8.6330756843090075 8.4663817286491412 7.4013177901506415 76.877152293920517 18.31541819870472 82.909071430563927 7.714573547244072 12.213153809309004 54.474897295236588 57.506129816174507 28.477585181593895 15.395184412598608
leaf_count=31 170 1824 70 443 75 130 680 439 31 81 32 23 330 106 20 103 24 87 36 52 40 401 86 398 32 78 257 248 132 64
internal_value=-0.000168426 -0.00874003 -0.0178781 0.0150999 -0.00422379 0.00382667 0.019017 -0.0228236 -0.0316218 0.022683 0.013984 -0.00153453 -0.041932 0.04444 0.0338059 0.0276599 -0.00760145 0.0480554 -0.0319179 0.00195036 0.00968674 0.0121139 0.0342016 0.00465577 0.0750679 -0.0262245 0.0193975 0.0364825 0.0213737 0.043012
internal_weight=1211.04 880.898 636.974 243.924 323.166 249.699 159.183 90.5163 73.4666 330.145 236.129 137.115 66.6615 94.0162 74.9283 70.118 25.628 44.49 313.808 29.3126 220.794 213.392 53.6061 159.786 15.3353 20.6795 58.998 106.809 49.303 20.8254
internal_count=6523 4943 3745 1198 1755 1324 810 514 431 1580 1159 723 400 421 340 320 130 190 1990 166 1095 1055 256 799 64 130 280 475 227 95
is_linear=0
shrinkage=0.05


Tree=12
num_leaves=31
num_cat=0
split_feature=0 3 4 4 0 4 1 0 3 4 4 3 3 1 1 4 0 3 3 1 4 3 0 3 3 0 3 1 4 3
split_gain=84.7425 40.3676 50.2142 25.4359 25.715 35.2699 20.3267 18.5816 17.3727 17.465 15.6099 13.1376 15.5941 12.4667 11.2159 10.5019 10.2499 9.40243 15.8188 9.98677 8.4971 7.96861 6.93543 6.36 9.1643 5.81107 5.58094 4.9482 14.2922 4.60147
threshold=60.500000000000007 0.00029936000000000003 0.21275000000000002 0.19510000000000002 62.500000000000007 0.016350000000000003 55.650000000000013 61.500000000000007 0.00010060000000000002 0.0099500000000000022 0.0077500000000000008 0.00062874500000000011 0.0070079450000000007 58.350000000000001 45.350000000000001 0.0063500000000000006 54.500000000000007 8.9260000000000009e-05 7.866500000000002e-05 53.150000000000013 0.0076500000000000014 0.00019904500000000004 56.500000000000007 8.651000000000001e-05 8.4935000000000013e-05 56.500000000000007 9.5610000000000015e-05 48.750000000000007 0.039550000000000009 0.0033204250000000005
decision_type=2 2 2 2 2 2 2 2 2 2 2 2 2 2 2 2 2 2 2 2 2 2 2 2 2 2 2 2 2 2
left_child=11 6 3 4 14 -6 8 20 9 15 13 17 25 -9 -3 -2 -14 18 -1 22 -8 -12 26 24 -20 27 -19 28 -13 -27
right_child=1 2 -4 -5 5 -7 7 10 -10 -11 21 12 16 -15 -16 -17 -18 19 23 -21 -22 -23 -24 -25 -26 29 -28 -29 -30 -31
leaf_value=0.06583322704088268 -0.0097821841812680867 -0.021207160841372464 -0.050033376166510414 0.086610052737568499 -0.013123424039576862 0.023671608689192616 0.0097731305898707977 -0.027338901132374284 -0.047597340969241876 0.062054267821858772 -0.061519718105388303 0.005704522987834448 0.018930138376391722 0.04864264031687339 -0.0016513682983451763 -0.044753490161987819 0.083895978379763564 0.081893266877132095 -0.0040048040635542433 0 0.09166638009168282 -0.0053169435681355284 0.076276598159411707 -0.04926745480943822 0.073813960646832669 -0.038265843454305663 0.034730385309890158 -0.030741708662787217 0.10310053940555125 0.0074552075456909214
leaf_weight=12.989513367414473 59.00040428340435 99.5566196590662 47.559150263667107 8.8846181482076627 92.842307612299919 216.61684973537922 6.076514467597006 8.8830992281436938 90.034149378538132 6.3798174113035193 15.615563347935677 26.513419359922413 14.922504290938379 13.269373774528502 280.07337416708469 34.177558347582817 10.546716645359991 7.8576563894748679 19.616749688982971 8.8809437453746778 6.9438311606645584 10.914235591888428 26.5343057513237 5.3048952519893637 4.5573189854621878 13.841378375887873 36.943464577198029 5.5825162231922141 4.3214047253131858 8.7817092537879926
leaf_count=53 346 566 309 44 522 1090 31 48 584 32 103 124 68 64 1548 221 44 32 88 39 32 57 108 26 20 81 156 29 19 39
internal_value=-0.000168749 -0.00622111 -0.000371735 0.00301167 0.00191415 0.0126157 -0.0235479 0.00130093 -0.0316577 -0.0171594 -0.0128253 0.0289144 0.0136309 0.0179636 -0.00679721 -0.0226974 0.0462507 0.0393818 0.0200912 0.0494948 0.0541942 -0.0386927 0.0557117 -4.97648e-05 0.0107033 -0.00041068 0.0432776 0.0118567 0.0198051 -0.0203433
internal_weight=1204.02 996.827 745.533 697.974 689.089 309.459 251.295 61.7026 189.592 99.5578 48.6823 207.194 84.5096 22.1525 379.63 93.178 25.4692 122.685 42.4685 80.2164 13.0203 26.5298 71.3354 29.479 24.1741 59.0404 44.8011 36.4173 30.8348 22.6231
internal_count=6523 5597 4079 3770 3726 1612 1518 335 1183 599 272 926 404 112 2114 567 112 522 187 335 63 160 296 134 108 292 188 172 143 120
is_linear=0
shrinkage=0.05


Tree=13
num_leaves=31
num_cat=0
split_feature=5 3 4 3 5 4 1 4 3 5 4 5 4 1 3 3 5 1 4 3 3 1 3 4 5 5 5 3 1 1
split_gain=75.6672 37.4173 46.816 24.0329 20.5879 27.5035 18.8921 17.7116 16.6646 16.6232 15.658 15.3679 14.4042 12.1768 12.0135 14.0835 11.3626 11.118 9.95855 8.36801 14.2874 8.92905 7.69802 7.34592 6.23693 5.52739 5.42796 4.95837 4.71874 4.54801
threshold=0.54500000000000015 0.00029936000000000003 0.21275000000000002 0.0065109800000000004 0.56500000000000006 0.016350000000000003 55.650000000000013 0.11565000000000002 0.00010060000000000002 0.55500000000000016 0.0099500000000000022 0.55500000000000016 0.0077500000000000008 57.850000000000001 0.00062874500000000011 0.0071393500000000009 0.48500000000000004 58.350000000000001 0.0063500000000000006 8.9260000000000009e-05 8.1195000000000011e-05 53.150000000000013 0.00019904500000000004 0.0076500000000000014 0.50500000000000012 0.50500000000000012 0.50500000000000012 9.5610000000000015e-05 42.550000000000004 48.750000000000007
decision_type=2 2 2 2 2 2 2 2 2 2 2 2 2 2 2 2 2 2 2 2 2 2 2 2 2 2 2 2 2 2
left_child=14 6 3 4 13 -6 8 -5 10 23 18 -9 17 -3 19 26 -17 -11 -2 20 -1 24 -14 -8 27 -22 29 -21 -4 -16
right_child=1 2 28 7 5 -7 9 11 -10 12 -12 -13 22 -15 15 16 -18 -19 -20 21 25 -23 -24 -25 -26 -27 -28 -29 -30 -31
leaf_value=0.057677373921714216 -0.0093417088679149732 -0.010568974661077946 0.0017328659799762337 -0.031820386277845142 -0.012394562005506342 0.020658214898383685 0.0092547699397482076 0.1141027369619399 -0.046605458156471533 -0.026344097337704309 0.057428037732679293 0.033807625577588409 -0.060782522758437624 0.016380209862809879 0.019074141262826513 0.01544628629094996 0.085448178355313098 0.045447009270827177 -0.04372462364056872 0.077121111250303118 0.014348756789858053 0 -0.0050657496845062534 0.08496627136456078 0.072102302842000629 -0.032203265522833251 -0.019445004271655148 0.032812847951654504 -0.053950255577618705 -0.029668042795609813
leaf_weight=15.241546869277952 58.705668419599533 320.76027810573578 3.9840704649686804 6.0347487777471533 90.063807711005211 207.37953358888626 6.1009733527898771 9.26017974317074 87.421687230467796 8.7644653618335742 6.5524362772703162 17.532162442803383 15.03073937445879 47.995323210954666 30.850499957799911 14.324905321002008 9.9632291942834836 13.493296772241591 33.258576527237892 7.9308177828788748 17.33566236495972 8.8809437453746778 10.888303384184837 7.1198733150959015 26.668864563107491 9.924530014395712 23.070915818214417 37.147626951336861 42.150617763400078 5.5010425448417655
leaf_count=62 346 1822 22 33 510 1043 31 43 584 48 32 81 103 242 142 65 41 64 221 32 79 39 57 32 108 46 123 156 287 29
internal_value=-0.000168994 -0.00590706 -0.000306172 0.0029096 0.000840859 0.0106325 -0.022754 0.0446111 -0.030692 0.00121524 -0.0164871 0.0620669 -0.0123475 -0.00704436 0.0273297 0.0126037 0.0445994 0.0169627 -0.0218645 0.0372824 0.0190654 0.0467878 -0.0376781 0.0507351 0.0526344 -0.0024723 -0.000443132 0.0408723 -0.0490401 0.0114997
internal_weight=1199.34 992.497 745.161 699.026 666.199 297.443 247.336 32.8271 185.938 61.3977 98.5167 26.7923 48.1768 368.756 206.841 83.7106 24.2881 22.2578 91.9642 123.13 42.5017 80.6283 25.919 13.2208 71.7473 27.2602 59.4225 45.0784 46.1347 36.3515
internal_count=6523 5601 4083 3774 3617 1553 1518 157 1183 335 599 124 272 2064 922 400 106 112 567 522 187 335 160 63 296 125 294 188 309 171
is_linear=0
shrinkage=0.05


Tree=14
num_leaves=31
num_cat=0
split_feature=0 4 4 1 4 0 4 4 4 4 4 4 4 1 4 1 1 5 4 1 1 4 4 1 1 0 1 1 4 5
split_gain=69.1306 33.7701 42.7994 31.7096 31.4008 44.0095 25.3785 22.8922 36.5096 20.6419 18.2456 14.5753 37.856 14.278 11.5857 10.0436 4.76552 4.04769 3.85364 9.08335 14.5435 13.505 12.4818 2.12296 2.91389 1.70756 1.2615 1.05558 5.31631 0.556269
threshold=60.500000000000007 0.21275000000000002 0.016200000000000003 57.150000000000013 0.021150000000000006 61.500000000000007 0.016550000000000006 0.030250000000000003 0.038750000000000007 0.0098500000000000029 0.017950000000000004 0.013350000000000002 0.013150000000000002 40.250000000000007 0.0069500000000000004 60.95000000000001 42.45000000000001 0.47500000000000003 0.0079500000000000022 48.95000000000001 50.750000000000007 0.13495000000000004 0.039550000000000009 46.95000000000001 52.350000000000001 61.500000000000007 50.550000000000004 52.850000000000001 0.35345000000000004 0.51500000000000012
decision_type=2 2 2 2 2 2 2 2 2 2 2 2 2 2 2 2 2 2 2 2 2 2 2 2 2 2 2 2 2 2
left_child=17 2 3 11 5 6 -4 13 -9 14 -7 12 -2 -6 -5 -11 -3 -1 23 22 -21 -22 -20 29 26 -13 -25 -18 -29 -19
right_child=1 16 4 9 7 10 -8 8 -10 15 -12 25 -14 -15 -16 -17 27 18 19 20 21 -23 -24 24 -26 -27 -28 28 -30 -31
leaf_value=0.0058317157280107553 -0.019659748149517361 0.0037697081445535832 0.064184855825851761 0.0072268420812231816 0.036973740315858143 0.012828787784619775 -0.032736947920102198 0.048632047376622439 -0.0014868292498025914 0.013162421874796593 0.064348054196815177 -0.037468308570034796 0.12290751511962957 -0.030710363898413331 0.058508006066065037 -0.057396588978552127 -0.05856101433827391 0.026954365201814018 -0.011673795426440987 -0.043622291173897924 0.0024930772618732126 0.10304489399207162 0.095936886128404744 0.042636394445726193 0.016370357547940865 -0.059696183457288068 0.078460443259647197 0.017374142930264631 -0.058626378279020258 0.034721988481947581
leaf_weight=22.815555647015572 317.02711321413517 3.8504126667976371 8.2978643923997861 20.327751606702805 8.5216811001300794 24.85943529009819 34.080711364746094 42.060309961438179 261.88552695512772 9.0494565218687075 58.00854629278183 19.047173991799355 4.618283972144126 76.755180597305298 24.676441863179207 10.951126873493193 29.555204838514328 80.632829055190086 4.343642979860304 11.523558780550959 13.282420516014101 4.4129336029291144 6.6092675924301147 6.1744987219572085 5.4053692519664756 21.419214904308319 6.5638854056596756 2.9911473691463462 8.3073719292879087 46.299648657441139
leaf_count=99 1953 21 39 95 44 125 188 220 1402 45 258 115 24 443 130 68 209 351 24 60 63 18 29 27 24 139 27 18 61 204
internal_value=-0.000168348 -0.00569811 -0.00367386 -0.0153748 0.00603175 0.0277982 -0.0135352 -0.000964907 0.00544594 0.0167174 0.0489872 -0.0211527 -0.0175596 -0.0238528 0.0355233 -0.0253161 -0.0481191 0.0260106 0.0284645 0.0144802 0 0.0282882 0.0530894 0.0322896 0.0488111 -0.0494751 0.0619528 -0.0531289 -0.0380916 0.0298521
internal_weight=1194.35 986.29 941.586 427.117 514.469 125.247 42.3786 389.223 303.946 65.0048 82.868 362.112 321.645 85.2769 45.0042 20.0006 44.7041 208.064 185.248 40.1718 29.2189 17.6954 10.9529 145.076 18.1438 40.4664 12.7384 40.8537 11.2985 126.932
internal_count=6523 5597 5288 2569 2719 610 227 2109 1622 338 383 2231 1977 487 225 113 309 926 827 194 141 81 53 633 78 254 54 288 79 555
is_linear=0
shrinkage=0.05


Tree=15
num_leaves=31
num_cat=0
split_feature=2 0 2 1 1 2 2 3 0 2 1 1 3 1 1 3 3 2 2 3 3 2 2 3 3 3 1 2 3 0
split_gain=82.9525 96.6655 39.4103 23.5859 29.5753 40.0899 34.8337 24.5083 20.8601 18.4729 29.1328 18.3556 16.0087 12.4196 11.477 17.6412 31.7102 13.1523 18.2129 9.46193 13.2071 8.64558 23.2086 10.7246 8.42226 20.2889 14.2679 18.2139 15.1449 10.1074
threshold=28.650000000000002 60.500000000000007 19.350000000000005 46.150000000000013 59.750000000000007 25.850000000000005 27.950000000000003 0.016916570000000002 63.500000000000007 13.250000000000002 56.350000000000001 64.750000000000014 0.00019904500000000004 42.250000000000007 43.350000000000001 0.00059795500000000006 0.0010123650000000001 45.550000000000004 40.150000000000006 0.00062874500000000011 0.0013002900000000002 16.650000000000002 14.15 8.9260000000000009e-05 0.0014943250000000001 0.0012994950000000001 45.250000000000007 45.95000000000001 0.00069947500000000007 64.500000000000014
decision_type=2 2 2 2 2 2 2 2 2 2 2 2 2 2 2 2 2 2 2 2 2 2 2 2 2 2 2 2 2 2
left_child=1 19 9 7 5 -5 -6 12 11 10 13 14 -4 -3 15 -2 -17 18 -16 21 -21 22 23 -1 25 26 28 -28 -10 -26
right_child=8 2 3 4 6 -7 -8 -9 24 -11 -12 -13 -14 -15 17 16 -18 -19 -20 20 -22 -23 -24 -25 29 -27 27 -29 -30 -31
leaf_value=0.016601782037392415 -0.048419484808493229 -0.0090316838353408438 0.013708536537721153 0.024669523177300794 -0.040897452546880167 -0.036813384265199263 0.10850461931691109 0.0592216143327172 -0.063826539151062206 -0.037089589833074428 0.060558436533787889 0.075726026616121989 -0.051447479013537828 -0.039222977738639871 0.0091868333777724836 0.074265502281508522 -0.05117354625694634 -0.018607184734187356 0.047349751529994127 -0.034168342097108451 0.020459352536890896 0.078161572596396056 -0.051244591494325857 0.050451338130384604 0.093941266564702586 -0.064456501465133417 0.0640746148232237 -0.021307965827070355 0.047006006827551503 0.039872488590200511
leaf_weight=42.808782428503036 19.648246422410011 88.689055517315865 11.411095231771467 148.42786526679993 48.447072386741638 32.12844842672348 4.1315042823553076 6.9010279923677436 6.3699535280466062 221.01139792054892 11.800575390458105 10.898142844438551 50.306822493672371 55.891493067145348 106.74849815666676 11.125609099864961 9.0097437053918821 24.907993257045746 44.432949483394623 13.835132673382757 52.959580793976784 9.6936304718255979 8.2537761628627759 53.438112691044807 13.149855002760885 5.289720967411994 37.314098790287971 7.3483856767415991 5.7576794326305389 27.512094020843506
leaf_count=187 118 528 69 782 263 187 21 31 36 1514 50 44 321 384 544 52 49 116 200 75 236 39 40 216 55 29 161 33 25 118
internal_value=-0.000167525 -0.00834376 -0.017001 -0.00351008 0.00405754 0.0136872 -0.0288792 -0.0292625 0.021156 -0.0277709 -0.0145538 0.0126461 -0.0393171 -0.0207565 0.00940484 -0.0147605 0.0179141 0.0148981 0.02046 0.0241056 0.00903546 0.0328611 0.0285404 0.0354805 0.0398597 0.0280408 0.0368425 0.0498986 -0.010845 0.0576683
internal_weight=1189.65 860.135 679.146 301.754 233.135 180.556 52.5786 68.6189 329.513 377.393 156.381 226.771 61.7179 144.581 215.873 39.7836 20.1354 176.089 151.181 180.989 66.7947 114.194 104.501 96.2469 102.742 62.0798 56.7901 44.6625 12.1276 40.6619
internal_count=6523 4943 4150 1674 1253 969 284 421 1580 2476 962 1123 390 912 1079 219 101 860 744 793 311 482 443 403 457 284 255 194 61 173
is_linear=0
shrinkage=0.05


Tree=16
num_leaves=31
num_cat=0
split_feature=2 0 2 4 4 2 0 2 1 1 2 0 4 4 1 2 2 2 2 4 4 0 0 4 4 1 2 4 4 0
split_gain=74.9443 87.9505 36.6807 27.5519 73.5204 21.3206 18.6458 17.4843 26.5068 16.4904 15.1771 17.2303 15.3484 14.0473 10.3692 15.5255 14.4266 11.8128 16.0908 10.1027 63.9612 8.5518 7.76316 7.52493 18.7755 10.48 12.223 10.1568 5.84907 5.47143
threshold=28.650000000000002 60.500000000000007 19.350000000000005 0.016350000000000003 0.019150000000000004 26.600000000000005 63.500000000000007 13.250000000000002 57.650000000000013 64.750000000000014 22.250000000000004 65.500000000000014 0.0044500000000000008 0.0055500000000000002 43.350000000000001 42.650000000000013 33.45000000000001 45.550000000000004 40.150000000000006 0.012150000000000003 0.013500000000000002 61.500000000000007 62.500000000000007 0.06345000000000002 0.047550000000000009 46.750000000000007 45.550000000000004 0.018100000000000002 0.021050000000000003 67.500000000000014
decision_type=2 2 2 2 2 2 2 2 2 2 2 2 2 2 2 2 2 2 2 2 2 2 2 2 2 2 2 2 2 2
left_child=1 -1 7 10 21 -6 9 8 13 14 11 -4 -12 -3 15 16 -2 18 -16 -9 -21 -5 -19 24 25 27 -27 -8 -17 -25
right_child=6 2 3 4 5 -7 23 19 -10 -11 12 -13 -14 -15 17 28 -18 22 -20 20 -22 -23 -24 29 -26 26 -28 -29 -30 -31
leaf_value=0.022879851673513776 0.02243657482665121 -0.0067641337505946397 -0.01653380829376223 0.029349141662578557 0.0034603365590622549 -0.040628828447046982 -0.037425648497754781 -0.051927923602924267 0.077659057234739967 0.071636713680741024 0.064849895105805133 0.061589781272116284 -0.04588526394940453 -0.038831587090570774 0.0086936050933185457 -0.014033826720473517 -0.059520766796754589 -0.037624467756621524 0.044383659888991851 0.077254223661345725 -0.038851859554749513 0.089451559809976586 0.021267758866847175 0.047198240767416723 -0.039151894310827356 0.061870275546967383 -0.012278049336303967 0.032994292186889394 0.05474224650629228 0.10375370372951882
leaf_weight=181.14489914476871 7.3168788850307491 92.754352420568466 37.98588290810585 8.2342744916677457 123.97268322110176 35.050054833292961 7.2729966938495663 69.323835782706738 7.3893913328647605 10.948482841253279 3.1853111237287512 8.558287635445593 58.053267434239388 54.458936229348183 107.15939989686012 4.6475968509912482 18.905359402298927 16.503541603684425 45.023005083203316 12.8981516957283 133.61307615786791 25.389233961701393 8.2445683032274264 16.800365805625919 8.5517268627881986 41.706267938017845 6.2498268634080878 16.446671068668365 8.4060521125793439 6.2133586853742591
leaf_count=793 41 554 232 37 667 203 41 531 30 44 15 43 373 378 544 30 111 81 200 66 917 104 35 71 45 175 28 72 37 25
internal_value=-0.000172298 -0.00801535 -0.0163672 -0.00336369 0.00794248 -0.00624532 0.0200342 -0.0268959 -0.013995 0.011985 -0.0236068 -0.00196043 -0.0399476 -0.0186792 0.00890947 -0.014242 -0.0364636 0.0140821 0.0193075 -0.0361029 -0.0285506 0.0750116 -0.0177973 0.0376672 0.0302496 0.0386427 0.0520975 0.0111255 0.0299547 0.0630665
internal_weight=1182.41 852.012 670.867 300.429 192.646 159.023 330.396 370.438 154.603 227.155 107.783 46.5442 61.2386 147.213 216.206 39.2759 26.2222 176.931 152.182 215.835 146.511 33.6235 24.7481 103.241 80.2275 71.6758 47.9561 23.7197 13.0536 23.0137
internal_count=6523 4943 4150 1674 1011 870 1580 2476 962 1123 663 275 388 932 1079 219 152 860 744 1514 983 141 116 457 361 316 203 113 67 96
is_linear=0
shrinkage=0.05


Tree=17
num_leaves=31
num_cat=0
split_feature=5 3 4 3 4 3 3 1 3 4 5 5 4 4 4 1 3 3 5 3 3 3 3 3 4 5 1 4 4 3
split_gain=50.4851 31.8934 39.2585 20.4272 16.6471 32.2993 21.0993 14.7634 15.6422 14.7134 14.3419 13.6145 13.1802 12.308 11.1281 9.63853 9.55713 12.1778 7.67891 7.5763 9.76834 7.37872 12.6264 6.76716 5.86876 4.3594 4.23094 4.22687 6.82575 4.22406
threshold=0.54500000000000015 0.00029936000000000003 0.21275000000000002 0.0065109800000000004 0.053750000000000006 0.0015787650000000002 0.0023876650000000002 55.650000000000013 0.00010060000000000002 0.11565000000000002 0.55500000000000016 0.55500000000000016 0.0099500000000000022 0.0077500000000000008 0.0072500000000000004 49.850000000000001 0.00062874500000000011 0.0070079450000000007 0.48500000000000004 0.00010381500000000001 0.000102255 7.3105000000000012e-05 8.9260000000000009e-05 0.00019904500000000004 0.0076500000000000014 0.50500000000000012 42.45000000000001 0.007150000000000001 0.0063500000000000006 0.0085667550000000006
decision_type=2 2 2 2 2 2 2 2 2 2 2 2 2 2 2 2 2 2 2 2 2 2 2 2 2 2 2 2 2 2
left_child=16 7 3 4 5 -3 -6 8 12 -5 24 -11 15 14 -12 -2 19 25 -19 20 21 -1 -23 -15 -9 -18 -4 28 -10 -28
right_child=1 2 26 9 6 -7 -8 10 27 11 13 -13 -14 23 -16 -17 17 18 -20 -21 -22 22 -24 -25 -26 -27 29 -29 -30 -31
leaf_value=0.088119006678698042 -0.034815384365151532 0.00067838782459587153 0.0021639303277252442 -0.029783257614717062 -0.033138816509605609 0.038699014894682353 0.0034233056053946942 0.0085779906560188735 -0.044465286348182018 0.10508683988554882 -0.0018193230588640476 0.030228803693674158 0.052369362604026248 -0.059826526980312981 0.090530161460423128 -0.0014664576616821824 0.0071794646730586279 0.013750355630099112 0.069702569286174812 0.06628067600335226 -0.03445078125474596 0.0040899206383983762 0.040912788198707931 -0.0067610697465652625 0.076123137991206749 -0.020663016528063988 -0.0047144046897654619 -0.057224023220869835 0.0011411221799242626 -0.057833048117585897
leaf_weight=5.19578593969345 47.555057525634766 430.96388684213161 3.8147435784339896 5.8263399899005881 71.362736061215401 64.129440605640411 87.589666962623596 6.0984956175088865 34.170641258358955 9.4941345453262347 18.485503152012829 17.685508847236633 6.7327421754598609 13.928260087966919 3.8354557603597632 40.34164159744978 36.772717267274857 14.746350884437563 10.836877375841139 13.620590716600416 6.0598159432411185 37.996566936373711 61.449941575527191 10.963794469833374 7.2431363165378571 22.513163670897484 4.4640104994177809 36.614822953939438 10.501634255051611 33.634592682123184
leaf_count=21 319 2401 21 33 419 324 473 31 237 43 92 81 32 103 20 248 170 66 44 55 25 166 255 57 32 120 30 269 78 258
internal_value=-0.000175037 -0.0050049 0.000165101 0.00304065 0.00109309 0.00562012 -0.0129706 -0.0209568 -0.0282833 0.0413625 0.00025641 0.0568502 -0.0143631 -0.0126097 0.0141593 -0.0195852 0.022083 0.00904966 0.0378251 0.0309256 0.0264746 0.03008 0.026912 -0.0367743 0.0459136 -0.00332621 -0.0467475 -0.0443894 -0.0336538 -0.0517687
internal_weight=1174.63 965.436 728.965 687.052 654.046 495.093 158.952 236.471 175.917 33.006 60.5546 27.1796 94.6294 47.213 22.321 87.8967 209.192 84.8691 25.5832 124.323 110.702 104.642 99.4465 24.8921 13.3416 59.2859 41.9133 81.2871 44.6723 38.0986
internal_count=6523 5601 4083 3774 3617 2725 892 1518 1183 157 335 124 599 272 112 567 922 400 110 522 467 442 421 160 63 290 309 584 315 288
is_linear=0
shrinkage=0.05


Tree=18
num_leaves=31
num_cat=0
split_feature=2 0 2 1 1 2 2 3 0 2 1 3 1 1 3 2 1 3 2 2 2 2 3 2 2 2 2 3 3 3
split_gain=66.3836 73.7905 33.4987 21.4265 25.9456 33.925 31.3851 20.8857 16.6269 16.6225 24.2857 15.5242 14.7282 11.1948 9.51978 13.6708 23.4782 8.81061 8.13053 13.0496 8.891 7.77588 10.0815 7.07591 23.0624 12.3952 12.0489 5.86147 11.4797 10.9483
threshold=28.650000000000002 60.500000000000007 19.350000000000005 46.150000000000013 59.750000000000007 25.850000000000005 27.950000000000003 0.016916570000000002 63.500000000000007 13.250000000000002 56.350000000000001 0.00019904500000000004 64.750000000000014 42.250000000000007 0.0014943250000000001 44.300000000000004 46.050000000000004 7.3105000000000012e-05 31.650000000000002 30.450000000000003 40.150000000000006 14.350000000000003 0.0025839000000000005 29.650000000000002 29.950000000000003 33.150000000000013 38.850000000000009 0.00062874500000000011 0.0013002900000000002 8.9260000000000009e-05
decision_type=2 2 2 2 2 2 2 2 2 2 2 2 2 2 2 2 2 2 2 2 2 2 2 2 2 2 2 2 2 2
left_child=1 17 9 7 5 -5 -6 11 12 10 13 -4 14 -3 18 16 -16 -1 19 -2 -20 -11 -23 -10 -25 -26 -27 29 -29 -19
right_child=8 2 3 4 6 -7 -8 -9 23 21 -12 -13 -14 -15 15 -17 -18 27 20 -21 -22 22 -24 24 25 26 -28 28 -30 -31
leaf_value=0.084716693053317194 -0.00060247396547655565 -0.0078215322969780749 0.014815827393482014 0.023031168940020125 -0.039155641293511963 -0.034573174332140813 0.10062991281307186 0.053131973214910568 0.072333713420266371 -0.05908519966847621 0.055339985122512605 -0.050126773736418419 0.067549567134217378 -0.037086661275197844 -0.034766575453218915 -0.0096351589191131827 0.064247065168724735 0.0038817356386130035 -0.017207441431981645 0.058780997008709091 0.009552249057927592 -0.035917295079954475 -0.0026558290128329796 -0.060053939027122839 0.085718055277062111 -0.0029768308551270891 0.04212757117378458 -0.033697906408080618 0.017340173091029792 0.037248143159928547
leaf_weight=5.1396249532699576 23.784851416945457 87.243114084005356 11.193507745862005 148.87026906013489 46.84865266084671 30.70267491042614 4.2789477407932273 6.9437483102083197 11.666012719273565 29.049114406108856 11.828727424144743 48.009139657020569 10.9528322070837 52.784806475043297 7.3998380303382865 17.441273391246796 28.974932044744492 38.036991596221924 62.960630789399147 14.869908586144446 60.821671217679977 152.23450291901827 27.194333955645561 6.3937984108924857 11.557526990771292 20.124007612466812 53.766169413924217 13.717566296458243 53.673996433615685 71.430200606584549
leaf_count=21 119 528 69 782 263 187 21 31 50 223 50 321 44 384 40 77 129 166 346 70 298 1085 206 34 47 93 233 75 236 295
internal_value=-0.000173022 -0.00765426 -0.0154609 -0.00300264 0.004174 0.0131406 -0.0271856 -0.0280768 0.0187919 -0.0257066 -0.0130586 -0.0377594 0.0111841 -0.0189076 0.00827631 0.0264897 0.0439272 0.0205005 0.00219878 0.0222052 -0.00402134 -0.0348849 -0.0309083 0.0354164 0.0305991 0.0375031 0.0297884 0.0185593 0.00684274 0.0257139
internal_weight=1169.89 839.18 657.182 296.847 230.701 179.573 51.1276 66.1464 330.713 360.335 151.857 59.2026 227.206 140.028 216.253 53.816 36.3748 181.998 162.437 38.6548 123.782 208.478 179.429 103.508 91.8415 85.4477 73.8902 176.859 67.3916 109.467
internal_count=6523 4943 4150 1674 1253 969 284 421 1580 2476 962 390 1123 912 1079 246 169 793 833 189 644 1514 1291 457 407 373 326 772 311 461
is_linear=0
shrinkage=0.05


Tree=19
num_leaves=31
num_cat=0
split_feature=2 0 2 4 4 2 4 2 1 4 4 2 2 2 2 4 4 2 2 4 1 1 1 1 2 4 0 1 0 4
split_gain=60.0655 67.1891 31.2456 22.1298 70.9232 34.1603 17.9577 15.8065 17.0138 41.8064 26.6384 25.1208 22.948 15.2613 17.1654 17.0457 14.9501 14.2574 25.5307 15.4193 14.2507 13.1393 11.6606 9.49511 8.63507 7.59602 3.60051 2.85744 2.74464 3.00569
threshold=28.650000000000002 60.500000000000007 19.950000000000003 0.016350000000000003 0.019150000000000004 20.350000000000005 0.032850000000000011 60.95000000000001 48.250000000000007 0.019050000000000001 0.020650000000000005 41.800000000000004 52.350000000000001 40.400000000000006 42.550000000000004 0.14355000000000004 0.007150000000000001 11.950000000000001 11.750000000000002 0.0087500000000000026 43.95000000000001 42.750000000000007 53.050000000000004 53.45000000000001 24.450000000000003 0.012250000000000002 57.500000000000007 34.650000000000013 56.500000000000007 0.13695000000000004
decision_type=2 2 2 2 2 2 2 2 2 2 2 2 2 2 2 2 2 2 2 2 2 2 2 2 2 2 2 2 2 2
left_child=1 26 17 5 24 -4 -6 8 9 16 -11 -12 13 15 -15 -10 20 18 19 -3 -2 -7 25 -24 -5 -19 28 -18 29 -1
right_child=7 2 3 4 6 21 -8 -9 12 10 11 -13 -14 14 -16 -17 27 22 -20 -21 -22 -23 23 -25 -26 -27 -28 -29 -30 -31
leaf_value=0.01944232629467162 -0.057257678199463403 -0.005937442360870477 0.093868929162258516 0.090968380177605682 -0.034871141130346416 0.025051253506052296 0.0042643805519109309 -0.067772572660120198 0.016450945526078644 0.088731914545239238 -0.0077680505278344587 0.043008870187695634 -0.070381986135906363 0.098089621770486315 0.036988609326769575 0.094271468253989632 -0.0027677450302676983 -0.054523130097984498 0.10637609290277331 -0.052640640541786216 0.077590296300344391 -0.035393379303477676 0.039482452486943626 -0.021043424397343177 0.031744467584857085 -0.031330942660683168 0.031139505227841147 -0.04750927802456234 -0.0044222216269488345 -0.019180686586162277
leaf_weight=112.4225839972496 2.9077824801206571 95.043946988880634 5.9350212514400473 23.582255572080612 40.338926613330841 9.9239526912569982 105.90717665106058 5.1862583756446829 94.824400529265404 14.064377233386038 53.540134355425835 44.352067023515701 5.3260612636804572 16.370393112301826 40.551423743367195 7.5525924712419501 4.2295335233211508 53.692563928663731 4.4152875095605841 21.721190482378006 5.4262983649969101 82.118566267192364 6.9118584021925917 79.295078255236149 8.9118163138627988 111.62254686653614 49.111765533685684 36.816269963979721 15.450502023100851 5.0662170797586432
leaf_count=485 20 577 24 95 237 64 567 26 445 62 280 186 25 68 175 31 26 442 32 162 29 525 49 550 38 788 214 207 70 24
internal_value=-0.000175021 -0.00735148 -0.0148811 -0.0021316 0.00831645 -0.021232 -0.00651262 0.0178259 0.0192235 0.00763586 0.0245589 0.0152069 0.0305378 0.0339854 0.0547898 0.0223271 -0.0306039 -0.0243305 -0.0101688 -0.0147058 0.0298276 -0.0288019 -0.0311269 -0.0160926 0.0750263 -0.0389221 0.0194743 -0.0430384 0.0151071 0.0177195
internal_weight=1162.62 831.471 649.42 276.718 178.74 97.9775 146.246 331.148 325.961 161.336 111.957 97.8922 164.625 159.299 56.9218 102.377 49.3799 372.702 121.18 116.765 8.33408 92.0425 251.522 86.2069 32.4941 165.315 182.051 41.0458 132.939 117.489
internal_count=6523 4943 4150 1550 937 613 804 1580 1554 810 528 466 744 719 243 476 282 2600 771 739 49 589 1829 599 133 1230 793 233 579 509
is_linear=0
shrinkage=0.05


Tree=20
num_leaves=29
num_cat=0
split_feature=0 4 4 1 0 4 4 1 4 4 4 4 4 4 1 4 5 1 1 4 1 4 4 1 5 0 0 0
split_gain=38.1761 28.5625 27.3639 24.8436 23.4049 22.0922 16.3713 14.7991 13.7976 33.0895 13.4094 16.6132 15.9197 11.7457 8.52638 6.0395 3.7046 3.44901 12.4278 10.9053 4.38339 1.93734 1.7464 0.566725 0.553605 3.28202 0.756791 0.122522
threshold=60.500000000000007 0.34225000000000005 0.016200000000000003 57.150000000000013 62.500000000000007 0.016650000000000002 0.0098500000000000029 54.750000000000007 0.013350000000000002 0.013150000000000002 0.021150000000000006 0.030550000000000004 0.017950000000000004 0.0069500000000000004 60.95000000000001 0.017950000000000004 0.47500000000000003 48.95000000000001 50.550000000000004 0.039550000000000009 56.650000000000013 0.015500000000000002 0.13495000000000004 50.050000000000004 0.51500000000000012 56.500000000000007 59.500000000000007 51.500000000000007
decision_type=2 2 2 2 2 2 2 2 2 2 2 2 2 2 2 2 2 2 2 2 2 2 2 2 2 2 2 2
left_child=16 2 3 8 5 7 13 -4 9 -2 12 -12 -6 -5 -8 -7 27 19 23 24 22 -10 -20 -19 25 -18 -26 -1
right_child=1 -3 4 6 10 15 14 -9 21 -11 11 -13 -14 -15 -16 -17 17 18 20 -21 -22 -23 -24 -25 26 -27 -28 -29
leaf_value=0.0021428991545370305 -0.016707387133535697 -0.057142614580581147 0 0.0041407776705875447 0 -0.057173601385814558 0.011716294072399066 0.11477288023749099 -0.058906389960215688 0.11421422422881121 -0.027042645357993875 0.015762224584320163 0.052064913504220461 0.056038372936344838 -0.055133076782905757 -0.0066916971896745338 0.023365408813871752 -0.050720819792926655 0.024965132075588925 0.086953420394740688 -0.018799245456366756 -0.034537144890207518 0.058526736849426254 -0.022127696071805224 0.029407457756620233 -0.0031968046381278142 0.012980764266432288 -0.0065965478976193377
leaf_weight=18.259257808327678 298.57973263412714 24.96855153888464 5.1347073912620527 20.251944556832314 21.513847567141056 5.9933793172240248 8.979153513908388 6.1623869091272354 18.500125408172607 4.7979726195335379 26.992706805467606 137.07964359968901 45.371167257428169 24.13404706120491 9.7751903235912305 267.76948820799589 73.654393583536148 5.915494576096533 21.510931521654136 6.7440966516733161 4.8783691823482505 18.554659456014633 5.1857061088085166 3.9249882698059082 41.938103899359703 13.396879076957701 10.149452209472654 5.0022006928920737
leaf_count=78 1953 199 25 95 113 47 45 26 127 24 153 715 195 130 68 1555 314 31 99 29 20 127 22 20 187 61 44 21
internal_value=-0.000176871 -0.00447323 -0.00303166 -0.0127862 0.00458861 -0.00498247 0.0159587 0.063181 -0.0181354 -0.0145834 0.0164204 0.00867745 0.0352984 0.032534 -0.0229695 -0.00783561 0.0190656 0.0214018 0.00845734 0.0250341 0.0238448 -0.0469642 0.031865 -0.0401565 0.0219367 0.0192212 0.0263335 2.93272e-05
internal_weight=1155.12 944.559 919.59 403.573 516.017 285.06 63.1403 11.2971 340.432 303.378 230.957 164.072 66.885 44.386 18.7543 273.763 210.56 187.298 41.4155 145.883 31.575 37.0548 26.6966 9.84048 139.139 87.0513 52.0876 23.2615
internal_count=6523 5597 5398 2569 2829 1653 338 51 2231 1977 1176 868 308 225 113 1602 926 827 192 635 141 254 121 51 606 375 231 99
is_linear=0
shrinkage=0.05


Tree=21
num_leaves=31
num_cat=0
split_feature=2 5 2 4 4 2 2 2 2 4 2 3 4 4 1 4 4 4 3 1 3 2 1 4 1 3 1 3 3 3
split_gain=53.031 55.8275 28.097 21.7936 55.1048 19.1154 18.7171 15.972 21.7621 15.1718 14.4981 16.0511 18.3675 17.6787 17.4574 13.847 17.547 11.4879 11.4421 11.3423 10.9275 36.9271 10.1898 8.84649 8.62609 8.1705 7.03799 5.31302 11.484 10.0441
threshold=28.650000000000002 0.54500000000000015 19.350000000000005 0.016350000000000003 0.019150000000000004 24.650000000000002 26.600000000000005 11.950000000000001 11.750000000000002 0.0087500000000000026 60.95000000000001 0.0014943250000000001 0.0073500000000000015 0.0050500000000000015 64.750000000000014 0.0117 0.011450000000000002 0.017950000000000004 0.0021777800000000003 52.95000000000001 0.0046802500000000012 41.150000000000013 46.150000000000013 0.0069500000000000004 45.750000000000007 7.3105000000000012e-05 53.45000000000001 0.00062874500000000011 0.0013002900000000002 8.9260000000000009e-05
decision_type=2 2 2 2 2 2 2 2 2 2 2 2 2 2 2 2 2 2 2 2 2 2 2 2 2 2 2 2 2 2
left_child=1 25 7 15 5 -5 -6 8 9 -3 11 12 13 -2 17 16 -4 -14 -13 22 21 -20 -9 -15 -22 -1 -21 29 -29 -27
right_child=10 2 3 4 6 -7 -8 19 -10 -11 -12 18 14 23 -16 -17 -18 -19 20 26 24 -23 -24 -25 -26 27 -28 28 -30 -31
leaf_value=0.079975505372815836 -0.011689026285009337 -0.0045802917721473662 -0.015697799093014091 0.080963152563416352 0.0040208109803295741 -0.026142055464804338 -0.03824953448227264 -0.013563512883292808 0.095367488005384721 -0.051739644194566642 -0.066495703858703695 0.069783891279613069 -0.013841951498003406 0.04600324227425609 0.092038665957708737 -0.051767245011148211 0.092129650794813084 0.011659703129996158 -0.045379759670584392 0.025655735173010299 0.029511088840661722 0.046074449755494934 -0.046825605827988448 0.11215495006470311 0.089100257981787043 0.0015753649361107853 -0.021606364430885459 -0.036829170073583488 0.014761195198690661 0.033404664984018055
leaf_weight=5.0156577527523032 11.210191279649733 94.654791168868542 71.267269775271416 28.750652760267258 122.44740325212479 4.7420213818550101 33.162668235599995 29.586470007896423 4.7044425010681143 20.797318361699581 5.0318906754255286 19.464206784963608 71.64576331526041 22.944794982671741 5.4268189072608939 27.044054917991161 3.874964475631713 114.57691088318825 17.557203561067581 8.6253678798675519 16.987378716468815 29.254681751132011 113.38316336274147 6.7495001107454291 9.8637444972991926 38.438398793339729 74.791775949299335 13.36514103412628 53.734499573707581 71.510493561625481
leaf_count=21 52 581 452 120 667 21 203 221 32 162 26 81 380 109 22 190 21 552 91 62 73 121 891 31 42 166 531 73 234 295
internal_value=-0.000174358 -0.00699604 -0.0139708 -0.0025037 0.00753011 0.0656173 -0.00497426 -0.0235917 -0.00878985 -0.0131562 0.0167197 0.0180408 0.0109769 0.0413646 0.00444684 -0.0211101 -0.0099558 0.00181941 0.0355961 -0.0314184 0.0264124 0.0116436 -0.0399915 0.0615333 0.051836 0.0174058 -0.0166347 0.0155609 0.00437133 0.022334
internal_weight=1150.61 819.897 637.832 291.289 189.103 33.4927 155.61 346.543 120.157 115.452 330.713 325.681 232.554 40.9045 191.649 102.186 75.1422 186.223 93.1272 226.387 73.663 46.8119 142.97 29.6943 26.8511 182.064 83.4171 177.049 67.0996 109.949
internal_count=6523 4943 4154 1674 1011 141 870 2480 775 743 1580 1554 1146 192 954 663 473 932 408 1705 327 212 1112 140 115 789 593 768 307 461
is_linear=0
shrinkage=0.05


Tree=22
num_leaves=31
num_cat=0
split_feature=2 0 2 4 4 4 2 2 2 3 4 2 3 4 4 3 4 4 4 3 3 2 4 4 0 4 3 2 2 3
split_gain=48.0403 51.7297 26.3691 19.9188 49.9982 18.0209 17.3463 14.6669 13.6692 16.5838 14.2029 13.3635 14.5647 16.3389 15.6324 11.2478 12.561 10.3335 59.3577 10.1992 9.75997 33.5664 8.31099 20.4905 8.56199 7.71359 7.56891 6.46227 5.31223 4.56289
threshold=28.650000000000002 60.500000000000007 19.350000000000005 0.016350000000000003 0.019150000000000004 0.20055000000000003 24.650000000000002 13.250000000000002 22.250000000000004 0.00029936000000000003 0.0044500000000000008 60.95000000000001 0.0014943250000000001 0.0073500000000000015 0.0050500000000000015 0.0012994950000000001 0.017950000000000004 0.012150000000000003 0.013500000000000002 0.0021777800000000003 0.0046802500000000012 41.150000000000013 0.0087500000000000026 0.0083500000000000015 65.500000000000014 0.0069500000000000004 7.3105000000000012e-05 31.150000000000002 30.800000000000001 0.00068829000000000015
decision_type=2 2 2 2 2 2 2 2 2 2 2 2 2 2 2 2 2 2 2 2 2 2 2 2 2 2 2 2 2 2
left_child=1 26 7 8 6 -6 -5 22 9 -4 -10 12 13 14 28 16 -15 -9 -19 -14 21 -21 23 -3 -24 -16 -1 -22 -2 -28
right_child=11 2 3 4 5 -7 -8 17 10 -11 -12 -13 19 15 25 -17 -18 18 -20 20 27 -23 24 -25 -26 -27 29 -29 -30 -31
leaf_value=0.077475196899070731 -0.049975594822344246 -0.0080125659497317283 0.018013908657987545 0.077289718240727112 0.00077599811719561386 -0.056986980265797994 -0.025036844243830611 -0.049274464080941334 0.063636710857002163 -0.052196757317741038 -0.042930681476386956 -0.065259917616393673 0.066090663876328851 -0.0092513103868075049 0.043145964657901104 -0.057441978250463592 0.017314198414763577 0.077581811545632526 -0.035050266877271107 -0.044071647422376049 0.090946361959847469 0.043655827656499585 -0.035641927732909105 0.097171171329640413 0.039117476719380775 0.10440384755249731 0.02118344627555617 0.034005363284764355 0.018601702741193778 0.0045570180204760535
leaf_weight=4.9241791367530814 4.8926555663347226 96.452023573219776 33.374527215957642 28.619089379906654 140.30468818545341 14.822675153613089 4.7090526372194281 60.202016711235046 3.1986444592475882 11.131447084248064 53.115716397762299 4.8766513168811789 19.528012290596962 74.105349212884903 23.239758312702183 7.0042843371629706 110.49630881845951 12.834056720137594 120.69141430407763 17.186887785792351 6.9274594783782986 29.334974944591522 41.253318637609482 4.7605169862508765 4.0762758627533904 6.8915326893329611 110.55136083066463 20.009232640266418 6.2891657948493958 67.295976623892784
leaf_count=21 23 607 200 120 766 104 21 531 15 75 373 26 81 392 109 40 522 66 917 91 28 121 305 23 27 31 464 87 29 308
internal_value=-0.000173301 -0.00671855 -0.0135213 -0.00240195 0.00717477 -0.0047443 0.0626504 -0.0229561 -0.0203419 0.000263686 -0.036687 0.0158822 0.0171314 0.0104138 0.0389079 0.00422682 0.0066236 -0.0319958 -0.024137 0.0338751 0.0251649 0.0111138 -0.0109578 -0.00292488 -0.0287378 0.0576211 0.0166803 0.0491164 -0.0111384 0.0149263
internal_weight=1143.1 812.317 629.545 289.276 188.456 155.127 33.3281 340.27 100.82 44.506 56.3144 330.782 325.906 232.919 41.3131 191.606 184.602 193.727 133.525 92.9866 73.4586 46.5219 146.542 101.213 45.3296 30.1313 182.772 26.9367 11.1818 177.847
internal_count=6523 4943 4150 1674 1011 870 141 2476 663 275 388 1580 1554 1146 192 954 914 1514 983 408 327 212 962 630 332 140 793 115 52 772
is_linear=0
shrinkage=0.05


Tree=23
num_leaves=31
num_cat=0
split_feature=2 0 2 1 1 2 2 3 3 2 1 0 1 1 2 3 1 3 3 2 2 3 0 2 1 1 1 2 0 2
split_gain=43.522 47.1496 24.4267 18.2707 21.3206 28.3817 26.7383 19.3763 14.8586 13.924 20.8445 12.4568 11.1812 9.77663 8.34574 10.599 7.56644 13.4193 25.515 10.0812 12.5888 7.07289 5.84394 9.914 18.2878 15.5171 12.7065 10.4874 5.45554 5.24557
threshold=28.650000000000002 60.500000000000007 19.350000000000005 46.150000000000013 59.750000000000007 27.950000000000003 25.850000000000005 0.016916570000000002 0.00019904500000000004 13.250000000000002 56.350000000000001 63.500000000000007 64.750000000000014 42.250000000000007 14.350000000000003 0.0025839000000000005 43.350000000000001 0.00059795500000000006 0.0010123650000000001 45.550000000000004 43.70000000000001 7.3105000000000012e-05 67.500000000000014 45.550000000000004 45.250000000000007 42.050000000000004 46.150000000000013 40.400000000000006 62.500000000000007 45.550000000000004
decision_type=2 2 2 2 2 2 2 2 2 2 2 2 2 2 2 2 2 2 2 2 2 2 2 2 2 2 2 2 2 2
left_child=1 21 9 7 6 -6 -5 8 -4 10 13 12 16 -3 -11 -16 17 -2 -19 20 -18 -1 23 24 25 -13 -25 -26 -21 -24
right_child=11 2 3 4 5 -7 -8 -9 -10 14 -12 22 -14 -15 15 -17 19 18 -20 28 -22 -23 29 26 27 -27 -28 -29 -30 -31
leaf_value=0.07522658341550266 -0.045380839958565983 -0.0058425827029829911 0.015931690519973774 0.021207069913877816 -0.036783443590315816 0.095094458105688381 -0.031438961184696371 0.052208544844795063 -0.048567758207028425 -0.057731008149441682 0.053237207210754756 0.03402444426040168 0.057914642309725151 -0.034054246707059421 -0.032318790695974764 0.0028387872790073673 0.011226223512036115 0.062130902841812642 -0.05045191421263099 -0.036430828728248717 0.068538468304671238 0.014161179133627503 0.030033730822652312 0.038338787271833465 0.032553798328845827 -0.064203703566621528 -0.038573823015770364 0.081530337881057735 0.012556581089210525 0.091780286879919015
leaf_weight=4.8233363926410666 18.054748296737671 85.07763908803463 10.940016552805899 146.43824100494385 44.615608401596546 4.3763840794563285 28.712824821472168 6.8907046616077414 45.123437583446503 25.82759914547205 11.657307192683218 8.3048569113016111 10.826559394598005 48.501084737479687 138.27773160487413 25.044320315122604 143.43468889594078 11.597747161984445 8.7038052976131421 16.043582037091255 10.227490141987799 178.10364897549152 7.9714825153350812 9.4282434135675448 34.768467217683792 7.5651293545961371 12.163911834359167 16.464999333024025 8.5176624506711978 6.674708679318428
leaf_count=21 118 528 69 782 263 21 187 31 321 223 50 41 44 384 1085 206 701 52 49 81 43 772 34 38 152 44 54 67 35 27
internal_value=-0.000173192 -0.00645532 -0.0130269 -0.00230801 0.00435994 -0.0247314 0.0125352 -0.0260973 -0.0358866 -0.0222116 -0.0105053 0.0150877 0.00850886 -0.0161412 -0.0311633 -0.0268986 0.00599046 -0.0140745 0.0136079 0.0103423 0.0151154 0.0158389 0.0294942 0.0245139 0.0339937 -0.0125961 -0.00473741 0.0485191 -0.0192576 0.0589441
internal_weight=1135.16 804.41 621.483 287.097 224.143 48.992 175.151 62.9542 56.0635 334.386 145.236 330.748 227.406 133.579 189.15 163.322 216.58 38.3563 20.3016 178.223 153.662 182.927 103.342 88.6956 67.1035 15.87 21.5922 51.2335 24.5612 14.6462
internal_count=6523 4943 4150 1674 1253 284 969 421 390 2476 962 1580 1123 912 1514 1291 1079 219 101 860 744 793 457 396 304 85 92 219 116 61
is_linear=0
shrinkage=0.05


Tree=24
num_leaves=31
num_cat=0
split_feature=2 0 2 2 0 3 3 2 2 2 2 2 3 3 3 0 1 3 2 1 3 0 2 3 3 1 3 2 1 3
split_gain=39.4645 42.9134 22.6443 15.3709 35.0255 18.6138 16.5484 28.8862 24.1017 12.1272 12.0544 21.5401 11.9673 19.0914 28.7726 11.6878 10.5136 10.4137 10.3527 8.41955 12.4591 8.67819 8.09052 7.97838 34.2738 8.36881 6.63049 4.41592 5.19869 9.96673
threshold=28.650000000000002 60.500000000000007 19.950000000000003 22.150000000000002 62.500000000000007 0.0055077150000000007 0.00036877000000000009 27.850000000000005 27.950000000000003 20.250000000000004 29.650000000000002 29.950000000000003 0.00027722500000000003 0.00036877000000000009 0.00034518500000000008 63.500000000000007 50.050000000000004 0.012497505000000001 33.150000000000013 43.350000000000001 0.00059795500000000006 62.500000000000007 38.850000000000009 9.051500000000001e-05 6.544000000000001e-05 56.250000000000007 7.3105000000000012e-05 29.300000000000001 55.45000000000001 0.004850000000000001
decision_type=2 2 2 2 2 2 2 2 2 2 2 2 2 2 2 2 2 2 2 2 2 2 2 2 2 2 2 2 2 2
left_child=1 26 12 4 5 -4 8 -8 -5 -6 16 -12 23 14 -14 19 -2 -15 -17 20 -13 -21 -20 24 -3 -25 -1 28 -18 -30
right_child=10 2 3 6 9 -7 7 -9 -10 -11 11 15 13 17 -16 18 27 -19 22 21 -22 -23 -24 25 -26 -27 -28 -29 29 -31
leaf_value=0.073193922685156551 -0.018868925675719111 -0.059076808852379696 -0.025102503031920093 -0.045242228876087524 0.10332374016727511 0.084343709068457534 0.010946355921670821 -0.060341420014221971 0.044451930227514459 0.033941791678459225 -0.051742933405772552 -0.044361503421695099 -0.00065122704566019426 -0.018072806304403027 0.12148468851252157 0.073475742161496591 0.085227470533168329 -0.055302051424742982 -0.0043502144918170478 0.018131862911547027 0.01292976347275851 -0.010788268947173973 0.032698913155479993 -0.047651712131747813 0.14121061080048314 -0.0024276042906533884 0.013425073602507196 0.097118805260595284 -0.0048918240872777808 0.086651052362046024
leaf_weight=4.7149409502744666 5.1758288890123394 6.3439063131809217 43.482082508504391 50.257702387869358 7.6199426352977744 4.1519610136747351 98.349258080124855 16.505606226623058 8.6608976572751981 38.595484435558319 12.825427725911139 17.561063624918461 43.125706918537617 183.92125601321459 5.3179680556058875 11.671750247478483 5.7450456172227922 21.058180116117001 19.946088820695877 132.79454836249352 20.243238002061844 31.929459482431412 53.745924651622772 71.948902368545532 3.0913738012313843 12.209522098302839 178.4714532494545 5.8639553040266028 8.3360539674758893 4.4358183592557898
leaf_count=21 27 45 255 335 31 22 547 116 48 196 70 118 296 1305 32 47 24 188 93 636 101 148 233 625 19 90 772 25 40 18
internal_value=-0.000171871 -0.00619327 -0.0125281 -0.0015783 0.0146957 -0.0153013 -0.0103995 0.00061463 -0.0319197 0.0456877 0.0143561 0.0113301 -0.0209554 -0.0152681 0.012876 0.0141743 0.0448326 -0.021947 0.0297019 0.00759344 -0.0135984 0.0124926 0.0226108 -0.0362689 0.00681369 -0.0411607 0.0150298 0.0585819 0.0456533 0.0269398
internal_weight=1128.1 797.826 614.64 267.623 93.8495 47.634 173.773 114.855 58.9186 46.2154 330.274 300.718 347.017 253.423 48.4437 287.892 29.5567 204.979 85.3638 202.528 37.8043 164.724 73.692 93.5937 9.43528 84.1584 183.186 24.3809 18.5169 12.7719
internal_count=6523 4943 4150 1550 504 277 1046 663 383 227 1580 1446 2600 1821 328 1376 134 1493 373 1003 219 784 326 779 64 715 793 107 82 58
is_linear=0
shrinkage=0.05


Tree=25
num_leaves=31
num_cat=0
split_feature=2 0 2 1 1 2 2 1 1 2 1 2 2 2 2 2 1 2 2 2 0 2 2 2 5 2 2 2 1 0
split_gain=35.7512 39.0573 21.0352 16.7181 18.8216 24.2294 23.246 12.8752 16.7958 11.7113 11.984 19.7523 17.9223 12.1789 15.9057 14.7584 11.0759 10.5339 10.1872 15.1264 9.89518 14.3545 7.14165 28.2625 3.11623 3.03167 13.837 9.48227 10.4107 2.56538
threshold=28.650000000000002 60.500000000000007 19.350000000000005 46.150000000000013 59.750000000000007 27.950000000000003 25.850000000000005 46.150000000000013 52.350000000000001 60.95000000000001 48.250000000000007 52.350000000000001 50.20000000000001 40.400000000000006 42.550000000000004 31.650000000000002 45.350000000000001 13.250000000000002 46.750000000000007 45.350000000000001 65.500000000000014 25.550000000000004 16.850000000000005 16.150000000000002 0.51500000000000012 16.650000000000002 14.15 17.750000000000004 50.050000000000004 53.500000000000007
decision_type=2 2 2 2 2 2 2 2 2 2 2 2 2 2 2 2 2 2 2 2 2 2 2 2 2 2 2 2 2 2
left_child=1 24 7 20 6 -6 -5 22 -9 10 12 13 18 15 -15 -12 -14 -10 19 -2 21 -4 23 -3 25 26 29 -27 -29 -1
right_child=9 2 3 4 5 -7 -8 8 17 -11 11 -13 16 14 -16 -17 -18 -19 -20 -21 -22 -23 -24 -25 -26 27 -28 28 -30 -31
leaf_value=-0.0024326525200860142 -0.0037024763046475209 -0.0085363194738638567 -0.047944222930141611 0.019835461812002863 -0.035160846883480035 0.084354249276188051 -0.029906748385333234 -0.041229665738259647 0.013375599438087173 -0.063864106329937775 0.034378213868079183 -0.070023806247729484 0.073573696124965504 0.087780848446604692 0.028991433081479608 -0.0035084218414160734 -0.0065597485364487854 -0.023059107708152986 -0.06117339996181901 0.053711777549700891 0.044925788557121323 0.0058333524364573234 -0.047321295595377413 0.12424029354090814 0.024960449530717355 0.092751940756955975 -0.054612952022431618 -0.053933026114050264 0.036822169412051874 0.016120489310151531
leaf_weight=23.446048423647881 120.94448924064636 99.584559917449951 38.917395889759064 147.02520033717155 43.273608900606632 4.5847957730293265 27.789509452879429 112.83577282726765 27.351848073303699 4.6827481091022483 55.922456368803978 5.2561950087547293 13.939955189824106 16.280246824026108 40.834534168243408 47.06211593747139 6.0428220778703681 70.343827523291111 6.6652788519859305 12.566743329167364 4.5145601481199256 17.936881937086582 9.9853685945272428 4.0738018304109564 50.094024300575256 4.3528410494327572 8.3048026710748655 4.43228656053543 10.22818288207054 82.549292892217636
leaf_count=99 645 659 278 782 263 21 187 979 170 26 251 25 57 68 175 225 25 563 31 52 22 121 83 22 218 18 38 24 44 352
internal_value=-0.000172478 -0.00594161 -0.0120446 -0.00208976 0.00426147 -0.0234551 0.011887 -0.0207482 -0.0280751 0.0136411 0.0147907 0.0242364 0.00499821 0.027404 0.0459605 0.0170296 0.0491803 -0.0128041 -0.00129506 0.00170037 -0.0251856 -0.0309098 -0.00711809 -0.00315526 0.0142653 0.0101934 0.00704594 0.0287169 0.00886599 0.011971
internal_weight=1121.82 791.625 608.217 284.042 222.673 47.8584 174.815 324.175 210.531 330.198 325.515 165.356 160.159 160.099 57.1148 102.985 19.9828 97.6957 140.177 133.511 61.3688 56.8543 113.644 103.658 183.407 133.313 114.3 19.0133 14.6605 105.995
internal_count=6523 4943 4150 1674 1253 284 969 2476 1712 1580 1554 744 810 719 243 476 82 733 728 697 421 399 764 681 793 575 489 86 68 451
is_linear=0
shrinkage=0.05


Tree=26
num_leaves=31
num_cat=0
split_feature=2 0 2 1 3 1 2 0 3 2 2 1 1 2 3 3 1 1 1 3 2 2 0 3 2 0 3 3 3 3
split_gain=32.3858 35.5373 19.4482 15.3462 17.3623 17.1115 21.8381 21.7499 13.4986 12.3865 20.3352 10.9035 10.8441 10.8311 11.7594 11.335 9.49906 9.38316 8.94723 8.47227 8.22953 15.0159 8.04361 6.23371 5.87264 4.18777 4.14696 10.1429 9.30049 6.70299
threshold=28.650000000000002 60.500000000000007 19.350000000000005 46.150000000000013 0.016916570000000002 59.750000000000007 27.950000000000003 62.500000000000007 0.00019904500000000004 11.950000000000001 11.750000000000002 53.050000000000004 63.250000000000007 60.95000000000001 0.0014943250000000001 0.0012994950000000001 46.150000000000013 64.750000000000014 53.45000000000001 0.0021777800000000003 29.300000000000001 41.150000000000013 63.500000000000007 7.3105000000000012e-05 47.050000000000004 62.500000000000007 0.00068829000000000015 0.0013002900000000002 8.9260000000000009e-05 8.651000000000001e-05
decision_type=2 2 2 2 2 2 2 2 2 2 2 2 2 2 2 2 2 2 2 2 2 2 2 2 2 2 2 2 2 2
left_child=1 23 9 4 8 7 -7 -5 -4 10 12 16 -3 14 15 17 -11 22 -13 25 -21 -22 -2 -1 -19 -16 28 -28 29 -25
right_child=13 2 3 5 -6 6 -8 -9 -10 11 -12 18 -14 -15 19 -17 -18 24 -20 20 21 -23 -24 26 -26 -27 27 -29 -30 -31
leaf_value=0.070849209591774695 0.0015084356694409808 -0.014163956637613152 0.014888813476502253 -0.0058659698983758481 0.049506135544738886 -0.03409598640215894 0.078200180658256582 0.029312516182930806 -0.046869933861926227 -0.010011302811779983 0.093107735685252602 0.042055620547682929 0.07445866146981768 -0.062814610044330019 0.030560373159154636 -0.055829997852828377 -0.04340407217742092 0.023964892192161153 -0.017691722008101821 0.085703967847048285 -0.013340541375877219 0.034957755394236595 0.024101386309787969 0.006799808044044087 0.089493098602191179 0.079336263537559376 -0.036829284486228978 0.011778494566986838 0.028674999451351425 -0.05215652313977788
leaf_weight=4.5666088312864295 158.72218667715788 106.37618626654148 10.978653609752653 89.915163844823837 6.8959602564573279 42.418998263776302 4.7029547095298758 85.429617151618004 42.422406598925591 27.591178357601166 4.767147183418273 6.7517431601881972 3.4538322687149039 4.5285221040248862 8.3579725623130816 6.6224889755249015 101.05714356154203 10.217798069119452 69.267365984618664 4.5746335983276358 25.636321395635605 42.424652710556984 52.556398436427116 33.490259990096092 5.3823553770780554 10.945226639509199 13.222934529185293 54.844663485884666 71.719763562083244 5.5228934288024893
leaf_count=21 809 724 69 527 31 263 21 442 321 221 32 49 15 26 35 40 904 42 531 19 131 177 233 140 22 46 72 236 298 26
internal_value=-0.000173249 -0.00570009 -0.0115741 -0.00200381 -0.0243676 0.0040434 -0.0226406 0.0112518 -0.0340755 -0.0200312 -0.00680349 -0.0274064 -0.0112664 0.0129644 0.0140532 0.00805324 -0.0362945 0.00996377 -0.0122712 0.0292119 0.0212257 0.0166991 0.00716092 0.0135538 0.0473179 0.0587411 0.0120238 0.00222234 0.0179962 -0.00153051
internal_weight=1115.36 785.395 602.028 282.764 60.297 222.467 47.122 175.345 53.4011 319.265 114.597 204.667 109.83 329.969 325.44 233.501 128.648 226.879 76.0191 91.9388 72.6356 68.061 211.279 183.367 15.6002 19.3032 178.801 68.0676 110.733 39.0132
internal_count=6523 4943 4150 1674 421 1253 284 969 390 2476 771 1705 739 1580 1554 1146 1125 1106 580 408 327 308 1042 793 64 81 772 308 464 166
is_linear=0
shrinkage=0.05


Tree=27
num_leaves=31
num_cat=0
split_feature=2 0 2 1 3 1 2 2 3 1 1 3 2 3 3 2 1 3 1 3 3 3 3 2 1 3 0 3 3 3
split_gain=29.3791 32.3555 17.9523 14.1233 15.9322 15.5626 21.0554 19.7395 12.7542 11.8814 15.3514 12.4085 10.0316 10.7032 10.4905 9.09483 8.89895 20.1643 15.0337 8.59843 10.4201 7.77271 7.92882 26.9057 7.28573 5.86087 3.99979 3.7553 8.81614 8.80182
threshold=28.650000000000002 60.500000000000007 19.350000000000005 46.150000000000013 0.016916570000000002 59.750000000000007 25.850000000000005 27.950000000000003 0.00019904500000000004 46.150000000000013 52.350000000000001 0.0021777800000000003 60.95000000000001 0.0014943250000000001 0.0012994950000000001 13.250000000000002 45.150000000000013 0.00059795500000000006 45.550000000000004 0.0027416850000000002 0.00029936000000000003 0.0021777800000000003 0.0046802500000000012 41.150000000000013 45.750000000000007 7.3105000000000012e-05 62.500000000000007 0.00062874500000000011 0.0013002900000000002 0.00010381500000000001
decision_type=2 2 2 2 2 2 2 2 2 2 2 2 2 2 2 2 2 2 2 2 2 2 2 2 2 2 2 2 2 2
left_child=1 25 9 4 8 6 -5 -7 -4 19 11 -11 13 14 16 -12 17 -2 -18 20 -3 26 23 -23 -24 -1 -15 29 -29 -27
right_child=12 2 3 5 -6 7 -8 -9 -10 10 15 -13 -14 21 -16 -17 18 -19 -20 -21 -22 22 24 -25 -26 27 -28 28 -30 -31
leaf_value=0.06920784286339958 -0.038578960006131563 -0.022955039912119932 0.014037504145580613 0.018126549531921415 0.046813536342292468 -0.033055954639120762 -0.029396786633239698 0.072831563528695825 -0.045997946328055463 -0.048085369284998507 0.012199613221427881 -0.0048779888991092773 -0.061834582025268384 0.028921377876972507 -0.054782030463967728 -0.021728324490459815 0.10273540414533661 0.019064496897130224 0.012828685256769792 -0.044305207723495534 0.010862780584313747 -0.042777388213359378 0.021506135048631164 0.036624999261153431 0.076364728993992381 0.011861949632789403 0.076676667034301801 -0.033623286284240946 0.011162673300621885 0.055550626624148239
leaf_weight=4.4465827196836463 27.445693209767342 35.244648799300194 11.065984457731245 148.33847814053297 6.932721182703971 41.590451203286648 27.489058963954449 4.8018104881048194 41.100915990769863 85.569973334670067 27.465981692075729 20.972894012928009 4.3757424950599662 8.3947242796421069 6.4188184440135947 68.458569228649139 4.7109309285879126 33.576732859015465 161.36146809160709 12.986747585237024 63.889062352478504 16.739922359585762 17.081737950444225 28.932542160153389 9.7189558893442136 96.822697550058365 10.766594171524046 13.61023412644863 54.978774875402451 13.120595231652258
leaf_count=21 180 262 69 782 31 263 187 21 321 786 170 193 26 35 40 563 23 163 740 99 403 91 73 121 42 406 46 75 236 55
internal_value=-0.000169132 -0.0054683 -0.0111196 -0.00192116 -0.0236351 0.00383923 0.0106558 -0.0218555 -0.0331647 -0.0193261 -0.0265622 -0.0396395 0.012339 0.0133713 0.0076529 -0.0119591 0.00946297 -0.00680036 0.0154694 -0.00620252 -0.00112098 0.027865 0.020218 0.00738324 0.0417958 0.0129049 0.0562731 0.0114366 0.00216691 0.0171669
internal_weight=1108.41 778.886 595.907 281.319 59.0996 222.22 175.828 46.3923 52.1669 314.588 202.467 106.543 329.524 325.148 233.514 95.9246 227.095 61.0224 166.072 112.12 99.1337 91.6345 72.4732 45.6725 26.8007 182.979 19.1613 178.532 68.589 109.943
internal_count=6523 4943 4150 1674 421 1253 969 284 390 2476 1712 979 1580 1554 1146 733 1106 343 763 764 665 408 327 212 115 793 81 772 311 461
is_linear=0
shrinkage=0.05


Tree=28
num_leaves=31
num_cat=0
split_feature=4 2 0 4 4 4 1 4 2 1 1 4 2 4 4 2 4 4 4 4 2 2 2 0 2 2 4 2 2 2
split_gain=27.2714 23.1723 33.0176 24.5415 21.0586 19.4772 18.909 17.7423 16.6039 29.0698 23.1307 16.1685 10.4888 9.57083 38.6291 32.8346 25.0313 33.9414 13.7844 5.15874 9.20014 9.55544 6.78249 5.07384 4.93784 4.10628 7.46751 1.01314 6.03325 0.0181412
threshold=0.21275000000000002 21.150000000000002 60.500000000000007 0.016200000000000003 0.018850000000000002 0.013350000000000002 50.150000000000013 0.019050000000000001 26.950000000000003 58.95000000000001 42.750000000000007 0.020350000000000004 43.70000000000001 0.069450000000000026 0.077500000000000013 15.050000000000002 0.041600000000000005 0.030250000000000003 0.13900000000000004 0.0079500000000000022 16.650000000000002 14.15 17.750000000000004 62.500000000000007 29.950000000000003 33.650000000000013 0.015500000000000002 16.650000000000002 16.050000000000004 25.850000000000005
decision_type=2 2 2 2 2 2 2 2 2 2 2 2 2 2 2 2 2 2 2 2 2 2 2 2 2 2 2 2 2 2
left_child=1 2 19 5 6 8 12 -6 10 -10 -3 -9 -5 16 15 -15 17 -4 -16 20 21 -1 -21 -8 27 -7 -27 28 -2 -29
right_child=24 3 13 4 7 25 23 11 9 -11 -12 -13 -14 14 18 -17 -18 -19 -20 22 -22 -23 -24 -25 -26 26 -28 29 -30 -31
leaf_value=0.013770062178309121 -0.054260058620920537 0.066163495351248117 -0.018445190854848779 -0.042362251491172093 -0.062189329572649991 -0.061661147130798344 0.094931765036431054 0.04850437053302168 -0.0017836562680325055 0.06146043073132839 -0.033612870211707647 0.0097850136516927956 0.050353019443328664 0.00015661224685187779 -0.038129785803775205 0.19419745607801817 -0.057934442884462117 0.042726105099989642 0.026580889181395347 0.015255574131134281 0.0722040746229861 -0.048978002462049808 -0.064859542384625879 0.052169925696502265 0.011371634890128542 -0.061547577695705208 0.030958916839909086 -0.058912101048076641 0.041501695053405875 -0.042348555595667019
leaf_weight=153.71813897788525 7.7248718887567538 6.4667973071336737 251.7755942940712 7.1973098218440992 7.7761192172765723 16.447631746530536 12.35436223447323 30.045060336589813 83.270446620881557 23.089670091867447 48.954171128571033 264.92802027612925 5.130030483007431 4.29467625916004 24.044698901474476 4.4394041523337364 34.817020319402218 24.783622175455093 12.310855463147162 5.4120839983224851 6.391903042793273 6.1887971162796012 4.8736993074417114 19.241249576210976 3.4993196278810492 4.4998588711023313 3.988115593791008 17.797226451337341 1.9432509765028951 4.0265829339623442
leaf_count=661 86 38 1913 34 39 118 52 142 457 101 322 1327 21 32 169 34 272 158 88 24 27 28 27 82 17 27 21 149 19 38
internal_value=-0.000168197 0.00125424 -0.00611236 0.00862531 0.0164985 -0.00596691 0.048851 0.0117737 0.000353183 0.0119438 -0.0217822 0.0137609 -0.00328169 -0.0148756 0.00656098 0.100433 -0.0179969 -0.0129318 -0.0160673 0.0115478 0.0136949 0.0112812 -0.0224828 0.069295 -0.0435427 -0.0470087 -0.0176464 -0.0498196 -0.0342727 -0.0562912
internal_weight=1101.43 1066.44 533.05 533.389 346.672 186.717 43.923 302.749 161.781 106.36 55.421 294.973 12.3273 356.466 45.0896 8.73408 311.376 276.559 36.3556 176.585 166.299 159.907 10.2858 31.5956 34.9913 24.9356 8.48797 31.4919 9.66812 21.8238
internal_count=6523 6214 3433 2781 1697 1084 189 1508 918 558 360 1469 55 2666 323 66 2343 2071 257 767 716 689 51 134 309 166 48 292 105 187
is_linear=0
shrinkage=0.05


Tree=29
num_leaves=24
num_cat=0
split_feature=4 2 0 2 4 4 2 2 4 2 2 2 2 2 4 2 2 2 2 2 2 5 2
split_gain=25.7537 21.2613 23.2634 14.9047 18.3062 38.8171 26.6322 9.2807 11.4448 10.9798 17.491 12.721 8.06115 16.7337 9.48155 6.50816 8.94606 3.12456 15.2672 9.6907 5.77927 3.40371 0.692419
threshold=0.34225000000000005 28.650000000000002 60.500000000000007 19.950000000000003 0.016350000000000003 0.019150000000000004 20.350000000000005 60.95000000000001 0.097850000000000006 40.150000000000006 38.050000000000004 41.250000000000007 11.950000000000001 11.750000000000002 0.069450000000000026 37.650000000000013 53.45000000000001 16.650000000000002 14.15 17.750000000000004 19.050000000000004 0.47500000000000003 32.250000000000007
decision_type=2 2 2 2 2 2 2 2 2 2 2 2 2 2 2 2 2 2 2 2 2 2 2
left_child=1 2 17 12 6 -6 -5 8 9 10 -3 -11 13 -4 -14 22 -17 18 21 -19 -21 -1 -10
right_child=-2 7 3 4 5 -7 -8 -9 15 11 -12 -13 14 -15 -16 16 -18 19 -20 20 -22 -23 -24
leaf_value=-0.0042600837987641768 -0.05530980857861402 0.0075588984214345276 -0.009573125579017093 0.084172378396553144 0.060524126778848844 -0.0015582482618246099 -0.025110178134529454 -0.060986892372779822 0.081296376864391631 0.054440898400921783 -0.039999602813309929 0.013217701006033675 -0.02734665394862177 0.08233515287132806 0.00038949514994060102 -0.035204204221627004 0.047744305163545088 0.085199658335806297 -0.054758214691445012 -0.0354477065505397 0.030948503354560737 0.016228967552982934 0.05069730097391012
leaf_weight=23.518705874681473 20.678084462881088 149.48964768648148 106.79116562753916 5.8560429960489264 30.957880467176437 132.23742716759443 84.13223734498024 4.235261231660842 7.546339139342308 23.049060598015785 22.094395145773888 101.78063774853945 162.39341235905886 5.08654461801052 37.582031361758709 4.7434370070695868 9.5720631182193756 5.6810562163591412 8.6492086648941022 4.8577686548233023 9.4243663847446424 130.39502874016762 5.1222355365753174
leaf_count=99 199 748 739 24 133 745 589 26 32 103 113 470 1398 32 296 20 39 24 40 27 41 562 24
internal_value=-0.000170539 0.00089029 -0.00375942 -0.00877741 0.000216296 0.0102179 -0.0178575 0.0115127 0.0124962 0.00962805 0.00138607 0.0209068 -0.0160929 -0.00528005 -0.0221115 0.0436659 0.0198589 0.0117434 0.00939422 0.0304821 0.00792812 0.013065 0.0698099
internal_weight=1095.87 1075.2 747.563 565.037 253.184 163.195 89.9883 327.633 323.398 296.414 171.584 124.83 311.853 111.878 199.975 26.9841 14.3155 182.526 162.563 19.9632 14.2821 153.914 12.6686
internal_count=6523 6324 4749 3956 1491 878 613 1575 1549 1434 861 573 2465 771 1694 115 59 793 701 92 68 661 56
is_linear=0
shrinkage=0.05


Tree=30
num_leaves=19
num_cat=0
split_feature=3 3 2 0 2 3 2 3 3 0 3 2 3 0 3 0 2 3
split_gain=22.8286 22.0104 20.9237 17.7436 16.3993 13.0531 12.5911 14.6817 12.9231 11.7157 9.87166 13.3398 9.37429 7.8101 4.69669 2.73535 0.79064 0.359511
threshold=0.019400000000000004 0.016250000000000004 40.150000000000006 60.500000000000007 19.350000000000005 0.0024151650000000004 41.250000000000007 0.00029936000000000003 0.00048096000000000006 63.500000000000007 0.00068829000000000015 16.650000000000002 0.0013002900000000002 61.500000000000007 0.00019904500000000004 59.500000000000007 40.750000000000007 0.025800000000000003
decision_type=2 2 2 2 2 2 2 2 2 2 2 2 2 2 2 2 2 2
left_child=1 2 3 10 5 -5 13 14 -9 -6 11 -1 -12 15 -8 -4 -15 -2
right_child=17 -3 6 4 9 -7 7 8 -10 -11 12 -13 -14 16 -16 -17 -18 -19
leaf_value=0.013535535287536643 -0.027801495564971065 0.070282588072111865 0.041423147607981686 -0.019582784352097274 -0.0053976796552573899 0.012369913383595917 -0.0076561379664243636 0.062727147968181809 0.01152970630443516 0.012761189049300369 -0.03245639659073634 0.066128652401142574 0.0072150690796857278 0.094835919819202613 -0.058302467278104175 -0.010146552754059641 0.062772501001545966 -0.057855330390761142
leaf_weight=105.20405392348766 2.0842796266078976 11.17328794300556 5.3365275114774722 252.99538814276457 309.18252920359373 36.313597962260246 11.705581247806551 14.405338749289511 85.889436110854149 124.50155524164438 20.262507423758507 13.624089702963827 55.024240419268608 5.3733711093664152 7.7583023309707633 4.5882357209920883 7.7974909842014313 16.525649309158325
leaf_count=446 24 57 24 2057 1795 272 55 64 374 653 112 58 236 23 59 21 35 158
internal_value=-0.000165682 0.000786046 4.21905e-05 -0.0027262 -0.00633421 -0.015552 0.0178394 0.0112446 0.0189882 -0.000171385 0.0106827 0.0196581 -0.00342459 0.0516238 -0.0282942 0.0172202 0.0768464 -0.0549232
internal_weight=1089.75 1071.14 1059.96 917.108 722.993 289.309 142.854 119.759 100.295 433.684 194.115 118.828 75.2867 23.0956 19.4639 9.92476 13.1709 18.6099
internal_count=6523 6341 6284 5629 4777 2329 655 552 438 2448 852 504 348 103 114 45 58 182
is_linear=0
shrinkage=0.05


Tree=31
num_leaves=30
num_cat=0
split_feature=4 2 0 4 4 4 4 2 2 2 2 4 4 4 4 4 2 4 4 4 2 2 2 2 2 4 2 2 2
split_gain=23.6044 17.7372 25.0005 20.1497 18.2703 17.7799 16.3809 14.286 14.1539 13.9792 16.1234 13.5069 7.84249 33.0497 24.5439 30.3875 23.9609 12.4326 7.36255 4.45884 7.66227 7.9275 6.04805 4.3398 3.85023 6.95084 1.01796 5.92721 0.0544097
threshold=0.21275000000000002 21.150000000000002 60.500000000000007 0.016200000000000003 0.013350000000000002 0.018850000000000002 0.019050000000000001 25.250000000000004 21.650000000000002 26.950000000000003 21.450000000000003 0.0073500000000000015 0.069450000000000026 0.077500000000000013 0.041600000000000005 0.030250000000000003 15.050000000000002 0.13900000000000004 0.017950000000000004 0.0079500000000000022 16.650000000000002 14.15 17.750000000000004 29.950000000000003 33.650000000000013 0.015500000000000002 16.650000000000002 16.050000000000004 25.850000000000005
decision_type=2 2 2 2 2 2 2 2 2 2 2 2 2 2 2 2 2 2 2 2 2 2 2 2 2 2 2 2 2
left_child=1 2 19 4 9 7 -7 -5 -8 10 -3 -11 14 16 15 -4 -14 -15 -9 20 21 -1 -21 26 -6 -26 27 -2 -28
right_child=23 3 12 5 24 6 8 18 -10 11 -12 -13 13 17 -16 -17 -18 -19 -20 22 -22 -23 -24 -25 25 -27 28 -29 -30
leaf_value=0.011975967870943917 -0.053619894492856812 0.07203295506185324 -0.016533169347349729 0.07885657993749394 -0.060964133273836998 -0.061345494941399251 0.067616645347796198 -0.018442193544767005 0.010058497772668804 0.029749680785184241 -0.028426875361276849 -0.0059096764428711391 0.00062477244722425329 -0.037077739883015 -0.057054323535662844 0.041185944808289111 0.16221500653966392 0.02417247960778075 0.038527927391861144 0.013142015528981227 0.06664868994178684 -0.046046696744938595 -0.063579636100432296 0.0098157901976662978 -0.061129932317154995 0.027984917133261119 -0.057920060559013525 0.042567631492560098 -0.039921968627949563
leaf_weight=153.93940751254559 7.0957380533218402 4.2235158532857886 243.24336211383343 17.876189649105072 15.678488552570345 7.6412154138088217 11.042840436100958 8.1461962908506411 283.94380981475115 50.101927369832993 49.672502495348454 55.932176128029823 4.2516810819506627 23.452942356467247 32.622024036943913 25.024845913052559 5.0490691810846329 12.597288750112055 17.559202328324318 5.3758760094642621 6.0868050456047049 5.9924684911966315 4.6350619941949844 3.4110565260052672 4.4147458076477033 4.0762932598590851 16.414247632026676 1.9211047887802122 3.630054458975791
leaf_count=661 86 20 1913 76 118 39 53 38 1416 248 340 310 32 169 272 158 34 88 75 24 27 28 27 17 27 21 149 19 38
internal_value=-0.00015916 0.00113334 -0.00540092 0.00757778 -0.00576612 0.0146876 0.0103578 0.0445459 0.0122523 0.000336925 -0.020343 0.0109047 -0.013206 0.0060859 -0.0161314 -0.011117 0.089671 -0.0155287 0.0202785 0.00992159 0.0118986 0.00974326 -0.0221631 -0.0420836 -0.046191 -0.0179388 -0.0483595 -0.0323359 -0.0551231
internal_weight=1085.05 1052.58 522.271 530.309 184.1 346.209 302.628 43.5816 294.987 159.93 53.896 106.034 346.241 45.351 300.89 268.268 9.30075 36.0502 25.7054 176.03 166.019 159.932 10.0109 32.4722 24.1695 8.49104 29.0611 9.01684 20.0443
internal_count=6523 6214 3433 2781 1084 1697 1508 189 1469 918 360 558 2666 323 2343 2071 66 257 113 767 716 689 51 309 166 48 292 105 187
is_linear=0
shrinkage=0.05


Tree=32
num_leaves=16
num_cat=0
split_feature=4 3 2 4 4 2 2 4 5 1 4 5 3 1 2
split_gain=22.2635 18.2463 17.9068 15.886 22.6244 18.4054 11.544 14.3235 11.7138 9.37778 9.2479 7.0837 5.51431 2.70023 0.663007
threshold=0.35345000000000004 0.016250000000000004 40.150000000000006 0.0041000000000000003 0.0050500000000000015 19.050000000000004 41.250000000000007 0.0062500000000000012 0.6150000000000001 43.250000000000007 0.0039500000000000013 0.55500000000000016 6.544000000000001e-05 49.45000000000001 40.750000000000007
decision_type=2 2 2 2 2 2 2 2 2 2 2 2 2 2 2
left_child=1 2 3 10 -5 -6 11 -8 -9 -3 12 13 -1 -4 -13
right_child=-2 9 6 4 5 -7 7 8 -10 -11 -12 14 -14 -15 -16
leaf_value=-0.057312457591783529 -0.056306135412786257 -0.0026920963027942243 0.038556324759771228 -0.05992180323327069 -0.016934508885192687 0.00097348648345551832 -0.062441036158433029 0.010334434540510674 0.079844407567543865 0.091475735199607486 0.065610849044860975 0.090116909496117628 0.0077329110183139739 -0.013132373989264853 0.05992473614497127
leaf_weight=3.1899359822273246 17.274384960532188 3.7180846482515326 5.7334088683128375 19.160781390964985 213.32401143759489 436.3584601059556 6.2985987812280646 106.86569396406412 6.36315594613552 8.2215628772973997 6.8092553764581671 5.3195051997899991 229.0566171258688 4.1996242702007294 7.6987494975328445
leaf_count=22 190 21 25 159 1786 2466 40 485 27 36 31 23 1157 20 35
internal_value=-0.000160131 0.000753369 4.70735e-05 -0.00253488 -0.00649305 -0.00490063 0.016525 0.0102146 0.0143518 0.0619572 0.00851669 0.0489854 0.0067937 0.0162912 0.0732359
internal_weight=1079.59 1062.32 1050.38 907.899 668.843 649.682 142.479 119.527 113.229 11.9396 239.056 22.9513 232.247 9.93303 13.0183
internal_count=6523 6333 6276 5621 4411 4252 655 552 512 57 1210 103 1179 45 58
is_linear=0
shrinkage=0.05


Tree=33
num_leaves=15
num_cat=0
split_feature=4 3 2 4 4 2 2 4 4 1 4 3 4 1
split_gain=21.0288 16.5899 16.2268 14.373 21.4756 16.8428 10.5601 13.2863 8.91597 8.60641 8.36279 4.15573 2.66447 7.80805
threshold=0.35345000000000004 0.016250000000000004 40.150000000000006 0.0041000000000000003 0.0050500000000000015 19.050000000000004 41.250000000000007 0.0062500000000000012 0.0073500000000000015 43.250000000000007 0.0039500000000000013 0.0071393500000000009 0.010500000000000001 50.650000000000013
decision_type=2 2 2 2 2 2 2 2 2 2 2 2 2 2
left_child=1 2 3 10 -5 -6 12 -8 -9 -3 11 -1 -4 -14
right_child=-2 9 6 4 5 -7 7 8 -10 -11 -12 -13 13 -15
leaf_value=0.0045769523429875624 -0.055928778265872503 -0.0025631843158106403 0.078933703661118571 -0.059337788883371378 -0.016267359125177832 0.00092446284530070587 -0.061576190188092794 0.054600442046238887 0.0087596623491327397 0.087746594199599903 0.06237680368515424 0.030828978997933118 -0.004882512587437441 0.062858201306889946
leaf_weight=216.36171358823776 16.540624842047691 3.7149382084608069 5.2556954473257091 18.402095563709736 211.03290276229382 436.52436138689518 6.0747917294502249 11.836703956127165 101.42272445559502 8.148457005620001 6.8093193471431723 16.218394413590431 6.7437949329614666 10.79398901760578
leaf_count=1109 190 21 23 159 1786 2466 40 49 463 36 31 70 31 49
internal_value=-0.000154058 0.000717291 4.38449e-05 -0.0024176 -0.00619885 -0.00467212 0.015749 0.00971944 0.0136385 0.0592637 0.00807884 0.00644152 0.0469176 0.0366464
internal_weight=1075.88 1059.34 1047.48 905.349 665.959 647.557 142.128 119.334 113.259 11.8634 239.389 232.58 22.7935 17.5378
internal_count=6523 6333 6276 5621 4411 4252 655 552 512 57 1210 1179 103 80
is_linear=0
shrinkage=0.05


Tree=34
num_leaves=31
num_cat=0
split_feature=2 0 2 1 1 2 2 1 1 2 2 1 2 2 2 2 1 1 1 0 2 2 1 0 0 2 2 2 1 5
split_gain=16.4187 18.4603 10.0406 12.8087 14.1524 18.4549 17.0397 10.4197 16.2359 10.0105 17.215 8.63474 8.37539 8.19376 15.443 20.6162 13.2405 12.25 8.00357 8.752 7.42483 26.0165 5.09492 10.6355 4.70314 2.79226 12.457 9.08962 7.46179 3.12668
threshold=28.650000000000002 60.500000000000007 19.350000000000005 46.150000000000013 59.750000000000007 25.850000000000005 27.950000000000003 46.150000000000013 52.350000000000001 29.650000000000002 29.950000000000003 50.350000000000001 13.250000000000002 31.650000000000002 33.150000000000013 33.95000000000001 58.45000000000001 46.050000000000004 43.95000000000001 65.500000000000014 16.850000000000005 16.150000000000002 55.45000000000001 61.500000000000007 61.500000000000007 16.650000000000002 14.15 17.750000000000004 50.750000000000007 0.47500000000000003
decision_type=2 2 2 2 2 2 2 2 2 2 2 2 2 2 2 2 2 2 2 2 2 2 2 2 2 2 2 2 2 2
left_child=1 25 7 18 5 -5 -6 20 -9 11 -11 -2 -10 16 17 -16 24 -15 19 -4 21 -3 -13 -24 -12 26 29 -27 -29 -1
right_child=9 2 3 4 6 -7 -8 8 12 10 13 22 -14 14 15 -17 -18 -19 -20 -21 -22 -23 23 -25 -26 27 -28 28 -30 -31
leaf_value=-0.0059306736224757706 -0.0081713441745961766 -0.0041106020238720507 -0.015179915765737692 0.017309389968819654 -0.031864055407374914 -0.028033753291829458 0.066003815845463568 -0.036723271376637244 0.01642206432542927 -0.050902491555930268 0.019332991378216823 0.088550775443676816 -0.017006292451971373 0.022276871258430586 0.060139919392549396 0.0049561119098457526 -0.04648602998320011 -0.059295407959705851 -0.042725460743795372 0.06726860438839101 -0.045603702491107213 0.12317791198456372 0.077131926184463906 -0.0075346141225460786 0.058229640032781728 0.081274171387499997 -0.051766342177811411 -0.022569080081479939 0.05258878593458232 0.013681171043258373
leaf_weight=23.617783486843109 7.5581646561622646 93.52392079308629 25.607857026159767 144.87184505909681 40.422229327261448 26.387174516916275 4.8739310055971137 95.348209928721189 26.597548201680183 12.421236976981161 14.166309475898741 7.0245940983295467 62.100349336862564 6.4317375272512463 18.365855991840363 207.71000985056162 4.7251060307025901 15.098495244979857 26.920553676784039 3.5705915093421927 9.1220413595437986 4.0932540446519843 7.3717028349637967 7.140898197889328 18.977124720811844 5.5204059928655651 8.3126904219388944 8.6580101326107961 5.1776918768882743 130.62193228304386
leaf_count=99 37 659 192 782 263 187 21 979 170 70 68 30 563 33 89 1004 21 78 213 16 83 22 32 35 83 24 40 46 22 562
internal_value=-0.000147798 -0.00425025 -0.00872572 -0.00181063 0.00368759 0.0102816 -0.021101 -0.0151896 -0.0223982 0.00918653 0.0064255 0.0371655 -0.00691873 0.00895435 0.00561056 0.00948583 0.0306139 -0.0347058 -0.0230928 -0.00472455 -0.002704 0.00129625 0.0532711 0.0353633 0.0418628 0.00958171 0.00739167 0.0275842 0.00537376 0.0106438
internal_weight=1072.34 745.348 563.44 272.654 216.555 171.259 45.2962 290.785 184.046 326.991 297.896 29.0954 88.6979 285.475 247.606 226.076 37.8685 21.5302 56.099 29.1784 106.739 97.6172 21.5372 14.5126 33.1434 181.909 162.552 19.3561 13.8357 154.24
internal_count=6523 4943 4150 1674 1253 969 284 2476 1712 1580 1446 134 733 1376 1204 1093 172 111 421 208 764 681 97 67 151 793 701 92 68 661
is_linear=0
shrinkage=0.05


Tree=35
num_leaves=20
num_cat=0
split_feature=4 4 2 0 2 1 1 0 2 1 1 2 1 2 1 1 2 2 4
split_gain=19.4841 14.9965 14.1347 13.9922 13.8429 27.9025 11.8306 10.0828 12.709 22.9852 11.1083 3.97802 3.07833 5.44403 4.44391 1.16738 6.10667 0.157911 0.126249
threshold=0.21275000000000002 0.19510000000000002 40.150000000000006 60.500000000000007 19.350000000000005 45.250000000000007 46.150000000000013 67.500000000000014 45.95000000000001 46.150000000000013 45.350000000000001 29.950000000000003 51.150000000000013 17.450000000000003 49.45000000000001 52.95000000000001 16.650000000000002 25.850000000000005 0.19675000000000004
decision_type=2 2 2 2 2 2 2 2 2 2 2 2 2 2 2 2 2 2 2
left_child=1 2 3 12 6 -6 -5 8 9 -4 -10 15 14 -14 -1 17 -17 -2 -3
right_child=11 18 7 4 5 -7 -8 -9 10 -11 -12 -13 13 -15 -16 16 -18 -19 -20
leaf_value=0.010289539528183412 -0.056014650754555521 0.078475997777185613 -0.011656458289372834 -0.00065997673029699697 -0.026610407199357224 0.0065333182840855769 -0.02226151362506254 0.077026858926941805 0.030992869450763336 0.042348882029686924 -0.022844179016982723 0.0095998968965891589 -0.013657576236753064 0.051799716236835894 -0.019475418262914039 0.048502148148755038 -0.055361883015407232 -0.03355311428966451 0.053315129564260766
leaf_weight=167.68108367174864 16.632885966449987 3.9202197939157468 29.91909271478653 102.6761727258563 77.770026348531246 343.92036612331867 167.6300415545702 6.2174355685710898 12.974576622247694 56.706392139196396 35.395798027515411 3.3645628988742819 4.3718228191137305 10.283052831888197 13.355131283402441 1.8176952004432667 5.0440123453736305 2.6916554495692244 4.7815930545330048
leaf_count=730 185 17 162 718 547 1840 1551 27 54 244 163 17 21 46 67 20 55 32 27
internal_value=-0.00014728 0.000989956 0.000429083 -0.00190384 -0.00524683 0.00040409 -0.0140779 0.0151205 0.0121774 0.0236467 -0.00826595 -0.0401158 0.00988866 0.0319735 0.00805662 -0.046706 -0.0268282 -0.0533323 0.0659811
internal_weight=1067.15 1037.6 1028.9 887.688 691.997 421.69 270.306 141.213 134.996 86.6255 48.3704 29.5508 195.691 14.6549 181.036 26.1862 6.86171 19.3245 8.70181
internal_count=6523 6214 6170 5520 4656 2387 2269 650 623 406 217 309 864 67 797 292 75 217 44
is_linear=0
shrinkage=0.05


Tree=36
num_leaves=22
num_cat=0
split_feature=4 2 2 4 2 4 4 1 1 4 4 4 4 4 4 2 1 1 0 2 0
split_gain=18.7135 12.2004 37.424 14.7318 15.7761 14.008 59.861 45.5676 22.5564 21.2569 17.3136 34.525 16.3302 14.6562 11.3147 9.74575 8.25408 7.63788 7.4955 6.62407 5.7846
threshold=0.35345000000000004 25.750000000000004 25.850000000000005 0.097850000000000006 28.650000000000002 0.038350000000000002 0.030250000000000003 49.95000000000001 71.250000000000014 0.019150000000000004 0.069450000000000026 0.077500000000000013 0.031950000000000006 0.019050000000000001 0.0073500000000000015 37.650000000000013 45.150000000000013 45.45000000000001 65.500000000000014 27.550000000000004 61.500000000000007
decision_type=2 2 2 2 2 2 2 2 2 2 2 2 2 2 2 2 2 2 2 2 2
left_child=1 5 -3 4 14 6 9 -8 10 13 18 -12 -9 -1 -4 19 -6 -17 -7 -5 -11
right_child=-2 2 3 15 16 8 7 12 -10 20 11 -13 -14 -15 -16 17 -18 -19 -20 -21 -22
leaf_value=-0.0016303673947404729 -0.055276372639622644 0.11353733914639699 0.030947726555923767 0.018956878527986418 -0.0083561059901765388 -0.04857555365587031 -0.058223507175527184 0.20708357475945705 0.11702961069730507 -0.018341630970952785 0.080631163977179343 -0.018831095998261198 0.088540595058814786 0.061898090022823427 -0.033811292100355321 0.026796557519726177 0.011153847652520756 -0.047350725930949841 0.027465222000135001 0.075658462718828645 -0.056017027999423964
leaf_weight=444.82641518115997 15.073300082236527 8.068354055285452 7.8384230360388747 8.4860447347164172 71.001849494874477 48.445543929934502 4.7184573858976391 3.7966964617371586 2.9166291356086722 20.901495523750782 9.8695737123489362 69.398374252021313 14.56231616437435 9.1669607907533628 42.924374528229237 11.49205704033375 225.32985889911652 4.8429976999759665 3.3238098025321952 14.566355183720587 21.098948143422604
leaf_count=2848 190 34 50 43 410 373 35 24 16 172 69 489 75 41 295 48 1037 24 26 67 157
internal_value=-0.000142943 0.000650786 0.00759565 0.00534224 0.00203414 -0.00353809 0.000173574 0.0787232 -0.0179475 -0.00348622 -0.0210769 -0.00629816 0.114316 -0.000323251 -0.0236722 0.0342886 0.0064611 0.00435488 -0.0435535 0.0551735 -0.0374748
internal_weight=1062.65 1047.58 394.55 386.482 347.095 653.025 519.071 23.0775 133.954 495.994 131.037 79.2679 18.359 453.993 50.7628 39.3875 296.332 16.3351 51.7694 23.0524 42.0004
internal_count=6523 6333 2008 1974 1792 4325 3352 134 973 3218 957 558 99 2889 345 182 1447 72 399 110 329
is_linear=0
shrinkage=0.05


Tree=37
num_leaves=15
num_cat=0
split_feature=4 3 2 2 4 0 3 0 2 3 3 4 2 0
split_gain=17.6878 13.7439 12.4116 12.9219 12.441 10.9091 12.3509 9.49968 12.3511 16.4392 6.82967 3.81667 3.25127 0.268058
threshold=0.35345000000000004 0.016250000000000004 40.150000000000006 38.050000000000004 0.052300000000000006 60.500000000000007 0.00029936000000000003 67.500000000000014 45.95000000000001 0.00029936000000000003 0.00062874500000000011 0.14355000000000004 47.050000000000004 65.500000000000014
decision_type=2 2 2 2 2 2 2 2 2 2 2 2 2 2
left_child=1 2 3 5 13 10 -7 8 9 -4 -1 -3 -10 -5
right_child=-2 11 7 4 -6 6 -8 -9 12 -11 -12 -13 -14 -15
leaf_value=0.016862561129955999 -0.054948370397916349 0.017319207364885202 -0.021326282451226877 -0.065296496693750636 0.029852267751275165 -0.015311157046575381 -8.5011371008358004e-05 0.074608419451582156 -0.039083486032190209 0.033182010542177634 -0.002563520510452548 0.07798238771637539 -0.0033693483927276242 -0.044371655310369879
leaf_weight=116.98243416845798 14.42217507958412 4.5984089970588666 17.086786106228828 12.151229515671735 4.8500799089670172 182.11277834326029 497.4964727461338 6.0672238171100608 7.5364907979965201 69.263967290520668 73.044526919722557 6.9521623402833939 41.383948713541031 5.1772893071174613
leaf_count=501 190 25 100 68 23 1407 3262 27 32 306 336 32 190 24
internal_value=-0.000142931 0.000614062 2.48699e-07 -0.00217705 -0.039785 -0.00120771 -0.00417412 0.0137657 0.0109467 0.0223261 0.00937164 0.0546168 -0.00904183 -0.0596221
internal_weight=1059.13 1044.7 1033.15 891.815 22.1786 869.636 679.609 141.338 135.271 86.3508 190.027 11.5506 48.9204 17.3285
internal_count=6523 6333 6276 5621 115 5506 4669 655 628 406 837 57 222 92
is_linear=0
shrinkage=0.05


Tree=38
num_leaves=14
num_cat=0
split_feature=4 3 2 2 4 3 3 5 2 3 4 2 5
split_gain=16.7255 12.5633 11.2275 11.9569 11.6388 9.63936 15.6669 8.88878 11.1656 14.8362 3.61249 2.95633 0.295096
threshold=0.35345000000000004 0.016250000000000004 40.150000000000006 38.050000000000004 0.052300000000000006 6.544000000000001e-05 7.3105000000000012e-05 0.6150000000000001 45.95000000000001 0.00029936000000000003 0.14355000000000004 47.050000000000004 0.59500000000000008
decision_type=2 2 2 2 2 2 2 2 2 2 2 2 2
left_child=1 2 3 5 12 -1 -7 8 9 -4 -3 -10 -5
right_child=-2 10 7 4 -6 6 -8 -9 11 -11 -12 -13 -14
leaf_value=-0.058326835582904503 -0.054634838380761067 0.01639854663222114 -0.020430646541525772 -0.06426918441464248 0.02816595274306273 0.080787099532975859 -0.0012231554963348121 0.072693972817012092 -0.037337907808703996 0.031505055585420744 0.075561759022459388 -0.0032030651704216175 -0.04286106707227319
leaf_weight=7.2114391624927512 13.796096447855232 4.6188223361968976 16.951939910650253 11.740211062133318 4.8884004056453696 5.7624977529048911 854.9518967717886 5.9219704717397681 7.4999960064887992 69.307277426123619 6.822618156671524 41.361510783433914 5.097349449992179
leaf_count=58 190 25 100 68 23 31 5417 27 32 306 32 190 24
internal_value=-0.000138423 0.000583392 0 -0.00207577 -0.0386339 -0.00115054 -0.000658966 0.0131037 0.0104032 0.0212287 0.0524603 -0.00861027 -0.0583747
internal_weight=1055.93 1042.14 1030.69 889.652 21.726 867.926 860.714 141.043 135.121 86.2592 11.4414 48.8615 16.8376
internal_count=6523 6333 6276 5621 115 5506 5448 655 628 406 57 222 92
is_linear=0
shrinkage=0.05


Tree=39
num_leaves=20
num_cat=0
split_feature=4 3 4 4 3 4 3 1 3 5 1 1 5 1 3 4 1 3 5
split_gain=16.0176 15.2165 10.5273 26.71 11.9124 20.9906 19.6381 10.4242 9.01567 9.84373 18.1328 9.06365 7.35173 6.74416 6.00782 5.77656 3.13445 3.9254 1.90018
threshold=0.21275000000000002 0.006997080000000001 0.077500000000000013 0.072750000000000009 0.0015787650000000002 0.041600000000000005 0.0024387700000000003 60.250000000000007 0.0075250400000000011 0.55500000000000016 50.750000000000007 49.150000000000013 0.58500000000000008 49.750000000000007 0.0070079450000000007 0.093500000000000014 41.150000000000013 0.0085667550000000006 0.57500000000000007
decision_type=2 2 2 2 2 2 2 2 2 2 2 2 2 2 2 2 2 2 2
left_child=1 2 3 4 5 -1 -6 12 14 10 11 -10 13 -4 -3 -14 -2 -18 -11
right_child=16 8 7 -5 6 -7 -8 -9 9 18 -12 -13 15 -15 -16 -17 17 -19 -20
leaf_value=-0.0001878496846152013 0.014193975544669982 0.032619461654230276 -0.010440651164852308 0.12060004504873463 0.032803753535477119 -0.038584755406171456 -0.0060105205306580853 0.043642212545433941 0.026737113603231583 -0.0501878809379986 0.10186442647487476 -0.043256205443019752 0.068751577698045352 -0.044563758527571162 0.10119726128204476 -0.011019859187818842 0.00057505005672623527 -0.052699991099080662 -0.0066558877581858675
leaf_weight=723.71669235825539 2.3876490890979793 8.2928037196397764 25.436568841338158 4.5388270467519751 68.118766725063324 37.350352168083191 61.995317593216896 6.0852390825748435 17.501477479934699 4.6689711660146695 6.5795943439006797 6.1451613754034033 3.312634125351904 35.21054295450449 5.6198106855154029 6.4894407317042351 3.9409190639853504 20.228784929960966 6.0195358842611313
leaf_count=4475 15 35 155 28 398 283 293 30 77 29 30 33 17 233 25 43 31 263 30
internal_value=-0.000133298 0.000854992 -0.000586385 0.00092995 0.000301392 -0.00208362 0.0142811 -0.0183761 0.0264605 0.0144048 0.0290469 0.00823151 -0.0238582 -0.0303749 0.0612018 0.0158562 -0.0384019 -0.0438408 -0.026424
internal_weight=1053.64 1027.08 972.254 895.72 891.181 761.067 130.114 76.5344 54.8274 40.9147 30.2262 23.6466 70.4492 60.6471 13.9126 9.80207 26.5574 24.1697 10.6885
internal_count=6523 6214 5955 5477 5449 4758 691 478 259 199 140 110 448 388 60 60 309 294 59
is_linear=0
shrinkage=0.05


Tree=40
num_leaves=17
num_cat=0
split_feature=3 3 2 2 2 2 2 2 2 0 3 3 3 3 3 3
split_gain=14.9157 10.9627 15.1206 10.696 11.4428 10.5748 9.1676 9.01871 14.6807 6.68706 4.15286 25.2187 9.68247 3.04424 3.49288 0.0526102
threshold=0.025800000000000003 0.016250000000000004 23.350000000000005 28.650000000000002 1.0000000180025095e-35 11.15 11.950000000000001 29.650000000000002 29.950000000000003 67.500000000000014 0.00036877000000000009 0.00034518500000000008 0.0015787650000000002 0.0016859400000000001 0.00069947500000000007 0.00069947500000000007
decision_type=2 2 2 2 2 2 2 2 2 2 2 2 2 2 2 2
left_child=1 3 -3 4 10 -6 -7 13 15 -10 11 -1 -12 14 -5 -9
right_child=-2 2 -4 7 5 6 -8 8 9 -11 12 -13 -14 -15 -16 -17
leaf_value=0.0068759852888339735 -0.055469743661507746 -0.051200602894392488 0.081227361778251322 0.037550307889947648 -0.051791635717853696 0.031873582144069754 -0.007892042921185 -0.039940724663781915 0.0056259910447800454 0.045436455873984129 -0.020350168472191791 0.11571686346452137 0.011195697941479624 0.060745760383484317 -0.0056932293780265113 -0.056765788856176849
leaf_weight=124.37187965214252 11.938328415155409 2.7299226745963088 8.6989678740501386 14.152369990944868 13.262984372675417 14.834367804229258 449.93772233650088 5.9416785538196546 268.96026840060949 10.931459829211233 41.655201077461243 5.4716435223817816 58.057474210858345 7.9888668060302725 6.6338587552309027 5.9727556258440018
leaf_count=622 158 41 40 65 138 105 3308 33 1312 50 248 32 265 38 31 37
internal_value=-0.000129904 0.000506059 0.048992 -3.2747e-05 -0.00347017 -0.00788019 -0.00660548 0.0075375 0.00487803 0.00721436 0.00569106 0.0115866 -0.00193975 0.0342235 0.0235487 -0.0491936
internal_weight=1051.54 1039.6 11.4289 1028.17 707.591 478.035 464.772 320.581 291.806 279.892 229.556 129.844 99.7127 28.7751 20.7862 11.9144
internal_count=6523 6365 81 6284 4718 3551 3413 1566 1432 1362 1167 654 513 134 96 70
is_linear=0
shrinkage=0.05


Tree=41
num_leaves=31
num_cat=0
split_feature=2 0 2 1 1 0 2 1 1 2 2 0 2 2 2 2 1 1 1 2 2 2 1 0 1 2 2 2 1 5
split_gain=10.3918 12.4144 8.18087 11.4402 12.8468 16.9516 15.9881 8.35031 15.1574 8.05946 13.6575 7.57072 8.70188 7.44733 13.4796 19.2778 11.6228 11.5335 7.41723 7.18267 6.82689 22.5061 4.97691 9.6364 4.28971 2.8881 10.877 8.62399 5.50716 2.83551
threshold=28.650000000000002 60.500000000000007 19.350000000000005 46.150000000000013 59.750000000000007 62.500000000000007 27.950000000000003 46.150000000000013 52.350000000000001 29.650000000000002 29.950000000000003 65.500000000000014 25.550000000000004 31.650000000000002 33.150000000000013 33.95000000000001 46.050000000000004 58.45000000000001 50.350000000000001 13.250000000000002 16.850000000000005 16.150000000000002 55.45000000000001 61.500000000000007 50.650000000000013 16.650000000000002 14.15 17.750000000000004 50.750000000000007 0.47500000000000003
decision_type=2 2 2 2 2 2 2 2 2 2 2 2 2 2 2 2 2 2 2 2 2 2 2 2 2 2 2 2 2 2
left_child=1 25 7 11 5 -5 -6 20 -9 18 -11 12 -4 17 16 -16 -15 24 -2 -10 21 -3 -20 -24 -12 26 29 -27 -29 -1
right_child=9 2 3 4 6 -7 -8 8 19 10 13 -13 -14 14 15 -17 -18 -19 22 -21 -22 -23 23 -25 -26 27 -28 28 -30 -31
leaf_value=-0.0070707404475594555 -0.0093111550484932214 -0.0034968978643330631 -0.042767425364064353 -0.0049891778607348567 -0.030473594925339111 0.026610294560931915 0.064506465369148711 -0.034533920884415148 0.016677080969252366 -0.048010769388511926 0.021262083154450641 0.038480153909996317 0.0021806883043913104 0.021192863379302682 0.05598049929283188 0.0029980120827406784 -0.058437465181497839 -0.044844940046643869 0.082979338560934243 -0.014617309588418207 -0.044527607463484907 0.11224604454473781 0.070370056639318654 -0.010764740224343743 0.058218516813091863 0.07923534809732595 -0.050249925881685059 -0.020013587886921289 0.045839843151761338 0.011603843527560302
leaf_weight=23.658640086650848 7.552962243556979 92.505905400961637 32.014615070074797 86.278264794498682 39.2737145870924 82.975907146930695 4.8701758831739417 87.905979815870523 26.385574661195278 11.617901891469954 18.194166734814644 4.5880179256200782 15.875609390437601 6.4408973306417492 18.669560447335243 205.15891136974096 14.815818130969999 4.6502734720706931 6.8588041663169887 58.985407955944538 8.5921436473727208 4.2981701344251624 7.2262640297412855 7.0858188718557358 14.881656304001806 5.3989778608083752 8.1262532323598844 8.3506144657731038 4.9599055647850028 130.37195916473866
leaf_count=99 37 659 278 527 263 442 21 979 170 70 85 22 121 33 89 1004 78 21 30 563 83 22 32 35 66 24 40 46 22 562
internal_value=-0.000125821 -0.00345267 -0.00722688 -0.000931505 0.00419427 0.0104793 -0.0197598 -0.0132127 -0.0199632 0.0073256 0.00483363 -0.0218384 -0.0277894 0.00703836 0.00382599 0.00746264 -0.0340887 0.0277099 0.0325902 -0.00487847 -0.00205881 0.0017011 0.0477476 0.0300578 0.0381658 0.00788074 0.00568615 0.0265042 0.0043114 0.00870032
internal_weight=1048.57 725.416 544.549 265.876 213.398 169.254 44.1439 278.673 173.277 323.153 294.429 52.4782 47.8902 282.811 245.085 223.828 21.2567 37.7261 28.7238 85.371 105.396 96.8041 21.1709 14.3121 33.0758 180.866 162.157 18.7095 13.3105 154.031
internal_count=6523 4943 4150 1674 1253 969 284 2476 1712 1580 1446 421 399 1376 1204 1093 111 172 134 733 764 681 97 67 151 793 701 92 68 661
is_linear=0
shrinkage=0.05


Tree=42
num_leaves=9
num_cat=0
split_feature=4 3 3 3 4 3 1 1
split_gain=14.0602 10.0893 9.4349 13.8141 7.53549 11.0368 7.31254 7.30449
threshold=0.35345000000000004 0.016250000000000004 6.544000000000001e-05 7.3105000000000012e-05 0.17705000000000001 0.0015787650000000002 43.250000000000007 52.850000000000001
decision_type=2 2 2 2 2 2 2 2
left_child=1 2 -1 -4 5 -5 -3 -6
right_child=-2 6 3 4 7 -7 -8 -9
leaf_value=-0.057811257391660625 -0.053772114774705795 -0.0096687184235789061 0.077659338296278524 -0.0023718320575588352 -0.050989169022826963 0.0099816532168387224 0.076375854180755529 0.0049787823081731339
leaf_weight=6.9124461710453025 11.973789952695368 3.5198482573032361 5.6508696973323813 746.11099162697792 13.93391925096512 238.44707109034061 7.3439047932624817 9.6856671944260579
leaf_count=58 190 21 31 4693 131 1308 36 55
internal_value=-0.000124691 0.000498297 -9.24706e-06 0.000385588 -5.02344e-05 0.000615652 0.0482075 -0.0279034
internal_weight=1043.58 1031.6 1020.74 1013.83 1008.18 984.558 10.8638 23.6196
internal_count=6523 6333 6276 6218 6187 6001 57 186
is_linear=0
shrinkage=0.05


Tree=43
num_leaves=10
num_cat=0
split_feature=3 3 3 3 4 3 3 4 4
split_gain=13.3202 9.64742 8.88166 12.6847 7.35312 9.93682 5.05428 3.65035 5.14345
threshold=0.025800000000000003 0.016250000000000004 6.544000000000001e-05 7.3105000000000012e-05 0.17705000000000001 0.0015787650000000002 0.0071665600000000006 0.23900000000000002 0.35345000000000004
decision_type=2 2 2 2 2 2 2 2 2
left_child=1 2 -1 -4 5 -5 -6 -3 -9
right_child=-2 7 3 4 6 -7 -8 8 -10
leaf_value=-0.057249508833496915 -0.054828319725066105 0.067882763674969981 0.074911514294035059 -0.0022553403335154919 -0.060773058372840354 0.0094548670059713003 -0.011007325249413776 0.0683184212217397 -0.048012363330193181
leaf_weight=6.6391631290316573 10.910174362361429 7.1441534757614118 5.570967733860015 745.43914098292589 7.6816526427865055 239.1331879645586 15.970777969807385 1.6615345031023028 1.9457842744886873
leaf_count=58 158 35 31 4693 54 1308 140 9 37
internal_value=-0.000120058 0.000459179 -3.46197e-05 0.000340748 -7.37239e-05 0.000584431 -0.0275682 0.0473554 0.00461852
internal_weight=1042.1 1031.19 1020.43 1013.8 1008.22 984.572 23.6524 10.7515 3.60732
internal_count=6523 6365 6284 6226 6195 6001 194 81 46
is_linear=0
shrinkage=0.05


Tree=44
num_leaves=9
num_cat=0
split_feature=4 3 3 3 4 3 1 1
split_gain=12.6191 8.57437 8.37923 11.634 6.36887 8.94787 7.11393 4.84509
threshold=0.35345000000000004 0.016250000000000004 6.544000000000001e-05 7.3105000000000012e-05 0.17705000000000001 0.0015787650000000002 52.850000000000001 43.350000000000001
decision_type=2 2 2 2 2 2 2 2
left_child=1 2 -1 -4 5 -5 -6 -3
right_child=-2 7 3 4 6 -7 -8 -9
leaf_value=-0.056715939720157385 -0.053254773417906458 0.0024442924992843507 0.072272382867586513 -0.0021444753662928232 -0.049795756131661137 0.0089575022955086913 0.0062431334356990026 0.072948645868360709
leaf_weight=6.3741933256387702 10.955199640244244 4.2152121216058713 5.4913841485977164 744.7999576702714 13.220306389033796 239.77896975725889 9.5673009231686574 6.238644540309906
leaf_count=58 190 25 31 4693 131 1308 55 32
internal_value=-0.000115812 0.000449814 -9.54642e-06 0.00034795 -4.6298e-05 0.000554797 -0.0261251 0.0452861
internal_weight=1040.64 1029.69 1019.23 1012.86 1007.37 984.579 22.7876 10.4539
internal_count=6523 6333 6276 6218 6187 6001 186 57
is_linear=0
shrinkage=0.05


Tree=45
num_leaves=18
num_cat=0
split_feature=3 3 2 2 4 2 4 4 2 4 4 3 5 5 4 2 3
split_gain=12.0675 8.48402 9.02382 11.5765 10.64 8.20138 11.1026 9.03527 8.16977 8.03095 27.3819 19.9114 6.89451 2.25033 1.23814 0.834416 0.276672
threshold=0.025800000000000003 0.016250000000000004 40.150000000000006 38.050000000000004 0.052300000000000006 41.250000000000007 0.0062500000000000012 0.0073500000000000015 25.850000000000005 0.041250000000000009 0.030250000000000003 0.0018773500000000001 0.55500000000000016 0.53500000000000014 0.35345000000000004 40.750000000000007 0.00078857000000000005
decision_type=2 2 2 2 2 2 2 2 2 2 2 2 2 2 2 2 2
left_child=1 2 3 9 16 12 -7 -8 14 10 -1 -11 13 -4 -3 -14 -5
right_child=-2 8 5 4 -6 6 7 -9 -10 11 -12 -13 15 -15 -16 -17 -18
leaf_value=-0.0011902701439392865 -0.054329730574010915 0.012611220237681818 0.030462878764186435 -0.045129896943638274 0.025399798013357028 -0.060633469020203369 0.051416029747749052 0.0050372328446456598 0.074764767950259575 -0.034012692830681424 0.039156973912402367 0.001261907697135992 0.083113707288483107 -0.01586184281664944 -0.047285215488097103 0.050570224847970358 -0.064997332416078593
leaf_weight=632.24527990072966 10.06365507096052 1.345801100134848 5.4787352383136767 6.733523525297648 4.8958457857370368 5.74843855947256 11.687137141823767 100.59867208451033 7.1419721841812134 59.57488376647234 44.936147600412369 120.58376903086901 5.0149918496608716 4.714091956615448 1.7779886685311792 7.0102111995220184 9.7140177637338621
leaf_count=4013 158 8 24 38 23 40 49 463 36 445 255 801 23 21 37 35 54
internal_value=-0.000110971 0.000419555 -3.3392e-05 -0.00191854 -0.0382117 0.0117344 0.00642218 0.00995046 0.0454261 -0.00100484 0.00148508 -0.0103874 0.0395767 0.00860638 -0.0203387 0.0651281 -0.0574878
internal_weight=1039.27 1029.2 1018.94 878.683 21.3434 140.252 118.034 112.286 10.2658 857.34 677.181 180.159 22.218 10.1928 3.12379 12.0252 16.4475
internal_count=6523 6365 6284 5629 115 655 552 512 81 5514 4268 1246 103 45 45 58 92
is_linear=0
shrinkage=0.05


Tree=46
num_leaves=22
num_cat=0
split_feature=3 2 2 1 3 4 1 3 4 4 4 2 4 4 4 1 3 4 1 3 1
split_gain=11.4148 8.15427 15.531 20.9642 15.6552 15.045 12.5407 47.8507 11.3276 12.0834 10.3565 15.2684 8.3995 7.11298 51.5883 10.1337 5.72152 5.237 1.87758 1.46469 0.310845
threshold=0.025800000000000003 21.150000000000002 21.650000000000002 52.550000000000004 0.016250000000000004 0.0060500000000000007 52.750000000000007 0.0071665600000000006 0.17705000000000001 0.016200000000000003 0.0056500000000000014 12.550000000000002 0.080250000000000016 0.014150000000000001 0.012250000000000002 46.95000000000001 0.000110475 0.016450000000000003 46.45000000000001 0.0099000000000000008 52.45000000000001
decision_type=2 2 2 2 2 2 2 2 2 2 2 2 2 2 2 2 2 2 2 2 2
left_child=1 5 3 18 8 10 13 12 9 -4 11 16 -8 14 -7 -15 -1 -5 -3 -10 -13
right_child=-2 2 4 17 -6 6 7 -9 19 -11 -12 20 -14 15 -16 -17 -18 -19 -20 -21 -22
leaf_value=0.014652167123099902 -0.054022131694818523 0.11285778626608629 -0.0075981864634894376 -0.048022746654556497 0.073196903268006916 -0.029771856091803797 -0.0026951293721889421 0.14997495398105534 -0.05692574698598285 0.0089624332842473311 0.074004846999893723 -0.05442313146668764 -0.060471055812378154 -0.055886685483580556 0.098788687162859962 -0.019803194007989834 -0.0010997526045156607 0.027558260221331218 0.067868128017282967 -0.019267794400878613 -0.023392272239455943
leaf_weight=104.4138365238905 9.6265320628881437 5.1202437803149241 170.0793779566884 4.7417703270912153 7.7152035981416693 43.162281885743141 87.699741467833519 5.0233962312340728 8.3194767385721189 311.27210099250078 5.1637788936495772 10.67604251205921 6.7017780244350424 26.61493544280529 9.4149673059582693 75.625095009803772 127.33616754412651 4.1842124611139297 7.6330502331256866 4.6227138489484778 1.7664507552981366
leaf_count=472 158 26 1029 35 40 420 659 29 54 1564 23 135 51 248 55 705 710 20 38 33 19
internal_value=-0.000107166 0.000398405 0.0047708 0.0461229 0.00296622 -0.00413853 -0.0127002 0.00110966 0.00184532 0.0031002 0.00457244 0.00305404 -0.00690933 -0.0215963 -0.00651187 -0.0292907 0.00597889 -0.0121261 0.0870573 -0.0441093 -0.050638
internal_weight=1036.91 1027.29 523.688 21.6793 502.009 503.598 254.242 99.4249 494.294 481.351 249.356 244.192 94.4015 154.817 52.5772 102.24 231.75 8.92598 12.7533 12.9422 12.4425
internal_count=6523 6365 2839 119 2720 3526 2167 739 2680 2593 1359 1336 710 1428 475 953 1182 55 64 87 154
is_linear=0
shrinkage=0.05


Tree=47
num_leaves=11
num_cat=0
split_feature=3 3 3 2 2 3 2 2 0 3
split_gain=10.7979 7.92696 10.3843 8.34625 16.0553 14.5839 10.367 8.16876 4.82069 3.06554
threshold=0.025800000000000003 6.544000000000001e-05 7.3105000000000012e-05 21.150000000000002 21.650000000000002 0.016250000000000004 1.0000000180025095e-35 11.15 64.500000000000014 0.00044983000000000008
decision_type=2 2 2 2 2 2 2 2 2 2
left_child=1 -1 -3 6 8 -6 9 -8 -5 -4
right_child=-2 2 3 4 5 -7 7 -9 -10 -11
leaf_value=-0.056139414960471416 -0.053725934749666804 0.069256162526151507 0.0089388102929748789 0.028956816495276361 0.0018779494583950141 0.071785525119437352 -0.050853197255201613 -0.0089896665169935299 0.080412954215957344 -0.002871055965062061
leaf_weight=6.0654655024409285 9.2067886255681497 5.3978826254606238 123.00006453692913 13.492166221141817 493.06967705860734 7.4814451038837424 12.180941186845301 257.29195018112659 7.3581857234239569 98.325679153203964
leaf_count=58 158 31 611 80 2672 40 138 2196 34 505
internal_value=-0.0001087 0.000373849 0.000721096 0.000343866 0.00475302 0.00294693 -0.00433004 -0.0109187 0.0476517 0.00367068
internal_weight=1032.87 1023.66 1017.6 1012.2 521.401 500.551 490.799 269.473 20.8504 221.326
internal_count=6523 6365 6307 6276 2826 2712 3450 2334 114 1116
is_linear=0
shrinkage=0.05


Tree=48
num_leaves=10
num_cat=0
split_feature=4 3 3 2 1 2 2 1 0
split_gain=10.3399 7.47886 9.52739 7.69371 7.98462 7.09506 12.5479 6.9503 6.47897
threshold=0.35345000000000004 6.544000000000001e-05 7.3105000000000012e-05 28.650000000000002 73.250000000000014 29.650000000000002 29.950000000000003 50.350000000000001 67.500000000000014
decision_type=2 2 2 2 2 2 2 2 2
left_child=1 -1 -3 4 8 7 -7 -5 -4
right_child=-2 2 3 5 -6 6 -8 -9 -10
leaf_value=-0.055657643072262834 -0.052364224504276628 0.066817017585961869 -0.0011398902023839906 -0.010008890997321298 -0.057094381879440853 -0.046944458372216231 0.0065133463448225895 0.045458508826672073 -0.027404175006486266
leaf_weight=5.8191720694303504 9.2799567542970163 5.320826604962348 659.09574406966567 7.5034425556659725 6.5697797164320937 11.308398112654684 280.30893264710903 20.847534969449043 24.281295746564865
leaf_count=58 190 31 4417 37 56 70 1369 97 198
internal_value=-0.000103649 0.000371511 0.000703036 0.000343177 -0.00262354 0.00675475 0.00440783 0.030619 -0.00208428
internal_weight=1030.34 1021.06 1015.24 1009.92 689.947 319.968 291.617 28.351 683.377
internal_count=6523 6333 6275 6244 4671 1573 1439 134 4615
is_linear=0
shrinkage=0.05


Tree=49
num_leaves=28
num_cat=0
split_feature=2 0 2 2 0 1 2 1 2 2 0 1 2 1 2 0 2 2 2 5 2 2 2 2 1 0 5
split_gain=7.40693 8.82339 7.57276 7.35887 9.12798 18.4648 7.84806 16.4878 10.2688 7.38069 6.55335 6.13148 24.3756 6.80086 7.5032 6.39383 7.9571 21.5321 15.8375 3.14054 3.00716 2.56177 7.63624 6.99507 4.76515 1.9698 0.304743
threshold=28.650000000000002 59.500000000000007 28.300000000000001 19.350000000000005 62.500000000000007 59.750000000000007 13.250000000000002 56.350000000000001 14.350000000000003 19.550000000000004 67.500000000000014 48.250000000000007 52.350000000000001 48.850000000000001 40.400000000000006 57.500000000000007 42.650000000000013 37.150000000000013 42.850000000000001 0.51500000000000012 45.550000000000004 16.650000000000002 17.750000000000004 14.15 50.550000000000004 56.500000000000007 0.52500000000000013
decision_type=2 2 2 2 2 2 2 2 2 2 2 2 2 2 2 2 2 2 2 2 2 2 2 2 2 2 2
left_child=1 19 3 6 9 -6 7 -3 -8 -5 11 15 13 -13 -15 -2 17 -17 -18 21 -12 23 -23 25 -24 -1 -21
right_child=10 2 -4 4 5 -7 8 -9 -10 -11 20 12 -14 14 -16 16 18 -19 -20 26 -22 22 24 -25 -26 -27 -28
leaf_value=0.006407036733335667 0.047914491117845008 -0.0076945364519960778 -0.052651179706692135 0.057006674978185269 0.020601483387784298 -0.031415330707720956 -0.054913055260307188 0.054615965697120405 -0.014057127273527096 -0.0099779386479831034 0.019196262840011628 0.065876844762590689 -0.067510686042826354 0.0053280870688030835 0.029085276159714398 0.0044947914582752655 0.094391924250901801 -0.046553848339451864 0.0014087391612972776 0.016930714452363927 0.06865079710507431 0.07995224784512317 -0.030604782920797404 -0.046277141796150674 0.029703663852577156 -0.013931290827014288 0.030099199127466975
leaf_weight=92.579057991504669 5.867205783724784 126.50456627458334 8.5222593024373037 4.1266577541828147 94.587486382573843 20.65543956309557 17.672520216554403 11.480883777141569 122.19533498957753 132.52216747030616 7.8843825161457044 6.5513225570321074 9.1059053018689138 93.363130688667297 52.151833757758141 56.79733818769455 4.9945740550756446 32.216840267181396 46.559424214065075 31.981207236647606 5.5326225161552429 4.0878056138753918 5.9061019197106344 7.3714133501052848 7.0774050951004028 13.443751350045202 6.8712538331747046
leaf_count=390 26 956 65 29 531 143 223 50 1291 906 34 30 51 443 231 315 20 184 219 145 27 18 35 38 33 61 29
internal_value=-0.000101745 -0.00296436 -0.00610064 -0.00533252 0.000838581 0.0112158 -0.0109433 -0.00243807 -0.0192906 -0.0078783 0.00619126 0.00467396 0.0114056 0.0162053 0.013891 -0.00270377 -0.00488464 -0.0139566 0.0106791 0.00697418 0.0403162 0.00320578 0.02121 0.000434917 0.0018634 0.00377031 0.0194593
internal_weight=1028.61 707.585 538.267 529.745 251.892 115.243 277.853 137.985 139.868 136.649 321.025 307.608 161.172 152.066 145.515 146.435 140.568 89.0142 51.554 169.318 13.417 130.466 17.0713 113.394 12.9835 106.023 38.8525
internal_count=6523 4943 4194 4129 1609 674 2520 1006 1514 935 1580 1519 755 704 674 764 738 499 239 749 61 575 86 489 68 451 174
is_linear=0
shrinkage=0.05


Tree=50
num_leaves=12
num_cat=0
split_feature=4 3 3 2 2 1 3 4 4 1 4
split_gain=9.70363 7.05679 8.73056 6.91077 14.4251 16.0246 12.0084 10.6435 25.8135 22.9572 0.225931
threshold=0.34225000000000005 6.544000000000001e-05 7.3105000000000012e-05 21.150000000000002 21.650000000000002 52.550000000000004 0.016250000000000004 0.013350000000000002 0.012450000000000001 51.650000000000013 0.35345000000000004
decision_type=2 2 2 2 2 2 2 2 2 2 2
left_child=1 -1 -3 7 5 -5 -6 8 -4 -9 -2
right_child=10 2 3 4 6 -7 -8 9 -10 -11 -12
leaf_value=-0.055211577665718985 -0.020365918753750576 0.064622148012777283 -0.00090838824708079538 0.080145796653748699 0.0017134311394421068 -0.0091610602827065096 0.067046167245031346 -0.032681225693941857 0.091846826300283138 0.0051190071064334298 -0.052120020672373125
leaf_weight=5.5732043609023085 1.3768314570188511 5.2150313258171073 317.71994763612747 12.644505806267263 489.62715623527765 8.106152802705763 7.0424597039818755 83.146136254072189 7.5806231051683417 77.195965781807899 8.7607594896107894
leaf_count=58 9 31 2010 64 2657 50 39 800 40 575 190
internal_value=-9.82319e-05 0.000385918 0.000703633 0.000359921 0.00438481 0.0451421 0.00266318 -0.00391806 0.00126532 -0.0144595 -0.0485368
internal_weight=1023.99 1013.85 1008.28 1003.06 517.42 20.7507 496.67 485.643 325.301 160.342 10.1376
internal_count=6523 6324 6266 6235 2810 114 2696 3425 2050 1375 199
is_linear=0
shrinkage=0.05


Tree=51
num_leaves=21
num_cat=0
split_feature=4 2 2 4 2 4 4 4 5 5 2 1 1 5 2 2 4 1 2 1
split_gain=9.167 6.06522 11.1193 9.76505 7.52487 9.75507 8.18273 16.2017 6.54821 6.42508 8.50493 13.6515 6.9565 6.00495 5.15886 8.51202 8.25706 2.66497 0.812854 0.759514
threshold=0.35345000000000004 40.150000000000006 38.050000000000004 0.052300000000000006 41.250000000000007 0.0062500000000000012 0.0073500000000000015 0.017950000000000004 0.55500000000000016 0.53500000000000014 19.350000000000005 45.250000000000007 46.150000000000013 0.58500000000000008 16.650000000000002 14.15 0.038750000000000007 49.45000000000001 40.750000000000007 50.750000000000007
decision_type=2 2 2 2 2 2 2 2 2 2 2 2 2 2 2 2 2 2 2 2
left_child=1 2 9 19 8 -6 13 -8 17 14 12 -12 -11 -7 15 -1 -16 -3 -10 -4
right_child=-2 4 3 -5 5 6 7 -9 18 10 11 -13 -14 -15 16 -17 -18 -19 -20 -21
leaf_value=0.007162765387000971 -0.051908874228481498 0.029685179091069016 -0.06345478438535794 0.023174177088851805 -0.059804636574966388 0.078395366525543353 -0.033553904835248338 0.01443305439790322 0.080462600570745349 1.5775076546832631e-05 -0.017304499113657397 0.0063819524142984668 -0.016214793711379891 0.0043619191255926835 0.058026732259722075 -0.046613149575955415 0.0035318220788554699 -0.021154576137384456 0.047956577347260242 -0.033599714778656684
leaf_weight=142.1549266576767 8.3669335991144163 5.7280308455228823 11.779941163957121 4.9327477663755408 5.4237336367368689 6.6752548068761808 22.614781953394413 77.563376545906067 4.8551201820373517 112.63238615170121 74.374742165207863 330.87873864173889 157.34112000092864 4.8695210367441177 12.447122275829317 7.6439747512340537 16.090665675699711 4.4391939043998718 6.7506985664367676 4.1122952848672858
leaf_count=613 190 25 71 23 40 29 120 343 23 790 550 1821 1603 20 57 40 89 20 35 21
internal_value=-9.50662e-05 0.000332909 -0.00120422 -0.0372159 0.0100378 0.00495733 0.00819667 0.00352769 0.0369962 -0.000315506 -0.0025507 0.00201933 -0.00942742 0.0479035 0.00811615 0.00435605 0.0275947 0.0070108 0.0625533 -0.0563005
internal_weight=1021.68 1013.31 874.389 20.825 138.92 117.147 111.723 100.178 21.773 853.564 675.227 405.253 269.974 11.5448 178.337 149.799 28.5378 10.1672 11.6058 15.8922
internal_count=6523 6333 5678 115 655 552 512 463 103 5563 4764 2371 2393 49 799 653 146 45 58 92
is_linear=0
shrinkage=0.05


Tree=52
num_leaves=10
num_cat=0
split_feature=3 3 3 3 2 2 2 2 1
split_gain=8.9031 6.65355 6.53671 8.09722 6.26506 6.09739 8.60967 6.47302 1.08023
threshold=0.025800000000000003 0.016250000000000004 6.544000000000001e-05 7.3105000000000012e-05 25.850000000000005 28.650000000000002 25.850000000000005 29.650000000000002 49.750000000000007
decision_type=2 2 2 2 2 2 2 2 2
left_child=1 2 -1 -4 8 6 -5 -7 -3
right_child=-2 4 3 5 -6 7 -8 -9 -10
leaf_value=-0.054776997970264196 -0.052968429358648463 -0.048507869522609354 0.062293919124394671 -0.0011167740890868619 0.069816874950048874 0.028427029290755818 -0.02202531176668825 0.0033619835442134337 0.011145016990011501
leaf_weight=5.3304204717278472 7.8000798486173144 1.4218823499977573 5.1276842802762976 621.16186169162393 6.3307908102869987 28.303818896412849 53.450538612902164 287.70127819478512 1.2448843605816362
leaf_count=58 158 27 31 4259 36 134 372 1430 18
internal_value=-9.17292e-05 0.000316854 -6.49899e-05 0.000228345 0.0428844 -9.41309e-05 -0.00278382 0.0056311 -0.0194576
internal_weight=1017.87 1010.07 1001.08 995.745 8.99756 990.617 674.612 316.005 2.66677
internal_count=6523 6365 6284 6226 81 6195 4631 1564 45
is_linear=0
shrinkage=0.05


Tree=53
num_leaves=24
num_cat=0
split_feature=3 3 4 4 4 3 0 4 4 2 1 4 4 1 4 4 3 1 1 1 1 2 1
split_gain=8.4294 6.38338 19.6658 12.9094 27.738 15.9879 18.5414 14.1808 13.1828 11.999 11.3586 9.22221 39.6182 14.4864 10.668 19.3334 9.07616 8.35743 7.42094 7.36784 4.89773 4.82438 4.729
threshold=0.025800000000000003 0.0015787650000000002 0.041600000000000005 0.077500000000000013 0.071350000000000011 0.0024387700000000003 63.500000000000007 0.10755000000000002 0.12025000000000001 31.450000000000003 51.45000000000001 0.038000000000000006 0.038350000000000002 45.95000000000001 0.031950000000000006 0.030250000000000003 0.016250000000000004 46.250000000000007 50.150000000000013 55.350000000000001 51.650000000000013 17.650000000000002 46.95000000000001
decision_type=2 2 2 2 2 2 2 2 2 2 2 2 2 2 2 2 2 2 2 2 2 2 2
left_child=1 2 11 4 5 6 -3 9 17 19 -7 14 -13 -14 15 -1 -10 -9 21 -5 -16 -4 -23
right_child=-2 3 18 7 -6 10 -8 8 16 -11 -12 12 13 -15 20 -17 -18 -19 -20 -21 -22 22 -24
leaf_value=-0.0015137504332431077 -0.052704290114688392 0.011127812476053652 -0.052995020688350686 -0.060144237827057127 0.1227037033225928 0.0041749441039057996 0.066881066059611957 0.021420756145052438 -0.0092833425579657413 0.025695285565757515 -0.052455198333149905 0.12095813369771256 0.093429634672072104 -0.019040096839244222 -0.066165146535737449 0.079338226721533525 0.045963223822441016 0.10876108373071491 -0.061916244836948055 -0.0045921205996763614 -0.001421754694947373 -0.022071791128914969 0.038229080359278772
leaf_weight=650.05926306918263 7.4564029779285184 44.364326260983944 6.1191716492176083 21.738424532115463 5.8303464055061331 67.511630982160568 22.622867166996002 7.6385306119918805 58.167415447533131 7.3835031837224951 10.076200947165487 8.1010875254869443 3.1655648648738888 22.885024182498455 9.0822666287422162 7.3779357969760886 8.4120814725756627 4.4063532501459122 16.98197329044342 8.5143773853778821 4.5253704562783232 8.7644750922918302 5.0346101596951476
leaf_count=4176 158 277 79 155 32 305 121 34 420 35 58 35 15 121 59 43 79 23 138 44 26 60 30
internal_value=-8.78247e-05 0.000301326 -0.00207784 0.00693926 0.0166152 0.0122205 0.0301029 -0.00553895 0.00649363 -0.0307588 -0.00317321 -0.000206386 0.0250923 -0.00487701 -0.00150491 -0.000586876 -0.00216969 0.0544164 -0.0376106 -0.044741 -0.0451662 -0.0164324 0
internal_weight=1016.22 1008.76 742.097 266.666 150.405 144.575 66.9872 116.261 78.6244 37.6363 77.5878 705.197 34.1517 26.0506 671.045 657.437 66.5795 12.0449 36.9002 30.2528 13.6076 19.9183 13.7991
internal_count=6523 6365 4782 1583 793 761 398 790 556 234 363 4475 171 136 4304 4219 499 57 307 199 85 169 90
is_linear=0
shrinkage=0.05


Tree=54
num_leaves=25
num_cat=0
split_feature=4 3 4 4 3 1 2 4 4 2 1 2 2 2 4 3 2 2 0 3 1 1 3 2
split_gain=8.16411 9.24385 9.00615 21.5331 8.41649 9.86683 8.15021 16.1132 14.0596 7.95214 15.0001 8.10031 19.7974 7.83916 7.69871 4.39043 3.84622 2.63347 3.55248 2.21986 2.88243 1.71448 3.83007 0.0801253
threshold=0.2351 0.006997080000000001 0.077500000000000013 0.072750000000000009 0.010861495000000002 53.250000000000007 21.150000000000002 0.016200000000000003 0.013350000000000002 27.550000000000004 52.350000000000001 21.850000000000005 20.450000000000003 23.350000000000005 0.097850000000000006 0.016250000000000004 29.650000000000002 18.750000000000004 59.500000000000007 0.0085667550000000006 40.850000000000001 44.95000000000001 0.0075250400000000011 25.850000000000005
decision_type=2 2 2 2 2 2 2 2 2 2 2 2 2 2 2 2 2 2 2 2 2 2 2 2
left_child=1 2 3 6 5 21 8 -8 -1 11 14 12 -4 17 -11 -15 -12 18 -6 -2 -21 22 -3 -22
right_child=19 4 9 -5 13 -7 7 -9 -10 10 16 -13 -14 15 -16 -17 -18 -19 -20 20 23 -23 -24 -25
leaf_value=0.00070356693985607034 0.0028780421464521515 0.054496220557158782 -0.04150315603619182 0.10383095479320203 0.025355907697357752 0.11336874611335256 -0.0066671091806421671 0.012841519687402343 -0.019804428740851032 -0.061727432843980516 0.086527072963439269 -0.057842047420146883 0.043292575320223327 0.0019640096452371923 0.012038624808851484 0.064205368248653694 0.023380268606451187 -0.052516442319250581 -0.033829857150314155 0.017783949707494581 -0.052994801688721331 0 0.0060725136593016843 -0.031439263466912858
leaf_weight=314.01240860670805 3.165994584560397 10.10179617255927 21.336502343416218 4.9397758692502967 4.3987688422203082 3.9441468864679328 177.10296349972486 261.97614020109177 113.5702286362648 7.6574096679687518 4.329806372523306 16.4587082862854 10.002165094017981 6.1939047500491125 6.2764504998922348 5.4161058366298676 6.1897415816783905 4.9302690774202338 5.6059031262993813 1.6313289999961842 10.613618548959492 4.6856719255447379 7.275689333677291 2.3831530176103106
leaf_count=2037 28 44 206 28 18 20 1084 1321 1007 43 22 98 51 30 27 33 32 30 43 12 217 21 30 41
internal_value=-8.86901e-05 0.000507461 -0.000624731 0.000776796 0.0208994 0.0410617 0.000171731 0.00496158 -0.00473523 -0.0175789 0.00542787 -0.0294405 -0.0142288 0.000877973 -0.0282945 0.0317271 0.0504121 -0.0228223 -0.00731934 -0.0335667 -0.0417599 0.0274568 0.0346588 -0.0496943
internal_weight=1014.2 996.405 943.852 871.602 52.5523 26.0073 866.662 439.079 427.583 72.2508 24.4534 47.7974 31.3387 26.545 13.9339 11.61 10.5195 14.9349 10.0047 17.7941 14.6281 22.0632 17.3775 12.9968
internal_count=6523 6225 5956 5477 269 115 5449 2405 3044 479 124 355 257 154 70 63 54 91 61 298 270 95 74 258
is_linear=0
shrinkage=0.05


Tree=55
num_leaves=11
num_cat=0
split_feature=3 3 3 3 5 3 3 3 1 0
split_gain=7.66135 6.23233 7.35153 5.71938 11.8878 11.9291 8.88968 8.44632 5.83343 5.49422
threshold=0.025800000000000003 6.544000000000001e-05 7.3105000000000012e-05 0.0015787650000000002 0.57500000000000007 0.0016859400000000001 0.0013690800000000002 0.004237035000000001 52.95000000000001 59.500000000000007
decision_type=2 2 2 2 2 2 2 2 2 2
left_child=1 -1 -3 6 5 -5 9 -6 -8 -4
right_child=-2 2 3 4 7 -7 8 -9 -10 -11
leaf_value=-0.054321710344803334 -0.052305435440096665 0.060105416428361272 0.0077236055504951691 0.042798942734335821 0.034894501026911842 -0.0038092259822246309 -0.05454236650570831 -0.0007231882384133812 0.016370367961875989 -0.003352310079986748
leaf_weight=5.0987698882818213 6.8764953445643178 5.0575576573610297 138.80746487528086 14.800860367715357 50.957515992224216 174.30252255126834 12.613918308168651 24.285932704806328 3.5784216150641432 574.64467981830239
leaf_count=58 158 31 624 80 287 1067 110 149 23 3936
internal_value=-8.60529e-05 0.000271744 0.000560782 0.000246765 0.00655101 -0.00011415 -0.00203097 0.0233463 -0.0385598 -0.00118962
internal_weight=1011.02 1004.15 999.049 993.991 264.347 189.103 729.644 75.2434 16.1923 713.452
internal_count=6523 6365 6307 6276 1583 1147 4693 436 133 4560
is_linear=0
shrinkage=0.05


Tree=56
num_leaves=22
num_cat=0
split_feature=4 3 3 3 4 4 3 3 4 4 3 0 0 0 0 4 4 3 4 3 4
split_gain=7.39198 6.03934 12.3475 10.0815 9.13693 18.9183 6.52343 13.6504 5.82548 12.9162 8.69386 8.19693 5.54625 5.28426 4.92066 8.22746 13.2117 1.28359 1.75442 0.866912 0.198207
threshold=0.34225000000000005 0.006997080000000001 0.0075250400000000011 0.0071393500000000009 0.077500000000000013 0.071350000000000011 0.004312390000000001 0.0015787650000000002 0.10755000000000002 0.12050000000000001 0.0049313750000000009 65.500000000000014 59.500000000000007 63.500000000000007 61.500000000000007 0.20055000000000003 0.13900000000000004 0.011142310000000001 0.18455000000000002 0.0016859400000000001 0.35345000000000004
decision_type=2 2 2 2 2 2 2 2 2 2 2 2 2 2 2 2 2 2 2 2 2
left_child=1 4 3 -3 5 6 7 -1 11 -10 -11 19 -8 -7 15 16 -4 -16 -19 -6 -2
right_child=20 2 14 -5 8 13 12 -9 9 10 -12 -13 -14 -15 17 -17 -18 18 -20 -21 -22
leaf_value=-0.0015902571643333951 -0.019988612154184363 0.021250821935993414 0.0012803856481591745 0.10719201837221298 -0.02439025925631802 0.035765536733977747 -0.0027276386157922793 0.017859101269032226 0.053741498478824215 0.0026578576198909741 -0.05635220556541895 0.017087921424955646 -0.050830244308054932 0.12303317795118543 -0.0431222165450919 -0.044256107468607038 0.077551590679972152 -0.02937738845423531 0.016653640540985871 -0.046991595318463461 -0.051095352485488771
leaf_weight=734.67941420897841 1.3651279658079127 8.9518731832504255 19.138488516211513 5.6816380321979514 6.8682936355471638 3.8960904330015174 13.103570953011515 102.71374940127134 7.7121511399745932 16.352446258068088 9.8405240550637227 6.9674727693200103 11.338205441832541 3.5907640010118484 4.9478671923279753 5.0835173726081839 8.0590166300535184 4.7746018320322019 3.371529433876276 24.167851075530052 6.9115906227380037
leaf_count=4748 9 39 92 31 49 25 53 566 36 129 74 39 66 19 33 63 44 29 30 159 190
internal_value=-8.36459e-05 0.00030269 0.0156719 0.055459 -0.00067343 0.000738721 4.08982e-05 0.000791258 -0.017792 -0.00254684 -0.0194517 -0.0312195 -0.0253617 0.0793489 0.00263684 0.0132168 0.0242651 -0.0229699 -0.00974875 -0.0422449 -0.0468615
internal_weight=1009.52 1001.24 60.0085 14.6335 941.231 869.322 861.835 837.393 71.9087 33.9051 26.193 38.0036 24.4418 7.48685 45.375 32.281 27.1975 13.094 8.14613 31.0361 8.27672
internal_count=6523 6324 361 70 5963 5477 5433 5314 486 239 203 247 119 44 291 199 136 92 59 208 199
is_linear=0
shrinkage=0.05


Tree=57
num_leaves=11
num_cat=0
split_feature=4 3 3 3 3 4 4 3 3 2
split_gain=6.98076 5.88149 6.75354 5.52198 11.2609 8.45057 8.20553 5.32423 3.25433 0.22974
threshold=0.34225000000000005 6.544000000000001e-05 7.3105000000000012e-05 0.006997080000000001 0.0079890700000000026 0.17705000000000001 0.14775000000000002 0.016250000000000004 0.0071393500000000009 25.850000000000005
decision_type=2 2 2 2 2 2 2 2 2 2
left_child=1 -1 -3 5 8 6 -4 -6 -5 -2
right_child=9 2 3 4 7 -7 -8 -9 -10 -11
leaf_value=-0.053903074066937118 -0.051988836903285256 0.0580118722105923 -0.0006702310771029851 0.020272420042482066 -0.010618270662127713 -0.058160129718676817 0.056998820861894207 0.034912315922902386 0.061400731226741292 -0.022514084347477436
leaf_weight=4.8803978860378256 6.1940562631934872 4.9903065264224997 918.1005533747375 8.9203653782606143 30.497671388089657 6.2510168775916091 6.1090984195470801 8.0183423236012441 12.099250681698321 1.7527966126799581
leaf_count=58 163 31 5782 39 207 52 40 56 59 36
internal_value=-8.18752e-05 0.000286421 0.000562635 0.000262169 0.0150152 -0.000677947 -0.000277499 -0.000944277 0.044362 -0.0464697
internal_weight=1007.81 999.867 994.987 989.996 59.5356 930.461 924.21 38.516 21.0196 7.94685
internal_count=6523 6324 6266 6235 361 5874 5822 263 98 199
is_linear=0
shrinkage=0.05


Tree=58
num_leaves=10
num_cat=0
split_feature=3 3 3 3 1 1 1 1 3
split_gain=6.77718 5.54847 6.20193 5.18891 5.03895 8.12574 0.304667 0.878338 0.133745
threshold=0.025800000000000003 6.544000000000001e-05 7.3105000000000012e-05 0.016250000000000004 74.800000000000026 64.250000000000014 49.850000000000001 43.750000000000007 0.0046802500000000012
decision_type=2 2 2 2 2 2 2 2 2
left_child=1 -1 -3 4 5 -4 7 -5 -6
right_child=-2 2 3 6 8 -7 -8 -9 -10
leaf_value=-0.053511294013403314 -0.051907705395437147 0.055925408048903204 -0.00074042902557094762 0.046560383733139109 -0.055134997836325708 0.022710632635105848 0.057888480161245606 0.0031854126649959605 -0.030511669337106258
leaf_weight=4.6762231625616542 6.1689268145710221 4.9231310337781897 938.38115238398314 3.3094025254249564 3.2017617598175994 38.348293289542198 2.4518842920660973 2.1979389674961567 2.9880334883928299
leaf_count=58 158 31 5933 22 34 207 23 36 21
internal_value=-7.87055e-05 0.00024103 0.000503816 0.000217795 -0.000104736 0.000177417 0.040176 0.030507 -0.0447175
internal_weight=1006.65 1000.48 995.802 990.878 982.919 976.729 7.95923 5.50734 6.1898
internal_count=6523 6365 6307 6276 6195 6140 81 58 55
is_linear=0
shrinkage=0.05


Tree=59
num_leaves=11
num_cat=0
split_feature=3 3 3 2 2 1 3 3 3 2
split_gain=6.42018 5.2422 5.6876 4.95442 13.7008 14.58 10.2678 8.22572 16.1345 15.7299
threshold=0.025800000000000003 6.544000000000001e-05 7.3105000000000012e-05 21.150000000000002 21.650000000000002 52.550000000000004 0.016250000000000004 0.000110475 0.00027722500000000003 16.950000000000003
decision_type=2 2 2 2 2 2 2 2 2 2
left_child=1 -1 -3 7 5 -5 -6 9 -9 -4
right_child=-2 2 3 4 6 -7 -8 8 -10 -11
leaf_value=-0.053132836108933656 -0.051666151161330845 0.053903294561915976 0.00052405334298271072 0.077026902616007142 0.0011160101198488597 -0.0084790393682972354 0.066129640599185177 -0.037953186638980389 -0.0037338665047968672 0.052330344052506729
leaf_weight=4.4797400534152976 5.8952657431364051 4.8578670844435683 126.51742079481483 12.542448014020922 485.70807553455234 8.0402532666921598 6.0547474026679984 38.97034652903676 296.17100569605827 16.502846732735634
leaf_count=58 158 31 725 64 2672 50 40 399 2210 116
internal_value=-7.53301e-05 0.000228995 0.000479491 0.000207016 0.00362763 0.0435043 0.00193993 -0.00344768 -0.00773795 0.00656921
internal_weight=1005.74 999.845 995.365 990.507 512.346 20.5827 491.763 478.162 335.141 143.02
internal_count=6523 6365 6307 6276 2826 114 2712 3450 2609 841
is_linear=0
shrinkage=0.05


Tree=60
num_leaves=8
num_cat=0
split_feature=3 3 3 2 2 2 5
split_gain=6.08278 4.95419 5.21478 4.92751 6.65232 10.8274 6.45591
threshold=0.025800000000000003 6.544000000000001e-05 7.3105000000000012e-05 60.95000000000001 40.150000000000006 38.050000000000004 0.6150000000000001
decision_type=2 2 2 2 2 2 2
left_child=1 -1 -3 4 5 -4 -6
right_child=-2 2 3 -5 6 -7 -8
leaf_value=-0.052766442294395012 -0.051429496859556882 0.051944124061613139 -0.00031389906859564324 -0.057754172547151053 0.0085233713302162468 -0.037112244966011385 0.065452517404684649
leaf_weight=4.2907804585993281 5.6333546061068764 4.7944508939981452 831.31357726827264 3.5533039048314086 128.47026849538088 20.391701698303223 5.1204936057329169
leaf_count=58 158 31 5506 26 602 115 27
internal_value=-7.19674e-05 0.000218061 0.000457178 0.00019726 0.000417166 -0.00120506 0.0107902
internal_weight=1003.57 997.935 993.644 988.849 985.296 851.705 133.591
internal_count=6523 6365 6307 6276 6250 5621 629
is_linear=0
shrinkage=0.05


Tree=61
num_leaves=16
num_cat=0
split_feature=3 1 1 1 2 3 2 1 2 3 1 3 2 2 3
split_gain=5.76348 4.79147 7.03005 7.30202 9.59472 12.8234 7.0755 6.87158 7.3744 5.45464 11.5184 9.67402 4.65983 2.53152 0.14471
threshold=0.025800000000000003 74.800000000000026 64.250000000000014 66.350000000000009 47.050000000000004 0.00078857000000000005 27.150000000000002 60.550000000000004 26.950000000000003 0.006997080000000001 52.650000000000013 0.004312390000000001 30.250000000000004 15.350000000000003 0.0046802500000000012
decision_type=2 2 2 2 2 2 2 2 2 2 2 2 2 2 2
left_child=1 2 7 6 5 -5 -4 9 13 11 -11 -1 -10 -9 -3
right_child=-2 14 3 4 -6 -7 -8 8 12 10 -12 -13 -14 -15 -16
leaf_value=0.00066717402416785867 -0.051197190919903747 -0.054688715934323187 0.017677358998806805 -0.037919688076106572 0.075766907009739301 0.035754348768139349 0.10104955543298766 0 0.020965748225777268 0.0039240654831233625 0.059419977852753159 -0.023830841014049156 -0.036975801869680087 -0.051209908952458583 -0.029568091909422403
leaf_weight=817.65030845627189 5.3827587086707345 3.074819214642047 5.7590844631195051 13.036289662122732 4.2802509218454352 10.60371497273445 4.808896541595459 2.8945366144180324 10.972844049334524 46.258042823523283 11.701870042830704 42.277127653360367 4.9371440857648841 15.826397374272345 2.9377270415425301
leaf_count=5274 158 34 38 71 19 57 22 19 58 320 66 232 22 112 21
internal_value=-6.98042e-05 0.000206317 0.000483469 0.0214074 0.00772507 -0.00465121 0.0566757 -0.00035891 -0.022193 0.000461747 0.0152976 -0.000534054 0.00255453 -0.0433921 -0.0439173
internal_weight=1002.4 997.019 991.007 38.4882 27.9203 23.64 10.568 952.518 34.6309 917.887 57.9599 859.927 15.91 18.7209 6.01255
internal_count=6523 6365 6310 207 147 128 60 6103 211 5892 386 5506 80 131 55
is_linear=0
shrinkage=0.05


Tree=62
num_leaves=27
num_cat=0
split_feature=4 3 4 4 2 4 4 2 0 2 2 3 3 2 2 7 0 3 3 4 2 0 0 4 4 2
split_gain=6.09316 6.71224 7.7509 16.6827 7.25756 15.801 13.9812 6.98383 9.52553 7.58137 17.7539 6.53051 6.28165 5.66609 4.8336 10.9418 4.56964 4.54249 3.76489 2.77568 2.6387 2.89063 2.25981 2.07196 9.63964 0.343468
threshold=0.2351 0.006997080000000001 0.077500000000000013 0.071350000000000011 21.150000000000002 0.038350000000000002 0.016200000000000003 27.550000000000004 62.500000000000007 21.850000000000005 20.450000000000003 0.004237035000000001 0.010861495000000002 23.350000000000005 27.250000000000004 1.0000000180025095e-35 63.500000000000007 0.0047432550000000009 0.016250000000000004 0.12025000000000001 18.750000000000004 59.500000000000007 54.500000000000007 0.32860000000000006 0.34225000000000005 25.850000000000005
decision_type=2 2 2 2 2 2 2 2 2 2 2 2 2 2 2 2 2 2 2 2 2 2 2 2 2 2
left_child=1 2 3 4 5 -1 -6 9 17 10 -4 -10 14 20 15 -3 -5 -9 -15 -16 21 -14 -17 -2 -25 -26
right_child=23 12 7 16 6 -7 -8 8 11 -11 -12 -13 13 18 19 22 -18 -19 -20 -21 -22 -23 -24 24 25 -27
leaf_value=-0.0015295696086921526 -0.053771957698903222 0.11579116767462246 -0.04017444086813917 0.033266176649586164 -0.0062986749924783016 -0.035298692447630349 0.011927416548311486 -0.044187416309997146 0.088320709996828922 -0.056247990198549695 0.040309575025395776 0.0023798455143430961 0.024269225296291833 0.00046657430336203594 0.037083137177075669 0.0024074678402922767 0.1135198918877314 0.010882398313012688 0.060731183560146819 -0.015324354356627365 -0.050878503415267354 -0.030345479409242163 0.047823691638190946 0.069471894963108544 -0.051787014681213099 -0.016775620587689728
leaf_weight=382.38461943343282 6.1560821421444407 4.7004224061965951 20.309912219643596 3.9756592214107505 175.54257878661156 38.04122444242239 261.51152991503477 8.1115384101867694 4.4265033900737745 15.597338452935217 10.174886569380758 4.5730581656098366 4.3753200471401232 6.0760253071784955 4.3422440141439456 5.9806814342737198 3.7098934948444366 6.6120224744081488 4.6536641344428062 5.6267962455749512 4.7032368071377268 5.1092333793640137 5.3905178755521774 2.3552649244666082 5.4262199765071273 1.478517487645149
leaf_count=2662 81 21 206 25 1084 366 1321 42 23 98 51 26 18 30 21 24 19 33 33 26 30 43 23 18 163 36
internal_value=-6.75131e-05 0.000416708 -0.000542077 0.000746294 7.88987e-05 -0.00460464 0.00459571 -0.0165599 0.00529323 -0.0279053 -0.0131039 0.0457061 0.0180729 0 0.0351956 0.0521322 0.0736082 -0.0192129 0.0273856 0.00714794 -0.0205662 -0.00463915 0.0246021 -0.031161 -0.0151811 -0.0453503
internal_weight=1001.34 985.929 934.971 865.166 857.48 420.426 437.054 69.8053 23.7231 46.0821 30.4848 8.99956 50.9581 24.9175 26.0407 16.0716 7.68555 14.7236 10.7297 9.96904 14.1878 9.48455 11.3712 15.4161 9.26 6.90474
internal_count=6523 6225 5956 5477 5433 3028 2405 479 124 355 257 49 269 154 115 68 44 75 63 47 91 61 47 298 217 199
is_linear=0
shrinkage=0.05


Tree=63
num_leaves=23
num_cat=0
split_feature=4 3 4 4 1 2 4 4 3 1 2 2 2 3 3 2 4 4 1 3 2 3
split_gain=5.70869 6.12855 7.12354 14.9455 6.5508 6.24833 12.5968 12.3269 5.62906 6.26629 5.22526 4.69821 5.88626 5.20721 3.59645 2.48512 1.99716 8.87687 1.46365 3.16208 0.346173 0.216422
threshold=0.2351 0.006997080000000001 0.077500000000000013 0.072750000000000009 60.250000000000007 21.150000000000002 0.016200000000000003 0.013350000000000002 0.010861495000000002 53.250000000000007 23.350000000000005 31.450000000000003 21.850000000000005 0.0034500000000000004 0.016250000000000004 18.750000000000004 0.32860000000000006 0.34225000000000005 44.95000000000001 0.0075250400000000011 25.850000000000005 0.014450000000000003
decision_type=2 2 2 2 2 2 2 2 2 2 2 2 2 2 2 2 2 2 2 2 2 2
left_child=1 2 3 5 11 7 -7 -1 9 18 15 12 -4 -13 -12 21 -2 -18 19 -3 -19 -10
right_child=16 8 4 -5 -6 6 -8 -9 10 -11 14 13 -14 -15 -16 -17 17 20 -20 -21 -22 -23
leaf_value=0.00091304779319200345 -0.053425630208180842 0.047351414859330976 -0.012357994309727305 0.081921829749439817 0.036785618550026246 -0.005999616974249309 0.011305478704482955 -0.018512531076237397 0.00073884602661972295 0.087923044126984984 0.00044362774928627348 0.049883721797474488 -0.046905698336512071 -0.01776707849903976 0.059967991733753702 -0.049864526143935953 0.065374786880151789 -0.051542131186840569 -0.0017224523734027716 0.0030236498514322717 -0.016205691665646983 -0.014083966602536592
leaf_weight=311.15731308981776 5.8934809602797023 9.7023889645934194 29.853677958250046 5.5283098667860022 5.2623682692646971 175.09480588883162 262.09305363893509 110.42228346318007 5.8191070407629031 4.3587252348661414 6.0759561955928785 4.456091493368147 21.697590112686157 7.3624016940593719 4.4828505963087082 4.5645059607923022 2.3832594454288465 5.1859508575871587 4.7051892429590216 7.2788013368844977 1.4580368380993602 3.5543169006705284
leaf_count=2037 81 44 255 28 30 1084 1321 1007 34 20 30 24 137 33 33 30 18 163 21 30 36 27
internal_value=-6.58754e-05 0.000396296 -0.000517999 0.000708406 -0.0160136 0.000170296 0.00436352 -0.00416633 0.0173393 0.0334753 0 -0.020528 -0.0270584 0.00752526 0.0265099 -0.0199237 -0.0306617 -0.0148298 0.0219491 0.0287725 -0.0448842 -0.00444337
internal_weight=998.39 983.47 932.928 864.296 68.6321 858.767 437.188 421.58 50.5418 26.0451 24.4967 63.3698 51.5513 11.8185 10.5588 13.9379 14.9207 9.02725 21.6864 16.9812 6.64399 9.37342
internal_count=6523 6225 5956 5477 479 5449 2405 3044 269 115 154 449 392 57 63 91 298 217 95 74 199 61
is_linear=0
shrinkage=0.05


Tree=64
num_leaves=13
num_cat=0
split_feature=3 2 2 2 0 2 1 1 2 3 3 2
split_gain=5.07339 4.97304 5.15671 10.4991 5.92447 7.92873 17.0277 6.99844 5.7802 4.60412 4.8474 2.77505
threshold=0.025800000000000003 60.95000000000001 40.150000000000006 38.050000000000004 67.500000000000014 45.95000000000001 46.150000000000013 45.350000000000001 38.850000000000009 6.544000000000001e-05 7.3105000000000012e-05 39.300000000000004
decision_type=2 2 2 2 2 2 2 2 2 2 2 2
left_child=1 2 3 9 5 6 -4 -7 -5 -1 -11 -10
right_child=-2 -3 4 8 -6 7 -8 -9 11 10 -12 -13
leaf_value=-0.052377875639308936 -0.050726970363265622 -0.058054846466607579 -0.014025556983849755 -0.063802498103624636 0.063495835603267298 0.021509290227768645 0.033115184181028601 -0.022142131110490449 0.022430498919590123 0.050044691828746171 -0.00017503571571268216 -0.030062611733400121
leaf_weight=4.0983846113085738 4.8178115198388687 3.5510655492544165 29.319411046802998 9.8712804615497607 4.8299552202224723 12.711394958198069 54.301413714885712 31.754142701625824 3.9174040257930738 4.7327549681067458 825.37651873007417 6.4180477410554886
leaf_count=58 158 26 162 59 27 54 244 142 21 31 5506 35
internal_value=-6.40971e-05 0.000182282 0.000402661 -0.00101761 0.00956399 0.00744334 0.0165298 -0.00953101 -0.0365411 -0.000146872 0.000111256 -0.00966294
internal_weight=995.7 990.882 987.331 854.414 132.916 128.086 83.6208 44.4655 20.2067 834.208 830.109 10.3355
internal_count=6523 6365 6339 5710 629 602 406 196 115 5595 5537 56
is_linear=0
shrinkage=0.05


Tree=65
num_leaves=18
num_cat=0
split_feature=4 1 1 1 2 4 1 4 4 1 2 2 5 4 4 4 2
split_gain=5.15151 4.55867 6.34255 7.81357 9.20528 7.93788 5.81024 8.92595 11.6225 5.6383 13.154 5.11111 4.63927 2.01125 8.2304 0.400798 0.379672
threshold=0.2351 74.800000000000026 64.550000000000011 66.350000000000009 47.050000000000004 0.0080500000000000016 60.550000000000004 0.16885000000000003 0.0087500000000000026 54.150000000000013 12.15 27.150000000000002 0.53500000000000014 0.32860000000000006 0.34225000000000005 0.067650000000000002 25.850000000000005
decision_type=2 2 2 2 2 2 2 2 2 2 2 2 2 2 2 2 2
left_child=1 2 6 11 5 -5 9 8 -8 12 -11 -4 -1 -2 -15 -3 -16
right_child=13 15 3 4 -6 -7 7 -9 -10 10 -12 -13 -14 14 16 -17 -18
leaf_value=0.0059161864981435658 -0.053090243003702665 -0.05487839226750274 0.024337115229164055 -0.054462403033136743 0.074634194915143864 0.011991110407954695 0.029841839534558396 0.056169682865807827 -0.043754799105420343 -0.058589991336358727 0.013978341150886968 0.10167430493474741 -0.0031699540118742559 0.062900519926530493 -0.051267274948005752 -0.021545345101542501 -0.014147767623958066
leaf_weight=184.26249827444553 5.6402636505663386 3.5601253136992446 4.8987737074494344 5.8903829753398957 4.2289308309555045 17.727516047656536 6.6370029896497753 3.3391168862581244 25.351124532520771 6.4589770734310141 122.95465231314301 4.1557943373918533 588.08031668141484 2.3859420046210271 4.8429731596261263 2.2915320694446564 1.3833516482263801
leaf_count=837 81 39 32 29 19 99 39 19 162 53 743 19 4119 18 163 16 36
internal_value=-6.2932e-05 0.000367593 0.00063917 0.0209443 0.007536 -0.00453155 -0.00015724 -0.0200239 -0.0282835 0.000617646 0.0102754 0.0611018 -0.00099526 -0.0298055 -0.0135478 -0.0432465 -0.0441645
internal_weight=994.089 979.837 973.985 36.9014 27.8468 23.6179 937.084 35.3272 31.9881 901.756 129.414 9.05457 772.343 14.2525 8.61227 5.85166 6.22632
internal_count=6523 6225 6170 198 147 128 5972 220 201 5752 796 51 4956 298 217 55 199
is_linear=0
shrinkage=0.05


Tree=66
num_leaves=24
num_cat=0
split_feature=3 3 3 5 3 3 3 3 3 0 3 1 1 3 3 0 3 3 1 1 1 1 3
split_gain=4.66457 4.4344 9.75904 10.8153 8.40026 7.86252 7.78386 7.07024 5.64777 5.4873 9.82246 8.0184 5.31609 4.99791 4.88292 6.26842 4.60614 4.53897 2.85124 2.07045 4.96637 0.74242 0.150355
threshold=0.025800000000000003 0.0015787650000000002 0.0016859400000000001 0.57500000000000007 0.0013690800000000002 0.0022204250000000003 0.0027416850000000002 0.004237035000000001 0.004850000000000001 59.500000000000007 0.00029936000000000003 55.650000000000013 52.95000000000001 0.0010123650000000001 0.00068829000000000015 56.500000000000007 0.00010381500000000001 0.0020500000000000002 49.550000000000004 53.650000000000013 50.250000000000007 46.050000000000004 0.0014430400000000003
decision_type=2 2 2 2 2 2 2 2 2 2 2 2 2 2 2 2 2 2 2 2 2 2 2
left_child=1 4 19 5 9 18 -7 17 -9 14 11 -11 22 -12 16 -16 -1 -5 -4 20 21 -3 -6
right_child=-2 2 3 7 12 6 -8 8 -10 10 13 -13 -14 -15 15 -17 -18 -19 -20 -21 -22 -23 -24
leaf_value=0.0091756500927930636 -0.05042775153316878 0.029948937803560501 -0.010665712790336915 0.0066234790732518055 -0.043751258591306269 0.029585678085153277 -0.003775992098488893 -0.042528315418237823 0.012501965617679961 -0.018537327173575539 0.0032674107121105477 0.0044372149393076942 0.014950117054864024 -0.016641036560194642 0.0073824616755244089 -0.040769634979859914 0.044046931734763081 0.041726810359100655 -0.042754543091044504 0.06449910008049603 -0.013166673587191847 0.062461759274855734 -0.063539634547936014
leaf_weight=102.14938160777092 4.4764273082837454 4.4052017629146594 13.941727675497534 13.580378793179987 6.4772983752191049 20.359732300043106 119.65894208475947 6.343211397528651 16.657614525407553 141.44722272455692 346.79061167687178 51.420958898961544 3.4773769900202742 34.53248904645443 17.764788001775745 10.666088014841078 10.476655319333075 31.431131102144718 14.938293837010859 5.9317066520452491 4.7162769213318816 5.1626477167010307 5.5839752033352852
leaf_count=449 158 23 95 81 66 128 736 39 110 1213 2221 335 23 235 87 63 46 171 108 31 36 25 44
internal_value=-6.13934e-05 0.000166846 0.00581759 0.00294153 -0.00181505 -0.00381431 0.00105701 0.0197731 -0.00257635 -0.00101511 -0.00319208 -0.012387 -0.0380749 0.00144751 0.00780713 -0.0105865 0.0125 0.0312848 -0.0275266 0.0390959 0.0278241 0.0484741 -0.0537709
internal_weight=992.39 987.914 257.127 236.911 730.787 168.899 140.019 68.0123 23.0008 715.248 574.191 192.868 15.5387 381.323 141.057 28.4309 112.626 45.0115 28.88 20.2158 14.2841 9.56785 12.0613
internal_count=6523 6365 1583 1468 4782 1067 864 401 149 4649 4004 1548 133 2456 645 150 495 252 203 115 84 48 110
is_linear=0
shrinkage=0.05


Tree=67
num_leaves=9
num_cat=0
split_feature=3 3 3 1 1 1 1 3
split_gain=4.42105 4.32262 4.45765 4.08005 5.61556 6.07833 5.73918 0.176168
threshold=0.025800000000000003 6.544000000000001e-05 7.3105000000000012e-05 74.800000000000026 64.250000000000014 66.350000000000009 60.550000000000004 0.0046802500000000012
decision_type=2 2 2 2 2 2 2 2
left_child=1 -1 -3 4 6 -6 -4 -5
right_child=-2 2 3 7 5 -7 -8 -9
leaf_value=-0.051933229326473013 -0.050203635127356844 0.048769011990110557 0.00036695443790463585 -0.053622678236342175 0.051267666835605734 0.0065827985047862041 -0.020764360034826009 -0.027125574539234917
leaf_weight=3.8653180710971347 4.2770766615867606 4.6355185210704795 899.97229063883424 2.8120887465775004 10.564136072993277 27.909237794578075 33.212280109524727 2.8082357048988342
leaf_count=58 158 31 5803 34 60 147 211 21
internal_value=-6.06874e-05 0.00015687 0.000372283 0.000132641 0.000385571 0.0190832 -0.000381901 -0.0419629
internal_weight=990.056 985.779 981.914 977.278 971.658 38.4734 933.185 5.62032
internal_count=6523 6365 6307 6276 6221 207 6014 55
is_linear=0
shrinkage=0.05


Tree=68
num_leaves=21
num_cat=0
split_feature=2 2 2 0 2 1 2 1 1 1 2 2 2 2 2 0 2 2 3 2
split_gain=4.76374 4.61802 9.93925 5.5278 7.60263 15.1667 15.1376 8.01158 5.99294 9.27181 5.67371 5.47133 4.28083 13.7432 13.3995 5.7762 4.22412 7.78169 7.45589 2.51268
threshold=60.95000000000001 40.150000000000006 38.050000000000004 67.500000000000014 45.95000000000001 46.150000000000013 42.650000000000013 56.650000000000013 45.350000000000001 54.150000000000013 53.45000000000001 38.850000000000009 30.450000000000003 31.650000000000002 33.150000000000013 61.500000000000007 29.650000000000002 28.650000000000002 0.00097842500000000021 39.300000000000004
decision_type=2 2 2 2 2 2 2 2 2 2 2 2 2 2 2 2 2 2 2 2
left_child=1 2 12 4 5 6 -3 -7 10 -10 -6 -4 16 15 -15 -14 17 -1 -18 -13
right_child=-2 3 11 -5 8 7 -8 -9 9 -11 -12 19 13 14 -16 -17 18 -19 -20 -21
leaf_value=-0.0020790569900934188 -0.057666703661489585 -0.056285825513645894 -0.063123560085207475 0.062182187476989892 -0.017317327203935914 0.037561787058278 0.016666155940451354 -0.028856899346902099 -0.039069853046494046 0.02025643642086768 0.048305850134800148 0.020330511370418327 0.019351793941625596 -0.034885309560076939 0.011246651706732044 0.070106243869930515 -0.053803600570789756 0.025042505342899819 0.001818365299711565 -0.029618240370946333
leaf_weight=676.8219144558534 3.4760809838771811 11.932276502251627 9.5916277319192904 4.6098541319370261 5.8293204158544523 49.128492474555969 17.156683787703514 4.8422288745641699 22.280156150460247 9.1353235542774183 7.1343301981687546 3.9425825625658018 12.763243220746519 21.066575109958649 61.266309887170792 10.601318955421446 10.471366561949255 27.40801052749157 13.609281808137892 6.3249181658029556
leaf_count=4943 26 69 59 27 28 224 93 20 101 41 30 21 62 111 319 51 56 134 73 35
internal_value=-5.89535e-05 0.000144913 -0.00119594 0.00884749 0.00683176 0.0157751 -0.0131777 0.0314679 -0.00979188 -0.0216501 0.0185079 -0.0360676 -0.000355373 0.00903537 -0.000524512 0.0427946 -0.00172614 -0.00101301 -0.0222843 -0.00994521
internal_weight=989.392 985.916 853.867 132.049 127.439 83.0597 29.089 53.9707 44.3791 31.4155 12.9637 19.8591 834.008 105.697 82.3329 23.3646 728.311 704.23 24.0806 10.2675
internal_count=6523 6497 5864 633 606 406 162 244 200 142 58 115 5749 543 430 113 5206 5077 129 56
is_linear=0
shrinkage=0.05


Tree=69
num_leaves=16
num_cat=0
split_feature=4 4 4 4 4 4 4 4 2 1 4 4 1 1 2
split_gain=4.59096 4.53471 6.28458 7.60826 6.32997 5.4807 5.12195 12.9919 12.0631 4.74237 2.03243 7.39238 1.71525 0.932162 0.449594
threshold=0.2351 0.19510000000000002 0.17705000000000001 0.14355000000000004 0.16200000000000003 0.16885000000000003 0.077500000000000013 0.071350000000000011 17.350000000000005 53.150000000000013 0.32860000000000006 0.34225000000000005 44.750000000000007 50.95000000000001 25.850000000000005
decision_type=2 2 2 2 2 2 2 2 2 2 2 2 2 2 2
left_child=1 2 3 6 -5 -6 7 -1 -8 12 -2 -12 -3 -4 -13
right_child=10 9 13 4 5 -7 8 -9 -10 -11 11 14 -14 -15 -16
leaf_value=0.00032888355995711451 -0.052759616376703546 0.037693634299083317 -0.018133163342663822 0.078964954643050575 -0.039793859266962689 0.047143702261217585 -0.056143932249791001 0.063887339219333317 -0.0031340414222642762 0.094078124311516714 0.060266309647346278 -0.050972703363192644 -0.019556383537992706 -0.060634128560478728 -0.010334530702330699
leaf_weight=867.05822511762381 5.3909931927919379 2.5263393595814696 2.4919205084443083 5.45769005268812 3.2330748811364174 3.8336276412010193 13.114370036870239 8.0177735835313779 58.535687066614628 2.4875434786081314 2.3435318619012815 4.422323165461421 2.4064418748021126 4.5370422825217247 1.2603826038539407
leaf_count=5522 81 21 21 35 22 22 143 44 330 11 18 163 23 31 36
internal_value=-5.76873e-05 0.000338945 3.27548e-05 0.000385486 0.0389462 0.00667111 -0.000123419 0.000924176 -0.012971 0.0390157 -0.0290011 -0.011975 0.00893727 -0.0467337 -0.0431587
internal_weight=987.117 973.7 966.279 959.25 12.5244 7.0667 946.726 875.076 71.6501 7.42032 13.4172 8.02624 4.93278 7.02896 5.68271
internal_count=6523 6225 6170 6118 79 44 6039 5566 473 55 298 217 44 52 199
is_linear=0
shrinkage=0.05


Tree=70
num_leaves=21
num_cat=0
split_feature=2 2 2 2 5 2 1 2 1 1 1 2 5 3 2 2 2 3 2 3
split_gain=4.42085 4.21389 9.20351 5.2622 5.23001 6.84289 13.7495 14.037 7.27834 5.52844 8.45605 5.12124 4.05385 9.14798 12.2027 7.80348 5.07392 7.82842 7.55949 2.46346
threshold=60.95000000000001 40.150000000000006 38.050000000000004 38.850000000000009 0.6150000000000001 45.95000000000001 46.150000000000013 42.650000000000013 56.650000000000013 45.350000000000001 54.150000000000013 53.45000000000001 0.54500000000000015 0.00029936000000000003 17.350000000000005 33.95000000000001 16.650000000000002 0.00097842500000000021 14.15 0.0011871400000000002
decision_type=2 2 2 2 2 2 2 2 2 2 2 2 2 2 2 2 2 2 2 2
left_child=1 2 12 -4 5 6 7 -3 -8 11 -11 -7 16 14 -14 -15 18 -18 -1 -5
right_child=-2 4 3 19 -6 9 8 -9 -10 10 -12 -13 13 15 -16 -17 17 -19 -20 -21
leaf_value=0.0051572208975435227 -0.056743037903157711 -0.054974580858268229 -0.062243780084460715 -0.035441008929799629 0.061264936280143234 -0.016011428052586985 0.035836075125048023 0.015774494026652968 -0.027473260867483269 -0.037481809285901217 0.019266944216370371 0.046465641203325019 -0.030129978031867368 0.0029314637885084656 -0.0020490822612676133 -0.023825651531867106 0.055603965833770252 0.0016375534754014206 -0.045805877891641478 0.012876216371168134
leaf_weight=151.00000908970833 3.327941119670867 11.619925677776338 9.253320626914503 4.8289568424224836 4.4542620480060569 5.8189252242445928 48.898163005709648 17.211909554898739 4.8397842943668357 22.075387328863147 9.1219518631696683 7.0685811042785645 60.814450141042471 449.22971087694168 107.24697628617287 28.887724116444588 12.232166931033136 15.21655837446451 7.5334866195917121 5.4040214717388153
leaf_count=657 26 69 59 28 27 28 224 93 20 101 41 30 671 3335 736 162 58 90 40 28
internal_value=-5.68518e-05 0.000135773 -0.00114397 -0.0350246 0.0084813 0.00653866 0.0150476 -0.0126577 0.030001 -0.0092831 -0.0207204 0.0179651 -0.000340488 -0.0022185 -0.012252 0.00129971 0.00615533 0.025983 0.00267659 -0.00956319
internal_weight=986.084 982.756 851.647 19.4863 131.109 126.655 82.5698 28.8318 53.7379 44.0848 31.1973 12.8875 832.161 646.179 168.061 478.117 185.982 27.4487 158.533 10.233
internal_count=6523 6497 5864 115 633 606 406 162 244 200 142 58 5749 4904 1407 3497 845 148 697 56
is_linear=0
shrinkage=0.05


Tree=71
num_leaves=25
num_cat=0
split_feature=4 3 4 4 4 4 0 3 3 3 0 3 0 3 4 3 4 3 4 4 4 0 3 4
split_gain=4.29149 5.20188 6.46211 11.504 6.20539 10.479 7.02369 6.99419 5.06819 10.9603 5.01607 4.59489 4.09926 2.95179 2.75503 2.05755 1.82152 1.33894 2.81009 1.29786 2.19285 0.896273 0.652899 5.05977
threshold=0.2351 0.006997080000000001 0.077500000000000013 0.071350000000000011 0.10755000000000002 0.12050000000000001 65.500000000000014 0.0049313750000000009 0.004312390000000001 0.0015787650000000002 59.500000000000007 0.010861495000000002 63.500000000000007 0.016250000000000004 0.13495000000000004 0.0085667550000000006 0.13845000000000005 0.0075250400000000011 0.12015000000000002 0.12865000000000001 0.13900000000000004 63.500000000000007 0.016350000000000003 0.35345000000000004
decision_type=2 2 2 2 2 2 2 2 2 2 2 2 2 2 2 2 2 2 2 2 2 2 2 2
left_child=1 2 3 8 6 -6 21 -7 9 -1 -10 14 -5 19 17 -2 -15 18 -3 -13 -21 -4 -17 -24
right_child=15 11 4 12 5 7 -8 -9 10 -11 -12 13 -14 16 -16 22 -18 -19 -20 20 -22 -23 23 -25
leaf_value=-0.0014326581464531767 0.0064179084134131752 0.057405548492540107 -0.034151389676150952 0.0231055775085009 0.050755355542320239 0.0036397303124181381 0.015853552255949494 -0.053610611153463286 -0.0013990098664829543 0.016112836671728855 -0.047876432930460927 0.0096667610972284018 0.096140527554888222 0 0.057895428577640101 -0.052828426829927978 0.055686488619243163 0.0025977481877601637 0.0065900493178829705 -0.046180232273700238 -0.0021322623355888711 -0.056273804520873508 0.073096810868087586 -0.049094917340488681
leaf_weight=720.74742358550429 2.980454593896865 5.2631733119487816 21.16300039365888 4.2954315245151502 7.7632902935147312 15.23229004442692 6.6526360213756552 7.9853053130209437 13.065717667341234 101.41617235541344 10.699135601520537 5.6663558185100618 3.9042528718709946 2.3942448645830146 6.943603888154029 5.0788030326366407 3.2153611741960049 7.27957659959793 6.096307173371315 4.4969416037201873 8.0345858857035619 7.7487217932939521 0.9488200545310973 3.9960662228986621
leaf_count=4748 28 25 154 25 36 129 39 67 53 566 66 27 19 21 33 81 27 30 27 27 52 54 7 182
internal_value=-5.68555e-05 0.000321956 -0.000521585 0.00064277 -0.01552 0.000690178 -0.0297436 -0.0159816 6.21049e-05 0.000727243 -0.022646 0.0161166 0.0592227 8.1096e-05 0.0307862 -0.0284832 0.0316711 0.0201654 0.0308661 -0.00950334 -0.0185752 -0.0404264 -0.0393156 -0.0236736
internal_weight=983.068 970.064 920.673 854.128 66.5452 30.9809 35.5644 23.2176 845.928 822.164 23.7649 49.3902 8.19968 23.8075 25.5827 13.0041 5.60961 18.6391 11.3595 18.1979 12.5315 28.9117 10.0237 4.94489
internal_count=6523 6225 5956 5477 479 232 247 196 5433 5314 119 269 44 154 115 298 48 82 52 106 79 208 270 189
is_linear=0
shrinkage=0.05


Tree=72
num_leaves=8
num_cat=0
split_feature=2 3 3 3 3 1 3
split_gain=4.2206 4.00798 4.24879 3.94658 4.08413 8.03724 4.87274
threshold=60.95000000000001 6.544000000000001e-05 7.3105000000000012e-05 0.025800000000000003 0.006997080000000001 52.650000000000013 0.004312390000000001
decision_type=2 2 2 2 2 2 2
left_child=1 -1 -3 4 6 -6 -4
right_child=-2 2 3 -5 5 -7 -8
leaf_value=-0.051545305363142759 -0.056335457986116146 0.047975222809607393 0.00035388942682521523 -0.049796496062405271 0.003099848832303792 0.048819461591529577 -0.016270768341744148
leaf_weight=3.6365632265806189 3.2202919349074355 4.5581123009324065 864.50107581913471 3.8455419475212684 43.050473341718316 12.388590931892393 46.324617553502321
leaf_count=58 26 31 5589 158 317 72 272
internal_value=-5.46007e-05 0.000131288 0.000334495 0.000100577 0.000309464 0.013476 -0.000487846
internal_weight=981.525 978.305 974.668 970.11 966.265 55.4391 910.826
internal_count=6523 6497 6439 6408 6250 389 5861
is_linear=0
shrinkage=0.05


Tree=73
num_leaves=19
num_cat=0
split_feature=2 2 1 2 1 2 3 3 1 1 3 2 5 3 5 5 2 5
split_gain=3.9753 3.8063 5.74285 4.95019 4.48595 12.2186 11.0833 7.17203 6.29305 6.22193 5.70946 17.9072 4.39396 8.93013 4.21605 4.04449 2.41751 1.38499
threshold=60.95000000000001 28.650000000000002 73.250000000000014 28.300000000000001 48.250000000000007 52.350000000000001 0.00059795500000000006 0.0046802500000000012 40.250000000000007 48.850000000000001 0.00036877000000000009 36.400000000000006 0.6150000000000001 0.0011075150000000001 0.59500000000000008 0.51500000000000012 41.800000000000004 0.56500000000000006
decision_type=2 2 2 2 2 2 2 2 2 2 2 2 2 2 2 2 2 2
left_child=1 2 3 12 6 7 10 9 -8 -6 11 -3 14 -14 -1 -10 -12 -5
right_child=-2 4 -4 17 5 -7 8 -9 15 -11 16 -13 13 -15 -16 -17 -18 -19
leaf_value=-0.001492901260241082 -0.05571582266623594 0.058204041127045927 -0.054286426018665616 -0.01582963225669428 0.059766616433013321 -0.066350393749762995 0.047489642159424618 0.062213963175879718 0.045064434937120403 0.0085193503149914793 -0.056675393083663234 -0.044245600434347429 -0.035830999465531012 0.048525540881661319 0.013148822101553015 0.00047955814250711802 -0.012036294647816456 -0.057154207660668227
leaf_weight=581.76557861641049 3.0975257307291022 6.7223591208457973 5.110956732183694 4.4455605894327146 6.1394057124853125 4.8601070046424857 8.4437370151281339 7.0792345739901057 5.2731745690107337 137.18817573785782 13.208368189632894 11.243810303509234 19.585894234478477 3.5975639503449193 53.589351529255509 100.56475865840912 4.4068623483180991 4.6770718321204185
leaf_count=4240 26 37 56 35 28 25 42 40 24 651 95 88 177 30 369 500 24 36
internal_value=-5.27914e-05 0.000124089 -0.00197144 -0.00155541 0.00475996 0.0107169 -0.00138151 0.0132829 0.00617365 0.0107895 -0.0257369 -0.00552551 -0.00103798 -0.0223738 -0.000248194 0.00278855 -0.0459211 -0.0379484
internal_weight=980.999 977.902 672.772 667.661 305.13 155.267 149.863 150.407 114.282 143.328 35.5814 17.9662 658.538 23.1835 635.355 105.838 17.6152 9.12263
internal_count=6523 6497 4943 4887 1554 744 810 719 566 679 244 125 4816 207 4609 524 119 71
is_linear=0
shrinkage=0.05


Tree=74
num_leaves=8
num_cat=0
split_feature=3 3 3 2 3 5 3
split_gain=3.79098 3.93989 3.74738 3.76902 3.93764 9.1534 8.24407
threshold=6.544000000000001e-05 7.3105000000000012e-05 0.025800000000000003 60.95000000000001 0.0015787650000000002 0.57500000000000007 0.0013690800000000002
decision_type=2 2 2 2 2 2 2
left_child=-1 -2 3 4 6 -6 -3
right_child=1 2 -4 -5 5 -7 -8
leaf_value=-0.051297235294930722 0.046276194670191881 -0.00080220014257696747 -0.04963382498925719 -0.05512195394564498 -0.0002847370613138737 0.020879155385438216 -0.038004029605956807
leaf_weight=3.4964288137853137 4.5040874332189551 698.0601251758635 3.7011700291186562 2.9784492030739775 180.46838802471757 70.91581117361784 15.128842566162346
leaf_count=58 31 4547 158 26 1139 431 133
internal_value=-5.33718e-05 0.000130364 -8.32269e-05 0.000106261 0.000287677 0.00567167 -0.00160359
internal_weight=979.253 975.757 971.253 967.552 964.573 251.384 713.189
internal_count=6523 6465 6434 6276 6250 1570 4680
is_linear=0
shrinkage=0.05


Tree=75
num_leaves=25
num_cat=0
split_feature=4 3 4 4 4 4 1 4 1 3 4 5 3 5 1 1 1 3 3 3 1 3 3 3
split_gain=3.95289 4.52137 6.14789 10.2759 5.98656 9.66363 6.44595 6.84841 6.28186 4.61112 13.2692 12.92 4.22037 3.45182 9.35377 4.7733 2.9249 2.51862 4.24225 2.31407 1.57672 1.36497 0.0891002 1.11734
threshold=0.21275000000000002 0.006997080000000001 0.077500000000000013 0.072750000000000009 0.10755000000000002 0.11565000000000002 52.250000000000007 0.091200000000000017 60.550000000000004 0.0015787650000000002 0.041600000000000005 0.57500000000000007 0.0079890700000000026 0.55500000000000016 50.750000000000007 49.45000000000001 44.150000000000013 0.0071393500000000009 0.0075250400000000011 0.0085667550000000006 40.850000000000001 0.011142310000000001 0.022200000000000001 0.027502890000000006
decision_type=2 2 2 2 2 2 2 2 2 2 2 2 2 2 2 2 2 2 2 2 2 2 2 2
left_child=1 2 3 9 6 -6 16 -8 -7 10 -1 -11 17 14 15 -14 -4 -3 -19 -2 -21 -15 -22 -24
right_child=19 12 4 -5 5 8 7 -9 -10 11 -12 -13 13 21 -16 -17 -18 18 -20 20 22 -23 23 -25
leaf_value=0.00010236630584848639 0.0061233786758320323 0.011217532111740904 -0.0026995684570571819 0.06536124811663821 0.078119822099259661 -0.017743558716310875 0.022310167898719788 -0.037950656272262011 0.058848225947642753 -0.0011910380132434803 -0.033041180446483243 0.033912856229458631 0.013502661047133786 -0.047606647146136737 0.072997241053859449 -0.047389804176121514 -0.061237985840188504 0.083322814380929297 0.019798293830346758 0.013731965207410147 -0.052302259748909667 -0.0061958141156911312 0.027501779241259697 -0.046649294011112639
leaf_weight=687.5387482251972 3.5694609060883513 8.2229032665491122 2.745539195835593 5.9949568659067145 3.4876157790422466 24.143085576593879 8.9760155677795428 9.6170467138290388 2.8913373798131934 89.638473331928253 31.472469445317984 36.793673872947693 10.161639809608465 3.3349139764904958 5.0143790058791629 4.5599088370800009 13.804659295827149 4.9248074293136579 6.2525798380374908 1.0472238287329663 6.0444142241030914 5.628839910030365 0.49198959022760425 2.161586138419807
leaf_count=4475 31 39 18 28 17 196 60 58 18 489 283 202 60 22 28 28 111 21 26 12 120 35 13 133
internal_value=-5.30969e-05 0.00031638 -0.00046277 0.000669214 -0.0151952 0.00085364 -0.0292384 -0.00862785 -0.00918109 0.0001969 -0.00134583 0.00900394 0.015246 0.00284876 0.0146735 -0.00521354 -0.0519018 0.0332207 0.0487215 -0.0270125 -0.0395963 -0.0225094 -0.0466683 -0.0305859
internal_weight=978.518 965.204 917.104 851.438 65.6653 30.522 35.1433 18.5931 27.0344 845.443 719.011 126.432 48.1 28.6997 19.7359 14.7215 16.5502 19.4003 11.1774 13.3147 9.74521 8.96375 8.69799 2.65358
internal_count=6523 6214 5955 5477 478 231 247 118 214 5449 4758 691 259 173 116 88 129 86 47 309 278 57 266 146
is_linear=0
shrinkage=0.05


Tree=76
num_leaves=16
num_cat=0
split_feature=4 4 4 4 3 4 4 2 4 3 2 3 3 4 3
split_gain=3.66357 4.22677 5.40218 6.05337 9.25006 4.71728 4.45317 11.2007 9.07684 2.21485 1.36127 0.919774 2.6308 0.700061 0.0714576
threshold=0.21275000000000002 0.19510000000000002 0.17705000000000001 0.14355000000000004 0.0049313750000000009 0.16200000000000003 0.077500000000000013 17.350000000000005 0.071350000000000011 0.0085667550000000006 25.850000000000005 0.016350000000000003 0.027502890000000006 0.18145000000000003 0.014450000000000003
decision_type=2 2 2 2 2 2 2 2 2 2 2 2 2 2 2
left_child=1 2 3 6 -5 -6 8 -8 -1 -2 -11 -12 -13 -4 -3
right_child=9 14 13 4 5 -7 7 -9 -10 10 11 12 -14 -15 -16
leaf_value=0.00035180516782684851 0.005802632706231485 0.049370341756827814 -0.060787330538494201 0.10229138951657553 0.041021465710626287 -0.033062990899338195 -0.05550551613416508 -0.002868607929142375 0.052404047895769058 -0.05127880071335629 -0.045455875910425811 0.071674402028888001 -0.042152814053088655 -0.022938800169221334 0.028187781511716938
leaf_weight=860.79683259129524 3.5835823267698279 3.3138350024819365 3.5628350116312495 3.5366249978542319 4.4918749928474409 3.9007784053683281 12.241930123418568 57.245968595147133 8.3607638180255872 6.652435281313954 0.94451078772544894 0.88412022590637185 0.91172899678349495 2.9609113037586212 3.0603888630867004
leaf_count=5522 31 18 31 23 30 26 143 330 44 224 12 7 35 21 26
internal_value=-5.11315e-05 0.000300486 2.28934e-05 0.000341632 0.0355868 0.00601552 -0.000104716 -0.0122801 0.000864239 -0.0263431 -0.0390661 -0.00689707 0.0120732 -0.0449697 0.0405649
internal_weight=976.449 963.473 957.099 950.575 11.9293 8.39265 938.645 69.4879 869.158 12.9764 9.3928 2.74036 1.79585 6.52375 6.37422
internal_count=6523 6214 6170 6118 79 56 6039 473 5566 309 278 54 42 52 44
is_linear=0
shrinkage=0.05


Tree=77
num_leaves=12
num_cat=0
split_feature=3 3 1 1 1 2 1 4 1 2 4
split_gain=3.58968 3.60462 3.52938 4.6881 6.45381 8.4428 5.53964 8.39354 5.43796 5.12982 0.484336
threshold=6.544000000000001e-05 7.3105000000000012e-05 74.800000000000026 64.550000000000011 66.350000000000009 47.050000000000004 60.550000000000004 0.0087500000000000026 54.150000000000013 27.150000000000002 0.067650000000000002
decision_type=2 2 2 2 2 2 2 2 2 2 2
left_child=-1 -2 3 6 9 -6 8 -8 -3 -5 -4
right_child=1 2 10 4 5 -7 7 -9 -10 -11 -12
leaf_value=-0.050977072056342602 0.044527250636288519 -0.0013949032349820378 -0.05378060818685141 0.018447049978864701 -0.0058626907177298689 0.071286488673721907 0.029504353879362212 -0.032535884827529962 0.0097311161095339424 0.095307744115563642 -0.017093001237142504
leaf_weight=3.3483680225908747 4.4499970674514762 762.9326951187104 3.1417777165770522 5.0788827408105117 23.896225757896904 4.0492723584175101 6.6282085478305808 27.504919109866023 128.1659119296819 4.066987469792366 2.105091318488121
leaf_count=58 31 5135 39 40 128 19 39 189 810 19 16
internal_value=-4.94785e-05 0.000126037 -7.75841e-05 0.000142308 0.0175521 0.00535218 -0.000552046 -0.0202914 0.000200644 0.0538274 -0.0405913
internal_weight=975.368 972.02 967.57 962.323 37.0914 27.9455 925.232 34.1331 891.099 9.14587 5.24687
internal_count=6523 6465 6434 6379 206 147 6173 228 5945 59 55
is_linear=0
shrinkage=0.05


Tree=78
num_leaves=12
num_cat=0
split_feature=4 3 1 1 1 4 4 4 1 4 4
split_gain=3.46823 3.42753 3.37341 4.15192 5.65748 6.31782 5.39037 13.0708 5.07182 0.483332 0.158429
threshold=0.34225000000000005 6.544000000000001e-05 74.800000000000026 64.250000000000014 60.550000000000004 0.067650000000000002 0.0068500000000000011 0.011450000000000002 54.150000000000013 0.067650000000000002 0.35345000000000004
decision_type=2 2 2 2 2 2 2 2 2 2 2
left_child=1 -1 3 4 8 -6 -5 -8 -3 -4 -2
right_child=10 2 9 6 5 -7 7 -9 -10 -11 -12
leaf_value=-0.050659573477606967 -0.017532779271006823 -0.00089832457735050544 -0.053349407661987716 -0.02047237694512561 -0.032067667963763938 0.02195441975354466 0.07688108808676794 0.0049113159603520057 0.0098736271559051823 -0.016430874855801043 -0.04859601808054656
leaf_weight=3.2051372844725838 1.292953386902808 763.61107212677598 3.0128863267600527 7.6004078686237326 25.49702400714159 6.6729409024119368 8.8786443620920199 21.845715411007404 127.34484566375613 2.0849787592887878 3.5481840297579765
leaf_count=58 9 5005 39 38 166 45 42 127 788 16 190
internal_value=-4.67346e-05 0.000161012 0.000339932 0.000562182 -0.000102747 -0.0206737 0.016667 0.0260531 0.000636641 -0.0398186 -0.0418344
internal_weight=974.595 969.754 966.549 961.451 923.126 32.17 38.3248 30.7244 890.956 5.09787 4.84114
internal_count=6523 6324 6266 6211 6004 211 207 169 5793 55 199
is_linear=0
shrinkage=0.05


Tree=79
num_leaves=15
num_cat=0
split_feature=4 1 1 1 1 4 4 1 4 0 4 1 4 4
split_gain=3.27458 3.12035 3.89058 5.91186 4.67577 7.84087 8.74975 4.06137 8.84802 3.76755 3.75348 6.99816 2.03497 0.481746
threshold=0.35345000000000004 74.800000000000026 64.550000000000011 66.350000000000009 60.550000000000004 0.0087500000000000026 0.067650000000000002 54.150000000000013 0.091200000000000017 60.500000000000007 0.0068500000000000011 69.750000000000014 0.011450000000000002 0.067650000000000002
decision_type=2 2 2 2 2 2 2 2 2 2 2 2 2 2
left_child=1 2 4 12 7 -6 -7 9 -9 -1 -5 -12 -4 -3
right_child=-2 13 3 10 5 6 -8 8 -10 -11 11 -13 -14 -15
leaf_value=0.0050058977128338176 -0.048406944736951216 -0.052927252125262662 0.07670574913390299 -0.026421216546423799 0.029327212051263152 -0.048014653588783623 0.016186117989588942 0.014415213055488325 -0.020750921026826526 -0.0030424659479241782 -0.029692619405059451 0.033990478728706967 0.025963496207203736 -0.015789752162443278
leaf_weight=194.6274186372757 3.3883714796975246 2.8890075385570517 4.2915270924568159 7.0315663218498257 6.6240172088146201 19.615398406982425 7.0652619749307624 108.00493285059929 21.242089472711086 571.6269171461463 5.9095824658870724 14.789317458868025 4.6194072514772415 2.0657164603471756
leaf_count=892 190 39 22 35 39 134 47 661 142 4165 36 76 29 16
internal_value=-4.64937e-05 0.000122186 0.000332431 0.0162927 -0.000293507 -0.0186637 -0.0308301 0.000386124 0.00858534 -0.000991283 0.00464348 0.0155131 0.051536 -0.0390518
internal_weight=973.791 970.402 965.447 36.6414 928.806 33.3047 26.6807 895.501 129.247 766.254 27.7305 20.6989 8.91093 4.95472
internal_count=6523 6333 6278 198 6080 220 181 5860 803 5057 147 112 51 55
is_linear=0
shrinkage=0.05


Tree=80
num_leaves=15
num_cat=0
split_feature=4 1 1 2 4 2 1 4 2 4 1 0 4 4
split_gain=3.10642 2.91719 3.52896 5.64536 10.1681 9.78412 4.32952 9.53742 11.5973 6.63826 5.59893 15.8109 5.45818 0.479578
threshold=0.35345000000000004 74.800000000000026 64.550000000000011 47.050000000000004 0.0069500000000000004 27.950000000000003 59.750000000000007 0.011450000000000002 26.950000000000003 0.067650000000000002 57.150000000000013 63.500000000000007 0.016350000000000003 0.067650000000000002
decision_type=2 2 2 2 2 2 2 2 2 2 2 2 2 2
left_child=1 2 6 4 -4 -6 10 8 -8 -9 12 -12 -1 -3
right_child=-2 13 3 -5 5 -7 7 9 -10 -11 11 -13 -14 -15
leaf_value=-0.0040597336504680356 -0.048215599325291569 -0.052513127738435722 -0.050867892416555122 0.0680191015639766 0.0012007986152370836 0.068002361153795474 -0.036815968083746251 -0.04537181216781478 0.065721652466299865 0.0062690773784447283 7.5548194250736199e-05 0.079826537481710591 0.0039505425762743759 -0.015169268841187553
leaf_weight=455.89943700097501 3.2359770932234815 2.7700044550001612 5.8468529209494582 4.4201325774192801 18.458833560347561 7.7958060055971137 4.5706198811531049 21.678395204246048 6.5324163287878036 8.4569472372531873 24.257773727178574 8.3143857419490796 398.24574381113052 2.0472730845212936
leaf_count=3017 190 39 29 22 112 35 39 139 31 56 137 41 2620 16
internal_value=-4.57783e-05 0.000114835 0.000315792 0.0155419 0.00797215 0.0214087 -0.000279686 -0.0160998 0.0231134 -0.0307415 0.000452153 0.0207679 -0.000319059 -0.0382906
internal_weight=972.531 969.295 964.477 36.5216 32.1015 26.2546 927.956 41.2384 11.103 30.1353 886.717 32.5722 854.145 4.81728
internal_count=6523 6333 6278 198 176 147 6080 265 70 195 5815 178 5637 55
is_linear=0
shrinkage=0.05


Tree=81
num_leaves=11
num_cat=0
split_feature=3 3 3 3 3 3 2 2 3 3
split_gain=3.20241 3.37623 3.72285 9.61983 3.95499 3.77186 2.9616 13.0969 8.3481 0.76074
threshold=6.544000000000001e-05 7.866500000000002e-05 8.4935000000000013e-05 8.5515000000000024e-05 8.3300000000000005e-05 8.1425000000000014e-05 21.150000000000002 22.150000000000002 0.000110475 7.3105000000000012e-05
decision_type=2 2 2 2 2 2 2 2 2 2
left_child=-1 9 4 -4 5 -3 8 -8 -5 -2
right_child=1 2 3 6 -6 -7 7 -9 -10 -11
leaf_value=-0.050325161560056189 0.043098339020589863 -0.040567172835379466 0.10157286463264135 0.0088790422882098693 -0.052988541547907254 0.011910560420472801 0.029352149560747109 0.0001553427230923936 -0.0070392414255996891 0.015443957861723057
leaf_weight=3.0568698178976765 4.394842877984046 5.1131236255168941 2.2366381734609595 109.89542688801885 6.5397180765867224 9.701358959078787 41.89184346050024 454.52249187976122 325.94496593531221 8.1185016930103284
leaf_count=58 31 21 9 711 27 40 230 2642 2721 33
internal_value=-4.39905e-05 0.000114752 -0.000219169 0.000248298 -0.0208151 -0.00601711 -3.0248e-07 0.00263471 -0.00301292 0.0258176
internal_weight=971.416 968.359 955.846 934.491 21.3542 14.8145 932.255 496.414 435.84 12.5133
internal_count=6523 6465 6401 6313 88 61 6304 2872 3432 64
is_linear=0
shrinkage=0.05


Tree=82
num_leaves=11
num_cat=0
split_feature=3 3 3 3 3 3 2 2 3 3
split_gain=3.03189 3.07287 3.37929 8.67444 3.63029 3.42556 2.67601 11.7276 7.55002 0.705427
threshold=6.544000000000001e-05 7.866500000000002e-05 8.4935000000000013e-05 8.5515000000000024e-05 8.3300000000000005e-05 8.1425000000000014e-05 21.150000000000002 22.150000000000002 0.000110475 7.3105000000000012e-05
decision_type=2 2 2 2 2 2 2 2 2 2
left_child=-1 9 4 -4 5 -3 8 -8 -5 -2
right_child=1 2 3 6 -6 -7 7 -9 -10 -11
leaf_value=-0.050016521592033007 0.041469195703265044 -0.038764733408445037 0.096211180877524283 0.0084231409104550698 -0.050887555003483478 0.011298020405657246 0.027688167356623009 0.00014757098787122902 -0.0067138443893167369 0.014695548095574188
leaf_weight=2.9258787408471099 4.3443603813648215 5.0885986685752895 2.2484291642904273 110.0525830835104 6.4750142246484748 9.7208719998598081 42.187117137014866 454.54076674859971 324.69295132439584 8.1106544286012632
leaf_count=58 31 21 9 711 27 40 230 2642 2721 33
internal_value=-4.12508e-05 0.000109875 -0.000207991 0.000236781 -0.0198632 -0.00571303 0 0.00250176 -0.00286948 0.0246885
internal_weight=970.387 967.461 955.006 933.722 21.2845 14.8095 931.473 496.728 434.746 12.455
internal_count=6523 6465 6401 6313 88 61 6304 2872 3432 64
is_linear=0
shrinkage=0.05


Tree=83
num_leaves=17
num_cat=0
split_feature=4 4 4 4 0 4 2 4 1 2 2 1 1 2 4 1
split_gain=2.96865 3.89529 5.19781 5.54327 5.68947 4.16884 10.4532 8.18098 2.32374 8.14027 1.90653 1.38183 0.888745 0.317671 0.260736 0.20702
threshold=0.21275000000000002 0.19510000000000002 0.17705000000000001 0.14355000000000004 61.500000000000007 0.077500000000000013 17.350000000000005 0.072750000000000009 52.850000000000001 16.650000000000002 25.850000000000005 53.050000000000004 50.95000000000001 21.750000000000004 0.34225000000000005 42.250000000000007
decision_type=2 2 2 2 2 2 2 2 2 2 2 2 2 2 2 2
left_child=1 2 3 5 13 7 -7 -1 10 -10 -2 -3 -4 -5 -11 -12
right_child=8 11 12 4 -6 6 -8 -9 9 14 15 -13 -14 -15 -16 -17
leaf_value=0.00040216178196281156 -0.051730941814899505 0.015513409015460222 -0.016040849960046934 0.080445913902738878 -0.0037654184470530742 -0.055060798604464216 -0.0030575025177988677 0.057505671002808616 0.12570258604390777 -0.0072554780864763678 0.019849623584327566 0.065055340743181866 -0.058947770127500181 0.047203009200975102 -0.050335641963886228 -0.009952826150257027
leaf_weight=857.68046526424587 6.498536538332699 3.5440390408039084 2.3625037781894198 3.1853301823139173 5.2057394608855247 11.590239513665436 57.312194183468819 6.2209808975458136 0.96833159681409542 0.86855535954237018 0.88329476118087802 2.8262708783149719 4.0701603665947914 3.3198055811226368 1.6135418219491837 1.2220618352293966
leaf_count=5538 185 32 21 22 33 143 330 28 20 6 10 12 31 24 53 35
internal_value=-3.85905e-05 0.000267975 0 0.000312281 0.0343529 -0.000113359 -0.0119447 0.000825761 -0.0245983 0.00873486 -0.0384872 0.0389318 -0.0444416 0.0652093 -0.0380619 0.00061658
internal_weight=969.372 957.318 950.947 944.515 11.7109 932.804 68.9024 863.901 12.0543 3.45043 8.60389 6.37031 6.43266 6.50514 2.4821 2.10536
internal_count=6523 6214 6170 6118 79 6039 473 5566 309 79 230 44 52 46 59 45
is_linear=0
shrinkage=0.05


Tree=84
num_leaves=15
num_cat=0
split_feature=4 1 1 2 4 4 1 2 4 5 1 1 2 4
split_gain=2.839 2.731 3.18694 5.36153 9.13724 11.0916 4.28128 5.17657 3.77127 3.56483 15.7356 4.818 2.83707 0.476216
threshold=0.35345000000000004 74.800000000000026 64.250000000000014 47.050000000000004 0.0069500000000000004 0.011450000000000002 60.550000000000004 26.950000000000003 0.013500000000000002 0.57500000000000007 56.650000000000013 33.650000000000013 15.350000000000003 0.067650000000000002
decision_type=2 2 2 2 2 2 2 2 2 2 2 2 2 2
left_child=1 2 6 4 -4 -6 9 12 -9 11 -11 -1 -8 -3
right_child=-2 13 3 -5 5 -7 7 8 -10 10 -12 -13 -14 -15
leaf_value=0.0052568349325651442 -0.04789448627564432 -0.052111526988811156 -0.048753654812323473 0.066629437497576896 0.080476251609136434 0.0029834895882922827 0.0069600947154259104 0.041853734191519207 -0.013314048497307121 0.0026721786685056843 0.061965365893337392 -0.0040757644413145222 -0.047309595851972898 -0.014597022167284611
leaf_weight=192.923608712852 2.9895997578278175 2.6572464257478705 5.8067632988095275 4.2897954136133185 5.8040218651294735 21.933182708919048 2.7088937759399476 4.2887479513883582 10.32655283808708 201.91343063116074 11.765897773206232 485.64494748786092 13.50561188906431 2.0304375141859055
leaf_count=964 190 39 29 22 29 127 19 21 59 1352 57 3487 112 16
internal_value=-3.78167e-05 0.000110119 0.000302936 0.014509 0.00751674 0.0196093 -0.000275416 -0.0185666 0.00270914 0.000353004 0.00598791 -0.00141467 -0.0379494 -0.037551
internal_weight=968.589 965.599 960.911 37.8338 33.544 27.7372 923.078 30.8298 14.6153 892.248 213.679 678.569 16.2145 4.68768
internal_count=6523 6333 6278 207 185 156 6071 211 80 5860 1409 4451 131 55
is_linear=0
shrinkage=0.05


Tree=85
num_leaves=9
num_cat=0
split_feature=3 3 3 3 3 3 3 0
split_gain=2.87037 2.79657 6.68456 3.69291 4.66735 7.81381 1.88864 0.970504
threshold=6.544000000000001e-05 8.1195000000000011e-05 8.1425000000000014e-05 8.2010000000000009e-05 8.4935000000000013e-05 8.5515000000000024e-05 8.3300000000000005e-05 57.500000000000007
decision_type=2 2 2 2 2 2 2 2
left_child=-1 7 -3 -4 6 -6 -5 -2
right_child=1 2 3 4 5 -7 -8 -9
leaf_value=-0.049708888097209053 0.0064284739905000931 -0.075780706992724378 0.053129236477356914 -0.0098011298323385683 0.091323653844194108 3.3995614792290629e-06 -0.0491308973821405 0.033470972873679679
leaf_weight=2.8000251650810233 6.6073374897241584 2.8181564211845389 3.1607543975114814 6.5868066400289518 2.24864937365055 928.54086223244667 6.4134601950645447 8.027253329753874
leaf_count=58 33 12 13 27 9 6304 27 40
internal_value=-3.59936e-05 0.00010818 -0.00022193 5.63349e-06 -0.00017259 0.000239174 -0.0298124 0.0217274
internal_weight=967.203 964.403 949.769 946.951 943.79 930.79 13.0003 14.6346
internal_count=6523 6465 6392 6380 6367 6313 54 73
is_linear=0
shrinkage=0.05


Tree=86
num_leaves=18
num_cat=0
split_feature=4 4 4 4 1 4 4 4 4 1 0 1 1 1 4 4 1
split_gain=2.64367 3.52146 4.86949 5.19658 5.83574 4.47351 3.75715 7.49082 7.29142 2.21678 6.66763 1.42625 1.19229 1.13662 0.203045 1.06703 0.0622929
threshold=0.21275000000000002 0.19510000000000002 0.17705000000000001 0.14355000000000004 48.45000000000001 0.16200000000000003 0.077500000000000013 0.10755000000000002 0.072750000000000009 52.850000000000001 62.500000000000007 40.850000000000001 53.050000000000004 50.850000000000001 0.34225000000000005 0.45600000000000002 53.150000000000013
decision_type=2 2 2 2 2 2 2 2 2 2 2 2 2 2 2 2 2
left_child=1 2 3 6 -5 -6 8 -8 -1 11 16 -2 -3 -4 -13 -16 -11
right_child=9 12 13 4 5 -7 7 -9 -10 10 -12 14 -14 -15 15 -17 -18
leaf_value=0.00036655158240442667 0.015308764192775708 0.014957895976482324 -0.0085107542177713016 -0.025962813314778233 0.09019610392593852 0.016893155156280308 -0.028020141349919508 0.004963271367923577 0.0538569201522546 0.10818483369146417 -0.052311380744305469 -0.051930859816846066 0.061162477296205012 -0.057986438834053813 0.032426761401052356 -0.04482049475484455 0.048028904028889867
leaf_weight=856.38349855132401 0.93109360337257197 3.5349646657705298 1.9772998355329026 2.9305089488625518 4.2617391310632211 4.476223349571228 34.001106165349483 34.283186353743076 6.3213887214660636 0.71524848788976603 1.8629494830965994 5.2401070166379213 2.848773404955864 4.2966625355184078 0.45458040107041631 1.5600324016995726 0.84675034135580063
leaf_count=5538 12 32 16 19 27 33 247 226 28 7 28 94 12 36 17 107 44
internal_value=-3.40352e-05 0.00025021 0 0.000293771 0.0333126 0.0538267 -0.00011823 -0.0114042 0.000770489 -0.0236507 0.00879 -0.0377696 0.0369734 -0.0435563 -0.0453772 -0.0243166 0.083435
internal_weight=966.926 955.315 948.932 942.658 11.6685 8.73796 930.989 68.2843 862.705 11.6108 3.42495 8.18581 6.38374 6.27396 7.25472 2.01461 1.562
internal_count=6523 6214 6170 6118 79 60 6039 473 5566 309 79 230 44 52 218 124 51
is_linear=0
shrinkage=0.05


Tree=87
num_leaves=31
num_cat=0
split_feature=3 4 3 5 4 3 3 4 4 4 4 4 3 3 3 0 4 4 0 3 3 3 4 4 3 0 4 4 4 4
split_gain=2.92945 14.5855 9.7973 7.46614 10.3441 11.1896 10.0068 8.33407 6.84442 34.2277 8.66106 8.55523 6.42914 6.30278 13.9868 6.98991 6.24373 5.63906 4.91168 4.27124 24.0557 3.93729 2.03277 1.87722 2.8704 1.70612 3.01776 9.04069 1.11765 0.67957
threshold=0.0015787650000000002 0.041600000000000005 0.0016859400000000001 0.57500000000000007 0.087550000000000003 0.004237035000000001 0.0033204250000000005 0.051500000000000011 0.038000000000000006 0.038350000000000002 0.035950000000000003 0.039550000000000009 0.0022204250000000003 0.0027416850000000002 0.0025021500000000003 61.500000000000007 0.069850000000000009 0.088000000000000009 54.500000000000007 0.0014041900000000003 0.0012994950000000001 0.0072075300000000011 0.039850000000000003 0.091200000000000017 0.0019442100000000003 62.500000000000007 0.05655000000000001 0.062750000000000014 0.038350000000000002 0.049150000000000006
decision_type=2 2 2 2 2 2 2 2 2 2 2 2 2 2 2 2 2 2 2 2 2 2 2 2 2 2 2 2 2 2
left_child=1 8 16 12 5 7 -6 -5 10 -10 19 -11 23 14 -14 -15 28 -18 -3 20 -1 -8 -13 24 -4 26 29 -28 -2 -20
right_child=2 18 3 4 6 -7 21 -9 9 11 -12 22 13 15 -16 -17 17 -19 25 -21 -22 -23 -24 -25 -26 -27 27 -29 -30 -31
leaf_value=-0.0012191576646338846 0.081437329079852239 0.034144005903048509 0.0040888304216203349 0.017683054149471748 -0.059479687482622869 -0.02784181718579444 0.030084660036893918 0.066630408987494505 0.10943590267628467 -0.052920445379585651 -0.069039459437251496 0.036075773485378541 0.0070735552685455205 0.0018250147283417183 0.11769426143639534 -0.029397268920746945 -0.030074284692858999 0.052577422173060141 -0.030100394033145197 -0.049180731230251906 0.11347264327872791 -0.018243852318142011 0 -0.057211305577116317 -0.032256487850884905 -0.054784829497480307 0.084987360616293722 -0.035239527037685174 0.045166929569515749 -0.059672720155624741
leaf_weight=634.66896617598832 5.0288258194923419 2.3073454797267905 7.892567560076718 18.123293854296207 7.1236417815089252 6.6793553382158271 10.306805215775968 17.465000212192535 8.2939921468496305 7.1434315517544773 4.5775453224778166 5.5473746359348324 17.126494690775875 94.4068897892721 3.3638989627361289 21.961154215969145 4.764994088560341 3.4646075218915939 5.0049195997417026 4.4195644259452811 4.5047374367713919 6.8687433497980228 12.920718163251875 4.1590916328132144 15.731487907469273 11.838904645293949 1.9522519670426826 6.3980520516633987 6.4671437665820122 5.7076442390680313
leaf_count=4226 22 15 59 106 55 48 63 79 35 39 26 25 110 691 18 156 38 21 47 29 23 97 72 37 107 116 16 66 34 47
internal_value=-3.14551e-05 -0.0016673 0.00461039 0.00169454 0.0158271 0.0307748 -0.00998851 0.0419635 -8.22287e-05 0.0217755 -0.00123649 -0.00673302 -0.00399525 0.000426935 0.0259603 -0.00404455 0.0383546 0.00433474 -0.0339746 -0.000735827 -0.000385393 0.0104743 0.0110517 -0.0258814 -0.0199371 -0.0393159 -0.0292123 -0.00586639 0.0620298 -0.0467251
internal_weight=966.219 715.285 250.934 231.208 66.5668 42.2676 24.2992 35.5883 682.076 33.9055 648.171 25.6115 164.642 136.858 20.4904 116.368 19.7256 8.2296 33.2091 643.593 639.174 17.1755 18.4681 27.7831 23.6241 30.9018 19.0629 8.3503 11.496 10.7126
internal_count=6523 4782 1741 1626 448 233 215 185 4475 171 4304 136 1178 975 128 847 115 59 307 4278 4249 160 97 203 166 292 176 82 56 94
is_linear=0
shrinkage=0.05


Tree=88
num_leaves=17
num_cat=0
split_feature=4 1 1 1 1 4 4 0 1 4 4 4 1 4 4 4
split_gain=2.49369 2.47715 2.93858 4.85378 3.58787 8.27069 6.12654 5.22152 4.6486 4.62317 3.93246 2.72101 5.6723 2.12363 0.506553 0.222218
threshold=0.34225000000000005 74.800000000000026 64.550000000000011 66.350000000000009 59.750000000000007 0.011450000000000002 0.067650000000000002 62.500000000000007 58.250000000000007 0.016350000000000003 0.0078500000000000011 0.0068500000000000011 69.750000000000014 0.011450000000000002 0.067650000000000002 0.35345000000000004
decision_type=2 2 2 2 2 2 2 2 2 2 2 2 2 2 2 2
left_child=1 2 4 13 8 7 -7 -6 9 -1 -10 -5 -13 -4 -3 -2
right_child=15 14 3 11 5 6 -8 -9 10 -11 -12 12 -14 -15 -16 -17
leaf_value=-0.0035219205489388835 -0.01273487862344721 -0.051665196473671376 0.073572857420365609 -0.023107132751654512 0.043435690469767967 -0.04337204836568434 0.0070409358562439038 -0.03123689419515327 0.056104931146805676 0.0038264698144636839 0.0078313040375738406 -0.028235981508695208 0.029646445504162205 0.021613540503606785 -0.012911086191539817 -0.047613343225491524
leaf_weight=461.75795102678239 1.1795792132616036 2.5361229442059985 4.0036665946245176 6.8603660538792637 7.8861522004008275 20.768048532307152 8.2145250365138036 3.1512652486562729 6.5151349157094982 398.7334731798619 12.60373494774103 5.7713543176651028 14.638070307672022 4.7158842757344246 1.9818053692579267 2.7970862970687449
leaf_count=3062 9 39 22 35 41 139 56 29 36 2640 68 36 76 29 16 190
internal_value=-3.32773e-05 0.000127207 0.000308901 0.0143067 -0.000234958 -0.014861 -0.0289365 0.0215781 0.00042642 -0.000110973 0.024748 0.00366513 0.0129769 0.0466018 -0.036396 -0.0390602
internal_weight=964.114 960.138 955.62 35.9893 919.63 40.02 28.9826 11.0374 879.61 860.491 19.1189 27.2698 20.4094 8.71955 4.51793 3.97667
internal_count=6523 6324 6269 198 6071 265 195 70 5806 5702 104 147 112 51 55 199
is_linear=0
shrinkage=0.05


Tree=89
num_leaves=19
num_cat=0
split_feature=3 4 4 4 4 4 4 4 4 4 4 3 0 3 0 0 4 4
split_gain=2.70506 2.62197 18.9437 15.1635 9.74215 9.71946 8.39875 13.701 19.446 5.74441 5.60481 4.03287 3.36842 3.36397 2.49633 8.61903 2.29529 1.01971
threshold=6.544000000000001e-05 0.0064500000000000009 0.0069500000000000004 0.0073500000000000015 0.0075500000000000003 0.0056500000000000014 0.0051500000000000009 0.0050500000000000015 0.0041000000000000003 0.0077500000000000008 0.0060500000000000007 0.00036877000000000009 63.500000000000007 0.00019904500000000004 61.500000000000007 62.500000000000007 0.0062500000000000012 0.0063500000000000006
decision_type=2 2 2 2 2 2 2 2 2 2 2 2 2 2 2 2 2 2
left_child=-1 5 13 11 -5 6 7 8 -2 -6 -7 12 -4 -3 -15 -16 -12 -18
right_child=1 2 3 4 9 10 -8 -9 -10 -11 16 -13 -14 14 15 -17 17 -19
leaf_value=-0.049379392029097829 0.0042809766849774165 -0.067127697039225484 0.04739001798246506 -0.058415923304574936 0.045974809238117365 0.079322546858849541 -0.053850855553497924 0.074847501394192203 -0.057918461365600221 -0.00089815406146620178 -0.018635306404395837 0.077904837294721779 -0.018333945630752479 -0.053808114254993294 0.05093466646573809 -0.044574257514088673 0.035528060763213506 0.0028571018073862958
leaf_weight=2.6696328856050959 232.64371052384377 9.5558580830693263 5.4562268480658513 7.2231235504150382 6.5038537606596938 5.4149605482816723 6.6100319847464553 6.3337609693408004 13.180570419877766 623.01922284811735 2.868042632937434 6.8581482619047156 2.8022504523396492 6.2516348138451603 3.3908696770668012 7.0870944559574127 11.99378554522991 3.4259462729096404
leaf_count=58 1209 61 43 63 45 25 83 34 132 4414 34 34 35 73 31 53 75 21
internal_value=-3.28398e-05 0.000104219 -0.00157635 9.71531e-05 -0.00107378 0.00415571 0.00132264 0.00280955 0.00090345 -0.000398724 0.0347394 0.049431 0.024538 -0.0431108 -0.028778 -0.0130037 0.020907 0.0286566
internal_weight=963.289 960.619 678.148 651.863 636.746 282.471 258.768 252.158 245.824 629.523 23.7027 15.1166 8.25848 26.2855 16.7296 10.478 18.2878 15.4197
internal_count=6523 6465 4852 4634 4522 1613 1458 1375 1341 4459 155 112 78 218 157 84 130 96
is_linear=0
shrinkage=0.05


Tree=90
num_leaves=31
num_cat=0
split_feature=3 4 3 1 5 4 3 3 4 1 4 4 3 3 4 0 4 4 4 0 3 3 0 0 4 1 4 0 3 3
split_gain=2.57675 13.5289 8.97107 7.35734 6.76721 9.36151 9.97931 9.42225 7.57733 6.50035 15.4923 25.584 24.0672 15.7286 15.1312 11.3377 7.59625 16.6225 9.07632 7.47178 5.91231 5.72792 9.51635 6.48301 5.39086 5.16533 5.10244 4.62361 3.5918 3.52449
threshold=0.0015787650000000002 0.041600000000000005 0.0016859400000000001 50.150000000000013 0.57500000000000007 0.087550000000000003 0.004237035000000001 0.0033204250000000005 0.051500000000000011 50.550000000000004 0.030250000000000003 0.038350000000000002 0.00048096000000000006 0.00078857000000000005 0.016650000000000002 63.500000000000007 0.028550000000000002 0.039550000000000009 0.027850000000000003 62.500000000000007 0.0022204250000000003 0.0024151650000000004 61.500000000000007 61.500000000000007 0.069850000000000009 42.550000000000004 0.088000000000000009 62.500000000000007 0.0012994950000000001 0.0072075300000000011
decision_type=2 2 2 2 2 2 2 2 2 2 2 2 2 2 2 2 2 2 2 2 2 2 2 2 2 2 2 2 2 2
left_child=1 9 24 28 20 6 8 -7 -6 16 13 12 -12 14 -11 -15 18 -18 19 -1 -4 23 -23 -22 -2 -20 -26 -13 -3 -9
right_child=2 3 4 -5 5 7 -8 29 -10 10 11 27 -14 15 -16 -17 17 -19 25 -21 21 22 -24 -25 26 -27 -28 -29 -30 -31
leaf_value=0.0014796639649074959 0.058431589535798217 0.0073845094927996726 -0.025051935108508269 -0.059551246736196974 0.016633976424594861 -0.058857330278786084 -0.026709747176275295 0.028483157175117096 0.063328374872420518 0.0049426370363215384 0.1230850855078912 -0.036893320769686724 0.0067298973404775145 0.082633429858007021 -0.026675597056029166 0 -0.046567222895879369 0.039257087050910855 0.082787369424938237 -0.013924721748785007 -0.025941510601970842 0.0040712831761635674 -0.030509883697984533 0.058132124416157643 -0.028656608035092027 0.0034953824813836417 0.050700970285241669 0.024934551573278133 -0.037387261741943824 -0.017378615103877035
leaf_weight=257.03544841706753 11.580589741468431 10.426555644720795 27.376634426414967 14.476152967661617 18.181301131844521 6.8668820261955288 6.5508008524775496 10.28696793317795 17.402304336428642 171.4553828984499 11.033454000949865 8.3919683098793012 7.5743553563952437 9.766186475753786 48.413789510726929 7.3492422252893439 25.030299514532089 7.1302430480718604 4.754676051437853 113.07626917585731 3.0292630381882164 101.13228541472927 24.62636614125222 8.0473321676254272 4.6521099656820279 3.8134120479226112 3.4084232673048973 4.5160057544708243 7.5474091358482829 6.8008495355024925
leaf_count=1626 56 88 203 138 106 55 48 63 79 1196 52 49 45 47 344 36 164 33 20 810 30 725 177 43 38 30 21 23 81 97
internal_value=-3.47913e-05 -0.00157362 0.00432639 -0.0330632 0.00153022 0.0150435 0.0292378 -0.00973305 0.0397237 -5.74499e-05 0.00598385 0.038867 0.0762788 0.0015752 -0.00200573 0.0476115 -0.00401834 -0.0273216 -0.00201935 -0.00321566 -0.00388379 0.000330015 -0.00267962 0.0346656 0.0366857 0.048521 0.00449739 -0.0148523 -0.0112417 0.00994463
internal_weight=961.733 711.791 249.942 32.4501 230.301 66.0891 42.1344 23.9547 35.5836 679.341 268.5 31.5158 18.6078 236.985 219.869 17.1154 410.84 32.1605 378.68 370.112 164.212 136.835 125.759 11.0766 19.6411 8.56809 8.06053 12.908 17.974 17.0878
internal_count=6523 4782 1741 307 1626 448 233 215 185 4475 1792 169 97 1623 1540 83 2683 197 2486 2436 1178 975 902 73 115 50 59 72 169 160
is_linear=0
shrinkage=0.05


Tree=91
num_leaves=17
num_cat=0
split_feature=3 3 3 4 3 1 1 4 4 5 4 3 4 4 3 1
split_gain=2.53995 2.6421 2.38745 12.4884 8.14217 7.137 6.40572 13.7408 6.85932 6.14409 8.48284 5.63702 4.76572 4.69469 3.48878 2.45388
threshold=6.544000000000001e-05 7.3105000000000012e-05 0.0015787650000000002 0.041600000000000005 0.0016859400000000001 50.150000000000013 50.550000000000004 0.030250000000000003 0.028550000000000002 0.57500000000000007 0.087550000000000003 0.0018120800000000002 0.069850000000000009 0.088000000000000009 0.00097842500000000021 50.050000000000004
decision_type=2 2 2 2 2 2 2 2 2 2 2 2 2 2 2 2
left_child=-1 -2 3 6 12 14 8 -8 -3 11 -11 -6 15 -14 -5 -4
right_child=1 2 4 5 9 -7 7 -9 -10 10 -12 -13 13 -15 -16 -17
leaf_value=-0.049029646965089511 0.038922908338580905 -0.0021809145556081181 0.032458982584182214 0.046499429820207869 -0.045060668505407277 -0.058988892427046559 0.0016972442333663103 0.036763880964275422 -0.026445617300246561 0.027872837639673888 -0.0093965510388800584 -0.0015899579298857313 -0.027743325206563019 0.04897801155803283 -0.019322115319251751 0.081308626197081457
leaf_weight=2.5383839625865212 4.2618250846862784 372.15375753119588 6.4124472066760081 2.179043769836432 7.7543539367616168 13.899019893258808 235.90703391283751 31.65158025175333 31.58271586894989 41.998846359550953 23.6378671573475 155.87633444136009 4.5703937225043765 3.3567627891898155 15.638211179524658 5.2158133536577225
leaf_count=58 31 2419 33 18 66 138 1601 169 197 233 215 1112 38 21 151 23
internal_value=-3.50022e-05 9.49609e-05 -7.77088e-05 -0.00157266 0.00412491 -0.0321819 -0.000114463 0.00587641 -0.00409751 0.00145375 0.014381 -0.00370681 0.0350205 0.00432695 -0.0107785 0.0553031
internal_weight=958.634 956.096 951.834 703.011 248.823 31.7163 671.295 267.559 403.736 229.267 65.6367 163.631 19.5554 7.92716 17.8173 11.6283
internal_count=6523 6465 6434 4693 1741 307 4386 1770 2616 1626 448 1178 115 59 169 56
is_linear=0
shrinkage=0.05


Tree=92
num_leaves=30
num_cat=0
split_feature=2 2 2 2 4 4 2 4 2 0 0 2 2 2 2 2 2 4 4 0 2 4 4 2 2 4 4 4 2
split_gain=2.63314 14.1988 9.96869 17.822 12.0996 9.58194 8.33262 19.0119 6.44062 5.25118 4.70591 3.72865 5.00604 5.24137 10.0236 17.065 11.7044 8.81234 6.34218 3.75573 5.95198 3.70007 7.1891 15.6829 2.74692 2.72666 2.92318 0.576337 0.318019
threshold=30.450000000000003 31.650000000000002 33.150000000000013 33.95000000000001 0.027650000000000004 0.045450000000000011 40.150000000000006 0.0084500000000000009 45.95000000000001 61.500000000000007 63.500000000000007 29.650000000000002 28.650000000000002 26.600000000000005 25.750000000000004 25.850000000000005 24.750000000000004 0.0073500000000000015 0.1198 61.500000000000007 29.950000000000003 0.038750000000000007 0.010500000000000001 29.300000000000001 31.050000000000004 0.019150000000000004 0.031950000000000006 0.0054500000000000009 29.950000000000003
decision_type=2 2 2 2 2 2 2 2 2 2 2 2 2 2 2 2 2 2 2 2 2 2 2 2 2 2 2 2 2
left_child=11 5 25 4 10 9 7 -5 -8 24 -4 12 13 14 16 -16 -1 27 -19 28 -21 22 -14 -24 -2 -3 -27 -15 -13
right_child=1 2 3 6 -6 -7 8 -9 -10 -11 -12 19 21 17 15 -17 -18 18 -20 20 -22 -23 23 -25 -26 26 -28 -29 -30
leaf_value=-0.00051654154697476759 0.060504921682139307 -0.057554827035750294 0.11504528555317169 0.063129339147163496 0.0034572491297311238 -0.015524932507643828 0.014925534910412364 -0.026338107342652579 -0.0080752667342469803 0.089199756072731409 0.045202517162438068 -0.033696959415322157 0.048388269328355688 0.043860360760906054 0.089118649648286336 -0.00083463050559392138 -0.037964764725710178 -0.039070700531852694 0.032288642184340959 -0.050203295237036684 0.018336955708214728 0.058902186887062995 -0.059386410173404215 0.050195403319362099 0.0051937152887136561 0.01042746932792509 -0.037303671915558965 0.013681682319089564 -0.058375771768899722
leaf_weight=573.45242879725993 4.50227895379067 7.2526650875806835 5.8826301097869891 6.5654176622629157 8.2496214210987073 5.3963522389531127 81.108129307627678 52.905781965702772 48.294546939432621 8.1745212078094465 4.9132909625768661 5.3761380761861819 7.8877070248127046 3.314587637782096 8.1904953271150607 14.181634038686751 21.567947592586279 28.224399179220203 3.3450455628335467 4.6431778520345661 9.3538165241479874 5.0210136771202079 7.4098678678274137 5.649562656879425 4.8473702967166901 5.0760025233030301 7.8937456905841827 4.4956300780177116 4.0880799740552902
leaf_count=4308 22 40 28 30 40 33 409 315 250 36 21 36 35 15 34 110 172 220 50 34 40 31 38 30 22 27 44 34 19
internal_value=-3.50002e-05 0.00435673 0.000557899 0.00384455 0.049816 0.0417849 -0.000788536 -0.0162879 0.00630316 0.0597044 0.0844249 -0.00160378 -0.000921114 -0.00178078 -0.000642865 0.032125 -0.0018885 -0.0194474 -0.0312736 -0.0211696 -0.00423984 0.0205526 0.0108865 -0.0115797 0.0327161 -0.0328408 -0.0183036 0.0275139 -0.0453787
internal_weight=957.264 251.062 228.142 207.919 19.0455 22.9205 188.874 59.4712 129.403 17.5242 10.7959 706.202 682.74 656.772 617.393 22.3721 595.02 39.3797 31.5694 23.4612 13.997 25.9682 20.9471 13.0594 9.34965 20.2224 12.9697 7.81022 9.46422
internal_count=6523 1317 1204 1093 89 113 1004 345 659 80 49 5206 5077 4943 4624 144 4480 319 270 129 74 134 103 68 44 111 71 49 55
is_linear=0
shrinkage=0.05


Tree=93
num_leaves=31
num_cat=0
split_feature=2 2 1 4 1 4 1 2 2 2 1 4 4 1 2 4 1 4 4 1 2 2 2 4 0 3 3 3 3 1
split_gain=2.52824 10.7235 14.9443 7.80501 11.3382 10.5063 9.6483 8.64834 8.60194 20.1975 8.02125 7.10445 20.6739 15.3432 17.764 14.422 17.6008 14.0386 25.2701 8.50708 7.70737 23.3967 6.01782 4.6716 3.92563 3.87776 20.2548 8.76149 2.22977 1.91288
threshold=21.150000000000002 21.650000000000002 52.550000000000004 0.0060500000000000007 50.250000000000007 0.007150000000000001 29.450000000000003 11.15 11.950000000000001 11.850000000000003 52.95000000000001 0.016200000000000003 0.010500000000000001 43.95000000000001 26.950000000000003 0.018850000000000002 50.150000000000013 0.019950000000000006 0.020350000000000004 34.250000000000007 30.650000000000002 34.100000000000009 43.70000000000001 0.016450000000000003 64.500000000000014 0.00044983000000000008 0.00031866500000000004 0.0004572200000000001 0.00059795500000000006 46.850000000000001
decision_type=2 2 2 2 2 2 2 2 2 2 2 2 2 2 2 2 2 2 2 2 2 2 2 2 2 2 2 2 2 2
left_child=3 2 -2 4 6 29 25 -7 9 -9 -10 12 13 19 -15 16 22 28 -19 -3 -14 -22 -13 -4 -18 26 -1 -27 -17 -5
right_child=1 11 23 5 -6 7 -8 8 10 -11 -12 15 20 14 -16 17 24 18 -20 -21 21 -23 -24 -25 -26 27 -28 -29 -30 -31
leaf_value=0.0036631375587586122 0.072516587453710757 0.044055306638289098 -0.047425311496261113 0 0.057115689964409889 -0.053855203885674989 -0.053476799692466138 -0.00025228901139686685 -0.01550680973252782 0.14156228601330959 0.0054334912901086154 -0.045815774103609055 -0.057022004421352558 -0.020220164729887719 0.026492119061239935 -0.054691536955320433 0.066995530870517239 0.078192140375867969 0.00077192306820942985 -0.056680312784332443 0.034524728050528086 -0.058604330565369761 0.025772665768703337 0.025921863629195054 0.023960116957549543 -0.059261515900625533 0.08374693868091404 -2.2210453577883771e-05 -0.015421217459502534 -0.054882454481365743
leaf_weight=117.03422816842794 12.32101132720709 2.347200781106948 4.5525047630071622 1.8895986638963211 9.4082807302474958 9.0779611114412528 7.6403817050158969 10.051783941686152 111.35345297679305 3.2158495038747779 77.031149796210229 7.2073247134685499 21.685104172676802 29.362075950950384 65.222055085003376 11.654430858790876 19.990037038922313 10.932675227522848 239.60116092208773 13.412163130939005 12.128384560346605 14.858118832111357 4.7296624630689621 3.8951606303453445 7.9705921262502661 6.6135509610176078 8.3839163929223997 91.223588056862354 5.9555916488170615 13.945942439138888
leaf_count=614 64 19 35 28 75 129 115 87 1178 16 656 34 188 223 330 66 88 46 1412 126 58 85 21 20 37 45 50 473 33 172
internal_value=-3.34485e-05 0.00247817 0.0375512 -0.00266847 0.00359328 -0.00933063 0.00136698 -0.00633988 -0.00415043 0.034549 -0.00691938 0.000900159 -0.00766696 0.00427124 0.0119322 0.0053399 0.0333519 0.00114242 0.00420015 -0.0411783 -0.0347878 -0.0165924 -0.0170572 -0.0131129 0.0550349 0.00328937 0.00911885 -0.00413412 -0.041855 -0.0485265
internal_weight=954.695 487.825 20.7687 466.87 240.304 226.566 230.896 210.73 201.652 13.2676 188.385 467.057 159.015 110.343 94.5841 308.041 39.8976 268.144 250.534 15.7594 48.6716 26.9865 11.937 8.44767 27.9606 223.255 125.418 97.8371 17.61 15.8355
internal_count=6523 2885 119 3638 1372 2266 1297 2066 1937 103 1834 2766 1029 698 553 1737 180 1557 1458 145 331 143 55 55 125 1182 664 518 99 200
is_linear=0
shrinkage=0.05


Tree=94
num_leaves=9
num_cat=0
split_feature=3 3 3 3 3 3 3 5
split_gain=2.44133 2.4076 6.19261 3.30151 4.28479 7.09772 1.73885 0.854927
threshold=6.544000000000001e-05 8.1195000000000011e-05 8.1425000000000014e-05 8.2010000000000009e-05 8.4935000000000013e-05 8.5515000000000024e-05 8.3300000000000005e-05 0.51500000000000012
decision_type=2 2 2 2 2 2 2 2
left_child=-1 7 -3 -4 6 -6 -5 -2
right_child=1 2 3 4 5 -7 -8 -9
leaf_value=-0.048852281252954502 0.0057638637459508351 -0.073630158932639883 0.050023269184269629 -0.0094452856850657033 0.087221423222683267 0 -0.047345572617427584 0.031274792997546062
leaf_weight=2.4549545086920253 6.5700437873601896 2.7641864418983451 3.1871820390224448 6.5791326165199262 2.2385863959789267 912.03795805573463 6.3439292311668396 7.9722599685192108
leaf_count=58 33 12 13 27 9 6304 27 40
internal_value=-3.89024e-05 8.7412e-05 -0.000222936 0 -0.00017427 0.000225922 -0.0286552 0.0202088
internal_weight=950.148 947.693 933.151 930.387 927.2 914.277 12.9231 14.5423
internal_count=6523 6465 6392 6380 6367 6313 54 73
is_linear=0
shrinkage=0.05


Tree=95
num_leaves=17
num_cat=0
split_feature=3 3 2 2 3 2 2 3 3 3 2 2 0 3 0 2
split_gain=2.31216 2.25012 2.55781 10.4072 5.72331 14.4216 18.6868 13.2553 13.6654 5.33489 16.1099 6.23629 4.70485 3.90151 3.63752 3.22984
threshold=6.544000000000001e-05 7.3105000000000012e-05 21.150000000000002 21.650000000000002 0.000110475 16.950000000000003 13.950000000000001 0.00027722500000000003 0.00036877000000000009 0.00036877000000000009 27.950000000000003 25.850000000000005 64.500000000000014 0.00019689000000000002 61.500000000000007 18.450000000000003
decision_type=2 2 2 2 2 2 2 2 2 2 2 2 2 2 2 2
left_child=-1 -2 4 12 5 6 -3 13 -9 10 -5 -11 14 -6 -4 -7
right_child=1 2 3 9 7 15 -8 8 -10 11 -12 -13 -14 -15 -16 -17
leaf_value=-0.048551638829326345 0.036212294814769896 0.0092569988451493262 0.051788625413016036 -0.029788009148889377 -0.0088624845277097946 0.0833231840893255 -0.04003155845998075 0.021997402544591298 -0.0077041470798934336 0.017364169313432258 0.0063301642952743936 0.00067921287882650072 0.072521039790006028 -0.046030857119433555 -8.8184259298446316e-05 0.033410384608105213
leaf_weight=2.3499264549463978 4.19064987450838 100.98638183251023 5.371672302484515 50.352679185569286 10.407972335815428 5.1426862813532344 23.64720331132412 46.142199449241161 236.98246183432639 71.284060372039676 79.093157365918159 263.28607669100165 6.5037208795547476 24.970764577388763 8.3372702151536924 10.814251173287628
leaf_count=58 31 478 29 385 86 48 247 348 1974 428 433 1512 34 313 51 68
internal_value=-3.6904e-05 8.32518e-05 -7.57707e-05 0.00245366 -0.00275452 0.00562657 -7.92171e-05 -0.00647032 -0.00283983 0.000908913 -0.00769287 0.0042532 0.0374907 -0.0352931 0.0201048 0.0502267
internal_weight=949.863 947.513 943.323 484.229 459.094 140.591 124.634 318.503 283.125 464.016 129.446 334.57 20.2127 35.3787 13.7089 15.9569
internal_count=6523 6465 6434 2872 3562 841 725 2721 2322 2758 818 1940 114 399 80 116
is_linear=0
shrinkage=0.05


Tree=96
num_leaves=16
num_cat=0
split_feature=4 3 3 4 4 4 3 3 4 5 3 0 1 3 2
split_gain=2.25381 3.13892 6.06738 5.85786 5.14222 7.09564 3.53305 3.30557 3.07105 3.37453 2.28702 4.44072 1.88058 0.864228 0.687471
threshold=0.34225000000000005 0.006997080000000001 0.0079890700000000026 0.17705000000000001 0.14775000000000002 0.13420000000000001 0.0067104400000000007 0.016250000000000004 0.19675000000000004 0.48500000000000004 0.0071393500000000009 54.500000000000007 43.350000000000001 0.0091311800000000009 25.850000000000005
decision_type=2 2 2 2 2 2 2 2 2 2 2 2 2 2 2
left_child=1 3 10 4 5 6 -1 8 9 -4 -3 -12 -9 -10 -2
right_child=14 2 7 -5 -6 -7 -8 12 13 -11 11 -13 -14 -15 -16
leaf_value=0 -0.049599986795525096 0.011474092066376071 -0.02736565189734896 -0.054838961350548845 0.048990398342732257 -0.058277439490582186 -0.045813808686290487 -0.00091529270844023514 -0.0043422573314501845 0.014462564022748368 0.0036602998660375608 0.068006404266499426 0.054325826807332056 -0.051865135236820348 0
leaf_weight=870.69346260465682 2.8844161503948267 8.1205580234527606 7.2491869032383027 4.8491291776299468 5.1620002910494796 5.1971586756408206 4.1291655972599974 2.3418966531753531 1.5492710769176472 13.920835353434084 4.2311711907386771 8.1909011974930745 3.587997954338789 4.3390156570822001 0.88178185187280167
leaf_count=5803 163 39 40 52 40 49 19 25 10 76 17 42 31 81 36
internal_value=-3.64955e-05 0.000114313 0.0118663 -0.000588146 -0.000279145 -0.000579364 -0.000224254 -0.00128781 -0.00886395 0 0.0331359 0.0466926 0.0320268 -0.0404776 -0.0381382
internal_weight=947.328 943.562 53.5308 890.031 885.182 880.02 874.823 32.9882 27.0583 21.17 20.5426 12.4221 5.92989 5.88829 3.7662
internal_count=6523 6324 361 5963 5911 5871 5822 263 207 116 98 59 56 91 199
is_linear=0
shrinkage=0.05


Tree=97
num_leaves=31
num_cat=0
split_feature=3 4 3 5 4 2 2 0 0 4 4 4 4 4 4 3 3 2 3 2 0 0 4 4 0 3 3 2 0 2
split_gain=2.23822 11.2861 7.71332 5.36934 7.58912 10.1373 10.1288 12.5271 9.6358 5.35241 26.9312 7.82568 14.6019 10.5744 7.09046 5.23138 5.08623 11.4663 7.0933 4.90301 18.8675 4.52511 4.3278 4.35639 3.93807 3.77228 3.42281 3.41856 3.11523 2.60622
threshold=0.0015787650000000002 0.041600000000000005 0.0016859400000000001 0.57500000000000007 0.087550000000000003 27.550000000000004 27.850000000000005 65.500000000000014 64.500000000000014 0.038000000000000006 0.038350000000000002 0.031950000000000006 0.030250000000000003 0.028550000000000002 0.039550000000000009 0.0022204250000000003 0.0027416850000000002 17.750000000000004 0.0032739950000000005 25.750000000000004 61.500000000000007 54.500000000000007 0.069850000000000009 0.088000000000000009 61.500000000000007 0.00059795500000000006 0.0071665600000000006 21.750000000000004 61.500000000000007 49.150000000000013
decision_type=2 2 2 2 2 2 2 2 2 2 2 2 2 2 2 2 2 2 2 2 2 2 2 2 2 2 2 2 2 2
left_child=1 9 22 15 6 26 7 -5 -8 11 -11 12 13 -1 -12 19 17 -17 -18 24 -21 -3 -2 -24 -4 -13 -6 -16 -14 -7
right_child=2 21 3 4 5 29 8 -9 -10 10 14 25 28 -15 27 16 18 -19 -20 20 -22 -23 23 -25 -26 -27 -28 -29 -30 -31
leaf_value=-8.100707577453307e-05 0.053454463598854279 0.034055523928947451 -0.051500625032254423 0.024229294389913916 -0.058934326736735793 0.050885394964202371 0.065022169423808271 0.1059195358550617 -0.020263069928716577 0.097046142048111766 -0.050055801669030509 -0.0070731522474340785 0.034634269597618304 -0.038609735792874827 -0.028316401659898845 -0.015505300938975751 -0.047332118752751756 0.058549199797609808 0 0.085948312187218323 -0.056363888508818683 -0.036630859831927591 -0.026668619243762799 0.0479327396341825 0.0056596675212227786 -0.064413784827492923 -0.001870540128214415 0.021693243515709351 0.10122810988084681 0.0014284650030282871
leaf_weight=597.35079038329422 11.632186606526377 2.3088318258523968 13.716568093746906 16.368718683719639 8.1586174517869967 5.1692710816860181 4.1771907210350063 6.6748845875263205 14.552367374300955 8.2745443582534772 6.7068257555365589 5.2123744711279851 4.2296264246106139 18.264591939747334 4.3441977500915554 9.7631254456937331 8.4548615962266904 10.873652338981627 106.44542334415019 4.0267810672521573 5.2327045574784279 28.420492921024561 4.476219665259122 3.2939082533121109 3.6350730173289767 7.0066686198115349 4.1352657703682771 14.057516843080519 3.6314130574464798 5.8371115773916245
leaf_count=4040 56 15 119 84 71 46 24 34 91 35 39 37 24 136 28 71 48 57 799 18 35 292 38 21 31 48 66 69 19 32
internal_value=-3.65238e-05 -0.00148525 0.00405297 0.00143933 0.0135761 -0.00910367 0.0263374 0.0484634 -0.000732345 -0.000114828 0.0193613 -0.00114835 -0.000360457 -0.00123832 -0.00632493 -0.00340596 0.000543322 0.0233676 -0.00352932 -0.0236345 0.00524793 -0.0310645 0.0342408 0.00452824 -0.0392755 -0.0406154 -0.0403133 0.0095277 0.0669105 0.0253557
internal_weight=946.432 699.808 246.624 227.222 65.0734 23.3003 41.7732 23.0436 18.7296 669.079 33.3831 635.695 623.476 615.615 25.1085 162.148 135.537 20.6368 114.9 26.6111 9.25949 30.7293 19.4023 7.77013 17.3516 12.219 12.2939 18.4017 7.86104 11.0064
internal_count=6523 4782 1741 1626 448 215 233 118 115 4475 171 4304 4219 4176 136 1178 975 128 847 203 53 307 115 59 150 85 137 97 43 78
is_linear=0
shrinkage=0.05


Tree=98
num_leaves=22
num_cat=0
split_feature=1 1 2 4 4 4 1 1 2 2 4 3 2 1 2 2 2 1 2 2 4
split_gain=2.16367 3.34336 5.95118 7.10363 10.1969 5.29407 4.30719 3.37863 5.35582 4.82727 3.67757 5.86058 2.74217 10.2972 8.4774 5.60684 5.4969 4.986 4.08504 2.14805 1.66578
threshold=73.950000000000017 64.550000000000011 27.950000000000003 0.067750000000000019 0.011450000000000002 0.0068500000000000011 71.250000000000014 60.550000000000004 26.950000000000003 14.65 0.013500000000000002 0.0016859400000000001 46.750000000000007 45.350000000000001 43.70000000000001 53.45000000000001 43.350000000000001 46.350000000000001 52.350000000000001 30.250000000000004 0.067650000000000002
decision_type=2 2 2 2 2 2 2 2 2 2 2 2 2 2 2 2 2 2 2 2 2
left_child=1 7 3 4 -3 -4 -5 12 9 -9 -10 -12 14 15 16 -14 -1 -16 -15 -2 -11
right_child=19 2 5 6 -6 -7 -8 8 10 20 11 -13 13 18 17 -17 -18 -19 -20 -21 -22
leaf_value=0.00018278528343503226 -0.052343010360206971 0.039679637960153974 0.00019056511068761903 0 -0.058712801782145968 0.065231514926686204 0.075677323306763591 0.029694279383001079 0.040120533090740651 -0.056662162067010441 -0.042193248856824489 0.037312293502718676 -0.016186571326255336 -0.016596265258164097 0.0078854919154173579 0.046578451056192294 -0.056033663908477652 0.052356039126452869 -0.059814947197930568 0.0019337285851355934 -0.01273995693583322
leaf_weight=804.71366789657623 3.8212964311242095 3.7824773862957972 5.1885254979133597 3.8000235278159371 7.8924994319677353 8.4252011179923993 3.4676443487405777 2.2270023971796098 4.9076092541217795 10.87224083393812 6.1249075978994352 3.5488201528787613 5.8696051090955725 15.713468968868257 13.838625155389311 8.4573163092136365 4.2716628909111014 12.045135900378225 8.8042917102575284 3.0754676461219788 3.1648064185865215
leaf_count=5676 54 24 24 28 61 40 15 12 23 104 34 26 34 71 64 41 37 53 58 15 29
internal_value=-3.74175e-05 0.000164088 0.0158851 -0.00201494 -0.0263446 0.0409896 0.0362173 -0.0003979 -0.0166358 -0.0363117 0.00506798 -0.0124316 0.000171474 -0.0127898 0.000781983 0.0205837 -0.000114762 0.0288944 -0.0324991 -0.0277431 -0.0472733
internal_weight=944.012 937.116 32.5564 18.9426 11.675 13.6137 7.26767 904.559 30.8454 16.264 14.5813 9.67373 873.714 38.8447 834.869 14.3269 808.985 25.8838 24.5178 6.89676 14.037
internal_count=6523 6454 192 128 85 64 43 6262 228 145 83 60 6034 204 5830 75 5713 117 129 69 133
is_linear=0
shrinkage=0.05


Tree=99
num_leaves=13
num_cat=0
split_feature=4 3 4 3 3 4 4 5 3 4 3 2
split_gain=2.1184 2.77777 5.48323 5.40765 5.34758 4.4787 6.56537 4.44236 6.13897 3.61029 3.25156 0.665513
threshold=0.34225000000000005 0.006997080000000001 0.17705000000000001 0.0075250400000000011 0.0071393500000000009 0.14775000000000002 0.13420000000000001 0.47500000000000003 0.0085667550000000006 0.20055000000000003 0.0067104400000000007 25.850000000000005
decision_type=2 2 2 2 2 2 2 2 2 2 2 2
left_child=1 2 5 4 -3 6 10 -5 -9 -10 -1 -2
right_child=11 3 -4 7 -6 -7 -8 8 9 -11 -12 -13
leaf_value=3.1339334686602118e-06 -0.049318334947632124 0.0099715835368945575 -0.054309376331279982 -0.055975197145667711 0.07313714821787172 0.04618537222682953 -0.057574866514901395 0.055047563426371154 0.0056613887275532085 -0.039286242445582764 -0.044097563409600582 0
leaf_weight=866.80554466322064 2.7573932064697142 7.9839338362216932 4.6192471571266642 2.9810243099927893 6.009866900742054 5.0578750744462004 4.9170518293976775 5.4295970648527137 25.313368417322639 5.3051495738327494 4.0988421514630309 0.88977115228772152
leaf_count=5803 163 39 52 12 31 40 49 25 161 93 19 36
internal_value=-3.62919e-05 0.000108186 -0.000552597 0.0112178 0.0377803 -0.000258893 -0.00053806 0.00149395 0.00652642 -0.00206628 -0.000203721 -0.0375597
internal_weight=942.169 938.522 885.499 53.0229 13.9938 880.879 875.821 39.0291 36.0481 30.6185 870.904 3.64716
internal_count=6523 6324 5963 361 70 5911 5871 291 279 254 5822 199
is_linear=0
shrinkage=0.05


Tree=100
num_leaves=31
num_cat=0
split_feature=2 2 1 3 2 2 3 3 3 1 3 0 2 0 1 2 2 3 2 2 3 2 3 1 3 3 3 0 2 2
split_gain=2.07054 9.11568 12.9654 5.61247 12.6977 17.855 12.4027 11.8443 17.5225 10.3438 7.71841 29.0012 10.4303 6.67294 5.36529 16.7797 14.1688 12.5754 12.3551 11.7307 6.78047 19.6017 9.29917 5.9135 5.10689 8.90541 3.79099 21.0283 3.66617 2.44418
threshold=21.150000000000002 21.650000000000002 52.550000000000004 0.000110475 16.950000000000003 13.950000000000001 0.00027722500000000003 0.00036877000000000009 0.00035400000000000009 50.250000000000007 0.0015787650000000002 65.500000000000014 19.550000000000004 64.500000000000014 45.150000000000013 42.650000000000013 36.400000000000006 0.00069947500000000007 52.350000000000001 31.150000000000002 0.00036877000000000009 27.950000000000003 0.00059795500000000006 42.050000000000004 0.00010381500000000001 0.000102255 0.00019689000000000002 62.500000000000007 16.650000000000002 18.750000000000004
decision_type=2 2 2 2 2 2 2 2 2 2 2 2 2 2 2 2 2 2 2 2 2 2 2 2 2 2 2 2 2 2
left_child=3 2 -2 4 5 24 26 8 13 29 12 -12 -9 -8 15 16 19 -17 20 -3 21 -16 -22 -19 25 -1 27 -5 -7 -6
right_child=1 14 -4 6 9 28 7 10 -10 -11 11 -13 -14 -15 18 17 -18 23 -20 -21 22 -23 -24 -25 -26 -27 -28 -29 -30 -31
leaf_value=0.0093341363121986643 0.06763958875835345 -0.030017292249626022 -0.013077803168855691 0.097074153938146626 0.017321983891456737 -0.048072509107233763 0.018623292461250801 -0.010360173552594588 0.1201348150912168 0.073122575667339609 -0.0047814430046004257 0.095947717439770985 -0.053907455364763802 -0.038754365453293568 -0.030926569871396692 -0.038790928319998107 -0.059832620076621518 0.077232289294418513 -0.054591873738703757 0.01877566874525979 0.027389917049719794 0.012066180901234042 0.0043043101653927008 0.02174990558372096 0.040230228775825598 -0.051927244444087528 -0.045379973464182995 -0.055821872531997455 0.0036446175396607494 -0.052809259822188329
leaf_weight=88.55015954002738 12.126947909593584 28.577519403770566 8.1891645193099958 3.1405902430415136 2.5806235000491169 19.32992748729885 36.872340302914381 100.68424092233181 3.9258167445659629 11.370844254270194 110.00400301674381 7.539743907749652 15.957596875727175 5.732906997203826 44.096102587878704 6.7051662653684643 19.024206392467022 6.8487979769706753 8.7686406821012479 21.3873390853405 57.41484709084034 65.994322881102562 183.99904548563063 17.369183033704758 11.684996694326399 6.2425626069307318 24.077290661633015 7.211812399327755 3.9299508333206168 2.1310905255377293
leaf_count=461 64 292 55 21 31 219 272 917 21 65 896 47 114 55 336 54 133 32 59 128 279 319 1051 83 56 25 313 65 39 21
internal_value=-3.57423e-05 0.00225529 0.0349538 -0.00243468 0.0056556 0.000407249 -0.00619457 -0.00269596 0.0202898 0.0474208 -0.00729113 0.00171331 -0.0164017 0.0107129 0.000793584 -0.00943872 -0.0231822 0.0210374 0.00364695 -0.00903593 0.00512911 -0.00512139 0.00982447 0.0378989 0.0091223 0.00519661 -0.0344847 -0.00847475 -0.0391422 -0.0137973
internal_weight=941.468 480.501 20.3161 460.966 145.82 129.738 315.146 280.717 46.5311 16.0826 234.186 117.544 116.642 42.6052 460.185 99.9122 68.9891 30.9231 360.273 49.9649 351.504 110.09 241.414 24.218 106.478 94.7927 34.4297 10.3524 23.2599 4.71171
internal_count=6523 2885 119 3638 917 800 2721 2322 348 117 1974 943 1031 327 2766 722 553 169 2044 420 1985 655 1330 115 542 486 399 86 258 52
is_linear=0
shrinkage=0.05


Tree=101
num_leaves=21
num_cat=0
split_feature=1 1 2 4 4 4 1 1 2 2 4 3 1 2 2 4 3 2 2 4
split_gain=2.08699 3.04089 5.18923 6.30869 9.38244 4.99094 3.79861 3.22546 4.75741 4.45975 3.2938 5.25797 2.61366 12.7416 10.4203 3.87844 4.06762 2.93642 1.98979 1.61985
threshold=73.950000000000017 64.550000000000011 27.950000000000003 0.067750000000000019 0.011450000000000002 0.0068500000000000011 71.250000000000014 60.550000000000004 26.950000000000003 14.65 0.013500000000000002 0.0016859400000000001 52.95000000000001 12.15 43.150000000000013 0.20055000000000003 0.0015787650000000002 25.850000000000005 30.250000000000004 0.067650000000000002
decision_type=2 2 2 2 2 2 2 2 2 2 2 2 2 2 2 2 2 2 2 2
left_child=1 7 3 4 -3 -4 -5 12 9 -9 -10 -12 15 -14 -15 16 -1 -17 -2 -11
right_child=18 2 5 6 -6 -7 -8 8 10 19 11 -13 13 14 -16 17 -18 -19 -20 -21
leaf_value=-0.0030388085436386415 -0.052004758108528219 0.037741408760690515 0 0 -0.057844830443065681 0.062761593543653918 0.07039110874391194 0.02774858372180003 0.036780831230175691 -0.056092132269562972 -0.041225094922693495 0.03502736978790328 -0.057089745032601669 0.011543722251636933 -0.040143218575920694 -0.05192949882512287 0.0058631040500354246 0.011730730153995591 0.00069921337958179217 -0.012424060563393055
leaf_weight=508.33898258209229 3.6600872799754134 3.7407041266560608 5.1738376319408408 3.8093440541997543 7.4563915058970451 8.2517857030034047 3.536553829908371 2.2269531935453442 4.9711741954088202 10.304377537220715 6.0269019901752454 3.43365428596735 7.64750837907195 161.38869854575023 10.245224036276339 6.3183010173961502 171.3713455311954 2.316857323050499 3.0656280368566513 3.1498967851512125
leaf_count=3548 54 24 24 28 61 40 15 12 23 104 34 26 68 1106 61 194 1010 47 15 29
internal_value=-4.03336e-05 0.000156543 0.0152893 -0.00162207 -0.0254176 0.0388557 0.0338313 -0.00037841 -0.0164398 -0.0354479 0.00397162 -0.0129498 0.000175107 0.00555569 0.00840772 -0.00121962 -0.000786535 -0.034338 -0.0275911 -0.0464046
internal_weight=936.434 929.708 31.9686 18.543 11.1971 13.4256 7.3459 897.74 30.113 15.6812 14.4317 9.46056 867.627 179.281 171.634 688.345 679.71 8.63516 6.72572 13.4543
internal_count=6523 6454 192 128 85 64 43 6262 228 145 83 60 6034 1235 1167 4799 4558 241 69 133
is_linear=0
shrinkage=0.05


Tree=102
num_leaves=23
num_cat=0
split_feature=1 1 2 2 2 2 1 1 1 2 2 2 0 2 2 1 2 2 1 2 3 1
split_gain=1.93126 2.7845 4.74614 5.65524 5.83016 7.39075 4.44104 4.14421 2.97384 4.46245 4.20369 2.76521 2.57414 2.45444 9.86659 9.81413 7.46845 4.959 4.4858 1.92452 1.44657 0.976091
threshold=73.950000000000017 64.550000000000011 27.950000000000003 22.950000000000003 22.450000000000003 16.050000000000004 70.500000000000014 69.15000000000002 60.550000000000004 26.950000000000003 14.65 30.250000000000004 62.500000000000007 46.750000000000007 49.45000000000001 43.650000000000013 43.70000000000001 43.350000000000001 46.350000000000001 30.250000000000004 0.0023876650000000002 49.850000000000001
decision_type=2 2 2 2 2 2 2 2 2 2 2 2 2 2 2 2 2 2 2 2 2 2
left_child=1 8 3 4 5 -3 -4 -5 13 10 -10 12 -11 16 21 -16 17 -1 -18 -2 -12 -15
right_child=19 2 6 7 -6 -7 -8 -9 9 11 20 -13 -14 14 15 -17 18 -19 -20 -21 -22 -23
leaf_value=0.00017265449893118893 -0.05165593360384875 0.060525330521297153 0.073277150635438423 0.011556485626541506 0.066185195479912876 -0.05403591464581399 0.013152745225605583 -0.059901358650917218 0.026345267117207749 0.037693203881487794 -0.055745260949553913 -0.027720352451269071 -0.014906678422959877 -0.072060123715939534 0.069913865568630953 -0.010245142906007962 0.0073422137221191694 -0.05470139360831211 0.049811833954843933 0.00066540709858169426 -0.014888706306280404 -0.034570049865164064
leaf_weight=799.62712661130354 3.5051599107682696 2.1754721403122002 5.1833438575267783 3.1132700815796834 4.3570481538772583 3.5467682862654328 8.0913266688585264 5.1000344157218933 2.2334497272968319 6.397863917052744 9.6221477314829809 4.5198867022991172 3.3887282609939575 5.2165799960494024 4.4302610903978374 24.059542134404182 13.758393406867983 4.0381320342421523 11.822374507784842 3.0654010474681854 3.377428399398922 4.1361090242862701
leaf_count=5676 54 12 27 19 19 41 37 37 12 37 100 23 23 29 24 131 64 37 53 15 33 20
internal_value=-4.10154e-05 0.000146266 0.0147215 -0.00156026 0.0231507 -0.00933193 0.0373756 -0.0324005 -0.000362888 -0.0159384 -0.0347135 0.00380767 0.0190076 0.000163743 -0.0122645 0.00224591 0.000738343 -0.000103619 0.0272822 -0.0268526 -0.0457067 -0.0565507
internal_weight=934.766 928.195 31.5673 18.2926 10.0793 5.72224 13.2747 8.2133 896.628 29.5395 15.233 14.3065 9.78659 867.089 37.8425 28.4898 829.246 803.665 25.5808 6.57056 12.9996 9.35269
internal_count=6523 6454 192 128 72 53 64 56 6262 228 145 83 60 6034 204 155 5830 5713 117 69 133 49
is_linear=0
shrinkage=0.05


Tree=103
num_leaves=11
num_cat=0
split_feature=3 3 4 3 1 0 1 4 4 4
split_gain=2.18459 2.02491 1.94517 2.63207 5.25476 11.0565 7.76091 5.17321 3.94754 0.289973
threshold=6.544000000000001e-05 7.3105000000000012e-05 0.34225000000000005 0.006997080000000001 52.650000000000013 61.500000000000007 45.250000000000007 0.17705000000000001 0.14775000000000002 0.35345000000000004
decision_type=2 2 2 2 2 2 2 2 2 2
left_child=-1 -2 3 7 6 -6 -5 8 -3 -4
right_child=1 2 9 4 5 -7 -8 -9 -10 -11
leaf_value=-0.048253991685112053 0.034562948507063901 -0.00056968904026763283 -0.0081258176249654618 0.015450724823865543 0.087740727883861794 -0.0068970877033494027 -0.033884562542729854 -0.053936616700341847 0.043668810498063759 -0.046943123797666998
leaf_weight=2.2438639048486939 4.1376582086086264 861.33873054012656 1.0810076296329492 29.659408593550324 5.9506652653217298 6.0887802764773369 10.771500473842023 4.4218759275972834 4.9708353281021109 2.4012087322771549
leaf_count=58 31 5782 9 177 33 40 111 52 40 190
internal_value=-3.98878e-05 7.61383e-05 -7.61635e-05 6.11112e-05 0.0109308 0.0398046 0.00213241 -0.000589333 -0.000305069 -0.0368518
internal_weight=933.066 930.822 926.684 923.202 52.4704 12.0394 40.4309 870.731 866.31 3.48222
internal_count=6523 6465 6434 6235 361 73 288 5874 5822 199
is_linear=0
shrinkage=0.05


Tree=104
num_leaves=30
num_cat=0
split_feature=2 2 4 2 3 4 4 2 2 2 4 2 2 2 2 2 4 3 2 3 2 2 2 4 4 3 2 2 3
split_gain=1.90024 8.44618 7.89466 5.47462 8.36648 13.2384 24.8602 8.9697 8.52424 3.5916 4.07898 8.34667 3.09009 10.8882 10.3004 14.2943 8.38303 9.94918 3.65361 7.09556 5.81492 3.50018 4.55551 3.25925 2.77415 2.45709 2.30035 0.736986 0.508791
threshold=40.150000000000006 38.050000000000004 0.052300000000000006 45.95000000000001 0.00029936000000000003 0.01085 0.015500000000000002 41.350000000000001 42.650000000000013 47.050000000000004 0.0078500000000000011 49.45000000000001 30.450000000000003 31.650000000000002 33.150000000000013 33.95000000000001 0.045450000000000011 0.00048096000000000006 29.650000000000002 0.00097842500000000021 29.950000000000003 28.650000000000002 26.600000000000005 0.0073500000000000015 0.019150000000000004 0.004312390000000001 43.150000000000013 29.950000000000003 0.00078857000000000005
decision_type=2 2 2 2 2 2 2 2 2 2 2 2 2 2 2 2 2 2 2 2 2 2 2 2 2 2 2 2 2
left_child=1 12 28 4 7 -6 -7 -2 -8 -5 -11 -12 18 16 24 -16 17 -14 21 27 -21 22 -1 -23 -15 -13 -9 -20 -3
right_child=3 2 -4 9 5 6 8 26 -10 10 11 25 13 14 15 -17 -18 -19 19 20 -22 23 -24 -25 -26 -27 -28 -29 -30
leaf_value=-0.0003299364640877266 0.050376055147439848 -0.03744948065651317 0.023140780309168808 -0.040411968366402484 0.082507678688105435 -0.071151931232996346 -0.00026743840110512502 -0.015872857079123986 0.042527977638015302 0.039222660508258456 -0.055793294415430461 0.020007659693565577 0.016141413099584605 -0.056959529193027048 0.044931287931112091 -0.0074019814086558298 -0.015425419477069347 0.092489138048042527 -0.037139271709085764 -0.045161838761167188 0.02597380841748316 0.051046622529798358 -0.018298879193559076 0.0074893395673579612 -0.017087025412318935 -0.0098571653796224942 -0.061992505675759028 -0.069466811570620735 -0.062146324795986557
leaf_weight=601.4886097740382 3.3952882736921302 5.6101961508393314 4.3487600386142722 7.0785115510225287 7.7714316844940177 7.4709303155541411 18.548715256154537 5.6342125311493856 30.107897728681564 5.1235143020749083 7.1697019040584555 13.118076637387277 8.6795402914285713 7.1446671187877682 19.243531614542007 39.691906422376633 5.3606087304651728 8.7717340588569623 5.6262809038162249 4.0947607308626148 8.9533350020647049 5.6088906824588802 37.418216700665653 19.161926254630089 12.690849289298056 14.072304181754587 6.0527179315686226 4.3887859880924225 8.294651582837103
leaf_count=4624 16 38 23 32 33 39 104 33 133 36 40 65 42 40 89 230 33 38 35 35 38 23 319 111 71 77 51 21 54
internal_value=-3.89184e-05 -0.000935101 -0.0344669 0.00567515 0.0137087 0.0216482 0.0130009 -0.0195203 0.026144 -0.00784479 -0.00179257 -0.00814962 -0.000148058 0.00797973 -0.000781271 0.00964829 0.0383216 0.0551101 -0.00135859 -0.020886 0.003096 -0.000669424 -0.00139283 0.0177187 -0.0319134 0.00438851 -0.0405059 -0.0523468 -0.0528774
internal_weight=932.121 806.577 18.2536 125.543 78.9812 63.899 56.1275 15.0822 48.6566 46.5621 39.4836 34.3601 788.324 101.583 78.771 58.9354 22.8119 17.4513 686.741 23.0632 13.0481 663.678 638.907 24.7708 19.8355 27.1904 11.6869 10.0151 13.9048
internal_count=6523 5864 115 659 409 309 276 100 237 250 218 182 5749 543 430 319 113 80 5206 129 73 5077 4943 134 111 142 84 56 92
is_linear=0
shrinkage=0.05


Tree=105
num_leaves=22
num_cat=0
split_feature=4 3 4 4 1 2 1 4 4 2 3 1 3 5 4 5 2 5 1 1 2
split_gain=1.81469 2.44563 5.02449 5.78053 4.81238 11.2616 7.09266 4.75477 8.39944 7.04259 5.55684 5.45932 3.36555 9.2887 7.84732 3.10048 2.45 2.22529 0.709933 0.701727 0.676416
threshold=0.34225000000000005 0.006997080000000001 0.077500000000000013 0.074650000000000008 52.650000000000013 22.550000000000004 45.250000000000007 0.10755000000000002 0.12050000000000001 31.450000000000003 0.0049313750000000009 55.350000000000001 0.0015787650000000002 0.57500000000000007 0.041600000000000005 0.46500000000000002 28.450000000000003 0.50500000000000012 54.650000000000013 49.45000000000001 25.850000000000005
decision_type=2 2 2 2 2 2 2 2 2 2 2 2 2 2 2 2 2 2 2 2 2
left_child=1 2 3 12 6 -6 15 9 -9 11 -10 -4 14 -14 -1 -3 19 -17 -7 -8 -2
right_child=20 4 7 -5 5 18 16 8 10 -11 -12 -13 13 -15 -16 17 -18 -19 -20 -21 -22
leaf_value=-5.6516516051198551e-05 -0.048936896601404052 -0.026857855992819257 -0.055689488955273203 0.066413505620101787 0.08757442679461401 0.0058755912473256559 -0.026043193902505937 0.043744895458462066 0.0025367489958724879 0.017034895386070309 -0.051406886352217879 -0.0047904777684896031 -0.00090907236172923459 0.028940785197052499 -0.027306422743435012 0.049594823578700098 0.0049792495209955486 0.013074419251361167 -0.027119305213529205 -0.061465346226147549 0
leaf_weight=657.45488430373371 2.4982085181400175 3.7031083554029491 17.179825522005565 3.2123199254274359 5.8215436339378339 3.3036601915955544 3.345797671005128 7.9409183934330967 13.145161814987661 6.7240999937057486 7.2487298585474482 7.9300738945603362 89.292223066091537 36.527858085930347 27.442952923476696 5.4317009598016766 2.8961500450968742 20.506657049059868 2.7662836164236069 4.3557483721524477 0.85340764373540867
leaf_count=4475 163 15 164 14 28 26 59 36 129 37 74 46 499 206 283 23 18 139 19 34 36
internal_value=-4.16783e-05 8.7779e-05 -0.000534725 0.000490763 0.0106024 0.0384308 0.00217965 -0.0144677 0.000266345 -0.0276985 -0.0165501 -0.0398959 0.000215231 0.00773328 -0.00115951 0.0148486 -0.0325953 0.0210752 -0.00854677 -0.0472488 -0.0362323
internal_weight=929.581 926.23 874.099 813.93 52.1306 11.8915 40.2392 60.1688 28.3348 31.834 20.3939 25.1099 810.718 125.82 684.898 29.6415 10.5977 25.9384 6.06994 7.70155 3.35162
internal_count=6523 6324 5963 5477 361 73 288 486 239 247 203 210 5463 705 4758 177 111 162 45 93 199
is_linear=0
shrinkage=0.05


Tree=106
num_leaves=31
num_cat=0
split_feature=2 2 4 4 1 2 2 2 2 1 4 4 1 4 1 4 4 4 2 2 0 1 1 4 2 4 0 1 4 1
split_gain=1.82546 9.08886 16.699 10.3222 8.75883 6.62957 16.3275 12.5585 12.1692 9.41343 6.61818 26.4881 24.0492 20.8583 18.1936 12.7212 15.5636 14.0435 7.93882 16.7748 8.817 8.14422 5.75928 5.72255 4.39579 6.35575 3.68452 6.38299 3.05434 2.0975
threshold=21.150000000000002 22.150000000000002 0.0095500000000000012 0.041600000000000005 51.850000000000001 24.350000000000005 24.750000000000004 25.550000000000004 25.850000000000005 71.250000000000014 0.013350000000000002 0.012250000000000002 46.550000000000004 0.024450000000000003 46.95000000000001 0.038350000000000002 0.030250000000000003 0.069450000000000026 13.950000000000001 16.650000000000002 60.500000000000007 56.350000000000001 60.250000000000007 0.0087500000000000026 23.650000000000002 0.040650000000000006 63.500000000000007 57.45000000000001 0.0079500000000000022 51.250000000000007
decision_type=2 2 2 2 2 2 2 2 2 2 2 2 2 2 2 2 2 2 2 2 2 2 2 2 2 2 2 2 2 2
left_child=10 2 29 26 -5 9 -7 28 -9 24 11 18 -13 22 -15 16 -16 -17 21 -20 -21 23 -12 -1 25 -3 27 -4 -8 -2
right_child=1 5 3 4 -6 6 7 8 -10 -11 13 12 -14 14 15 17 -18 -19 19 20 -22 -23 -24 -25 -26 -27 -28 -29 -30 -31
leaf_value=0.0028974690967106024 -0.059058844644942113 0.003824723810548335 0.06599493697534968 0.033713848839635109 -0.061317722806981334 0.05815841261498287 -0.0020549948463575124 0.049682804156969226 0.00039402188595196038 0.055455222127266481 -0.051968395443603745 0.13823117150768657 -0.020849487270015083 -0.052771884669958392 -0.0042597082033298218 -0.035178498712010627 0.068751515958976245 0.013953811435268502 -0.048604256754440606 0.058514525678218868 -0.006332975219831222 0.062312901090979922 0.011695973615260501 -0.054117033023267813 -0.050629465982364931 -0.039944096950447053 0.0862216185693645 -0.011389720564660082 -0.056480669720257372 -0.0093350083095203474
leaf_weight=230.94735963642597 4.4588176310062391 19.483981564640999 8.4617258310318046 6.9931430742144567 3.5813751444220543 12.513054814189671 3.5649510920047751 12.90969645231962 341.39518520236015 3.9482485912740222 31.030923243612051 6.460318371653555 3.6096567288041115 14.117332523223011 13.277159653604032 23.433265514671803 15.758585713803766 37.844885230064392 24.903226720169187 6.0610850751399985 34.682706423103809 5.6028181463479987 3.8323405608534804 4.3808785863220683 11.497422214597462 14.094026099890469 9.1463598161935789 3.6835873723030081 11.594223937019704 4.5726059004664421
leaf_count=1280 30 150 41 36 25 62 27 73 2009 25 340 29 24 198 134 262 92 456 326 31 351 36 30 49 87 111 47 24 106 32
internal_value=-4.19947e-05 0.00213225 0.0246287 0.0416871 0.000787259 0 0.00221537 0.000291927 0.00221756 -0.017298 -0.00230327 0.0016789 0.0810716 -0.0113862 -0.000146804 0.0080732 0.0352941 -0.00478003 -0.000938145 -0.016351 0.00331103 0.00324572 -0.0448137 0.00179231 -0.0238899 -0.0144624 0.0616676 0.0422151 -0.0441065 -0.0348092
internal_weight=927.841 471.898 40.8976 31.8662 10.5745 431.001 381.977 369.464 354.305 49.0237 455.943 316.648 10.07 139.294 104.431 90.3139 29.0357 61.2782 306.578 65.647 40.7438 240.931 34.8633 235.328 45.0754 33.578 21.2917 12.1453 15.1592 9.03142
internal_count=6523 2885 235 173 61 2650 2277 2215 2082 373 3638 2126 53 1512 1142 944 226 718 2073 708 382 1365 370 1329 348 261 112 65 133 62
is_linear=0
shrinkage=0.05


Tree=107
num_leaves=21
num_cat=0
split_feature=1 1 4 4 1 3 1 4 4 1 0 4 1 4 4 1 4 4 3 1
split_gain=1.82996 2.4616 3.79974 4.30038 5.65992 3.59945 2.6896 3.86919 5.07291 2.43895 10.2831 6.52406 5.05931 3.62171 16.956 10.9034 1.36939 1.29667 1.18851 0.449755
threshold=73.950000000000017 64.550000000000011 0.069850000000000009 0.067750000000000019 67.65000000000002 0.00036877000000000009 60.550000000000004 0.0087500000000000026 0.067650000000000002 57.150000000000013 63.500000000000007 0.0078500000000000011 58.050000000000004 0.016350000000000003 0.013350000000000002 46.350000000000001 0.011450000000000002 0.16885000000000003 0.00036877000000000009 76.050000000000011
decision_type=2 2 2 2 2 2 2 2 2 2 2 2 2 2 2 2 2 2 2 2
left_child=1 6 3 4 16 -6 9 -8 18 13 11 -11 -12 14 -1 -15 -3 -10 -9 -2
right_child=19 2 -4 -5 5 -7 7 8 17 10 12 -13 -14 15 -16 -17 -18 -19 -20 -21
leaf_value=-0.00088458501607241924 -0.015684146531268824 0.064752788227141422 -0.032485038070877222 0.066633072627377318 -0.030068277521980977 0.019048196905325755 0.016830714897444005 -0.02754020604578963 -0.0042734847955033994 0.039571380996707269 0.098861320778446962 -0.014947210992594818 0.023983543210099777 -0.0095421421090728913 -0.040307099503448997 0.0088356511663558231 0.020813467037900032 0.041555937689548489 -0.057836877669858247 -0.048107742139710127
leaf_weight=410.494185378775 4.544426415115594 4.2589425668120473 3.688859357032924 4.2231443971395484 7.77957785874605 6.8886439204216003 6.8548909574747112 8.9939757175743598 4.1363433003425589 7.0587204098701504 4.0875809192657453 23.278847565874457 5.5925576463341713 116.46807973925024 29.143242366611958 261.29437497397885 3.9617433473467827 2.2093037622980773 6.6090150736272326 1.862540256232023
leaf_count=2742 34 27 27 18 52 41 39 69 28 41 19 137 31 854 275 1935 27 27 65 35
internal_value=-4.67046e-05 0.000135341 0.0140116 0.0206178 0.0116573 -0.00669033 -0.000342819 -0.0153463 -0.0256532 0.000157098 0.0121978 -0.00200963 0.0568006 -0.000427689 -0.00351782 0.00315533 0.0446829 0.011304 -0.0409781 -0.0264727
internal_weight=923.429 917.022 30.8009 27.1121 22.8889 14.6682 886.221 28.8035 21.9486 857.418 40.0177 30.3376 9.68014 817.4 439.637 377.762 8.22069 6.34565 15.603 6.40697
internal_count=6523 6454 192 165 147 93 6262 228 189 6034 228 178 50 5806 3017 2789 54 55 134 69
is_linear=0
shrinkage=0.05


Tree=108
num_leaves=19
num_cat=0
split_feature=4 3 4 4 3 3 4 4 2 1 3 2 2 1 0 3 3 2
split_gain=1.74955 2.24254 4.73636 5.26829 4.53728 4.43056 4.34855 7.49565 6.57518 5.19767 5.09301 3.24254 13.1042 8.18027 3.23944 4.92578 3.12923 0.668933
threshold=0.34225000000000005 0.006997080000000001 0.077500000000000013 0.072750000000000009 0.0075250400000000011 0.0071393500000000009 0.10755000000000002 0.12050000000000001 31.450000000000003 55.350000000000001 0.0049313750000000009 19.050000000000004 18.450000000000003 45.150000000000013 53.500000000000007 0.0085667550000000006 0.016250000000000004 25.850000000000005
decision_type=2 2 2 2 2 2 2 2 2 2 2 2 2 2 2 2 2 2
left_child=1 2 3 11 5 -3 8 -8 9 -4 -9 12 -1 -13 -6 -16 -17 -2
right_child=17 4 6 -5 14 -7 7 10 -10 -11 -12 13 -14 -15 15 16 -18 -19
leaf_value=-0.0017371865076736268 -0.048905456658154399 0.0089856498904831803 -0.055054464501281819 0.045144316609142678 -0.044146276916676559 0.067125216956387582 0.040639868401083509 0.0017349819344731198 0.016101037836018964 -0.0050000055318439847 -0.05064635304764023 -0.01084502516781472 -0.05658503570011908 0.0061487430150065966 0.049147645819682881 -0.010508422106553603 0.030029028326806869 0
leaf_weight=334.15754257887602 2.4262330750934775 7.7901924848556501 16.470762599259622 6.4485200494527808 3.4567069411277762 5.9173660725355148 8.0295897275209445 13.168573472648861 6.7130238562822333 7.9151221290230742 6.9192993417382231 87.397378407418728 11.169825822114943 368.67884439229965 5.447089619934558 23.307575482875112 5.8553798124194136 0.85412602499127377
leaf_count=2525 163 39 164 28 14 31 36 129 37 46 74 674 137 2113 25 196 56 36
internal_value=-4.5705e-05 8.09489e-05 -0.000517658 0.000477593 0.0101839 0.0347502 -0.0141575 0 -0.0270097 -0.0390989 -0.0162217 0.000106355 -0.00354162 0.00287962 0.00113891 0.00592001 -0.00212359 -0.0359541
internal_weight=922.123 918.843 867.068 807.852 51.7743 13.7076 59.2164 28.1175 31.0989 24.3859 20.0879 801.404 345.327 456.076 38.0668 34.61 29.163 3.28036
internal_count=6523 6324 5963 5477 361 70 486 239 247 210 203 5449 2662 2787 291 277 252 199
is_linear=0
shrinkage=0.05


Tree=109
num_leaves=22
num_cat=0
split_feature=1 1 2 4 4 4 4 1 2 2 4 3 2 2 1 2 2 1 2 4 1
split_gain=1.72467 2.15035 4.45181 4.97297 7.97845 4.85867 2.74536 2.49733 3.97727 4.50538 2.79943 4.29096 2.38133 8.36678 9.17644 6.16162 4.47074 3.76671 1.84514 1.63838 1.01396
threshold=73.950000000000017 64.550000000000011 27.950000000000003 0.067750000000000019 0.011450000000000002 0.0068500000000000011 0.067950000000000024 60.550000000000004 26.950000000000003 13.950000000000001 0.013500000000000002 0.0016859400000000001 46.750000000000007 49.45000000000001 43.650000000000013 43.70000000000001 42.850000000000001 46.350000000000001 30.250000000000004 0.067650000000000002 49.850000000000001
decision_type=2 2 2 2 2 2 2 2 2 2 2 2 2 2 2 2 2 2 2 2 2
left_child=1 7 3 4 -3 -4 -5 12 9 -9 -10 -12 15 20 -15 16 -1 -17 -2 -11 -14
right_child=18 2 5 6 -6 -7 -8 8 10 19 11 -13 13 14 -16 17 -18 -19 -20 -21 -22
leaf_value=0.00046862152912955464 -0.051189899483418067 0.035116067852302549 -0.0023940894356517355 0.060961587564779478 -0.056785699743606359 0.05944052681311629 0 0.034026300659920017 0.033686984741116872 -0.055029739958180751 -0.038548353205839991 0.032326189648039988 -0.070078077272981557 0.067876970587627705 -0.010864652608728324 0.006807324030162965 -0.027677638834539928 0.046175950613731788 0.00088512334794760012 -0.01028525217280888 -0.031538853592205651
leaf_weight=778.38293404877186 3.2996506839990607 3.4263936579227501 4.9914079159498197 3.3023317307233802 6.8465239107608795 7.9379044026136398 4.1417383439838886 1.9831812828779245 5.0011207014322272 9.3646540679037553 5.7424659729003888 3.2113586813211441 4.9716955497860891 4.2671106010675457 24.047137681394815 13.651496820151808 14.268309861421583 11.447236627340315 3.0314101427793503 3.0518527799285939 3.9742364585399628
leaf_count=5628 54 24 24 14 61 40 29 10 23 106 34 26 29 24 131 64 85 53 15 29 20
internal_value=-4.56943e-05 0.000130397 0.0131329 -0.0029073 -0.025608 0.0353501 0.0276815 -0.000316472 -0.0148905 -0.0332678 0.00381841 -0.0125001 0.000162684 -0.0121743 0.00102329 0.000732345 -3.51523e-05 0.0250733 -0.025852 -0.0446015 -0.0540477
internal_weight=920.342 914.011 30.6463 17.717 10.2729 12.9293 7.44407 883.365 28.3546 14.3997 13.9549 8.95382 855.01 37.2602 28.3142 817.75 792.651 25.0987 6.33106 12.4165 8.94593
internal_count=6523 6454 192 128 85 64 43 6262 228 145 83 60 6034 204 155 5830 5713 117 69 135 49
is_linear=0
shrinkage=0.05


Tree=110
num_leaves=18
num_cat=0
split_feature=4 3 4 4 3 3 4 4 0 3 5 3 3 3 4 0 4
split_gain=1.62487 2.04079 4.43585 4.73303 4.1009 4.0497 4.03116 6.81572 4.8 4.78518 3.6677 4.39955 3.03958 4.96989 2.83757 1.00135 0.29552
threshold=0.34225000000000005 0.006997080000000001 0.077500000000000013 0.074650000000000008 0.0075250400000000011 0.0071393500000000009 0.10755000000000002 0.12050000000000001 65.500000000000014 0.0049313750000000009 0.47500000000000003 0.0085667550000000006 0.0067104400000000007 0.0055077150000000007 0.20055000000000003 63.500000000000007 0.35345000000000004
decision_type=2 2 2 2 2 2 2 2 2 2 2 2 2 2 2 2 2
left_child=1 2 3 12 5 -3 8 -8 15 -9 -6 -12 13 -1 -13 -4 -2
right_child=16 4 6 -5 10 -7 7 9 -10 -11 11 14 -14 -15 -16 -17 -18
leaf_value=0.0001562547612207878 -0.0065875446805253954 0.0084067368403260064 -0.029250746114234113 0.05963228530780227 -0.051313969179770651 0.064250943869789884 0.038450961026122457 0.0014010813132344902 0.012863845450630691 -0.049987731227795956 0.046720191382260939 0.0049663315508109021 -0.042432073966883282 0.057099623465095596 -0.036819911809704835 -0.054222407633053894 -0.046299993906450725
leaf_weight=794.72248182073236 1.0504604205489152 7.7156632244586927 17.997852217406042 3.2663090825080863 2.9484046548604956 5.8763367831707001 8.0554558858275431 13.136033043265344 6.0217110179364672 6.6707656793296328 5.4460685029625884 24.761849232017997 4.0552310645580283 3.7516995519399634 4.7421723045408717 6.4344623759388915 2.1146330982446671
leaf_count=5428 9 39 154 14 12 31 36 129 39 74 25 161 19 16 93 54 190
internal_value=-4.38265e-05 7.62752e-05 -0.00049492 0.000463523 0.00974135 0.0332084 -0.0138021 0 -0.0263448 -0.0158192 0.00112824 0.00582872 0.000209076 0.000437186 -0.00168275 -0.0362253 -0.0352566
internal_weight=918.768 915.602 864.112 805.796 51.4905 13.592 58.3163 27.8623 30.454 19.8068 37.8985 34.9501 802.529 798.474 29.504 24.4323 3.16509
internal_count=6523 6324 5963 5477 361 70 486 239 247 203 291 279 5463 5444 254 208 199
is_linear=0
shrinkage=0.05


Tree=111
num_leaves=21
num_cat=0
split_feature=1 1 4 4 1 3 1 5 4 4 3 1 5 4 1 4 4 1 4 1
split_gain=1.5959 1.95253 3.5288 3.40854 5.15751 3.23682 2.30035 3.32674 2.86164 5.77806 5.24398 2.17726 9.26612 5.84264 4.46253 3.33155 15.6961 10.1174 1.3103 0.435159
threshold=73.950000000000017 64.550000000000011 0.069850000000000009 0.067750000000000019 67.65000000000002 0.00036877000000000009 60.550000000000004 0.59500000000000008 0.016550000000000006 0.067650000000000002 0.00019904500000000004 57.150000000000013 0.57500000000000007 0.0078500000000000011 58.050000000000004 0.016350000000000003 0.013350000000000002 52.95000000000001 0.011450000000000002 76.050000000000011
decision_type=2 2 2 2 2 2 2 2 2 2 2 2 2 2 2 2 2 2 2 2
left_child=1 6 3 4 18 -6 11 8 10 -10 -8 15 13 -13 -14 16 -1 -17 -3 -2
right_child=19 2 -4 -5 5 -7 7 -9 9 -11 -12 12 14 -15 -16 17 -18 -19 -20 -21
leaf_value=-0.00086020179276035064 -0.014662666779231504 0.06308846214537131 -0.032457048991032515 0.059500895234921247 -0.029279297093491918 0.01781083159956898 -0.026923830622525013 -0.054644596334005438 -0.044851895094526785 0.019120910931606044 0.049076076507462721 0.036953766724835913 0.093074733336512797 -0.014372355473715154 0.022829650490384597 -0.0013269515903835114 -0.039315335379101903 0.01838067701741845 0.019467219101353499 -0.047404539222805735
leaf_weight=409.94027834385633 4.4746381975710383 4.0653614774346449 3.6429752190597346 4.3107297867536536 7.6074857264757139 6.7252569049596786 3.9186597093939834 4.2736434694379559 9.1105426475405675 5.5186801883392027 4.99789147824049 7.1690668910741833 4.1207551509141904 23.136681565083563 5.6063080057501793 291.76451111119241 28.297985605895519 83.602466539479792 3.8903926163911819 1.7162266150116918
leaf_count=2742 34 27 27 18 52 41 24 50 80 45 29 41 19 137 31 2200 275 589 27 35
internal_value=-4.22055e-05 0.000125499 0.0126002 0.0190569 0.0107806 -0.00686677 -0.000298209 -0.0144231 -0.0067111 -0.0204136 0.0151928 0.00015789 0.011531 -0.00198471 0.0537413 -0.00039692 -0.00336314 0.00305278 0.0428846 -0.0251434
internal_weight=917.891 911.7 30.2422 26.5992 22.2885 14.3327 881.457 27.8194 23.5458 14.6292 8.91655 853.638 40.0328 30.3057 9.72706 813.605 438.238 375.367 7.95575 6.19086
internal_count=6523 6454 192 165 147 93 6262 228 178 125 53 6034 228 178 50 5806 3017 2789 54 69
is_linear=0
shrinkage=0.05


Tree=112
num_leaves=31
num_cat=0
split_feature=2 1 3 1 2 2 3 2 2 1 3 0 0 2 2 3 3 3 3 3 3 0 1 1 2 3 1 1 1 3
split_gain=1.62875 7.95715 11.6561 12.1094 18.3979 10.5573 7.59706 14.4916 5.46656 11.6075 5.26469 11.3324 8.26873 11.2705 9.40908 8.05827 15.1786 10.4692 7.40652 5.54683 5.07348 5.03725 4.59841 7.42256 4.50982 4.19351 4.1481 9.3893 5.39073 2.08308
threshold=19.050000000000004 47.350000000000001 0.0024757600000000005 56.350000000000001 12.65 17.350000000000005 0.013800000000000002 16.250000000000004 19.550000000000004 51.750000000000007 0.0011871400000000002 65.500000000000014 62.500000000000007 14.350000000000003 16.250000000000004 0.00024785500000000006 0.00036877000000000009 9.051500000000001e-05 0.0013002900000000002 8.9260000000000009e-05 0.004237035000000001 60.500000000000007 53.95000000000001 52.750000000000007 19.750000000000004 0.00029936000000000003 33.650000000000013 38.650000000000013 40.850000000000001 0.00089465500000000017
decision_type=2 2 2 2 2 2 2 2 2 2 2 2 2 2 2 2 2 2 2 2 2 2 2 2 2 2 2 2 2 2
left_child=1 10 3 22 -5 -6 7 20 9 25 12 18 13 19 -15 17 -17 -14 -12 -1 -4 -20 23 -3 -10 -2 -26 -28 -29 -27
right_child=8 2 6 4 5 -7 -8 -9 24 -11 11 -13 15 14 -16 16 -18 -19 21 -21 -22 -23 -24 -25 26 29 27 28 -30 -31
leaf_value=-0.005329831724264115 0.055443488327368451 -0.029274921115316172 -0.033065213568997408 0.087849795449108675 -0.052991179874149689 0.03003767019258248 -0.051932775690577804 0.090997929307275946 -0.053475726789165859 0.092162995077449739 -0.055428153189492881 0.06778161737741048 0.035967374057576683 0.097471642047411877 0.012658141513572575 0.049975111121181887 -0.02892633209093548 -0.055943228376876833 0.0025466123922513071 0.017324665909864836 0.034201915188959944 -0.026424494298876423 -0.049664572832966429 0.0067297217569811376 0.050495340861334836 -0.054362764421123644 -0.046433159888955557 0.032907291146735733 0.0010520721303553359 0.0063940176930353688
leaf_weight=42.386250466108322 1.9242224097251872 59.695761704817414 5.8075344786047989 6.1486069858074215 8.0462652966380102 7.0613876841962329 2.8348482558503738 6.8492849618196479 3.6715899407863608 5.0382911767810583 8.732997711747883 4.5786422565579405 3.795966029167178 6.9429410062730295 6.4525330513715744 11.219205021858217 13.055817052721975 14.400304980576037 46.816074088215828 72.9316426217556 5.2266205241903663 21.798824609722942 17.077933207154274 18.501427071169019 4.1664512753486624 3.1418861523270607 10.133962836116551 13.577420048415659 482.30042565707117 2.2287916503846645
leaf_count=193 11 796 67 30 84 63 105 37 40 39 67 25 35 46 62 73 95 155 199 393 60 216 196 176 22 31 106 86 2985 30
internal_value=-4.15171e-05 -0.00249361 -0.01219 -0.0183578 0.0155631 -0.013912 0.0221825 0.0344326 0.00176825 0.03454 0.00274726 -0.00763971 0.00774907 0.0140764 0.0573844 -0.0112972 0.0073899 -0.0364045 -0.0122506 0.00895705 -0.000732275 -0.00660975 -0.0259865 -0.0206947 0.000965384 -0.00528981 0.00137738 0.000953172 0.00194083 -0.0285792
internal_weight=916.544 390.361 137.25 116.531 21.2563 15.1077 20.7183 17.8834 526.183 12.3332 253.111 81.9265 171.185 128.713 13.3955 42.4713 24.275 18.1963 77.3479 115.318 11.0342 68.6149 95.2751 78.1972 513.85 7.2949 510.178 506.012 495.878 5.37068
internal_count=6523 3173 1614 1345 177 147 269 164 3350 111 1559 507 1052 694 108 358 168 190 482 586 127 415 1168 972 3239 72 3199 3177 3071 61
is_linear=0
shrinkage=0.05


Tree=113
num_leaves=25
num_cat=0
split_feature=2 2 2 2 2 1 4 2 4 0 2 2 4 2 1 1 0 2 4 4 2 0 1 2
split_gain=1.52809 11.4567 8.15196 13.588 10.1917 9.63776 6.94103 6.59321 15.8665 5.27094 5.20554 4.81629 9.27263 3.27941 3.64004 3.33468 7.79447 2.86037 2.26353 21.1709 11.1671 0.606423 0.602013 0.562011
threshold=30.450000000000003 31.650000000000002 33.150000000000013 33.95000000000001 33.550000000000004 46.050000000000004 0.045450000000000011 40.150000000000006 0.0084500000000000009 62.500000000000007 45.95000000000001 31.050000000000004 0.019950000000000006 29.650000000000002 72.700000000000003 50.650000000000013 61.500000000000007 29.300000000000001 0.0063500000000000006 0.0069500000000000004 28.150000000000002 62.500000000000007 50.45000000000001 26.600000000000005
decision_type=2 2 2 2 2 2 2 2 2 2 2 2 2 2 2 2 2 2 2 2 2 2 2 2
left_child=13 6 5 4 9 -3 11 8 -5 -4 -9 -2 -13 14 17 21 -17 18 20 -20 -1 -15 -7 -16
right_child=1 2 3 7 -6 22 -8 10 -10 -11 -12 12 -14 15 23 16 -18 -19 19 -21 -22 -23 -24 -25
leaf_value=0.0011409218204274814 0.081079090764974215 0.019809722731132001 0.04365072689302979 0.057043170949603261 0.08836976085197297 -0.040347535355499162 -0.012857393216630115 0.01300679586418026 -0.025080250706134313 -0.022181269887057653 -0.0081933047949016673 -0.021325321969346823 0.075906138604814821 -0.026549365654457893 -0.01871928056873402 -0.049180996178810679 0.03087461024935604 0.033639349525484148 -0.056494168746488327 -0.00044380463010586235 0.061885451157115884 -0.055080766888552568 -0.066721938808709372 -0.056905865650156595
leaf_weight=250.88937474787235 7.9452660977840486 6.194497928023341 6.4972021430730837 6.5329857766628256 7.4078618735074988 6.3806791305541974 5.1572037301957598 77.429829470813274 50.335741873830557 5.4483399093151093 45.842146191745996 4.7704486548900586 4.7542045414447784 5.2046074196696299 2.347928784787654 5.1048565283417684 7.1916776299476624 6.0551857203245154 17.579915508627892 362.09649358969182 7.7100043147802344 4.8785246387124062 6.9337575882673264 2.941550474613905
leaf_count=1509 38 33 31 30 33 38 33 409 315 25 250 21 21 34 39 27 34 34 197 3236 32 34 40 30
internal_value=-4.44536e-05 0.00335916 -0.000124597 0.0028748 0.0425823 -0.030909 0.0371498 -0.00138469 -0.0154747 0.0132749 0.00508216 0.0521859 0.0269724 -0.00127604 -0.000618298 -0.0200584 -0.00208545 -0.000268167 -0.000602892 -0.00306643 0.00299454 -0.0412501 -0.0548503 -0.0415449
internal_weight=913.63 241.63 219.003 199.494 19.3534 19.5089 22.6271 180.141 56.8687 11.9455 123.272 17.4699 9.52465 672 649.62 22.3797 12.2965 644.331 638.276 379.676 258.599 10.0831 13.3144 5.28948
internal_count=6523 1317 1204 1093 89 111 113 1004 345 56 659 80 42 5206 5077 129 61 5008 4974 3433 1541 68 78 69
is_linear=0
shrinkage=0.05


Tree=114
num_leaves=26
num_cat=0
split_feature=3 3 3 3 2 3 2 5 3 3 3 1 1 0 3 1 1 0 3 2 0 2 1 2 2
split_gain=1.48603 7.35435 6.42932 6.2331 25.292 9.36865 5.35785 4.17975 4.48814 5.01319 4.5992 3.92919 7.8303 4.05127 3.87381 3.05869 6.17017 3.21799 2.90194 5.84289 4.80504 2.85334 3.26185 3.02599 3.10229
threshold=0.0015787650000000002 0.0016859400000000001 0.0013690800000000002 0.0012994950000000001 29.050000000000004 0.0012167600000000001 27.550000000000004 0.57500000000000007 0.0018120800000000002 0.0019442100000000003 0.0022204250000000003 33.650000000000013 38.650000000000013 62.500000000000007 0.004237035000000001 55.45000000000001 44.250000000000007 64.500000000000014 0.0020500000000000002 37.150000000000013 65.500000000000014 38.850000000000009 53.750000000000007 16.550000000000004 20.850000000000005
decision_type=2 2 2 2 2 2 2 2 2 2 2 2 2 2 2 2 2 2 2 2 2 2 2 2 2
left_child=2 21 3 5 -5 11 -4 8 -3 -10 -11 13 -13 -1 18 16 -16 -17 20 -20 -9 22 23 -2 -25
right_child=1 7 6 4 -6 -7 -8 14 9 10 -12 12 -14 -15 15 17 -18 -19 19 -21 -22 -23 -24 24 -26
leaf_value=0.010996384546324685 0.047661001850460204 -0.042785769032866537 -0.053226453801019973 0.1157066639207206 -0.047352660934195046 -0.061471258661144772 0.022037278781021564 -0.028712063786622555 0.057580190060020076 -0.029650876372654046 -0.00016589855364043055 -0.046032423478661801 -0.0017871250769055794 -0.0081905012791527142 0.012220052338238946 0.069331467233830893 -0.050063396971785516 -0.013503327990255234 0.045964944300831131 0 0.032544534034508008 0.071307497946347512 0.056752630892759427 -0.053051050259172665 0.013335669333073764
leaf_weight=116.5682370364666 2.9848409742116946 6.8948823846876612 10.084707614034413 4.9967529848217946 4.3267591521143913 6.2742630243301383 2.9109712839126578 6.691519580781458 3.3704153150320044 14.65517148002982 131.08045732649043 10.12566329538822 483.33532508090138 35.620133601129055 8.2915765373036283 2.3212142903357735 7.3278448944911352 2.0608903486281633 18.498715370893482 11.298459008336065 5.955619353801012 3.9343829825520507 4.6660826057195655 2.6892489120364189 4.502783790230751
leaf_count=573 16 66 116 33 38 39 17 48 18 119 975 107 3588 271 62 17 88 29 105 66 33 23 23 32 21
internal_value=-4.53286e-05 0.00335177 -0.00124829 -0.000553466 0.0398057 -0.00114435 -0.0359464 0.000740576 -0.00361126 -0.0017388 -0.00318349 -0.000540935 -0.0027143 0.00647038 0.0116806 -0.0062498 -0.0168147 0.0298269 0.0202425 0.0287359 0 0.0332994 0.0224804 0.0058807 -0.0111891
internal_weight=911.467 237.224 674.243 661.247 9.32351 651.924 12.9957 218.447 156.001 149.106 145.736 645.649 493.461 152.188 62.4458 20.0015 15.6194 4.3821 42.4443 29.7972 12.6471 18.7773 14.843 10.1769 7.19203
internal_count=6523 1741 4782 4649 71 4578 133 1626 1178 1112 1094 4539 3695 844 448 196 150 46 252 171 81 115 92 69 53
is_linear=0
shrinkage=0.05


Tree=115
num_leaves=31
num_cat=0
split_feature=2 2 4 3 1 2 2 2 2 3 1 4 4 4 4 3 1 2 1 2 2 2 3 1 1 4 2 1 4 1
split_gain=1.53485 8.12907 14.7455 13.3963 9.49402 6.10634 14.5367 11.1757 11.1084 9.47951 14.6424 13.0481 5.59127 21.8629 18.5379 24.4057 18.4646 13.3718 11.2644 11.5996 6.36106 15.5837 18.0095 6.40686 5.53072 5.25933 5.16213 9.15615 2.89395 1.96108
threshold=21.150000000000002 22.150000000000002 0.0095500000000000012 0.00069947500000000007 52.550000000000004 24.350000000000005 24.750000000000004 25.550000000000004 25.850000000000005 0.00078857000000000005 49.550000000000004 0.051850000000000007 0.013350000000000002 0.012250000000000002 0.024450000000000003 0.00048096000000000006 46.550000000000004 16.950000000000003 46.95000000000001 14.850000000000003 13.950000000000001 16.650000000000002 0.00019904500000000004 56.350000000000001 60.250000000000007 0.0087500000000000026 22.550000000000004 53.95000000000001 0.0079500000000000022 51.250000000000007
decision_type=2 2 2 2 2 2 2 2 2 2 2 2 2 2 2 2 2 2 2 2 2 2 2 2 2 2 2 2 2 2
left_child=12 2 29 -4 -5 9 -7 28 -9 26 -11 -12 13 20 24 17 -15 -16 -17 -20 23 -22 -23 25 -14 -1 27 -3 -8 -2
right_child=1 5 3 4 -6 6 7 8 -10 10 11 -13 14 16 15 18 -18 -19 19 -21 21 22 -24 -25 -26 -27 -28 -29 -30 -31
leaf_value=0.0025548240390893045 -0.057900229684379328 0.056965161999693481 0.065516395238338451 0.029738245125947207 -0.06284454993589933 0.055622356438573356 -0.0022146111091071209 0.047606063286908959 0.00028336004330875748 -0.049427069786128125 0.095795543221183416 0.001284051334052367 -0.051059930751307173 0.11981031428354648 0.13061253594995129 -0.051898633913770378 -0.019175678069153441 0.010121768744443843 -0.032053799102216202 0.010620555160499662 -0.047530332417944118 0.03831596197005803 -0.028741958458871553 0.057063087189204699 0.012779934335792829 -0.053591519508894063 -0.058544828433098085 -0.05774700506256928 -0.055640412335381584 -0.0089690431852576039
leaf_weight=229.60634864866734 4.1906773224472982 3.087808363139632 19.142025351524357 8.1093592122197133 4.0750983357429496 12.158101372420786 3.573134832084178 12.785762444138525 336.15662519168109 8.761658822186293 5.1065566688776043 12.612260825932024 28.61820712685585 6.8618681728839857 5.0582201033830625 12.547897445503621 3.5147045031189919 4.3660739026963711 21.8418108089827 57.883199781645089 23.230862686410546 19.410970151424408 20.4318967461586 5.2185726761817923 3.6697050333023062 4.1430664621293536 14.453087398782371 3.7108972296118736 10.791609480045734 4.5454470403492451
leaf_count=1280 30 21 103 42 28 62 27 73 2009 89 24 71 340 29 25 193 24 31 324 569 326 156 226 36 30 49 141 27 106 32
internal_value=-4.56733e-05 0.00196461 0.0234627 0.0395341 -0.00107862 -6.37878e-05 0.00206728 0.000246484 0.0020448 -0.0169007 0.00289996 0.0291876 -0.00214303 0.00150801 -0.0106884 -0.00014716 0.0725227 0.0760091 -0.00805337 -0.00103357 -0.000938328 -0.0150611 0.00381682 0.00277311 -0.0436327 0.00151579 -0.0417053 -0.0048522 -0.042804 -0.0333966
internal_weight=909.664 463.26 40.0626 31.3265 12.1845 423.198 375.465 363.307 348.942 47.7323 26.4805 17.7188 446.403 312.418 133.985 101.697 10.3766 9.42429 92.2729 79.725 302.042 63.0737 39.8429 238.968 32.2879 233.749 21.2518 6.79871 14.3647 8.73612
internal_count=6523 2885 235 173 70 2650 2277 2215 2082 373 184 95 3638 2126 1512 1142 53 56 1086 893 2073 708 382 1365 370 1329 189 48 133 62
is_linear=0
shrinkage=0.05


Tree=116
num_leaves=27
num_cat=0
split_feature=2 2 2 2 2 1 2 1 0 2 0 2 3 1 1 2 2 3 3 3 1 2 1 2 1 2
split_gain=1.45808 10.3629 7.49823 12.2066 9.21221 8.97886 5.97287 4.82954 4.72183 4.6214 4.19138 2.90672 6.74231 7.24484 3.3551 2.67231 2.17046 2.87996 2.03464 10.7642 7.49498 1.79046 0.967968 0.714077 0.586776 0.555379
threshold=30.450000000000003 31.650000000000002 33.150000000000013 33.95000000000001 33.550000000000004 46.050000000000004 40.150000000000006 43.550000000000004 62.500000000000007 45.95000000000001 61.500000000000007 29.650000000000002 0.00097842500000000021 52.050000000000004 72.700000000000003 29.300000000000001 31.150000000000002 0.00029936000000000003 0.000110475 0.00029936000000000003 53.650000000000013 30.800000000000001 49.95000000000001 29.950000000000003 50.45000000000001 26.600000000000005
decision_type=2 2 2 2 2 2 2 2 2 2 2 2 2 2 2 2 2 2 2 2 2 2 2 2 2 2
left_child=11 10 5 4 8 -3 7 -5 -4 -8 16 14 23 22 15 18 17 -2 20 -20 -1 -12 -14 -13 -7 -16
right_child=1 2 3 6 -6 24 9 -9 -10 -11 21 12 13 -15 25 -17 -18 -19 19 -21 -22 -23 -24 -25 -26 -27
leaf_value=0.0080770033828464673 0.033184190321328952 0.018682987308537718 0.04095310849842989 -0.047794990250255923 0.083873501336010348 -0.039119729009620137 0.012363724080332714 -0.0080934698538280472 -0.021265260074813042 -0.0076277208881022204 0.086287932108217058 -0.035117050486514284 -0.036335987755814057 0.065687301110978966 -0.017867516117052489 0.032426405379489917 0.042886566615316458 -0.02691067443913139 -0.023992532624829681 0.00031829871640741306 -0.020138667063831793 0.039722263886989323 -0.0023270356834059827 -0.067561937127893809 -0.065493994886468468 -0.056291186752837036
leaf_weight=155.58397805318236 3.4348995536565798 6.2287288308143642 6.59286877512932 9.2074759602546674 7.4261725246906272 6.2339490056037885 77.304397314786911 46.835019547492266 5.4055519551038742 45.743943460285664 4.0211625248193723 5.3492964804172534 4.050694599747656 3.4500211477279654 2.3062410596758118 6.0691156834363928 4.3753003925085068 4.4670109190046787 51.273127518594265 397.28984702122398 27.563786054030061 6.2121017575263977 4.9418234601616859 4.2135847061872482 6.7013090401887894 2.8073143996298313
leaf_count=971 19 33 31 76 33 38 409 269 25 250 18 35 31 17 39 34 19 24 574 3204 225 33 25 21 40 30
internal_value=-5.07645e-05 0.00328166 -4.18798e-05 0.00282389 0.0403728 -0.0298478 -0.00124111 -0.0147788 0.012565 0.00489103 0.0354999 -0.00126241 -0.0190975 0.00483468 -0.000641285 -0.000306785 0.0150544 -7.48027e-05 -0.000634264 -0.00245414 0.00379458 0.0591621 -0.0184275 -0.0504816 -0.0535645 -0.040596
internal_weight=905.089 240.19 217.679 198.515 19.4246 19.164 179.091 56.0425 11.9984 123.048 22.5105 664.899 22.0054 12.4425 642.893 637.78 12.2772 7.90191 631.711 448.563 183.148 10.2333 8.99252 9.56288 12.9353 5.11356
internal_count=6523 1317 1204 1093 89 111 1004 345 56 659 113 5206 129 73 5077 5008 62 43 4974 3778 1196 51 56 56 78 69
is_linear=0
shrinkage=0.05


Tree=117
num_leaves=19
num_cat=0
split_feature=4 3 1 4 4 2 4 3 0 2 4 1 3 1 1 1 3 2
split_gain=1.49308 1.92643 2.8937 2.3862 6.05209 5.71953 5.69915 4.93702 7.56862 8.46508 6.18823 7.97207 5.18708 4.74456 4.65183 4.60671 3.37609 0.711384
threshold=0.34225000000000005 0.016250000000000004 43.250000000000007 0.077500000000000013 0.10755000000000002 31.450000000000003 0.12015000000000002 0.0015787650000000002 63.500000000000007 37.150000000000013 0.041600000000000005 50.150000000000013 0.0016859400000000001 55.350000000000001 46.250000000000007 50.550000000000004 0.014450000000000003 25.850000000000005
decision_type=2 2 2 2 2 2 2 2 2 2 2 2 2 2 2 2 2 2
left_child=1 3 -3 7 5 13 14 10 12 -10 15 -12 -9 -5 -6 -1 -8 -2
right_child=17 2 -4 4 6 -7 16 8 9 -11 11 -13 -14 -15 -16 -17 -18 -19
leaf_value=-0.0035045481360301309 -0.048665915296629683 -0.017673065912589353 0.05426289703191535 -0.05411583663039337 -0.0024481878011008216 0.014340878500088226 0.00016342028793754713 0.033343609013739554 0.046020463261279849 -0.0031819900743371623 -0.0010814186690544987 -0.057541564682709212 -0.0016860830827694845 -0.0055962963871835558 0.068219956401484413 0.00519392998794742 -0.036839672091074173 0.00037141126029707435
leaf_weight=390.32372673973441 2.2264586004894222 1.9937296882271756 3.7673278786242008 15.30221445113421 3.913341671228407 6.5346438065171233 40.030076378956437 11.791293933987616 24.171380273997784 13.358251571655272 15.068222396075727 10.821127288043497 93.437752343714237 7.8863519802689543 5.1882084310054779 249.32929187919945 7.1305516995489588 0.7927941447123884
leaf_count=2683 163 21 35 164 21 37 361 59 137 77 162 123 518 46 23 1792 65 36
internal_value=-5.15809e-05 6.2547e-05 0.0286381 -0.00011913 -0.0080377 -0.0262564 0.00152803 0.000717936 0.0091555 0.0284126 -0.00108551 -0.0250034 0.00221958 -0.0379241 0.0375954 -0.000105885 -0.00539166 -0.0345877
internal_weight=903.067 900.047 5.76106 894.286 85.9854 29.7232 56.2622 808.301 142.759 37.5296 665.542 25.8893 105.229 23.1886 9.10155 639.653 47.1606 3.01925
internal_count=6523 6324 56 6268 717 247 470 5551 791 214 4760 285 577 210 44 4475 426 199
is_linear=0
shrinkage=0.05


Tree=118
num_leaves=30
num_cat=0
split_feature=2 2 2 1 4 3 1 3 1 2 1 4 4 1 1 4 1 4 2 4 1 4 4 4 1 2 2 1 2
split_gain=1.41152 6.70739 14.2061 6.82557 10.4114 25.7766 12.0604 6.21278 8.58638 4.79101 9.75377 4.99873 14.6019 13.4095 12.0074 10.4392 18.8208 10.3767 9.99528 9.25654 6.87181 4.93064 4.64489 33.7706 9.91495 4.13962 3.90658 2.90643 2.80446
threshold=19.050000000000004 18.450000000000003 18.250000000000004 47.350000000000001 0.028050000000000002 0.00048096000000000006 56.350000000000001 0.0025839000000000005 50.150000000000013 19.550000000000004 51.750000000000007 0.016200000000000003 0.010500000000000001 41.550000000000004 43.95000000000001 0.018850000000000002 50.150000000000013 0.019050000000000001 26.950000000000003 0.020350000000000004 34.250000000000007 0.011450000000000002 0.014350000000000002 0.012250000000000002 46.95000000000001 21.350000000000005 43.70000000000001 49.95000000000001 25.250000000000004
decision_type=2 2 2 2 2 2 2 2 2 2 2 2 2 2 2 2 2 2 2 2 2 2 2 2 2 2 2 2 2
left_child=1 2 3 22 6 -6 -5 -3 -9 10 27 12 14 25 20 16 26 -17 -16 -19 -11 -15 23 -1 -24 -14 -13 -2 -18
right_child=9 7 -4 4 5 -7 -8 8 -10 11 -12 15 13 21 18 17 28 19 -20 -21 -22 -23 24 -25 -26 -27 -28 -29 -30
leaf_value=0.00083219860785537804 -0.051412299425651245 -0.056292642572261235 0.10158669337705808 -0.033907254608039991 0.10522734776023566 -0.007457422020815882 0.016428929875160685 -0.052117007072727144 0.084416190031072286 0.030845215529253268 0.082780339732270045 -0.044256780599892569 0.080536944068931693 -0.069477550847059463 -0.0089242741030777333 -0.058360885072351543 0.066223976714401264 0.031359884741566708 0.022330339084099267 -0.00010884254102452463 -0.055477054607290889 -0.02815289032159804 -0.054755999149779216 0.10842063361402915 0.047745331681332673 0.0010857052383332667 0.01394832919003778 0.015689848592764 0.032558462206530144
leaf_weight=228.22640238702297 2.2835311219096166 10.387309860438107 3.2413604184985152 57.878709986805916 5.7136299908161154 39.53158628125675 14.760482743382452 2.2537863068282595 2.1299654478207231 2.7179060429334632 5.3194781788624823 7.7509094402194005 3.0548008531332007 9.1117492988705617 42.433268323540688 7.0228364020586005 15.117406368255617 25.570755410939455 63.51288852840662 257.15671334974468 11.671762593090532 40.372209031134844 8.7932365206070227 7.438488855957984 3.0758858276531091 3.6914821863174438 4.3257547616958618 4.7777014598250389 12.421894311904905
leaf_count=1290 36 138 29 755 27 540 125 23 33 23 39 42 13 51 344 39 75 145 330 1626 126 310 153 32 28 35 21 36 59
internal_value=-5.17363e-05 -0.00235675 -0.00101448 -0.0019658 -0.0118707 0.00686298 -0.0236015 -0.035289 0.0135094 0.00164391 0.0322589 0.000878626 -0.00589502 -0.0269167 0.00390063 0.00452569 0.028571 0.00121213 0.00976857 0.00272969 -0.0387272 -0.0359878 0.00273394 0.00429386 -0.027598 0.0384434 -0.0230543 -0.00572701 0.0513924
internal_weight=901.744 383.431 368.66 365.418 117.884 45.2452 72.6392 14.7711 4.38375 518.313 12.3807 505.932 176.566 56.2302 120.336 329.366 39.616 289.75 105.946 282.727 14.3897 49.484 247.534 235.665 11.8691 6.74628 12.0767 7.06123 27.5393
internal_count=6523 3173 2979 2950 1447 567 880 194 56 3350 111 3239 1232 409 823 2007 197 1810 674 1771 149 361 1503 1322 181 48 63 72 134
is_linear=0
shrinkage=0.05


Tree=119
num_leaves=20
num_cat=0
split_feature=4 3 3 2 3 4 2 3 3 1 5 1 3 2 1 1 2 2 1
split_gain=1.39686 1.86796 4.71033 4.85335 4.0862 4.66938 6.55728 6.3656 3.57834 4.64856 9.22422 4.41687 4.33794 2.98858 6.04204 5.05178 2.11563 0.695908 0.429093
threshold=0.34225000000000005 0.005916320000000001 0.004312390000000001 32.250000000000007 0.004237035000000001 0.080250000000000016 27.550000000000004 0.0015787650000000002 0.0067104400000000007 52.650000000000013 0.55500000000000016 45.250000000000007 0.006997080000000001 28.950000000000003 49.750000000000007 55.050000000000004 28.450000000000003 25.850000000000005 56.250000000000007
decision_type=2 2 2 2 2 2 2 2 2 2 2 2 2 2 2 2 2 2 2
left_child=1 2 4 13 5 7 -7 -1 -3 11 -11 12 -10 14 -4 -15 -13 -2 -12
right_child=17 8 3 -5 -6 6 -8 -9 9 10 18 16 -14 15 -16 -17 -18 -19 -20
leaf_value=-0.0011360382173265496 -0.048357398628187817 0.057749692888468075 -0.00011550520587966413 -0.062169338979107397 0.053444345110706004 -0.036705090922750809 0.015679878972127314 0.011857384388364346 -0.041094371241089084 0.077570651004038871 0.00086351948374071967 -0.045654931664831963 0.013514578121669302 -0.019181362405689108 -0.055525500658743343 0.069318392382370253 0.0037225019530524651 0.00035968577660400403 -0.024549453665525359
leaf_weight=662.21743321511894 2.1371689490042622 3.4189073592424384 14.833039097487932 5.3608218133449546 3.4906051605939856 18.878695383667949 8.4927483499050123 109.74559096619487 4.0277494415640822 5.8079371564090234 3.2944921404123306 7.1081643067300302 29.047856222838163 3.4816417545080176 7.3999445624649516 2.7662561237812042 2.8258460387587547 0.79296284914016713 2.650528684258461
leaf_count=4766 163 19 76 28 21 215 49 640 19 33 21 93 177 24 84 22 18 36 19
internal_value=-5.28531e-05 5.63238e-05 -0.000540886 -0.0187874 0.000224279 -8.52854e-06 -0.0202713 0.000705983 0.00871636 0.00546432 0.0332145 -0.00206226 0.00661009 -0.0102579 -0.0189479 0.019689 -0.0312135 -0.0339465 -0.00985816
internal_weight=897.778 894.848 836.667 33.8417 802.825 799.334 27.3714 771.963 58.1815 54.7626 11.753 43.0096 33.0756 28.4809 22.233 6.2479 9.93401 2.93013 5.94502
internal_count=6523 6324 5925 234 5691 5670 264 5406 399 380 73 307 196 206 160 46 111 199 40
is_linear=0
shrinkage=0.05


Tree=120
num_leaves=29
num_cat=0
split_feature=2 2 2 2 2 1 2 1 2 0 0 2 3 1 1 1 3 3 2 3 2 2 1 2 1 2 1 2
split_gain=1.35908 9.63773 6.81916 10.9048 8.38578 8.35999 5.50416 4.4339 4.41005 4.14461 3.89415 2.66006 6.40084 6.3733 3.13733 2.40194 6.84724 15.7647 6.1071 4.95223 9.37304 9.09785 1.95445 1.52407 0.822163 0.673079 0.608244 0.55332
threshold=30.450000000000003 31.650000000000002 33.150000000000013 33.95000000000001 33.550000000000004 46.050000000000004 40.150000000000006 43.550000000000004 45.95000000000001 62.500000000000007 61.500000000000007 29.650000000000002 0.00097842500000000021 52.050000000000004 72.700000000000003 54.550000000000004 0.000110475 0.00027722500000000003 16.650000000000002 0.00019904500000000004 12.65 18.250000000000004 50.95000000000001 30.800000000000001 49.95000000000001 29.950000000000003 50.45000000000001 26.600000000000005
decision_type=2 2 2 2 2 2 2 2 2 2 2 2 2 2 2 2 2 2 2 2 2 2 2 2 2 2 2 2
left_child=11 10 5 4 9 -3 7 -5 -8 -4 22 14 25 24 15 16 18 -18 -1 20 -17 -21 -2 -12 -14 -13 -7 -16
right_child=1 2 3 6 -6 26 8 -9 -10 -11 23 12 13 -15 27 19 17 -19 -20 21 -22 -23 -24 -25 -26 -27 -28 -29
leaf_value=0.00080164556514402427 -0.0055692517532666564 0.01768686859164674 0.038029821408137592 -0.046715201258635652 0.079870020560024346 -0.037592334269764389 0.012056593001092747 -0.0079401163916768113 -0.0075310437554363119 -0.020261346095424949 0.082171912003362019 -0.034349332268985684 -0.033870826949681028 0.062036763692583631 -0.017086325951007609 0.079843062076511206 -0.037419538244739696 -0.0021858258443728088 0.023102981654209803 -0.014938981253467482 -0.02456901352214394 0.019399456499575307 0.033722019847673056 0.03876143694202272 -0.0021226598824515986 -0.066385101285417997 -0.064571668330169404 -0.055833582503231095
leaf_weight=116.13679018430412 5.8468331098556536 6.2423779964447048 6.6671886146068591 8.8106079436838609 7.3826440274715415 6.0387290418148023 76.579852178692818 46.513797800987959 45.558747779577971 5.3494775146245956 4.0668267607688886 5.2549900263547915 3.9593627080321294 3.4375391453504553 2.2642725333571425 2.2671809941530254 35.29933137819171 312.3264337379951 41.88270366191864 25.568096965551376 21.994582403451204 76.220600769855082 6.3059930950403214 6.1090168207883835 4.8657916039228439 4.0863279104232788 6.4690678268671036 2.7005571909248829
leaf_count=696 30 33 31 76 33 38 409 269 250 25 18 35 31 17 39 12 455 2616 305 257 183 484 32 33 25 21 40 30
internal_value=-5.16489e-05 0.0031803 -4.13882e-05 0.00268498 0.0381849 -0.0287938 -0.00118685 -0.0142785 0.00470915 0.0117145 0.0343743 -0.00122779 -0.0184495 0.0049684 -0.000632747 -0.000310458 -0.00185752 -0.00578771 0.00675506 0.00585241 -0.0143191 0.0107188 0.0145194 0.0572281 -0.0171464 -0.0494476 -0.0523442 -0.0398359
internal_weight=896.206 237.941 215.612 196.862 19.3993 18.7502 177.463 55.3244 122.139 12.0167 22.3287 658.265 21.604 12.2627 636.661 631.696 505.645 347.626 158.019 126.05 24.2618 101.789 12.1528 10.1758 8.82515 9.34132 12.5078 4.96483
internal_count=6523 1317 1204 1093 89 111 1004 345 659 56 113 5206 129 73 5077 5008 4072 3071 1001 936 195 741 62 51 56 56 78 69
is_linear=0
shrinkage=0.05


Tree=121
num_leaves=31
num_cat=0
split_feature=3 4 3 4 4 4 4 0 3 3 5 4 2 2 0 2 3 3 3 2 2 4 2 2 3 0 4 4 4 4
split_gain=1.26709 6.99624 6.05422 4.11273 20.2824 6.78513 5.6596 3.96939 3.53798 18.06 3.31033 5.01155 6.53466 9.43486 6.66538 5.29362 3.92431 4.28216 4.21017 3.3134 2.84727 4.83715 2.72791 2.53744 6.22673 1.94114 1.50017 1.19859 0.998856 2.54117
threshold=0.0015787650000000002 0.041600000000000005 0.0016859400000000001 0.038000000000000006 0.038350000000000002 0.035950000000000003 0.039550000000000009 54.500000000000007 0.0014041900000000003 0.0012994950000000001 0.57500000000000007 0.078650000000000012 37.150000000000013 41.150000000000013 65.500000000000014 27.550000000000004 0.0018120800000000002 0.0019442100000000003 0.0022204250000000003 21.150000000000002 38.850000000000009 0.038350000000000002 21.750000000000004 26.150000000000002 0.0012994950000000001 65.500000000000014 0.069450000000000026 0.077500000000000013 0.069450000000000026 0.071350000000000011
decision_type=2 2 2 2 2 2 2 2 2 2 2 2 2 2 2 2 2 2 2 2 2 2 2 2 2 2 2 2 2 2
left_child=1 3 20 5 -5 8 -6 -3 9 -1 16 12 14 -14 -12 19 -4 -18 -19 -13 21 -2 -8 28 -25 -17 -23 -28 -9 -30
right_child=2 7 10 4 6 -7 22 23 -10 -11 11 15 13 -15 -16 25 17 18 -20 -21 -22 26 -24 24 -26 -27 27 -29 29 -31
leaf_value=-0.0010757416730202696 0.058174361065929263 0.035005479509227798 -0.040917302784764013 0.085425727899761134 -0.046803095341426529 -0.064929585379810334 -0.026593114911273554 -0.0516787576196511 -0.046548553097367912 0.094552014676358681 0.023393944833500865 -0.00096778628453070531 -0.064196355183566436 0.025061978387067932 0.088552949497909872 0.037057568970915729 0.052588415662034073 -0.028556054603463728 0 -0.050507600726880486 0.06932545328014339 -0.028769283412801168 0.019199408315615767 0.028415067473102636 -0.055115328398048002 -0.0046685624604851927 0.03661045323638773 -0.0056107825482590683 0.024004834956513468 -0.052706800580419155
leaf_weight=588.86478264629841 5.1947876662015942 2.2718994542956379 6.50775596871972 8.0635759979486448 6.1292985156178501 4.0293788835406295 4.0813788995146778 11.793926924467089 4.0608398914337149 4.8787457644939414 18.998234227299694 6.6741518517956155 4.4901709705591193 8.1781452521681768 5.033116213977336 6.2671394571661931 3.4662934094667426 14.225160701200364 128.95310623268597 7.2042584801092744 3.7629343122243872 3.2025284916162473 13.81331419944763 4.7303362414240819 4.0028223320841789 4.5820500329136848 2.8148511946201324 3.5363667234778404 1.7043970674276341 2.4229055754840374
leaf_count=4226 22 15 66 35 39 26 28 172 29 23 115 92 24 50 26 55 18 119 975 58 23 20 69 29 39 28 15 35 20 32
internal_value=-5.36548e-05 -0.00117714 0.0031093 -0.000107036 0.0172974 -0.001046 -0.00562175 -0.0260919 -0.000596257 -0.000265766 0.000712416 0.0105278 0.0222592 -0.00643825 0.0375584 -0.00670158 -0.00319607 -0.00146127 -0.00284048 -0.0272189 0.0304716 0.0198215 0.00838756 -0.0320427 -0.00949537 0.0190966 -0.000901227 0.012604 -0.0439619 -0.020027
internal_weight=893.939 660.848 233.091 633.921 32.0876 601.834 24.024 26.9263 597.804 593.744 214.58 61.4273 36.6997 12.6683 24.0314 24.7276 153.152 146.645 143.178 13.8784 18.5115 14.7485 17.8947 24.6544 8.73316 10.8492 9.55375 6.35122 15.9212 4.1273
internal_count=6523 4782 1741 4475 171 4304 136 307 4278 4249 1626 448 215 74 141 233 1178 1112 1094 150 115 92 97 292 68 83 70 50 224 52
is_linear=0
shrinkage=0.05


Tree=122
num_leaves=18
num_cat=0
split_feature=3 3 4 4 4 0 3 0 4 3 3 4 4 3 3 3 3
split_gain=1.28888 3.44616 2.22231 5.47715 5.23099 4.13916 3.93703 6.29839 5.1612 3.99016 3.84246 3.74476 3.54922 2.85269 1.24765 1.00106 0.0289413
threshold=0.019400000000000004 0.016250000000000004 0.077500000000000013 0.10755000000000002 0.12015000000000002 65.500000000000014 0.0015787650000000002 63.500000000000007 0.041600000000000005 0.0016859400000000001 0.004312390000000001 0.038000000000000006 0.05655000000000001 0.014450000000000003 0.025800000000000003 0.0045911550000000004 0.0055077150000000007
decision_type=2 2 2 2 2 2 2 2 2 2 2 2 2 2 2 2 2
left_child=1 2 6 5 16 15 8 9 11 -8 -9 -1 -10 -6 -2 -4 -5
right_child=14 -3 3 4 13 -7 7 10 12 -11 -12 -13 -14 -15 -16 -17 -18
leaf_value=-0.00099594390720784682 0.030978529734441953 0.042383656768707728 -0.038761931784058033 0.025999116469593991 -0.00029872267267374371 0.01129524687353646 0.028991301791418945 0.031634261652576635 -0.04221640801147928 -0.0015971549555527189 -0.01807845093083995 0.01658770354437529 -0.0038702128848335567 -0.035283126006230812 -0.048522099906054085 -0.0014450356138194743 0.04143664741003137
leaf_weight=601.52301647420973 0.46298331953585092 4.6824050545692435 20.514391550794251 3.9795293658971769 39.96982450876385 5.7909893393516532 11.916125416755674 32.983438700437546 12.370268588885667 92.938724383711815 4.2050992995500556 31.780218489468098 12.344928812235592 6.7834270037710658 2.364077613921836 2.2846924364566794 5.1559382975101471
leaf_count=4304 24 57 195 18 377 39 59 180 143 518 34 171 142 65 158 13 26
internal_value=-5.36261e-05 4.97899e-05 -0.000173422 -0.00788549 0.00114334 -0.0256521 0.000635533 0.00818544 -0.00098763 0.00185571 0.0258455 -0.000103194 -0.0233572 -0.0055458 -0.0331807 -0.0352634 0.0356076
internal_weight=892.05 889.223 884.541 84.4788 55.8887 28.5901 800.062 142.043 658.018 104.855 37.1885 633.303 24.7152 46.7533 2.82706 22.7991 9.13547
internal_count=6523 6341 6284 733 486 247 5551 791 4760 577 214 4475 285 442 182 208 44
is_linear=0
shrinkage=0.05


Tree=123
num_leaves=12
num_cat=0
split_feature=3 3 3 3 3 3 5 0 3 0 0
split_gain=2.09182 1.72965 1.36374 6.29799 4.22849 1.33045 7.01502 4.30792 0.906876 2.60112 0.288205
threshold=6.544000000000001e-05 7.3105000000000012e-05 8.4935000000000013e-05 8.5515000000000024e-05 8.3300000000000005e-05 9.5610000000000015e-05 0.47500000000000003 53.500000000000007 8.1195000000000011e-05 57.500000000000007 54.500000000000007
decision_type=2 2 2 2 2 2 2 2 2 2 2
left_child=-1 -2 4 -4 8 7 -7 -5 10 -10 -3
right_child=1 2 3 5 -6 6 -8 -9 9 -11 -12
leaf_value=-0.048249027426381291 0.032153670469248295 0.0013536340732440656 0.082666947470465574 0.05027850964162961 -0.046588479191440768 -0.033864589993341555 0.00034774350931593792 -9.2105463570425075e-05 0.012116869794567317 -0.032767162509040569 0.019181434214097209
leaf_weight=2.1458719577640286 4.0802931934595099 5.460425823926931 2.2132006287574759 5.4519221335649517 6.3123358488082877 15.161169856786726 815.34043072955683 17.197900146245956 6.3844198286533338 6.1562186479568481 4.8325592875480652
leaf_count=58 31 22 9 23 27 64 6137 80 26 26 20
internal_value=-5.21447e-05 6.40366e-05 -8.19604e-05 0.000275318 -0.0107033 4.60591e-05 -0.0002748 0.0119803 -0.000404965 -0.00960613 0.0103089
internal_weight=890.737 888.591 884.511 855.365 29.146 853.151 830.502 22.6498 22.8336 12.5406 10.293
internal_count=6523 6465 6434 6313 121 6304 6201 103 94 52 42
is_linear=0
shrinkage=0.05


Tree=124
num_leaves=22
num_cat=0
split_feature=1 2 1 2 4 4 4 1 1 4 4 2 1 5 2 1 4 4 2 1 4
split_gain=1.2864 1.499 1.37805 4.47147 4.81288 4.04916 6.921 2.46432 2.08199 6.46544 4.86095 4.32986 3.58562 3.16272 3.01092 4.10342 2.18959 13.6193 12.0631 0.8087 0.623706
threshold=73.950000000000017 30.250000000000004 64.550000000000011 27.950000000000003 0.0068500000000000011 0.067750000000000019 0.011450000000000002 71.250000000000014 59.750000000000007 0.015650000000000001 0.067650000000000002 28.950000000000003 58.250000000000007 0.57500000000000007 29.950000000000003 58.750000000000007 0.016350000000000003 0.013350000000000002 14.850000000000003 61.45000000000001 0.0078500000000000011
decision_type=2 2 2 2 2 2 2 2 2 2 2 2 2 2 2 2 2 2 2 2 2
left_child=2 -2 8 5 -5 6 -4 -7 12 13 19 -12 16 20 15 -14 17 -1 -18 -11 -10
right_child=1 -3 3 4 -6 7 -8 -9 9 10 11 -13 14 -15 -16 -17 18 -19 -20 -21 -22
leaf_value=-0.00040993340539239708 -0.049649035867192562 0 0.033037121463936385 -0.0044015826697970583 0.057757058323837457 -0.0052523237988229875 -0.056303362782245937 0.05015946259873412 0.010192125293851077 -0.065385203167656933 -0.026925107181825104 0.053231192722687483 0.060002180232964511 -0.031600358447899705 -0.0086624762964938352 0.003114973883056627 -0.027643064450273605 -0.037537430812766198 0.0053033945687446984 -0.035475083773365758 0.035005388969841671
leaf_weight=408.73913554940373 2.7221770547330371 3.0310791283845901 3.0589979812502914 4.9351411163806898 7.6793825104832649 3.9565802207216612 6.5613417848944664 3.6625388860702515 5.5442930310964567 5.7681328505277651 4.6715271500870577 2.5005660131573677 7.1962505728006381 3.0903994999825946 5.4108201041817656 5.9695289246737957 30.152898746309802 26.211056515574455 336.77478002174757 6.4635021239519119 6.3461874350905418
leaf_count=2786 54 15 24 24 40 28 61 15 31 41 44 22 40 33 30 37 466 276 2352 66 38
internal_value=-4.87082e-05 -0.0234154 0.000100226 0.0106457 0.0332023 -0.00566749 -0.0273336 0.0210413 -0.000263412 -0.0123015 -0.0313567 0.000681695 0.000236439 0.0120922 0.0218969 0.0348036 -0.000261789 -0.00266693 0.00257555 -0.0504013 0.024034
internal_weight=890.446 5.75326 884.693 29.854 12.6145 17.2395 9.62034 7.61912 854.839 34.3846 19.4037 7.17209 820.454 14.9809 18.5766 13.1658 801.878 434.95 366.928 12.2316 11.8905
internal_count=6523 69 6454 192 64 128 85 43 6262 275 173 66 5987 102 107 77 5880 3062 2818 107 69
is_linear=0
shrinkage=0.05


Tree=125
num_leaves=14
num_cat=0
split_feature=3 3 3 3 3 5 0 3 3 3 3 0 0
split_gain=1.98014 1.58331 1.22983 3.88553 3.40168 4.7022 3.7755 3.25755 3.15548 2.14378 0.822195 2.36959 0.259644
threshold=6.544000000000001e-05 7.3105000000000012e-05 8.4935000000000013e-05 8.3300000000000005e-05 9.3030000000000009e-05 0.47500000000000003 60.500000000000007 8.9260000000000009e-05 8.7640000000000008e-05 0.0053476600000000015 8.1195000000000011e-05 57.500000000000007 54.500000000000007
decision_type=2 2 2 2 2 2 2 2 2 2 2 2 2
left_child=-1 -2 3 10 7 9 -7 8 -4 -6 12 -12 -3
right_child=1 2 4 -5 5 6 -8 -9 -10 -11 11 -13 -14
leaf_value=-0.047932583452258384 0.030916185175822515 0.0013073805245013082 0.027010881279716771 -0.044834327222186478 -0.040611983825976486 0.0080685768714535457 -0.0011746591985696102 0.047352175371792322 -0.024327374347733688 -0.0011245669201175557 0.011523456126764874 -0.031365284926120854 0.018301214194258002
leaf_weight=2.0541229266673318 4.0391957610845557 5.4600746631622368 6.7765649110078829 6.2343873977661124 10.24918946623802 131.49007545784116 687.01098785293289 7.22957620024681 5.1480206102132797 5.5533480495214453 6.3937969952821714 6.1114225089550018 4.8222219198942184
leaf_count=58 31 22 29 27 44 644 5517 32 24 23 26 26 20
internal_value=-4.93041e-05 6.1399e-05 -7.76481e-05 -0.0101861 0.000261385 -0.00021217 0.000304939 0.0210418 0.00441358 -0.027144 -0.000333819 -0.00912257 0.0098583
internal_weight=888.573 886.519 882.48 29.0219 853.458 834.304 818.501 19.1542 11.9246 15.8025 22.7875 12.5052 10.2823
internal_count=6523 6465 6434 121 6313 6228 6161 85 53 67 94 52 42
is_linear=0
shrinkage=0.05


Tree=126
num_leaves=17
num_cat=0
split_feature=3 3 4 4 1 4 1 2 4 3 1 3 3 4 3 1
split_gain=1.19644 3.15107 2.07455 5.08381 5.17081 4.69147 3.91587 3.71292 3.70467 2.69674 2.69105 2.54182 5.71031 4.3312 1.19191 0.0774755
threshold=0.019400000000000004 0.016250000000000004 0.077500000000000013 0.10755000000000002 52.250000000000007 0.12015000000000002 46.250000000000007 31.450000000000003 0.074650000000000008 0.014450000000000003 43.350000000000001 0.0015787650000000002 0.0019442100000000003 0.041600000000000005 0.025800000000000003 43.350000000000001
decision_type=2 2 2 2 2 2 2 2 2 2 2 2 2 2 2 2
left_child=1 2 8 4 10 6 -5 -6 11 -7 -4 13 -13 -1 -2 -3
right_child=14 15 3 5 7 9 -8 -9 -10 -11 -12 12 -14 -15 -16 -17
leaf_value=-0.00010268385062432466 0.029133197670995054 0.019673056699073058 0 -0.0035491280796538559 -0.019088542633232952 -0.00020879411783021764 0.061254571370575897 0.037563713486442163 0.053272540401839666 -0.034393260837612773 -0.059216391727866413 0.029207284485504859 0.0019553479248126497 -0.021786696527899382 -0.048220190757997251 0.04729511971601081
leaf_weight=631.05378394480795 0.47324197925627176 1.304453670978545 2.1636956781148937 3.8468496799468976 11.94533923268318 39.714344014413655 5.2868839800357819 3.6783819049596778 3.2283966094255439 6.711862249299883 10.385032584890721 23.084060110151768 115.66899736225605 23.821487003937364 2.2585228830575943 3.2563042789697647
leaf_count=4475 24 12 16 21 93 377 23 25 14 65 113 141 638 283 158 45
internal_value=-4.71307e-05 5.10329e-05 -0.000160318 -0.00764662 -0.0249148 0.00104866 0.0336769 -0.00527852 0.000620918 -0.00532163 -0.0487326 0.000393753 0.00654298 -0.000902293 -0.0324985 0.0410591
internal_weight=887.882 885.15 880.589 83.7324 28.1724 55.5599 9.13373 15.6237 796.857 46.4262 12.5487 793.628 138.753 654.875 2.73176 4.56076
internal_count=6523 6341 6284 733 247 486 44 118 5551 442 129 5537 779 4758 182 57
is_linear=0
shrinkage=0.05


Tree=127
num_leaves=12
num_cat=0
split_feature=1 3 2 3 2 2 1 2 2 1 3
split_gain=1.18833 1.8876 1.45255 1.43267 1.42026 7.64782 9.6935 4.5789 5.27794 5.02225 3.94592
threshold=73.950000000000017 6.544000000000001e-05 30.250000000000004 7.3105000000000012e-05 21.150000000000002 21.650000000000002 52.550000000000004 20.250000000000004 19.950000000000003 48.750000000000007 0.016250000000000004
decision_type=2 2 2 2 2 2 2 2 2 2 2
left_child=1 -1 -2 -3 7 6 -6 8 -5 -9 -7
right_child=2 3 -4 4 5 10 -8 9 -10 -11 -12
leaf_value=-0.04761712537044252 -0.049355513407170183 0.029709229973737674 0 -0.0016180553229028019 0.062393254620704774 0.00015454847151108624 -0.011256767344184754 -0.056835461522192446 0.031895709592095964 -0.0084277233588793757 0.045698991708498213
leaf_weight=1.9669971717521537 2.607622515410184 3.9989290758967391 3.0314413905143738 390.88427186803892 11.23346769064665 421.46651119552553 7.163295403122901 7.3507326208055046 12.006069261580704 20.46359303407371 4.7133493926376095
leaf_count=58 54 31 15 3286 64 2603 50 74 75 127 86
internal_value=-4.49434e-05 9.7087e-05 -0.022727 0.000214915 7.10728e-05 0.00205877 0.0335394 -0.00196904 -0.000599276 -0.0215578 0.00068058
internal_weight=886.886 881.247 5.63906 879.28 875.281 444.577 18.3968 430.705 402.89 27.8143 426.18
internal_count=6523 6454 69 6396 6365 2803 114 3562 3361 201 2689
is_linear=0
shrinkage=0.05


Tree=128
num_leaves=16
num_cat=0
split_feature=4 4 4 4 3 4 4 2 4 4 4 1 1 2 2
split_gain=1.22289 2.31678 2.97751 3.1259 4.9028 3.15234 2.19781 7.46269 3.44222 1.92349 3.53473 0.858859 0.81436 0.66567 0.222296
threshold=0.21275000000000002 0.19510000000000002 0.17705000000000001 0.14355000000000004 0.0050888700000000014 0.16200000000000003 0.077500000000000013 17.350000000000005 0.071350000000000011 0.32860000000000006 0.34225000000000005 50.95000000000001 53.150000000000013 25.850000000000005 24.150000000000002
decision_type=2 2 2 2 2 2 2 2 2 2 2 2 2 2 2
left_child=1 2 3 6 -5 -6 8 -8 -1 14 -11 -4 -3 -12 -2
right_child=9 12 11 4 5 -7 7 -9 -10 10 13 -13 -14 -15 -16
leaf_value=0.00018226016570825927 -0.050202114899989693 0.011330006864093904 -0.0093481541314310371 0.081212022266970996 0.035755941017233804 -0.028800930281091409 -0.05298056469416882 -0.0021220883644812783 0.033156268778995683 0.051464059442634935 -0.047949298714373312 -0.055250454528564377 0.053020887346791758 0.00020469864461136633 -0.010903809709267681
leaf_weight=788.9931125221774 3.1815976183861476 2.912283666431903 2.0398856662213793 2.9190186783671361 3.8733597174286842 3.4675716385245323 8.3540089130401594 50.936443079262972 7.8997622206807128 2.0485680662095547 2.0010854830034082 2.9745152834802866 2.5518952310085297 0.78301875852048386 0.87183760479092587
leaf_count=5522 81 33 21 27 28 24 143 330 44 18 163 31 11 36 11
internal_value=-4.30124e-05 0.000139364 -6.02478e-05 0.000158518 0.0274618 0.00461257 -0.000165996 -0.00944936 0.000519531 -0.0183985 0.00202917 -0.0381027 0.0323022 -0.033135 -0.0434195
internal_weight=885.808 876.922 871.458 866.443 10.26 7.34093 856.183 59.2905 796.893 8.88611 4.83267 5.0144 5.46418 2.7841 4.05344
internal_count=6523 6214 6170 6118 79 52 6039 473 5566 309 217 52 44 199 92
is_linear=0
shrinkage=0.05


Tree=129
num_leaves=29
num_cat=0
split_feature=2 2 2 2 1 2 2 1 2 0 0 2 1 1 0 1 2 1 2 0 2 2 1 2 1 1 2 0
split_gain=1.1124 8.84381 6.12519 9.92132 7.86513 7.71761 4.97315 4.517 4.12783 3.68449 3.56663 2.25117 2.76773 2.62739 6.04417 2.16059 3.61168 9.62381 7.03939 3.22656 3.70992 1.75577 2.10383 1.43415 1.41203 0.620534 0.584866 0.560796
threshold=30.450000000000003 31.650000000000002 33.150000000000013 33.95000000000001 46.050000000000004 33.550000000000004 40.150000000000006 53.550000000000004 45.95000000000001 62.500000000000007 61.500000000000007 29.650000000000002 72.700000000000003 50.650000000000013 61.500000000000007 54.550000000000004 18.250000000000004 59.750000000000007 12.65 67.500000000000014 26.600000000000005 31.150000000000002 51.750000000000007 30.800000000000001 45.95000000000001 50.45000000000001 26.600000000000005 62.500000000000007
decision_type=2 2 2 2 2 2 2 2 2 2 2 2 2 2 2 2 2 2 2 2 2 2 2 2 2 2 2 2
left_child=11 10 4 5 -3 9 7 -5 -8 -4 21 12 15 27 -15 19 18 -18 -17 20 -1 22 -2 -12 -21 -6 -14 -13
right_child=1 2 3 6 25 -7 8 -9 -10 -11 23 13 26 14 -16 16 17 -19 -20 24 -22 -23 -24 -25 -26 -27 -28 -29
leaf_value=0.00015520087998467471 -0.02765230295086454 0.016931924493228143 0.035503910970082563 -0.021121204783943442 -0.036338985579112873 0.076418428742833458 0.011377038382299027 0.014644230848409254 -0.0076273142493574718 -0.019485625835461581 0.078980531348773489 -0.022343940652231317 -0.015122870480938581 -0.044714245532995321 0.027728123438481817 0.026352550734148873 0.0240002058119567 -0.0091926676719899635 -0.023522086582808313 -0.0075462184268449556 -0.01830518034317144 0.038406398930442405 0.024237493305883092 0.036702186253094002 -0.036064348228268456 -0.063815698224622935 -0.055964456039650473 -0.050636103843258722
leaf_weight=452.26603122288361 3.6758406311273593 6.267950817942622 6.7254367023706454 43.632070537656546 5.8793783262371999 7.3378176242113105 76.18417751789093 10.813938884064553 45.296013928949833 5.2962809652090073 4.0764316618442518 4.8257216140627879 2.121581256389617 4.7096210047602636 7.0605794638395309 9.981850713491438 54.822116369381547 35.909559248015285 23.274936512112617 9.2355476915836352 28.826914274133742 4.456917867064476 3.938907403498888 5.9815982729196548 9.2470692023634893 6.2146012261509895 2.4636292941868305 4.4765048921108246
leaf_count=3620 21 33 31 284 38 33 409 61 250 25 18 34 39 27 34 75 309 284 268 74 260 19 22 33 118 40 30 34
internal_value=-4.15375e-05 0.00289339 -0.00020621 0.0023715 -0.0277562 0.0362581 -0.00134758 -0.0139121 0.00424936 0.0109044 0.0329092 -0.00111539 -0.000566565 -0.0171594 -0.000969583 -0.000270779 0.0056248 0.0108125 -0.00836846 -0.00174483 -0.000944122 0.0138434 -0.000196727 0.0549383 -0.0222005 -0.0512757 -0.0388603 -0.0368845
internal_weight=884.999 235.777 213.648 195.286 18.3619 19.3595 175.926 54.446 121.48 12.0217 22.1297 649.222 628.149 21.0724 11.7702 623.564 123.988 90.7317 33.2568 499.576 481.093 12.0717 7.61475 10.058 18.4826 12.094 4.58521 9.30223
internal_count=6523 1317 1204 1093 111 89 1004 345 659 56 113 5206 5077 129 61 5008 936 593 343 4072 3880 62 43 51 192 78 69 68
is_linear=0
shrinkage=0.05


Tree=130
num_leaves=19
num_cat=0
split_feature=4 3 3 2 3 4 3 3 4 3 3 0 2 4 4 4 2 4
split_gain=1.15723 2.33327 4.50677 4.43676 3.78044 3.82849 3.38291 3.87948 3.33009 2.3481 3.41217 3.2462 2.11037 4.34698 1.81312 3.2193 0.65684 0.266632
threshold=0.21275000000000002 0.005916320000000001 0.004312390000000001 32.250000000000007 0.004237035000000001 0.13420000000000001 0.0067104400000000007 0.006997080000000001 0.12775000000000003 0.0075250400000000011 0.0071393500000000009 61.500000000000007 28.950000000000003 0.12865000000000001 0.32860000000000006 0.34225000000000005 25.850000000000005 0.2351
decision_type=2 2 2 2 2 2 2 2 2 2 2 2 2 2 2 2 2 2
left_child=1 2 4 12 5 8 -3 -8 -1 10 -9 -11 13 -4 17 -16 -17 -2
right_child=14 6 3 -5 -6 -7 7 9 -10 11 -12 -13 -14 -15 15 16 -18 -19
leaf_value=2.659003776355975e-05 -0.0067918616532365852 0.058887622289369945 -0.0038120206390566611 -0.0608720831985484 0.051328030471002907 -0.053264031070536344 -0.03944736108607956 0.0087228094141268437 0.053404860304745644 0.013533295972084809 0.064227978731123 -0.022734598753973413 0.015300759811589413 -0.055157745408815712 0.048843343790657606 -0.047699545072956158 0.00048643039487933874 -0.049767277441333052
leaf_weight=781.31649178639054 0.7642951942980275 3.3006344065070143 15.665986821055418 5.1882047429680815 3.5044095590710631 3.258683130145072 3.9827235862612715 7.7084243893623334 2.833692915737628 23.457182133570317 4.4968419373035431 8.2055152207612974 5.9687961935997 5.6267788447439662 2.0390765517950058 1.9225033738184722 0.77810836862772692 3.1397165060043335
leaf_count=5604 11 18 89 28 21 45 19 39 21 142 21 57 46 64 18 163 36 81
internal_value=-4.25536e-05 0.000132724 -0.000505744 -0.0187413 0.00023838 0 0.0104884 0.00692979 0.000232644 0.0113342 0.0299349 0.00393492 -0.0103473 -0.0178087 -0.0181465 0.00174274 -0.0325091 -0.0429824
internal_weight=883.158 874.514 823.363 32.4498 790.913 787.409 51.1513 47.8507 784.15 43.868 12.2053 31.6627 27.2616 21.2928 8.6437 4.73969 2.70061 3.90401
internal_count=6523 6214 5918 227 5691 5670 296 278 5625 259 60 199 199 153 309 217 199 92
is_linear=0
shrinkage=0.05


Tree=131
num_leaves=25
num_cat=0
split_feature=3 3 3 2 3 3 2 5 3 3 3 2 2 2 3 3 3 2 3 3 3 2 0 2
split_gain=1.06592 5.43131 6.22058 19.2447 8.81784 4.98553 4.59683 2.7726 3.65223 3.91429 3.77483 2.76713 2.70239 6.14312 5.78895 2.66897 2.48188 4.52346 2.41469 2.0447 2.99625 2.03366 2.92799 1.53291
threshold=0.0015787650000000002 0.0013690800000000002 0.0012994950000000001 29.050000000000004 0.0012167600000000001 0.0016859400000000001 27.550000000000004 0.57500000000000007 0.0018120800000000002 0.0019442100000000003 0.0022204250000000003 38.850000000000009 13.050000000000002 16.050000000000004 0.00044983000000000008 0.004237035000000001 0.0020500000000000002 37.150000000000013 0.0018773500000000001 0.0065109800000000004 0.0072075300000000011 26.150000000000002 61.500000000000007 28.950000000000003
decision_type=2 2 2 2 2 2 2 2 2 2 2 2 2 2 2 2 2 2 2 2 2 2 2 2
left_child=1 2 4 -4 12 11 -3 8 -7 -10 -11 21 14 -14 -1 16 18 -18 -9 23 -21 22 -2 -17
right_child=5 6 3 -5 -6 7 -8 15 9 10 -12 -13 13 -15 -16 19 17 -19 -20 20 -22 -23 -24 -25
leaf_value=0.0089575823348253467 0.055052452174157378 -0.052075991786199517 0.10189924108689814 -0.04451299274172893 -0.060643723215682205 -0.040010229836834915 0.019582403358391214 0.020375766668531563 0.050098992810435998 -0.027269561804022232 8.9181607020814987e-05 0.067150804770379588 -0.022689170192493738 -0.00080334433890067 -0.015264704641976044 -0.055840760013165069 0.040259007609121079 -2.8640764472743582e-05 -0.0236054130042226 0.038911332327251205 -0.012308127870882212 -0.0034612154006945896 -0.0047405983881786216 -0.0060559351890403833
leaf_weight=144.91992286592722 5.4410651959478873 8.9661842770874483 5.2452272661030275 3.7355244606733322 6.0469905585050574 6.2622440140694371 2.7943000793457022 6.0336809419095498 3.5108865872025481 13.858005998656152 126.71612768573686 3.5945975556969634 34.688214694149792 418.0365596152842 29.508242461830378 2.7509592771530178 17.983548961579803 10.932095512747763 6.2168333865702152 4.4236073791980726 7.4699123564641923 6.207649052143096 2.9932256452739239 4.0166156440973282
leaf_count=872 33 116 33 38 39 66 17 40 18 119 975 23 465 2957 245 33 105 66 41 26 110 31 28 27
internal_value=-4.13286e-05 -0.001074 -0.000446828 0.0406292 -0.00104363 0.00289252 -0.0346068 0.000686356 -0.00291113 -0.00123742 -0.00258981 0.0279032 -0.000451423 -0.00249594 0.00482482 0.00980014 0.0169286 0.0249076 -0.00154917 -0.005665 0.00649085 0.0175386 0.0334399 -0.0275395
internal_weight=882.352 653.941 642.181 8.98075 633.2 228.411 11.7605 210.175 150.347 144.085 140.574 18.2365 627.153 452.725 174.428 59.8273 41.1662 28.9156 12.2505 18.6611 11.8935 14.6419 8.43429 6.76757
internal_count=6523 4782 4649 71 4578 1741 133 1626 1178 1112 1094 115 4539 3422 1117 448 252 171 81 196 136 92 61 60
is_linear=0
shrinkage=0.05


Tree=132
num_leaves=29
num_cat=0
split_feature=2 2 2 2 1 2 2 1 2 0 0 2 3 1 1 1 3 3 2 3 2 2 3 2 2 1 2 1
split_gain=1.03475 7.949 5.55868 8.99139 7.3378 7.02991 4.56204 4.22237 3.65696 3.33907 3.20143 2.04101 5.9212 6.70815 2.51407 2.00084 5.78612 14.6538 5.6917 4.50402 8.28671 7.87842 1.89209 1.30375 1.25888 0.747614 0.676251 0.602371
threshold=30.450000000000003 31.650000000000002 33.150000000000013 33.95000000000001 46.050000000000004 33.550000000000004 40.150000000000006 53.550000000000004 45.95000000000001 62.500000000000007 61.500000000000007 29.650000000000002 0.00097842500000000021 52.250000000000007 72.700000000000003 54.550000000000004 0.000110475 0.00027722500000000003 16.650000000000002 0.00019904500000000004 12.65 18.250000000000004 0.00089465500000000017 26.250000000000004 31.050000000000004 50.650000000000013 29.950000000000003 50.45000000000001
decision_type=2 2 2 2 2 2 2 2 2 2 2 2 2 2 2 2 2 2 2 2 2 2 2 2 2 2 2 2
left_child=11 10 4 5 -3 9 7 -5 -8 -4 22 14 26 25 15 16 18 -18 -1 20 -17 -21 -2 -16 -12 -14 -13 -6
right_child=1 2 3 6 27 -7 8 -9 -10 -11 24 12 13 -15 23 19 17 -19 -20 21 -22 -23 -24 -25 -26 -27 -28 -29
leaf_value=0.00043372427920160441 -0.0064026411007474101 0.016066188488487659 0.033616395485081482 -0.020429715769825035 -0.035225657762670039 0.073009020278155048 0.01078766745091285 0.014245179096827865 -0.0071352636722631802 -0.018715348185905381 0.072383999834313359 -0.031807637152321759 -0.027587545826726147 0.067547184882130989 0.0018498630215689508 0.074053440910412036 -0.036439526289001885 -0.001890565747311326 0.021992100959920744 -0.014388807544757626 -0.02379048992066167 0.018172965436648796 0.032438236614245865 -0.054484187701780186 0.033106554860246919 0.0010357301691539384 -0.064367459990922624 -0.062714486196901717
leaf_weight=115.20005725510418 5.8888773918151873 6.3031618148088482 6.7879715859890002 43.069350901991129 5.7489388138055784 7.3057987391948691 76.077737130224705 10.76887448504567 45.024271421134472 5.2578625828027725 4.6091817468404752 5.0109133869409579 5.3354600220918638 3.1814707964658728 1.2459284253418434 2.287877622991803 34.064344000071287 306.48509148880839 41.847999155521393 24.426127839367837 21.623050142079592 75.037645333446562 6.1532867811620235 3.1630618013441563 5.4497857689857483 3.3624160885810852 3.8852519690990448 5.9575037658214569
leaf_count=696 31 33 31 284 38 33 409 61 250 25 24 35 39 15 16 12 455 2616 305 257 183 484 31 53 27 19 21 40
internal_value=-4.29169e-05 0.0027962 -0.000157197 0.00228745 -0.0266738 0.0345454 -0.00127001 -0.0133877 0.00408249 0.0103965 0.0312644 -0.00108086 -0.0164689 0.00628492 -0.000559111 -0.000280834 -0.00170187 -0.00537078 0.00622046 0.00540678 -0.0139508 0.0101199 0.0131361 -0.037768 0.0521316 -0.0160681 -0.0471408 -0.0500511
internal_weight=880.559 234.403 212.301 194.292 18.0096 19.3516 174.94 53.8382 121.102 12.0458 22.1011 646.157 20.7755 11.8793 625.381 620.972 497.597 340.549 157.048 123.375 23.9109 99.4638 12.0422 4.40899 10.059 8.69788 8.89617 11.7064
internal_count=6523 1317 1204 1093 111 89 1004 345 659 56 113 5206 129 73 5077 5008 4072 3071 1001 936 195 741 62 69 51 58 56 78
is_linear=0
shrinkage=0.05


Tree=133
num_leaves=12
num_cat=0
split_feature=3 3 3 3 3 3 3 3 3 0 0
split_gain=1.83257 1.28757 1.20973 5.57371 3.55933 1.01346 4.37131 3.12789 0.746904 2.15625 0.23616
threshold=6.544000000000001e-05 7.3105000000000012e-05 8.4935000000000013e-05 8.5515000000000024e-05 8.3300000000000005e-05 0.005916320000000001 0.004312390000000001 0.0067104400000000007 8.1195000000000011e-05 57.500000000000007 54.500000000000007
decision_type=2 2 2 2 2 2 2 2 2 2 2
left_child=-1 -2 4 -4 8 6 -5 -7 10 -10 -3
right_child=1 2 3 5 -6 7 -8 -9 9 -11 -12
leaf_value=-0.047615809963688964 0.028201768717372573 0.00084938199083584996 0.078469809419819597 0.00035840447305718771 -0.043477183816309189 0.052143764327665536 -0.018395003030552626 0.003377466625744634 0.010535582324681082 -0.030382868408083255 0.017068026375161079
leaf_weight=1.9199538212269533 3.9468746781349173 5.4564699530601555 2.1729228347539893 750.23031579703093 6.1696313172578803 3.4271857887506476 32.303228072822094 55.420406628400087 6.4085319191217405 6.0782536268234253 4.8064259737730026
leaf_count=58 31 22 9 5472 27 19 234 579 26 26 20
internal_value=-4.28701e-05 6.1063e-05 -6.37265e-05 0.000275776 -0.0101059 5.85911e-05 -0.000411605 0.006386 -0.000686194 -0.00906839 0.00901896
internal_weight=878.34 876.42 872.473 843.554 28.9193 841.381 782.534 58.8476 22.7497 12.4868 10.2629
internal_count=6523 6465 6434 6313 121 6304 5706 598 94 52 42
is_linear=0
shrinkage=0.05


Tree=134
num_leaves=13
num_cat=0
split_feature=3 3 4 4 4 4 1 1 4 4 1 4
split_gain=1.73553 1.17641 1.11167 2.1368 4.88224 3.06471 1.84151 5.45475 1.71115 2.92382 0.425526 0.231572
threshold=6.544000000000001e-05 7.3105000000000012e-05 0.21275000000000002 0.18455000000000002 0.17705000000000001 0.14355000000000004 54.95000000000001 45.050000000000004 0.32860000000000006 0.34225000000000005 49.95000000000001 0.2351
decision_type=2 2 2 2 2 2 2 2 2 2 2 2
left_child=-1 -2 3 4 5 -3 7 -5 11 -10 -11 -4
right_child=1 2 8 6 -6 -7 -8 -9 9 10 -12 -13
leaf_value=-0.047292550610216949 0.027084455248536171 -0.00019703341156492986 -0.0078626713255618846 0.055976394797964062 -0.060129034616550128 0.027502560967630652 0.064025649135107887 -0.050542594577422731 0.046331497139086832 -0.00048479249715804526 -0.047133860815157323 -0.04946489066633962
leaf_weight=1.8391538467258204 3.9093119055032721 843.63443635217845 0.76248425804078435 2.5990089178085318 3.2749180309474459 10.003700843080876 2.2535196095705032 2.0448483303189278 2.0185863859951496 0.99848264269530806 1.6256307810544965 2.9924111794680357
leaf_count=58 31 5950 11 25 41 79 11 19 18 84 115 81
internal_value=-3.93052e-05 5.95689e-05 -5.89181e-05 0.000112354 -0.000106529 0.000124902 0.0276332 0.00794176 -0.018059 0.00132606 -0.0318886 -0.0427371
internal_weight=877.956 876.117 872.208 863.81 856.913 853.638 6.89738 4.64386 8.3976 4.6427 2.62411 3.7549
internal_count=6523 6465 6434 6125 6070 6029 55 44 309 217 199 92
is_linear=0
shrinkage=0.05


Tree=135
num_leaves=25
num_cat=0
split_feature=3 3 3 5 3 3 2 1 1 5 2 5 3 3 3 3 2 3 2 1 2 2 3 2
split_gain=1.00119 5.06206 5.61174 16.8727 8.27117 4.47053 4.34029 3.47481 6.47998 3.05127 2.74905 2.50577 3.41378 3.44357 3.43692 2.66788 3.59413 7.99265 5.30179 2.03721 2.2487 2.61292 1.01172 0.953792
threshold=0.0015787650000000002 0.0013690800000000002 0.0012994950000000001 0.55500000000000016 0.0012167600000000001 0.0016859400000000001 27.550000000000004 33.650000000000013 38.650000000000013 0.56500000000000006 38.850000000000009 0.57500000000000007 0.0018120800000000002 0.0019442100000000003 0.0022204250000000003 0.014978900000000002 18.850000000000005 0.0021089650000000004 22.450000000000003 53.750000000000007 16.050000000000004 20.850000000000005 0.016350000000000003 26.050000000000004
decision_type=2 2 2 2 2 2 2 2 2 2 2 2 2 2 2 2 2 2 2 2 2 2 2 2
left_child=1 2 4 -4 7 10 -3 9 -9 -1 19 12 -7 -14 -15 16 17 -13 -18 20 -2 -22 -17 -24
right_child=5 6 3 -5 -6 11 -8 8 -10 -11 -12 15 13 14 -16 22 18 -19 -20 -21 21 -23 23 -25
leaf_value=0.010089407335378 0.03886115472336972 -0.051428947615788589 0.088279153601018651 -0.052883321296118641 -0.059843554957055373 -0.038974985794511807 0.018799416840498021 -0.044159127310037363 -0.0017208556193503513 -0.0067754631560975782 0.066292956152389726 -0.014228908279401778 0.046554988081703504 -0.026158835527071135 0.00015323774334946518 -0.069145399548440165 -0.032165042809337234 0.061233589665731218 0.013001187869913153 0.042750921116018942 -0.051773242946921233 0.010292184296019167 -0.044143877392045006 0.025193407903134065
leaf_weight=115.42429438978434 2.959065258502962 8.6246097367256862 5.8800004348158819 3.1483485773205757 5.8199759274721137 6.1285237669944754 2.761096939444541 9.0874053165316564 465.04543097130954 34.483278669416904 3.4909244999289504 5.4115774482488623 3.5832002237439147 13.621944243088363 126.15869857231155 1.2279980592429631 7.9046407453715792 9.2672668546438199 33.839463796466589 4.8130131214857093 2.5617231838405132 4.3613917380571365 0.84871981735341229 0.87506702542304993
leaf_count=573 13 116 31 40 39 66 17 107 3588 271 23 41 18 119 975 17 52 57 221 23 35 21 36 24
internal_value=-3.86997e-05 -0.00104241 -0.000442963 0.0384654 -0.00101463 0.00281309 -0.0339475 -0.00044846 -0.00255393 0.00617471 0.0265272 0.000712666 -0.00271329 -0.00110224 -0.00239206 0.00941259 0.0119235 0.0331668 0.00427261 0.0163584 0.00270384 -0.0123718 -0.0357626 -0.00675238
internal_weight=877.328 650.274 638.889 9.02835 629.86 227.053 11.3857 624.04 474.133 149.908 18.1861 208.867 149.492 143.364 139.781 59.3747 56.4229 14.6788 41.7441 14.6952 9.88218 6.92311 2.95178 1.72379
internal_count=6523 4782 4649 71 4578 1741 133 4539 3695 844 115 1626 1178 1112 1094 448 371 98 273 92 69 56 77 60
is_linear=0
shrinkage=0.05


Tree=136
num_leaves=25
num_cat=0
split_feature=4 3 4 4 1 3 1 1 4 4 1 3 3 3 3 5 1 5 3 4 4 1 1 4
split_gain=1.04998 1.91413 3.01055 3.74515 5.88775 5.25206 4.69037 3.91849 3.36825 3.21701 2.94833 2.38782 3.8449 2.02221 3.1193 2.72546 6.45349 3.97074 1.7707 1.60089 2.65828 0.415001 1.33053 0.230468
threshold=0.21275000000000002 0.006997080000000001 0.077500000000000013 0.10755000000000002 52.850000000000001 0.0046802500000000012 52.250000000000007 60.150000000000013 0.091200000000000017 0.074650000000000008 43.050000000000004 0.0067104400000000007 0.0055077150000000007 0.0075250400000000011 0.0071393500000000009 0.55500000000000016 50.750000000000007 0.48500000000000004 0.011142310000000001 0.32860000000000006 0.34225000000000005 49.95000000000001 49.850000000000001 0.2351
decision_type=2 2 2 2 2 2 2 2 2 2 2 2 2 2 2 2 2 2 2 2 2 2 2 2
left_child=1 2 9 6 5 -5 10 -6 -8 11 -4 12 -1 14 -3 16 17 -15 -17 23 -21 22 -22 -2
right_child=19 13 3 4 7 -7 8 -9 -10 -11 -12 -13 -14 15 -16 18 -18 -19 -20 20 21 -23 -24 -25
leaf_value=0.00010314596285661748 -0.0075464545990392333 0.0075142113965408781 0.0079889285748984667 0.049208301587718828 -0.050424609853518113 -0.0062590096347395034 0.017090184895292158 0.031049576930108836 -0.029315311396758248 0.049731985545345525 -0.05845904177823235 -0.038126215227379245 0.049883548028012092 -0.022413838513815728 0.061257553932002606 -0.048275454289022857 0.065718609646207515 0.023949729835707177 -0.0010243713686260011 0.04365988918236114 -0.038800711537352123 -0.046807165060823025 0.076016979462569009 -0.049180599729637925
leaf_weight=760.63851953856647 0.75974710471927975 7.6092229560017568 1.8116189241409326 7.6777820847928586 6.4882826134562475 9.114084465429185 7.6210266686975938 1.7472518905997274 7.7139860838651657 3.187563180923461 10.218930184841154 3.9497487246990195 3.8002492338418952 9.7184221521020024 4.3497508764266968 3.3115763515233976 4.4836523402482262 8.6109745986759645 5.2860359698534012 2.0221091993153095 0.73884968645870719 1.5623785487841813 0.25711074192076921 2.8512457422912121
leaf_count=5428 11 39 11 70 72 68 60 21 58 14 118 19 16 52 21 24 30 58 35 18 80 115 4 81
internal_value=-3.98127e-05 0.000123735 -0.00040986 -0.0119992 0.00179904 0.0189476 -0.0247611 -0.0323741 -0.00596797 0.000372074 -0.0480574 0.00015436 0.000363651 0.010354 0.0278224 0.00347741 0.0126473 -0.000349607 -0.0201449 -0.0177525 0.000948273 -0.0313025 -0.000366331 -0.0422076
internal_weight=875.53 867.339 823.969 52.393 25.0274 16.7919 27.3656 8.23553 15.335 771.576 12.0305 768.389 764.439 43.3696 11.959 31.4107 22.813 18.3294 8.59761 8.19144 4.58045 2.55834 0.99596 3.61099
internal_count=6523 6214 5955 478 231 138 247 93 118 5477 129 5463 5444 259 60 199 140 110 59 309 217 199 84 92
is_linear=0
shrinkage=0.05


Tree=137
num_leaves=31
num_cat=0
split_feature=2 2 2 2 2 2 3 1 3 2 1 2 1 2 0 3 3 0 3 3 1 3 3 3 1 3 3 1 2 1
split_gain=0.982751 6.84355 4.88172 11.5675 9.83006 9.68882 8.57162 11.8918 7.73223 5.07288 9.62496 4.58182 4.59174 4.55228 10.3609 4.46737 3.6087 3.35675 12.3736 31.5412 6.63508 5.38682 12.7594 9.89997 3.30854 6.71312 8.72095 6.15676 3.43148 2.9935
threshold=21.150000000000002 22.150000000000002 24.350000000000005 24.750000000000004 25.550000000000004 25.850000000000005 0.00078857000000000005 49.550000000000004 0.0016859400000000001 22.550000000000004 53.850000000000001 20.250000000000004 48.750000000000007 19.950000000000003 62.500000000000007 0.0015976300000000003 0.00029936000000000003 62.500000000000007 0.00034518500000000008 0.00035601500000000005 58.350000000000001 0.00019689000000000002 0.00010824500000000002 0.00029936000000000003 45.650000000000013 0.00019904500000000004 0.00069947500000000007 52.550000000000004 21.950000000000003 51.250000000000007
decision_type=2 2 2 2 2 2 2 2 2 2 2 2 2 2 2 2 2 2 2 2 2 2 2 2 2 2 2 2 2 2
left_child=11 24 6 -4 -5 -6 9 -8 -9 10 -3 13 -13 17 -15 16 -14 21 20 -20 -19 22 -1 -23 -2 29 28 -28 -27 -26
right_child=1 2 3 4 5 -7 7 8 -10 -11 -12 12 15 14 -16 -17 -18 18 19 -21 -22 23 -24 -25 25 26 27 -29 -30 -31
leaf_value=0.0056169362523049333 0.056792491294802655 0.062843575073276675 0.051066341349175738 -0.041387016554362215 0.044818826693457825 1.8534664324141994e-05 -0.047141695178985851 0.075899515034288892 0.003509053170565617 -0.057862576044150821 -0.056762662557941101 -0.056354765627559894 0.0098806854921503779 -0.021925715217695034 0.071414595572656642 0.015185914943348889 -0.050913446922751383 -0.035671028465614582 0.16264322201134096 -0.0024209269800706855 0.023696028123607049 -0.046292913776249084 0.076819163665082624 -0.00067570206292178305 -0.05697535273629948 0.028269046169302776 0.021250507845827066 -0.062198107068479148 0.076088269052853735 0.0061115517087507072
leaf_weight=110.95725900679827 5.7422067299485198 2.8975471109151867 11.356255780905483 13.677075550891457 12.444538429379461 323.9273665426299 7.7585701858624843 5.4151609688997295 11.653590977191923 13.337976308539508 3.7192983254790306 6.9796950332820442 3.4035256654024142 5.1728633642196638 6.5904728472232819 9.6324017364531738 7.348287358880043 40.071655602194369 2.9384127706289283 59.9980386600364 5.1565537452697745 12.826943207532166 6.5933671891689292 152.11299172765575 3.7819369509816161 9.6063083559274727 5.3621486276388151 3.5698729753494263 6.9014373868703833 3.3647921904921532
leaf_count=601 29 19 62 133 73 2009 89 26 69 141 29 74 26 44 31 54 47 512 15 596 39 207 38 1354 28 67 27 28 31 25
internal_value=-3.82088e-05 0.00160408 -0.000291722 0.00162674 0 0.00170367 -0.0158548 0.00358545 0.0270749 -0.0401885 -0.0034863 -0.00174841 -0.0215111 -0.000387139 0.0301084 -0.00911948 -0.0312944 -0.00132568 -0.0088184 0.00545215 -0.0287548 0.00152767 0.00971504 -0.00427943 0.0217734 0.0152947 0.0274055 -0.0118673 0.0488998 -0.0269086
internal_weight=874.299 444.516 406.187 361.405 350.049 336.372 44.7821 24.8273 17.0688 19.9548 6.61685 429.782 27.3639 402.419 11.7633 20.3842 10.7518 390.655 108.165 62.9365 45.2282 282.491 117.551 164.94 38.3287 32.5865 25.4398 8.93202 16.5077 7.14673
internal_count=6523 2885 2650 2277 2215 2082 373 184 95 189 48 3638 201 3437 75 127 73 3362 1162 611 551 2200 639 1561 235 206 153 55 98 53
is_linear=0
shrinkage=0.05


Tree=138
num_leaves=17
num_cat=0
split_feature=4 4 4 4 3 4 4 4 4 1 1 4 4 1 4 4
split_gain=0.978679 1.85048 4.49432 2.64834 4.16746 2.69604 1.99162 4.49044 2.97556 1.52569 4.97896 1.49616 2.45893 0.419779 1.51602 0.217699
threshold=0.21275000000000002 0.18455000000000002 0.17705000000000001 0.14355000000000004 0.0050888700000000014 0.16200000000000003 0.077500000000000013 0.10755000000000002 0.071350000000000011 54.95000000000001 45.050000000000004 0.32860000000000006 0.34225000000000005 49.95000000000001 0.35345000000000004 0.2351
decision_type=2 2 2 2 2 2 2 2 2 2 2 2 2 2 2 2
left_child=1 2 3 6 -5 -6 8 -8 -1 10 -3 15 -13 14 -14 -2
right_child=11 9 -4 4 5 -7 7 -9 -10 -11 -12 12 13 -15 -16 -17
leaf_value=0.00017325987758902913 -0.0078166053556770893 0.054568287045322399 -0.059628613738761264 0.075976179651146558 0.033910925243674027 -0.026855188893399634 -0.024069612174704165 0.0037478043373457507 0.031155423727603035 0.060021541107062253 -0.049305357984913277 0.041435011864472154 0.088300888517985551 -0.046694001009173765 -0.038891013675963697 -0.048852232113349492
leaf_weight=777.61972165945917 0.7642738558351988 2.4940752834081641 3.057409416884183 2.8294649571180326 3.680248761549592 3.3869736790657043 26.836985928937793 30.840016528964043 7.7328819260001174 2.1688902601599693 1.9550488442182539 2.0305256620049477 0.221720710396767 1.5239679843652991 0.74732085666619241 2.6931828204542398
leaf_count=5522 11 25 41 27 28 24 247 226 44 11 19 18 1 115 83 81
internal_value=-3.86693e-05 0.000117812 -8.15052e-05 0.000133052 0.0257203 0.00412271 -0.000164413 -0.0091283 0.000488616 0.0262595 0.0077442 -0.0173624 0.000628059 -0.0309966 0 -0.0416615
internal_weight=870.583 862.602 855.984 852.926 9.89669 7.06722 843.03 57.677 785.353 6.61801 4.44912 7.98099 4.52354 2.49301 0.969042 3.45746
internal_count=6523 6214 6159 6118 79 52 6039 473 5566 55 44 309 217 199 84 92
is_linear=0
shrinkage=0.05


Tree=139
num_leaves=26
num_cat=0
split_feature=2 2 4 3 2 2 4 4 4 4 4 2 3 2 3 2 4 4 2 2 2 4 5 2 2
split_gain=0.959561 7.45684 5.88042 7.24906 5.00646 8.13593 8.69104 5.21668 9.93602 7.10822 3.98769 2.85338 2.6024 1.76197 5.67791 1.91488 1.63798 17.5442 10.2687 7.90464 5.46631 1.14654 0.958494 0.652781 0.0479111
threshold=30.450000000000003 31.650000000000002 0.045450000000000011 0.00048096000000000006 33.150000000000013 33.95000000000001 0.027650000000000004 0.0073500000000000015 0.017950000000000004 0.0069500000000000004 0.015500000000000002 31.050000000000004 0.00069947500000000007 29.650000000000002 0.00097842500000000021 29.300000000000001 0.0063500000000000006 0.0069500000000000004 28.150000000000002 11.15 20.350000000000005 0.029650000000000006 0.56500000000000006 29.950000000000003 32.45000000000001
decision_type=2 2 2 2 2 2 2 2 2 2 2 2 2 2 2 2 2 2 2 2 2 2 2 2 2
left_child=13 2 3 11 12 6 10 9 -9 -7 -6 -2 -3 15 23 16 18 -18 20 -19 -1 -14 -16 -15 -23
right_child=1 4 -4 -5 5 7 -8 8 -10 -11 -12 -13 21 14 22 -17 17 19 -20 -21 -22 24 -24 -25 -26
leaf_value=0.0021047464763276932 0.039851970891069795 0 -0.017370156027998553 0.075670959051734349 0.03012393969350053 0.0039974329401910097 -0.0041318926418381996 -0.026293059885558735 0.0029182564212899042 0.070311504499163915 0.093478408373964206 -0.01754121434913845 -0.060975509971984788 -0.030793390733351814 0.024767231578924132 0.027966311655413384 -0.05536508092765683 -0.052981997671977414 0.058838290326204835 0.00042270157457181807 -0.032921254491907095 -0.017245401691816247 -0.0039256521019897517 -0.063220308611262752 -0.032604927586681938
leaf_weight=233.76522078085691 4.0587924569845253 6.2189144939184215 4.8280444443225852 8.780525863170622 5.4022485017776507 15.083758823573591 8.5914133042097074 38.840588115155697 114.43499649502337 5.5209971219301215 5.3368619829416275 4.3000447005033493 4.2682746052741987 4.9128016233444232 4.5347653329372388 5.7180314660072318 15.224907565861939 6.9724481217563143 7.6664349585771552 335.64936513453722 11.592460090294479 3.7495565488934517 7.1734238490462303 3.7591571509838104 3.417851909995079
leaf_count=1405 23 39 33 38 25 90 40 253 631 30 24 19 26 35 28 34 197 129 32 3176 104 23 45 21 23
internal_value=-3.62792e-05 0.0027039 0.0303593 0.0441172 -0.000166488 0.00214348 0.0328384 -0.00125708 -0.00446371 0.0222614 0.0626415 0.00987771 -0.025598 -0.00104602 -0.0154833 -0.000558282 -0.000838003 -0.00302072 0.00222918 -0.000664652 0.000416758 -0.0396547 0.00687975 -0.0459804 -0.0256056
internal_weight=869.802 232.833 21.9674 17.1394 210.865 193.211 19.3305 173.88 153.276 20.6048 10.7391 8.35884 17.6546 636.969 20.3801 616.589 610.871 357.847 253.024 342.622 245.358 11.4357 11.7082 8.67196 7.16741
internal_count=6523 1317 113 80 1204 1093 89 1004 884 120 49 42 111 5206 129 5077 5043 3502 1541 3305 1509 72 73 56 46
is_linear=0
shrinkage=0.05


Tree=140
num_leaves=24
num_cat=0
split_feature=1 4 2 1 2 4 2 1 1 1 2 2 4 0 1 4 4 2 4 4 4 2 4
split_gain=0.985369 2.77516 5.51705 1.2838 4.15722 3.77153 3.51739 4.30421 2.96744 1.85926 3.4828 3.98102 2.54545 3.17927 1.83309 7.70825 4.58916 3.31528 2.05735 12.7761 8.41974 1.57638 1.52049
threshold=73.250000000000014 0.0069500000000000004 30.250000000000004 64.550000000000011 27.950000000000003 0.0068500000000000011 22.950000000000003 71.250000000000014 69.15000000000002 60.550000000000004 26.950000000000003 13.850000000000003 0.013500000000000002 61.500000000000007 58.250000000000007 0.021050000000000003 0.015150000000000002 21.850000000000005 0.012150000000000003 0.013350000000000002 0.010500000000000001 18.550000000000004 0.067650000000000002
decision_type=2 2 2 2 2 2 2 2 2 2 2 2 2 2 2 2 2 2 2 2 2 2 2
left_child=3 -2 -3 9 6 -6 7 21 -8 14 11 -11 -12 -14 18 16 -16 -17 20 -20 -1 -5 -13
right_child=1 2 -4 4 5 -7 8 -9 -10 10 12 22 13 -15 15 17 -18 -19 19 -21 -22 -23 -24
leaf_value=-0.0011050775098113467 -0.07344598759666425 -0.048509778342673907 0.063207231142321199 0.018565689065184517 -0.00066562772639305998 0.055833776451970442 0.0037068248184891372 0.05959741249822692 -0.057964963794016944 0.03593484407279237 0.03284682222289128 -0.053879018659524318 0.029693544176536836 -0.036545808676727118 0.01801752294698316 0.010080136343471009 0.081576044949285442 -0.054360896813544224 0.036444470446096132 -8.9305320255932735e-05 -0.033744043764224498 -0.032590487600442399 -0.0097337737354679429
leaf_weight=354.71719715837389 1.641400858759879 2.3703964333981276 1.8973541259765623 2.4475884349085444 4.7026703059673292 7.1205800846219063 3.2682596743106833 3.3426849842071533 4.2294377759099007 1.727761879563334 4.927645191550253 8.2302129343152028 2.659556157886982 4.9609829559922218 14.429793350398546 3.2091517844237378 3.5873615965247145 4.6337629090994596 25.416031740605831 380.85816557402723 20.856049634516239 3.3734366921707988 3.0005014264024785
leaf_count=2490 7 56 11 25 23 38 19 15 37 8 23 108 20 40 86 21 17 30 148 3094 148 30 29
internal_value=-3.64866e-05 -0.0202175 0.000322555 9.84341e-05 0.0105216 0.0331248 -0.00532165 0.0150341 -0.0307291 -0.000253118 -0.0135198 -0.0316517 0.00491181 -0.0126956 0.000161265 0.0132363 0.0313289 -0.0275686 -0.000266445 0.00219231 -0.00293937 -0.0102859 -0.042716
internal_weight=867.608 5.90915 4.26775 861.699 28.4847 11.8233 16.6614 9.16371 7.4977 833.214 25.5067 12.9585 12.5482 7.62054 807.708 25.8601 18.0172 7.84291 781.847 406.274 375.573 5.82103 11.2307
internal_count=6523 74 67 6449 187 61 126 70 56 6262 228 145 83 60 6034 154 103 51 5880 3242 2638 55 137
is_linear=0
shrinkage=0.05


Tree=141
num_leaves=18
num_cat=0
split_feature=5 1 1 2 2 2 2 2 1 5 0 0 0 0 0 0 1
split_gain=0.948572 1.31765 6.63603 6.45456 4.06066 10.6387 5.24029 2.4799 1.6258 0.460235 2.30242 0.850294 1.63052 1.02263 0.48304 0.173679 0.13126
threshold=0.47500000000000003 33.650000000000013 38.650000000000013 11.15 11.950000000000001 11.850000000000003 16.050000000000004 25.550000000000004 34.250000000000007 0.51500000000000012 56.500000000000007 62.500000000000007 65.500000000000014 61.500000000000007 55.500000000000007 51.500000000000007 51.050000000000004
decision_type=2 2 2 2 2 2 2 2 2 2 2 2 2 2 2 2 2
left_child=15 7 8 16 5 -5 -6 9 -3 10 14 13 -13 -11 -2 -1 -4
right_child=1 2 3 4 6 -7 -8 -9 -10 11 -12 12 -14 -15 -16 -17 -18
leaf_value=-0.0072285351896475948 0.0018329142879504115 0 -0.052313850118413358 -0.0025747877763859939 -0.014373502476818404 0.096929051709781791 0.0012367796986783644 0.040351101519186861 -0.05384237563331308 0.0058671332105405122 -0.019269561488245684 -0.0096649340725966319 0.0094292136433642426 0.023917618383238089 0.013913289473722532 -0.018983802942640304 -0.027117870205830688
leaf_weight=18.326251223683361 56.352004915475845 1.6861598044633845 5.3193319784477344 8.2893474549055082 59.396959803299978 3.8067541122436515 556.46036200434901 4.4545604884624472 7.1752180885523558 61.619772676378489 12.899013325572012 23.157685451209545 21.386889338493347 9.2525857314467412 9.9591857343912107 4.8891523778438559 2.1000585611909628
leaf_count=78 248 14 105 89 866 16 4093 22 99 337 61 172 161 66 42 21 33
internal_value=-3.58801e-05 0.000233352 -0.000859091 -0.000248519 0.000294943 0.028868 -0.000262741 0.00379229 -0.0435887 0.00290957 0 0.00492248 -0.000384807 0.0083245 0.00374076 -0.00998944 -0.0463026
internal_weight=866.531 843.316 644.234 635.373 627.953 12.0961 615.857 199.082 8.86138 194.627 79.2102 115.417 44.5446 70.8724 66.3112 23.2154 7.41939
internal_count=6523 6424 5315 5202 5064 105 4959 1109 113 1087 351 736 333 403 290 99 138
is_linear=0
shrinkage=0.05


Tree=142
num_leaves=21
num_cat=0
split_feature=1 4 4 1 4 4 4 4 1 0 4 1 4 4 1 4 4 4 4 4
split_gain=0.929542 2.55322 2.46965 1.16293 3.8882 2.2524 4.54416 5.34768 2.24675 4.04593 2.16762 1.65976 6.97565 4.21598 3.08052 1.89491 12.1115 6.9155 1.14155 0.617373
threshold=73.250000000000014 0.0069500000000000004 0.0098500000000000029 63.650000000000013 0.069850000000000009 0.067750000000000019 0.021150000000000006 0.020950000000000003 60.550000000000004 61.500000000000007 0.0072500000000000004 58.250000000000007 0.021050000000000003 0.015150000000000002 59.45000000000001 0.016350000000000003 0.013350000000000002 0.016650000000000002 0.14595000000000002 0.067650000000000002
decision_type=2 2 2 2 2 2 2 2 2 2 2 2 2 2 2 2 2 2 2 2
left_child=3 -2 -3 8 5 6 7 -5 11 -10 -11 15 13 -13 -14 16 -1 -17 -12 -4
right_child=1 2 19 4 -6 -7 -8 -9 9 10 18 12 14 -15 -16 17 -18 -19 -20 -21
leaf_value=-0.00039515290168619138 -0.071299195235629484 0.054371863255598285 -0.045976609615108577 0.0062548648722715499 -0.034943457373708041 0.049421696490716774 -0.03548803060280236 0.070814980422813242 0.026216485538815667 0.0092078358452969897 -0.041611692827409036 0.016997932553151861 0.0042863710804856943 0.077964320641644505 -0.057151611940596508 0.035989691889595436 -0.036368431288179029 0.00096976147401891101 0 0
leaf_weight=400.70356830954552 1.6114600598812092 1.3540973812341688 1.5174187161028387 15.146732799708856 4.1243044170550993 4.3066029846668235 4.3288724329322568 4.0564047098159781 4.265831924974921 3.0615541227161911 11.897278025746344 14.515148498117929 3.829340696334838 3.577747978270053 3.9257794735021889 14.627060301601885 24.770892739295959 340.96780234342441 1.9991311002522696 1.2384591102600095
leaf_count=2786 7 9 42 112 35 18 37 19 30 18 125 86 19 17 32 84 276 2734 21 16
internal_value=-3.5672e-05 -0.0199522 0.000207843 9.3305e-05 0.00944081 0.0162969 0.00983962 0.0204476 -0.000262531 -0.0162844 -0.0273597 0.000154651 0.0125992 0.0296907 -0.0265097 -0.000252336 -0.0025093 0.00243404 -0.0357815 -0.0256268
internal_weight=865.825 5.72144 4.10998 860.104 31.9629 27.8386 23.532 19.2031 828.141 21.2238 16.958 806.917 25.848 18.0929 7.75512 781.069 425.474 355.595 13.8964 2.75588
internal_count=6523 74 67 6449 221 186 168 131 6228 194 164 6034 154 103 51 5880 3062 2818 146 58
is_linear=0
shrinkage=0.05


Tree=143
num_leaves=18
num_cat=0
split_feature=3 3 5 5 3 5 3 5 3 3 3 3 3 3 3 3 5
split_gain=0.971012 3.56875 4.83112 10.4253 2.67387 4.40708 4.96173 3.35955 7.06038 6.97325 3.16797 2.70007 1.88131 1.86915 1.63343 0.210041 0.188407
threshold=8.4935000000000013e-05 8.3300000000000005e-05 0.53500000000000014 0.59500000000000008 9.3030000000000009e-05 0.47500000000000003 9.5085000000000002e-05 0.54500000000000015 0.00062874500000000011 0.00029936000000000003 8.9260000000000009e-05 8.7640000000000008e-05 0.0053476600000000015 8.2010000000000009e-05 7.5195000000000014e-05 0.0022204250000000003 0.51500000000000012
decision_type=2 2 2 2 2 2 2 2 2 2 2 2 2 2 2 2 2
left_child=1 2 13 -4 10 12 -7 8 -8 -9 11 -2 15 14 16 -6 -1
right_child=4 -3 3 -5 5 6 7 9 -10 -11 -12 -13 -14 -15 -16 -17 -18
leaf_value=-0.0040891208337821179 0.023494649530771933 -0.042553245933646261 -0.072494579604061526 0.062461933774516525 -0.048673902934371543 -0.065133491387273451 0.020409399339355268 -0.010395583082018463 -0.0031132636062467431 0.001932117623382149 0.044959417765895737 -0.024100237859104583 -0.0017819010910043128 -0.010282508311620035 0.037601552808508493 -0.028407293809815277 0.011269998373805858
leaf_weight=3.3917495459318214 6.7429207712411898 6.1219745129346839 5.212325917556881 1.8348871544003484 4.880938380956648 2.7777471095323554 60.651898622512817 147.12598918192089 66.478333529084921 518.27926751412451 7.1203875690698615 5.1427689641714096 5.515211194753646 6.5919070094823828 7.4297373592853546 5.256932333111763 3.8125585354864597
leaf_count=21 29 27 65 16 21 15 286 1430 347 4083 32 24 23 27 30 23 24
internal_value=-3.37778e-05 -0.00825875 -0.00053295 -0.036274 0.000302006 -0.000127434 0.00038504 0.000629171 0.00807696 -0.000787267 0.0187922 0.0024546 -0.0263201 0.0112134 0.0212397 -0.0390333 0.00339749
internal_weight=864.368 34.3951 28.2732 7.04721 829.972 810.966 795.313 792.535 127.13 665.405 19.0061 11.8857 15.6531 21.226 14.634 10.1379 7.20431
internal_count=6523 210 183 81 6313 6228 6161 6146 633 5513 85 53 67 102 75 44 45
is_linear=0
shrinkage=0.05


Tree=144
num_leaves=20
num_cat=0
split_feature=2 1 2 2 2 1 2 2 2 2 4 1 2 0 4 1 4 1 2
split_gain=0.964031 7.89933 6.81318 4.68672 6.72829 11.4539 4.57237 11.0578 5.60407 5.80276 3.93509 3.34781 3.03896 2.59872 2.19028 16.6432 13.1322 1.97335 1.15547
threshold=45.95000000000001 45.350000000000001 43.70000000000001 52.350000000000001 47.050000000000004 54.150000000000013 42.850000000000001 42.650000000000013 42.95000000000001 43.350000000000001 0.06345000000000002 46.350000000000001 50.20000000000001 62.500000000000007 0.013350000000000002 45.350000000000001 0.013150000000000002 43.650000000000013 45.550000000000004
decision_type=2 2 2 2 2 2 2 2 2 2 2 2 2 2 2 2 2 2 2
left_child=2 12 6 4 -3 10 7 14 -8 -10 -6 18 -2 -13 16 -16 -1 -14 -4
right_child=1 3 11 -5 5 -7 8 -9 9 -11 -12 13 17 -15 15 -17 -18 -19 -20
leaf_value=0.00096879282549652542 -0.010220357667633314 -0.062984245906928998 -0.011491231055799521 -0.055553315698251074 -0.048844798909534713 0.073397530442684961 -0.071370121896690161 0.064846980932207934 0.02666675011438744 -0.053648337356454814 0.0051044255152984368 0.072454121405306868 0.065567199181709127 0.022929374362717553 -0.027640280816280005 0.0014097232947764666 0.077522005130429256 0.018463694975360521 0.020948124883554381
leaf_weight=407.8575583845377 4.5575159639120093 4.6303976029157701 4.560252860188486 7.6754163950681678 5.958740249276163 4.3740686774253836 4.8786207139492026 6.4388777613639823 5.544441416859625 3.6182570978999138 7.2787714600563049 5.2270251065492612 3.9678178653120977 6.3642084896564484 58.703396256314591 303.67385429190472 5.5837428718805304 6.1002954542636871 6.2252178937196732
leaf_count=2879 25 21 25 58 33 26 23 31 26 37 30 24 24 32 592 2554 24 33 26
internal_value=-3.4253e-05 -0.0071945 0.000350051 -0.0219799 -0.00997353 0.00395854 -0.000409997 9.30044e-05 -0.0285889 -0.00474585 -0.0189896 0.0275011 0.022654 0.0461188 -0.000446263 -0.00328877 0.00203327 0.0379811 0.00679341
internal_weight=863.218 44.543 818.675 29.9174 22.242 17.6116 796.299 782.257 14.0413 9.1627 13.2375 22.3767 14.6256 11.5912 775.819 362.377 413.441 10.0681 10.7855
internal_count=6523 250 6273 168 110 89 6166 6080 86 63 63 107 82 56 6049 3146 2903 57 51
is_linear=0
shrinkage=0.05


Tree=145
num_leaves=26
num_cat=0
split_feature=3 3 3 2 3 3 2 2 1 1 3 5 3 3 3 3 2 5 2 2 2 3 2 1 5
split_gain=0.940494 4.82655 5.00887 15.4409 7.79884 4.18673 3.88491 2.55165 2.48256 5.54266 2.46826 2.27647 3.01733 3.08878 3.07361 2.41316 3.16677 7.80237 4.54444 1.84455 2.71368 0.899772 0.878028 0.0625192 0.00112398
threshold=0.0015787650000000002 0.0013690800000000002 0.0012994950000000001 29.050000000000004 0.0012167600000000001 0.0016859400000000001 27.550000000000004 38.850000000000009 33.650000000000013 38.650000000000013 8.4935000000000013e-05 0.57500000000000007 0.0018120800000000002 0.0019442100000000003 0.0022204250000000003 0.014978900000000002 18.850000000000005 0.59500000000000008 22.450000000000003 26.150000000000002 20.250000000000004 0.016350000000000003 26.050000000000004 43.95000000000001 0.54500000000000015
decision_type=2 2 2 2 2 2 2 2 2 2 2 2 2 2 2 2 2 2 2 2 2 2 2 2 2
left_child=1 2 4 -4 8 7 24 19 10 -10 -1 12 -7 -14 -15 16 17 -13 -18 20 23 -17 -23 -2 -3
right_child=5 6 3 -5 -6 11 -8 -9 9 -11 -12 15 13 14 -16 21 18 -19 -20 -21 -22 22 -24 -25 -26
leaf_value=-0.0067445783265379245 0.013038289442844107 -0.031600464693224639 0.088424660118621934 -0.043646181510207029 -0.059135254118692797 -0.037589340600154425 0.016941345976339683 0.06494334543152272 -0.042564809786635759 -0.001489504650186841 0.0086290544169923353 0.0042880894778453034 0.04373397916502389 -0.025126677818839399 7.7627308031296143e-05 -0.067198922046303247 -0.030275741534971059 0.081724360472743729 0.012278734817337246 -0.0037897850377987038 0.067380942826149634 -0.04344100749180406 0.024683051266157198 0 -0.054516341925062578
leaf_weight=33.24142500013113 2.6189020872116107 1.7376045137643794 5.4941140562295896 3.5255066379904747 5.6129219084978095 5.8167445138096801 2.6539183259010306 3.3733248487114897 8.277846757322548 455.14214755501598 115.95268106460571 9.5463349185883981 3.6324963420629492 13.254080563783644 124.33269403129816 1.1682183500379317 7.5996076129376879 4.9652997888624659 33.13867237046361 6.2238523215055457 3.1576702892780304 0.80178777058608808 0.82934722304344177 2.5496465750038624 6.5273257177323103
leaf_count=174 11 10 33 38 39 66 17 23 107 3588 670 72 18 119 975 17 52 26 221 31 15 36 24 35 106
internal_value=-3.15606e-05 -0.0010141 -0.000429671 0.0363412 -0.000980017 0.00275687 -0.0338249 0.0258694 -0.000429459 -0.00224302 0.00516799 0.000700966 -0.00258301 -0.00108016 -0.00233054 0.00909525 0.0114786 0.0315038 0.00416319 0.0160876 0.031408 -0.0349934 -0.00649022 0.0076199 -0.0507316
internal_weight=861.174 638.165 627.247 9.01962 618.227 223.009 10.9188 17.9234 612.614 463.42 149.194 205.085 147.036 141.219 137.587 58.0493 55.2499 14.5116 40.7383 14.5501 8.32622 2.79935 1.63113 5.16855 8.26493
internal_count=6523 4782 4649 71 4578 1741 133 115 4539 3695 844 1626 1178 1112 1094 448 371 98 273 92 61 77 60 46 116
is_linear=0
shrinkage=0.05


Tree=146
num_leaves=31
num_cat=0
split_feature=2 2 2 2 2 2 3 1 3 2 1 2 1 2 5 3 3 1 3 3 1 2 5 3 3 1 3 3 3 1
split_gain=0.963332 6.69757 4.26971 10.22 8.60063 9.14722 7.59349 10.561 7.02299 4.94071 9.39765 4.0766 4.37456 4.36038 9.50733 4.04145 3.49082 3.10476 5.73157 7.688 5.69589 3.02212 2.83667 11.2556 26.3739 6.01578 4.54415 11.4496 9.12003 2.81979
threshold=21.150000000000002 22.150000000000002 24.350000000000005 24.750000000000004 25.550000000000004 25.850000000000005 0.00078857000000000005 49.550000000000004 0.0016859400000000001 22.550000000000004 53.750000000000007 20.250000000000004 48.750000000000007 19.950000000000003 0.56500000000000006 0.0015976300000000003 0.00029936000000000003 45.650000000000013 0.00019904500000000004 0.00069947500000000007 52.550000000000004 21.950000000000003 0.56500000000000006 0.00034518500000000008 0.00035601500000000005 58.350000000000001 0.00019689000000000002 0.00010824500000000002 0.00029936000000000003 51.250000000000007
decision_type=2 2 2 2 2 2 2 2 2 2 2 2 2 2 2 2 2 2 2 2 2 2 2 2 2 2 2 2 2 2
left_child=11 17 6 -4 -5 -6 9 -8 -9 10 -3 13 -13 22 -15 16 -14 -2 29 21 -21 -20 26 25 -25 -24 27 -1 -28 -19
right_child=1 2 3 4 5 -7 7 8 -10 -11 -12 12 15 14 -16 -17 -18 18 19 20 -22 -23 23 24 -26 -27 28 -29 -30 -31
leaf_value=0.0048992632005910412 0.055585978689884977 0.063293760872362714 0.048871449349933455 -0.039874548052968743 0.043651891397644312 -6.8833819601561746e-05 -0.046055263465462251 0.072063252780567563 0.0026015275367327895 -0.057258913937852846 -0.056001692035289423 -0.055809927980247302 0.010431857920628854 -0.020848764041792783 0.069838089810320234 0.014477355007043911 -0.04982636462878625 -0.055679861917459932 0.026972509527525515 0.020271020191426851 -0.061376930251377651 0.072083584336379833 -0.034627372143883971 0.14368268753190985 -0.0022954026566100712 0.021786919163270427 -0.045627858919577435 0.072466069569510058 -0.00070439927204088339 0.0069264138689668553
leaf_weight=110.24311101064086 5.7546104341745368 2.8538369983434704 10.93594956025481 12.918433103710411 12.321535401046274 318.44505336135626 7.3746798448264625 5.3455517441034344 11.479821275919674 12.386183803901075 3.6322015598416328 6.5863814093172577 3.3741276413202304 5.0083944983780366 6.4216840267181396 9.5608746185898763 7.1193296238780022 3.4848927110433605 9.4864508360624367 5.3777916431426984 3.3617321997880936 6.899225950241088 38.551023432984948 3.1598434895277014 59.883739844663069 5.2020932361483565 12.137719441205261 6.5712055191397658 150.6413677490782 3.3221036717295647
leaf_count=601 29 18 62 133 73 2009 89 26 69 141 30 74 26 44 31 54 47 28 67 27 28 31 512 15 598 39 207 38 1352 25
internal_value=-3.19461e-05 0.00161441 -0.000284467 0.00150974 0 0.00155742 -0.0151415 0.00322226 0.0252609 -0.038846 -0.00258883 -0.00173241 -0.0206342 -0.000449185 0.0298314 -0.0086139 -0.030063 0.0217325 0.015321 0.0264287 -0.010909 0.046592 -0.00136536 -0.00829933 0.00515803 -0.0277715 0.00126736 0.00880163 -0.0041108 -0.0247435
internal_weight=859.841 435.38 397.693 354.621 343.685 330.767 43.0723 24.2001 16.8254 18.8722 6.48604 424.461 26.6407 397.82 11.4301 20.0543 10.4935 37.6868 31.9322 25.1252 8.73952 16.3857 386.39 106.797 63.0436 43.7531 279.593 116.814 162.779 6.807
internal_count=6523 2885 2650 2277 2215 2082 373 184 95 189 48 3638 201 3437 75 127 73 235 206 153 55 98 3362 1164 613 551 2198 639 1559 53
is_linear=0
shrinkage=0.05


Tree=147
num_leaves=22
num_cat=0
split_feature=1 4 4 1 4 3 4 4 1 5 4 3 3 3 5 1 5 1 3 4 1
split_gain=0.88475 2.13293 2.19166 1.03137 3.51694 2.38192 4.80426 8.07545 1.98907 3.02015 1.43129 1.3595 1.28405 3.67145 3.97839 3.43432 5.4742 4.35497 2.97401 0.578534 0.390599
threshold=73.250000000000014 0.0069500000000000004 0.0098500000000000029 63.650000000000013 0.069850000000000009 0.00019904500000000004 0.015150000000000002 0.020950000000000003 61.150000000000013 0.55500000000000016 0.0087500000000000026 0.004850000000000001 0.006997080000000001 0.004312390000000001 0.55500000000000016 52.650000000000013 0.55500000000000016 45.250000000000007 0.004237035000000001 0.067650000000000002 66.15000000000002
decision_type=2 2 2 2 2 2 2 2 2 2 2 2 2 2 2 2 2 2 2 2 2
left_child=3 -2 -3 8 5 -5 20 -8 12 -10 -11 -12 13 18 -15 17 -17 -14 -1 -4 -7
right_child=1 2 19 4 -6 6 7 -9 9 10 11 -13 15 14 -16 16 -18 -19 -20 -21 -22
leaf_value=0.00010566175813975534 -0.067639028430284423 0.052446627211996777 -0.045595334319298519 -0.015566586915605468 -0.033528497611933182 0.073497810869456295 -0.056064097646657332 0.026893288897823393 0.037379095721500069 0.0045624876882897104 -0.047704198197451406 0 0.011243467105191208 -0.0060555686754152687 -0.044550303112018776 0.066458572647644709 -0.0073155610169750142 -0.027116974200629407 0.045160401910214296 0 0.039917918470428929
leaf_weight=718.62587622459978 1.5476323217153538 1.2485240101814272 1.447021530941129 4.8151273056864801 4.0672805341891936 3.2774296104908016 3.7107988893985775 12.456908328458665 1.8543829768896092 2.2524882815778247 7.2672849446535093 1.995402426458895 27.962971467291936 26.800518020987511 9.0659550800919515 5.5768774042371643 4.2822667649015784 9.9345021245535445 3.5831603631377211 1.2475496754050253 3.2131874859333038
leaf_count=5301 7 9 42 37 35 23 35 74 17 13 94 21 210 164 69 67 45 206 21 16 17
internal_value=-3.27604e-05 -0.0198625 0 9.16643e-05 0.00895372 0.0155231 0.022389 0.00731803 -0.000244489 -0.0193013 -0.0291027 -0.0377846 6.78333e-05 -0.000427301 -0.0160217 0.00801641 0.0341614 0.00101111 0.000342339 -0.0251656 0.0584906
internal_weight=856.233 5.49073 3.9431 850.742 31.5407 27.4735 22.6583 16.1677 819.202 13.3696 11.5152 9.26269 805.832 758.076 35.8665 47.7566 9.85914 37.8975 722.209 2.69457 6.49062
internal_count=6523 74 67 6449 221 186 149 109 6228 145 128 115 6083 5555 233 528 112 416 5322 58 40
is_linear=0
shrinkage=0.05


Tree=148
num_leaves=16
num_cat=0
split_feature=4 4 4 4 3 4 4 4 4 4 4 3 0 4 4
split_gain=0.876084 1.75429 4.11365 2.26235 3.43556 2.2512 1.80169 3.94453 2.97731 1.35452 2.20644 0.465048 0.333816 1.50113 0.204498
threshold=0.21275000000000002 0.18455000000000002 0.17705000000000001 0.14355000000000004 0.0050888700000000014 0.16200000000000003 0.077500000000000013 0.10755000000000002 0.069450000000000026 0.32860000000000006 0.34225000000000005 0.011273670000000001 61.500000000000007 0.35345000000000004 0.2351
decision_type=2 2 2 2 2 2 2 2 2 2 2 2 2 2 2
left_child=1 2 3 6 -5 -6 8 -8 -1 14 -11 -3 13 -12 -2
right_child=9 11 -4 4 5 -7 7 -9 -10 10 12 -13 -14 -15 -16
leaf_value=5.7469888229209335e-05 -0.0077272085375889692 0.011402873064237748 -0.059289414739127737 0.070087856407697852 0.031645268998816894 -0.024545769230544783 -0.022925409984526576 0.0033592872367775037 0.024101056199500849 0.038908077415985773 0.084692388052144005 0.041518358771448965 -0.046322835745633145 -0.039514568588071064 -0.048406172784970065
leaf_weight=758.75313802435994 0.75659834407269899 3.564500991255044 2.823544565588235 2.7749200835823995 3.5899577531963587 3.2987639084458351 26.287197576835752 30.446458440274 13.006216004490851 2.0144812054932117 0.22655159235000633 2.8458041623234749 1.3635548141319302 0.80944573623128235 2.4716881681233644
leaf_count=5481 11 26 41 27 28 24 247 226 85 18 1 29 82 116 81
internal_value=-3.17511e-05 0.000115351 -7.88652e-05 0.000121685 0.0240526 0.00405574 -0.000154283 -0.0087505 0.000472217 -0.0167792 0.000264612 0.0259728 -0.0304358 -0.00288726 -0.0408933
internal_weight=855.033 847.391 840.98 838.157 9.66364 6.88872 828.493 56.7337 771.759 7.64232 4.41403 6.41031 2.39955 1.036 3.22829
internal_count=6523 6214 6159 6118 79 52 6039 473 5566 309 217 55 199 117 92
is_linear=0
shrinkage=0.05


Tree=149
num_leaves=25
num_cat=0
split_feature=3 3 3 0 3 3 1 5 1 1 0 5 3 3 1 3 1 3 3 1 1 3 1 1
split_gain=0.866377 4.49547 4.37248 13.4634 7.33747 3.90794 3.28937 2.15043 2.07223 6.86002 2.26643 1.49674 2.79473 6.86372 3.39818 2.24126 2.54366 1.92636 0.770432 0.714442 1.75175 0.438451 0.1437 0.382635
threshold=0.0015787650000000002 0.0013690800000000002 0.0012994950000000001 61.500000000000007 0.0012167600000000001 0.0016152750000000002 52.95000000000001 0.46500000000000002 34.250000000000007 38.650000000000013 62.500000000000007 0.57500000000000007 0.0071393500000000009 0.0091311800000000009 51.650000000000013 0.004237035000000001 55.45000000000001 0.0020500000000000002 0.0053476600000000015 53.650000000000013 50.250000000000007 0.0014430400000000003 47.250000000000007 49.650000000000013
decision_type=2 2 2 2 2 2 2 2 2 2 2 2 2 2 2 2 2 2 2 2 2 2 2 2
left_child=1 2 4 -4 8 19 21 18 10 -10 -1 12 14 -14 -9 17 -17 -13 -7 20 -2 22 -3 -24
right_child=5 6 3 -5 -6 7 -8 11 9 -11 -12 15 13 -15 -16 16 -18 -19 -20 -21 -22 -23 23 -25
leaf_value=0.0080003927864088567 0.031163209646473167 -0.040658339870251803 0.076044615600344312 -0.052085789598550238 -0.058437369779406813 -0.032921534128006719 0.015601328435618612 0.00037651959679637238 -0.053313280961072379 -0.0013451072182472969 -0.0065820858727252815 -0.0010247944158735 0.047399905295816114 -0.0033764330391597265 -0.02036270531926988 -0.015736293880219233 0.031435325557525061 0.022486788689259241 -0.005268498397028679 0.041983278652705014 -0.011334291536402835 -0.062598471648228501 0.0077332204836316216 -0.038414275365115713
leaf_weight=116.60508435592055 7.5228245854377764 2.8728020265698415 6.1156526431441289 2.9288906008005142 5.3991837203502646 5.8790451735258085 2.4566265605390063 79.786634851247072 6.3489349447190753 451.40887141413987 34.07682828605175 12.031205940991638 9.5469993837177771 20.926147426245734 25.955474078655243 13.941804838133978 3.4476349423639467 28.038887307047844 5.2906672656536102 5.3135805688798419 3.2833624519407749 3.8932861275970936 0.70570269972085931 0.67042251117527485
leaf_count=587 41 26 31 40 39 26 23 515 93 3588 271 81 51 340 231 150 46 171 22 31 36 44 17 23
internal_value=-2.9573e-05 -0.000975696 -0.000415522 0.0338896 -0.000934568 0.00265946 -0.0331177 0.000763273 -0.000406563 -0.00208829 0.00466722 0.00202126 -0.00080114 0.0124709 -0.00468132 0.00878875 -0.00597188 0.0153179 -0.02043 0.0262941 0.0178067 -0.0484345 -0.0331654 -0.012441
internal_weight=854.447 633.482 622.883 9.04454 613.839 220.964 10.5988 204.845 608.44 457.758 150.682 193.675 136.215 30.4731 105.742 57.4595 17.3894 40.0701 11.1697 16.1198 10.8062 8.14221 4.24893 1.37613
internal_count=6523 4782 4649 71 4578 1741 133 1633 4539 3681 858 1585 1137 391 746 448 196 252 48 108 77 110 66 40
is_linear=0
shrinkage=0.05


Tree=150
num_leaves=23
num_cat=0
split_feature=2 2 2 3 1 1 3 3 2 2 3 7 2 1 3 2 3 3 3 1 3 3
split_gain=1.01045 6.29207 10.9872 5.38309 6.56684 4.06735 7.42367 5.91696 5.62351 4.53586 11.1325 4.66367 3.93034 8.269 3.10478 3.56841 3.60567 6.48836 4.56339 2.48354 0.652223 1.12524
threshold=19.050000000000004 18.450000000000003 18.250000000000004 0.0025839000000000005 50.150000000000013 47.350000000000001 0.004237035000000001 0.005471290000000001 13.050000000000002 14.350000000000003 0.00029936000000000003 1.0000000180025095e-35 19.550000000000004 51.750000000000007 0.016250000000000004 19.750000000000004 0.0041057650000000017 0.0046802500000000012 0.0012994950000000001 49.95000000000001 0.017750000000000005 0.027502890000000006
decision_type=2 2 2 2 2 2 2 2 2 2 2 2 2 2 2 2 2 2 2 2 2 2
left_child=1 2 5 -3 -5 9 8 -8 -7 11 -11 -1 13 19 15 -14 18 -18 -17 -2 -16 -22
right_child=12 3 -4 4 -6 6 7 -9 -10 10 -12 -13 14 -15 20 16 17 -19 -20 -21 21 -23
leaf_value=-0.04543776019120304 -0.050887697470497539 -0.056128745851395469 0.085952733802942966 -0.050527456158856635 0.074367868701597589 0.005825897609689515 0.12835244006564148 0.015108548784469737 -0.02068293281359318 -0.03644663814184209 0.047916591221305739 0.001076799315874577 -0.052142938353639791 0.073705998839126208 0.05469965741601425 -0.00058794174850868366 -0.053226775857093768 -0.0034011327352579447 0.012086805196812276 0.012380014801579318 0.058806370335895336 -0.036045579202705014
leaf_weight=5.4263732191175214 2.1452602632343751 9.3967700414359552 3.5162683222442856 1.9604230225086205 2.022476544836536 27.154082369059324 1.3542483150959004 6.5028904301580042 72.839337281882763 5.2207904830575016 14.284163293894379 215.79335518926382 3.1170989498496047 5.5950946547091007 3.0997386630624524 336.37899277172983 8.1027697920799238 33.528573193587363 89.70878267288208 4.7433653697371483 0.46210170630365588 0.57786675076931715
leaf_count=113 36 138 29 23 33 297 7 133 1010 88 120 1182 40 39 37 2221 64 265 557 36 7 48
internal_value=-3.18218e-05 -0.00202477 -0.000726572 -0.0355577 0.0119366 -0.00163969 -0.00971189 0.0366233 -0.0134356 0.00195862 0.0250098 -6.15951e-05 0.00145224 0.0290429 0.000710593 0.000316264 0.000687635 -0.0133229 0.00207109 -0.00705363 0.0433157 0.00317646
internal_weight=852.931 365.471 352.092 13.3797 3.9829 348.575 107.851 7.85714 99.9934 240.725 19.505 221.22 487.46 12.4837 474.976 470.836 467.719 41.6313 426.088 6.88863 4.13971 1.03997
internal_count=6523 3173 2979 194 56 2950 1447 140 1307 1503 208 1295 3350 111 3239 3147 3107 329 2778 72 92 55
is_linear=0
shrinkage=0.05


Tree=151
num_leaves=31
num_cat=0
split_feature=2 2 4 4 1 1 2 2 2 2 1 4 4 4 1 4 4 1 1 2 4 4 2 4 4 4 1 2 4 4
split_gain=0.93455 6.28752 11.1002 5.21177 6.90297 5.07448 4.0051 9.40652 7.88456 8.12335 5.31503 3.93393 17.2644 14.7701 13.3389 8.03902 10.2716 10.1901 4.89051 4.45035 8.81381 8.22241 3.47057 4.93255 2.9782 1.95664 3.71676 1.85523 1.13091 1.05609
threshold=21.150000000000002 22.150000000000002 0.0095500000000000012 0.041600000000000005 58.050000000000004 46.550000000000004 24.350000000000005 24.750000000000004 25.550000000000004 25.850000000000005 71.250000000000014 0.013350000000000002 0.012450000000000001 0.024450000000000003 46.95000000000001 0.038350000000000002 0.069450000000000026 51.650000000000013 60.250000000000007 20.350000000000005 0.012150000000000003 0.0086500000000000014 23.650000000000002 0.040650000000000006 0.0079500000000000022 0.0078500000000000011 49.150000000000013 20.850000000000005 0.012450000000000001 0.091200000000000017
decision_type=2 2 2 2 2 2 2 2 2 2 2 2 2 2 2 2 2 2 2 2 2 2 2 2 2 2 2 2 2 2
left_child=11 2 25 4 28 -5 10 -8 24 -10 22 12 19 18 -15 17 -17 -16 -13 20 21 -1 23 -3 -9 26 -2 -21 -4 -24
right_child=1 6 3 5 -6 -7 7 8 9 -11 -12 13 -14 14 15 16 -18 -19 -20 27 -22 -23 29 -25 -26 -27 -28 -29 -30 -31
leaf_value=0.00082242943134143019 -0.054311014166414075 0.0052653064173957447 0.08856054776996114 0.035565277132865877 -0.011495121972195127 -0.037616061292076682 0.047301005138770148 0.00040940568306817125 0.041236703337373559 -3.1916720705726107e-05 0.040987672502168379 -0.049195148080353822 0.074184384614493767 -0.050960077211952531 -0.01533488573398558 -0.03237675108303583 0.012770460709716531 0.048591173942279402 0.013174817059145905 -0.056491868488951769 0.061812944945748655 -0.044175384540125838 -0.057716486581468544 -0.036499633140908171 -0.053382764915708827 -0.062912901559582221 0.028676558742573566 -0.003021376257676938 0.053954272746719038 -0.01645246038732338
leaf_weight=267.55142202600837 2.4566110968589765 17.11113785579801 4.3255278319120505 5.5401506349444372 3.5539027452468863 3.9592785611748695 10.754292674362658 3.3065789118409148 12.281246826052664 316.7460126215592 3.7265817280858746 24.307400267571214 7.8206079453229895 11.099089874653144 8.8889511749148387 20.103145377710462 33.230276052141562 19.717506870627403 3.4256703443825236 4.8536768667399874 5.6230981498956671 10.447739556431769 6.7451284229755384 11.728103577625005 9.1677553392946702 2.8788849711418152 2.6959058754146099 2.7351085320115089 11.863330885767935 2.6273435410112143
leaf_count=1827 20 150 19 27 23 34 62 27 73 2009 25 340 40 198 94 262 456 132 30 45 29 162 62 111 106 19 23 23 70 25
internal_value=-3.25314e-05 0.00159542 0.0211971 0.0355562 0.0501643 0.00446896 -0.000250272 0.00147727 6.16328e-06 0.00150534 -0.0148485 -0.0017176 0.00134427 -0.009335 0.000171096 0.00721164 -0.0041822 0.0285689 -0.0412917 -0.00061952 0.000380427 -0.000865972 -0.0205172 -0.011614 -0.0388365 -0.0302636 -0.0102189 -0.0381606 0.0639947 -0.0469728
internal_weight=851.271 431.468 37.2736 29.2422 19.7428 9.49943 394.194 352.256 341.502 329.027 41.9383 419.804 299.032 120.772 93.039 81.9399 53.3334 28.6065 27.7331 291.211 283.622 277.999 38.2117 28.8392 12.4743 8.0314 5.15252 7.58879 16.1889 9.37247
internal_count=6523 2885 235 173 112 61 2650 2277 2215 2082 373 3638 2126 1512 1142 944 718 226 370 2086 2018 1989 348 261 133 62 43 68 89 87
is_linear=0
shrinkage=0.05


Tree=152
num_leaves=31
num_cat=0
split_feature=2 2 4 2 1 2 4 4 1 4 4 2 4 1 2 2 2 2 1 2 1 2 4 4 1 4 2 4 2 1
split_gain=0.911989 7.12792 4.89462 4.47121 7.24811 7.03562 7.25273 4.82566 11.9274 7.7753 4.35073 3.63687 7.16537 1.75322 11.6861 22.5553 11.6122 8.6446 6.20409 5.85224 10.5321 8.4305 6.50325 6.53564 6.28847 8.93468 4.61752 3.61399 1.17284 2.45685
threshold=30.450000000000003 31.650000000000002 0.045450000000000011 33.150000000000013 46.050000000000004 33.95000000000001 0.027650000000000004 0.0073500000000000015 53.250000000000007 0.017950000000000004 0.015500000000000002 31.050000000000004 0.019950000000000006 50.050000000000004 26.800000000000001 25.750000000000004 16.750000000000004 16.150000000000002 41.150000000000013 17.750000000000004 52.350000000000001 17.950000000000003 0.13900000000000004 0.032350000000000011 59.750000000000007 0.041250000000000009 22.450000000000003 0.062150000000000004 26.050000000000004 45.250000000000007
decision_type=2 2 2 2 2 2 2 2 2 2 2 2 2 2 2 2 2 2 2 2 2 2 2 2 2 2 2 2 2 2
left_child=13 2 11 4 -3 6 10 8 -7 -9 -5 -2 -13 14 15 16 17 -1 -18 20 -15 -21 23 -22 25 -23 -26 -16 -17 -30
right_child=1 3 -4 5 -6 7 -8 9 -10 -11 -12 12 -14 19 27 28 18 -19 -20 21 22 24 -24 -25 26 -27 -28 -29 29 -31
leaf_value=-0.00022405488123005909 0.067834264376311987 0.018229998462906693 -0.014645434218662837 0.024601938535305568 -0.048430414331320414 0.062237354920128031 -0.003359380145651571 -0.024022498278446131 -0.014570156496372409 0.0022287579566577292 0.090175471853586528 -0.021822830656383976 0.064791068893810852 -0.041384428190568874 -0.046027764573237276 0.082678437052314827 0.020543821928659042 0.046353517166500276 -0.026045734761183648 0.091762060900035844 0.0066689987912820596 0.017324108357242921 0.070074152313476176 -0.038185958687816879 -0.047502188920807063 -0.012569741232825563 -0.0036894762974545347 0.008488734366959164 0.082947374623799197 0.0089024745699509186
leaf_weight=246.56345210107975 7.7109428197145524 6.1878889501094845 4.6245656087994567 5.4915284216403979 11.171303503215311 9.4780366569757479 8.5215161293745023 37.436299245804548 10.473215661942957 112.42497870139778 5.267942801117897 4.7476817518472654 4.5227272510528564 19.38871198403649 19.536713719367985 6.6490084379911405 7.8296965695917597 10.272781755775211 65.051488772500306 2.7824392132461062 37.845031719654799 109.00342863053083 3.1639511717949054 10.209881104528902 7.2948665558360508 32.146522894268855 34.122700780630112 3.3866121619939795 2.1844567507505417 2.5900080353021622
leaf_count=1673 38 33 33 25 78 58 40 253 62 631 24 21 21 369 183 31 80 78 745 24 393 710 40 132 95 302 280 30 26 15
internal_value=-3.65964e-05 0.00266009 0.0299171 -0.000181338 -0.0244138 0.00202856 0.0305793 -0.00119983 0.0217971 -0.00430728 0.0577026 0.0423603 0.0201401 -0.00103683 -0.00327123 -0.000929046 -0.00334568 0.00163678 -0.0209508 0.0021218 -0.0100901 0.00680373 0.00171635 -0.00281669 0.00543202 0.0104764 -0.0116225 -0.0377546 0.0678124 0.0448126
internal_weight=848.08 228.059 21.6059 206.453 17.3592 189.094 19.281 169.813 19.9513 149.861 10.7595 16.9814 9.27041 620.022 364.064 341.141 329.717 256.836 72.8812 255.958 70.6076 185.35 51.2189 48.0549 182.568 141.15 41.4176 22.9233 11.4235 4.77446
internal_count=6523 1317 113 1204 111 1093 89 1004 120 884 49 80 42 5206 2861 2648 2576 1751 825 2345 934 1411 565 525 1387 1012 375 213 72 41
is_linear=0
shrinkage=0.05


Tree=153
num_leaves=21
num_cat=0
split_feature=3 3 0 0 3 5 3 3 0 3 4 3 0 3 3 3 3 3 3 0
split_gain=0.928006 3.31347 4.20208 9.98362 2.14944 4.00111 2.961 2.45841 2.27465 6.05818 8.12441 4.49902 6.37273 3.65149 2.4512 1.69428 1.68021 1.47652 0.275154 0.170517
threshold=8.4935000000000013e-05 8.3300000000000005e-05 59.500000000000007 65.500000000000014 9.3030000000000009e-05 0.47500000000000003 8.9260000000000009e-05 8.7640000000000008e-05 60.500000000000007 0.00029936000000000003 0.0050500000000000015 0.00062874500000000011 56.500000000000007 0.0071393500000000009 0.00036877000000000009 8.2010000000000009e-05 0.0053476600000000015 7.5195000000000014e-05 0.0022204250000000003 57.500000000000007
decision_type=2 2 2 2 2 2 2 2 2 2 2 2 2 2 2 2 2 2 2 2
left_child=1 2 15 -4 6 16 7 -2 11 10 -10 12 -7 -13 -11 17 18 19 -6 -1
right_child=4 -3 3 -5 5 8 -8 -9 9 14 -12 13 -14 -15 -16 -17 -18 -19 -20 -21
leaf_value=-0.0043309886595384274 0.021350119459030818 -0.04133214709013594 -0.07106105667381668 0.061505561781488985 -0.047608019715674292 0.0041054827973342123 0.042493866308009477 -0.024109822584703552 -0.03081108160737266 0.010590828683295576 -0.0030527020301011031 -0.0090760222159512304 0.037859053378875053 0.018318817746375494 0.00039046320921802004 -0.010219478105252658 -0.0019392011669086178 0.035348595171510268 -0.025974553440018124 0.010351788501076013
leaf_weight=3.3874398767948204 6.7356244921684283 6.0583093315362921 5.0320810303091994 1.8391156345605848 4.8409523665904981 39.579378738999367 7.0021895617246619 5.1431979835033417 34.919774398207664 68.219461027532816 108.82491744868457 50.622111693024635 21.890385150909424 15.845318354666231 436.20305809262209 6.59060214459896 5.5099401772022238 7.4205582588911057 5.16260726749897 3.7882165350019932
leaf_count=21 29 27 65 16 21 188 32 24 333 502 1105 258 105 93 3577 27 23 30 23 24
internal_value=-3.46051e-05 -0.00810573 -0.000632575 -0.0344883 0.000299922 -9.24717e-05 0.0169289 0.00121288 0.000405293 -0.000790712 -0.00984751 0.00649954 0.0162489 -0.00245249 0.00178172 0.0102229 -0.0251578 0.0198001 -0.0373059 0.00276895
internal_weight=844.615 34.1163 28.058 6.8712 810.499 791.618 18.881 11.8788 776.104 648.167 143.745 127.937 61.4698 66.4674 504.423 21.1868 15.5135 14.5962 10.0036 7.17566
internal_count=6523 210 183 81 6313 6228 85 53 6161 5517 1438 644 293 351 4079 102 67 75 44 45
is_linear=0
shrinkage=0.05


Tree=154
num_leaves=16
num_cat=0
split_feature=4 4 4 4 1 3 4 2 4 4 4 1 1 2 1
split_gain=0.9145 1.35013 3.76736 2.03831 3.14516 2.89031 1.40766 6.75018 2.55834 1.14519 1.87817 0.966576 3.95039 0.616757 0.303147
threshold=0.21275000000000002 0.18455000000000002 0.17705000000000001 0.14355000000000004 47.250000000000007 0.0055077150000000007 0.077500000000000013 17.350000000000005 0.074650000000000008 0.32860000000000006 0.34225000000000005 54.850000000000001 44.850000000000001 25.850000000000005 50.250000000000007
decision_type=2 2 2 2 2 2 2 2 2 2 2 2 2 2 2
left_child=1 2 3 6 -5 -6 8 -8 -1 14 -11 12 -3 -12 -2
right_child=9 11 -4 4 5 -7 7 -9 -10 10 13 -13 -14 -15 -16
leaf_value=0.00023338898175765755 -0.048773543606543755 0.052989568931290788 -0.058692906250199989 -0.024974760706737639 0.080270478522695865 0.013160129918590949 -0.052301591114268998 -0.00088768938002029148 0.045162886117748761 0.034020056627968392 -0.046785437091085874 0.050031391262771369 -0.044549175062551627 0.0026662057606520991 -0.0021172473255474788
leaf_weight=758.93585980962962 2.3773731654509898 2.1273995749652381 2.6302586384117594 2.3591914325952512 2.6720778048038483 4.4681582134217024 7.2955634202808133 48.318027943372726 3.0837774425745001 1.9942150674760339 1.6396750102285298 2.1425772681832314 1.8192269168794153 0.68958864361047734 0.68563734740018834
leaf_count=5552 83 24 41 17 24 38 143 330 14 18 163 12 19 36 9
internal_value=-3.40054e-05 0.000115864 -5.16612e-05 0.000135845 0.0230447 0.0397271 -0.000126986 -0.00780384 0.000427675 -0.017436 0 0.023384 0.00680294 -0.0305797 -0.0403077
internal_weight=843.239 835.852 829.763 827.133 9.49943 7.14024 817.633 55.6136 762.02 7.38649 4.32348 6.0892 3.94663 2.32926 3.06301
internal_count=6523 6214 6159 6118 79 62 6039 473 5566 309 217 55 43 199 92
is_linear=0
shrinkage=0.05


Tree=155
num_leaves=20
num_cat=0
split_feature=2 2 4 1 2 1 2 2 2 4 4 2 0 2 2 2 2 1 2
split_gain=0.913738 5.20541 6.26302 5.70626 5.18679 10.8019 8.62592 5.08874 6.41782 6.58709 4.24286 3.60681 3.41893 2.40137 3.6026 8.01391 4.84167 2.45422 0.637521
threshold=40.550000000000004 41.250000000000007 0.0062500000000000012 41.550000000000004 42.95000000000001 49.150000000000013 45.95000000000001 38.050000000000004 38.850000000000009 0.052300000000000006 0.032350000000000011 43.45000000000001 56.500000000000007 37.550000000000004 37.150000000000013 36.150000000000013 34.650000000000013 45.250000000000007 39.750000000000007
decision_type=2 2 2 2 2 2 2 2 2 2 2 2 2 2 2 2 2 2 2
left_child=7 10 -3 11 5 -5 -6 13 -9 12 -2 -4 -10 14 15 16 -1 -16 -14
right_child=1 2 3 4 6 -7 -8 8 9 -11 -12 -13 18 -15 17 -17 -18 -19 -20
leaf_value=0.00031423429173563759 0.070566391949797344 -0.058229566932764876 0.074081180879902814 -0.058007519329030623 0.027868483834934444 0.015698596500574993 -0.0083769424480252923 -0.060592096716038671 0.0093832488164614716 0.054893807006839469 0.0059957386678017857 0.003975043754072342 -0.023859678131920095 0.034045576975266917 -0.058337001080682661 0.061911781418809091 -0.030862309269322558 0 -0.056642013806039761
leaf_weight=678.31930531514809 4.9872611761093122 4.2177208960056296 4.3231120109558097 10.314228817820551 27.384261235594749 9.2917601466178876 40.383227895945311 7.7061788737773922 5.091148793697359 3.4543522074818602 5.5023627653717995 3.4259030222892761 3.7806186676025391 5.069691687822341 4.3453757986426345 5.1233828365802756 12.583304444327949 2.9941965192556381 4.1603849232196808
leaf_count=5570 23 40 19 60 141 42 225 59 25 25 36 29 27 27 34 26 77 15 23
internal_value=-3.27535e-05 0.00421177 0.00060759 0.00332734 -0.000284053 -0.0229202 0.00621533 -0.00067637 -0.0231789 -0.00512979 0.0375443 0.0441692 -0.0217175 8.81855e-05 -0.000154269 0.00020849 -0.000250728 -0.0347679 -0.0421474
internal_weight=842.458 109.83 99.3402 95.1225 87.3735 19.606 67.7675 732.628 24.1927 16.4865 10.4896 7.74902 13.0322 708.435 703.366 696.026 690.903 7.33957 7.941
internal_count=6523 615 556 516 468 102 366 5908 159 100 59 48 75 5749 5722 5673 5647 49 50
is_linear=0
shrinkage=0.05


Tree=156
num_leaves=20
num_cat=0
split_feature=3 3 5 5 3 5 3 3 5 3 4 1 3 4 3 3 3 3 5
split_gain=0.85291 3.04086 3.85622 9.26324 1.94669 3.65084 2.71077 2.23217 1.91317 5.63153 7.44754 4.45892 6.44767 2.32297 1.53569 1.53192 1.33643 0.23403 0.155211
threshold=8.4935000000000013e-05 8.3300000000000005e-05 0.53500000000000014 0.59500000000000008 9.3030000000000009e-05 0.47500000000000003 8.9260000000000009e-05 8.7640000000000008e-05 0.54500000000000015 0.00029936000000000003 0.0050500000000000015 56.650000000000013 0.00062874500000000011 0.0087500000000000026 8.2010000000000009e-05 0.0053476600000000015 7.5195000000000014e-05 0.0022204250000000003 0.51500000000000012
decision_type=2 2 2 2 2 2 2 2 2 2 2 2 2 2 2 2 2 2 2
left_child=1 2 14 -4 6 15 7 -2 11 10 -10 12 -7 -11 16 17 18 -6 -1
right_child=4 -3 3 -5 5 8 -8 -9 9 13 -12 -13 -14 -15 -16 -17 -18 -19 -20
leaf_value=-0.0041431778360553227 0.020266199140449373 -0.039860130930388135 -0.069730556853535644 0.058131339969800258 -0.045405344126422408 0.020158987254319902 0.040763371906399781 -0.023150279978761262 -0.029803889826485006 0.0096139149799876061 -0.0030003741956618497 -0.04244890811792236 -0.0028099781975550559 0.00029155572763060712 -0.009757640903052452 -0.0018711347493555195 0.033634482227746898 -0.024933211816954712 0.0098554056619082099
leaf_weight=3.390787705779081 6.7372778207063693 5.9778366088867179 4.879427012987434 1.8531297966837881 4.8300386220216733 56.850226357579231 6.9357524663209906 5.0998826771974564 34.181377930566669 79.508752766996622 108.56510764919221 4.4455108866095534 65.181350851431489 424.17251103790477 6.5808804631233206 5.5091407895088187 7.408160999417305 5.1202347427606583 3.774942509829998
leaf_count=21 29 27 65 16 21 274 32 24 333 551 1105 20 346 3532 27 23 30 23 24
internal_value=-3.14166e-05 -0.0077984 -0.000629232 -0.0334692 0.000289195 -8.43901e-05 0.0161601 0.00110469 0.000391931 -0.000701754 -0.00946999 0.00601742 0.00785726 0.00177468 0.00969522 -0.0240692 0.0188266 -0.0357211 0.00257733
internal_weight=841.002 33.8652 27.8873 6.73256 807.137 788.364 18.7729 11.8372 772.905 646.428 142.746 126.477 122.032 503.681 21.1548 15.4594 14.5739 9.95027 7.16573
internal_count=6523 210 183 81 6313 6228 85 53 6161 5521 1438 640 620 4083 102 67 75 44 45
is_linear=0
shrinkage=0.05


Tree=157
num_leaves=26
num_cat=0
split_feature=2 2 2 3 3 2 2 4 4 4 2 4 4 4 4 4 4 2 3 4 4 4 4 4 4
split_gain=0.930224 5.60472 9.09162 5.08226 4.22826 3.56258 3.40236 3.26044 13.6364 7.01547 8.94409 8.8277 6.40172 6.07015 15.9429 4.68069 11.157 8.64341 2.8295 2.5975 17.5566 13.5047 0.609295 0.469073 0.00260127
threshold=19.050000000000004 18.450000000000003 18.250000000000004 0.0025839000000000005 0.0033204250000000005 17.950000000000003 19.150000000000002 0.016200000000000003 0.010500000000000001 0.018850000000000002 25.250000000000004 0.019050000000000001 0.020650000000000005 0.011450000000000002 0.0117 0.0056500000000000014 0.0063500000000000006 28.150000000000002 0.00069947500000000007 0.015500000000000002 0.028050000000000002 0.012250000000000002 0.13900000000000004 0.017350000000000001 0.017350000000000001
decision_type=2 2 2 2 2 2 2 2 2 2 2 2 2 2 2 2 2 2 2 2 2 2 2 2 2
left_child=1 2 5 -3 -5 19 -2 8 15 10 24 -11 -13 -10 -15 17 -17 -8 -12 21 -21 -1 -6 -7 -9
right_child=6 3 -4 4 22 23 7 9 13 11 18 12 -14 14 -16 16 -18 -19 -20 20 -22 -23 -24 -25 -26
leaf_value=-0.0013227636417143512 0.05068933529562069 -0.055834208726309044 0.076183269710576318 0.078810009582006915 -0.048390730503690742 -0.05123504385433128 -0.057091186285413223 0.059611186852650024 -0.065517291576297695 -0.055731298499586059 0.022534968520616497 0.026673154769230725 0.00022031229210477783 0.068091468843360217 -0.028793098987424756 0.05027067196884677 0.0024319403820092286 0.0067453127230835677 -0.012803505287935307 -0.054101783264719185 0.0057514050800633728 0.049895733921038646 0 -0.018971599742961903 0.041067562330016981
leaf_weight=261.19764458853751 3.380332412198185 8.6767902523279172 3.6951942164450875 1.4062509536743157 1.3007974177598955 3.5803385321050873 7.8712239507585791 10.716443642973898 8.1403514966368657 6.5145824402570716 11.214730083942415 25.178686931729317 244.52273510256782 4.6435176189988843 38.996667159721255 14.532764762639998 74.658024230971932 15.465859428048132 11.095451787114142 16.555885691195726 45.876060401555151 13.431575832888482 1.1746068620122967 2.8085634531453252 3.2144637480378142
leaf_count=1827 35 138 29 6 14 60 83 61 51 39 60 153 1684 27 333 80 566 102 53 253 683 91 36 36 23
internal_value=-3.23764e-05 -0.00196043 -0.000753834 -0.0346492 0.0116636 -0.00161809 0.00140173 0.00103123 -0.00465481 0.00403782 0.0246975 0.00130111 0.00271739 -0.0258788 -0.0182377 0.00508148 0.0103304 -0.0147241 0.00475838 -0.000896169 -0.0101018 0.00118128 -0.0261191 -0.0383335 0.0560119
internal_weight=839.85 359.704 347.145 12.5584 3.88166 343.45 480.146 476.766 164.308 312.457 36.2411 276.216 269.701 51.7805 43.6402 112.528 89.1908 23.3371 22.3102 337.061 62.4319 274.629 2.4754 6.3889 13.9309
internal_count=6523 3173 2979 194 56 2950 3350 3315 1242 2073 197 1876 1837 411 360 831 646 185 113 2854 936 1918 50 96 84
is_linear=0
shrinkage=0.05


Tree=158
num_leaves=30
num_cat=0
split_feature=2 2 4 3 2 1 2 1 0 4 1 4 1 4 3 4 2 2 2 0 4 4 1 1 2 2 1 1 1
split_gain=0.902588 6.38504 4.56309 5.93404 4.10307 6.75711 6.35282 6.80015 10.7063 4.16659 10.3297 6.74388 3.87709 1.5795 17.0551 13.2885 9.96673 5.85187 6.34 5.24012 4.72255 3.45562 2.90922 5.36944 4.6796 3.43572 0.641945 0.569535 0.0401545
threshold=30.450000000000003 31.650000000000002 0.045450000000000011 0.00048096000000000006 33.150000000000013 46.050000000000004 33.95000000000001 42.750000000000007 61.500000000000007 0.0073500000000000015 53.250000000000007 0.017950000000000004 52.050000000000004 0.030250000000000003 0.00048096000000000006 0.028550000000000002 16.950000000000003 14.850000000000003 15.350000000000003 65.500000000000014 0.14775000000000002 0.032850000000000011 67.15000000000002 63.850000000000001 26.950000000000003 24.750000000000004 50.45000000000001 54.95000000000001 71.750000000000014
decision_type=2 2 2 2 2 2 2 2 2 2 2 2 2 2 2 2 2 2 2 2 2 2 2 2 2 2 2 2 2
left_child=13 2 3 12 5 -3 7 -6 -9 10 -8 -11 -2 15 16 22 -15 19 -19 20 -16 -20 23 25 -25 -1 -7 -18 -24
right_child=1 4 -4 -5 6 26 9 8 -10 11 -12 -13 -14 14 17 -17 27 18 21 -21 -22 -23 28 24 -26 -27 -28 -29 -30
leaf_value=0.00034912863508195744 -0.028324697974726816 0.017249966164945219 -0.014428491353421002 0.069487265111160088 -0.020816754022458788 -0.031894342802304396 0.058200792900524524 0.093716815681110399 0.0063521983663021326 -0.022548801899700377 -0.01364664291186881 0.0021627478216224016 0.040452975760139308 0.10907917755792487 -0.053734375823966674 -0.056893997066062352 0.03102099271132849 0.084670158685374267 -0.048902429674909459 0.03602535139729543 0.015820340299149974 0.0019419342547832815 -0.024610522681390624 0.00026153294162672264 0.081750359373653006 -0.012123100315185209 -0.060791413526809918 0.0022397936928429604 -0.050338284377135056
leaf_weight=378.52282080240548 3.598181173205381 6.2239659428596523 4.5845398455858222 8.636299788951872 4.8548787385225323 5.3385225459933263 9.4047004133462924 6.4841695427894575 7.8216734081506729 36.508345942944288 10.321759045124052 111.19106138683856 4.4070488214492798 5.3634608387947074 12.177375080063941 10.854730021208523 5.3007355555891973 2.1773455217480651 3.3448142260313025 2.5062996223568907 2.8688545494806013 110.04637594055384 1.5994082540273655 3.642099402844905 3.5559055358171463 64.417080542072654 5.4539146944880486 3.1267743110656738 2.5399246700108051
leaf_count=2945 20 33 33 38 23 38 58 27 39 253 62 631 22 23 236 107 35 16 27 30 99 1077 16 37 19 468 40 20 51
internal_value=-3.2875e-05 0.00266949 0.0286994 0.0408944 -3.23905e-05 -0.0234863 0.00209122 0.029294 0.0466732 -0.00100773 0.0204756 -0.00392275 0.00895393 -0.00103401 0.00346991 -0.00246776 0.0562029 -0.00199364 0.00205986 -0.0288262 -0.0401254 0.000356303 -0.00114403 -0.000744293 0.0417717 -0.00145576 -0.0473804 0.0210804 -0.0423917
internal_weight=836.873 224.829 21.2261 16.6415 203.603 17.0164 186.587 19.1607 14.3058 167.426 19.7265 147.699 8.00523 612.044 146.912 465.132 13.791 133.121 115.569 17.5525 15.0462 113.391 454.277 450.138 7.198 442.94 10.7924 8.42751 4.13933
internal_count=6523 1317 113 80 1204 111 1093 89 66 1004 120 884 42 5206 1563 3643 78 1485 1120 365 335 1104 3536 3469 56 3413 78 55 67
is_linear=0
shrinkage=0.05


Tree=159
num_leaves=26
num_cat=0
split_feature=2 2 4 2 1 1 2 2 2 1 0 0 2 2 2 1 2 2 2 2 2 1 1 1 4
split_gain=0.889261 7.40905 5.64762 2.9853 6.9601 5.42467 8.89761 7.73162 12.7678 5.60899 7.70502 11.6808 6.88289 4.12708 5.97993 10.6545 2.64396 2.20747 3.27609 6.97613 4.29132 2.4119 1.92424 1.68772 0.533368
threshold=40.150000000000006 38.050000000000004 0.052300000000000006 45.95000000000001 45.350000000000001 46.350000000000001 42.650000000000013 42.95000000000001 45.350000000000001 56.750000000000007 62.500000000000007 63.500000000000007 40.550000000000004 52.350000000000001 47.050000000000004 54.150000000000013 50.20000000000001 37.550000000000004 37.150000000000013 36.150000000000013 34.650000000000013 45.250000000000007 43.650000000000013 51.250000000000007 0.018950000000000005
decision_type=2 2 2 2 2 2 2 2 2 2 2 2 2 2 2 2 2 2 2 2 2 2 2 2 2
left_child=1 17 23 5 16 6 24 -8 -9 10 12 -12 -7 14 -6 -16 -5 18 19 20 -1 -20 -18 -3 -2
right_child=3 2 -4 4 13 9 7 8 -10 -11 11 -13 -14 -15 15 -17 22 -19 21 -21 -22 -23 -24 -25 -26
leaf_value=0.00027198369625975916 -0.028426366365772799 -0.059444997395286685 0.02009021482368132 -0.0088970328020139926 -0.060213732966934011 0 0.072067311272873108 -0.061463112450437944 0.037434123663071209 -0.033128609914137089 -0.042372598237254318 0.038706478894508178 0.060646081560181989 -0.053559743192277215 -0.018338086531256605 0.072150169949405707 0.064227410849994573 0.032524471098844897 -0.057691841214826761 0.057170843831453134 -0.029295500369170516 0 0.017115406444531394 -0.010352946545680834 -0.05677093746047366
leaf_weight=672.95413787313737 4.3007070571184176 9.9347439967095834 3.5313237011432639 4.4856828525662413 4.4782459586858812 6.2231582254171398 4.2192217260599163 5.6182425245642644 7.4764753878116608 4.2207914590835562 8.1470700502395648 9.5202709138393384 17.689698368310928 7.0919570550322524 12.984405249357225 4.2211186289787284 3.8223852440714818 5.10129290819168 4.1718601360917082 5.2282765358686438 12.396402738988398 2.9837891831994057 6.0031957998871803 2.4920635074377051 5.5137584507465363
leaf_count=5570 38 80 23 25 21 28 19 52 32 18 44 63 83 58 63 26 24 27 34 26 77 15 33 12 32
internal_value=-3.15558e-05 -0.000693261 -0.0342753 0.00402213 -0.00633204 0.0102082 -0.00735857 0.0139792 -0.00476268 0.0207154 0.0263675 0.00100842 0.0448128 -0.0205725 -0.00935774 0.00386157 0.0218985 6.68843e-05 -0.000167882 0.000176049 -0.000259725 -0.0335942 0.0364093 -0.0501605 -0.0452666
internal_weight=834.81 718.794 15.9581 116.016 43.087 72.9294 27.1284 17.3139 13.0947 45.801 41.5802 17.6673 23.9129 28.7757 21.6838 17.2055 14.3113 702.836 697.734 690.579 685.351 7.15565 9.82558 12.4268 9.81447
internal_count=6523 5864 115 659 250 409 173 103 84 236 218 107 111 168 110 89 82 5749 5722 5673 5647 49 57 92 70
is_linear=0
shrinkage=0.05


Tree=160
num_leaves=23
num_cat=0
split_feature=2 2 2 3 3 2 2 3 2 3 3 3 2 2 3 3 3 2 3 3 3 0
split_gain=0.891338 5.27463 8.06696 4.84421 3.90443 3.33995 3.21639 2.72698 3.26026 3.08522 6.04184 4.17022 2.72037 3.24543 2.10911 16.0081 7.02178 1.94929 0.805878 0.614771 0.556803 0.269119
threshold=19.050000000000004 18.450000000000003 18.250000000000004 0.0025839000000000005 0.0033204250000000005 17.950000000000003 19.550000000000004 0.016250000000000004 19.750000000000004 0.0041057650000000017 0.0046802500000000012 0.0012994950000000001 19.450000000000003 19.150000000000002 0.00044983000000000008 0.00031866500000000004 0.0004572200000000001 19.350000000000005 0.022200000000000001 0.028414885000000004 0.013800000000000002 62.500000000000007
decision_type=2 2 2 2 2 2 2 2 2 2 2 2 2 2 2 2 2 2 2 2 2 2
left_child=1 2 5 -3 -5 14 12 8 -8 11 -11 -10 13 -2 15 -1 -16 -15 -9 -20 -6 -7
right_child=6 3 -4 4 20 21 7 18 9 10 -12 -13 -14 17 16 -17 -18 -19 19 -21 -22 -23
leaf_value=-0.0018461615183832159 0.048186602927538395 -0.0555861749175015 0.070604718553945275 0.076114028064404357 0 -0.024198224893442158 -0.051498299744058285 0.053987359341569452 -0.00060996141214465208 -0.052092574102971356 -0.0029035980417423039 0.01164441171833655 0.06168697703372187 -0.051175596073117696 -0.057772595995505605 0.050071628081153653 -0.0031060568122680769 0.0088453199829045068 0.043349699352530559 -0.034044770850638888 -0.0470681365086335 -0.051527381391857752
leaf_weight=175.14069580938667 3.3806286025792343 8.2917694970965368 3.8115236656740299 1.3852960169315331 1.1603483408689501 3.4624892231076947 2.9125478751957408 2.9895198009908195 326.48368738498539 7.6850886642932883 32.929090132471174 87.859059616923332 3.7402789890766135 2.0180810941383243 6.0545384883880606 16.110722687095404 138.76792675559409 3.4064689502120018 0.34885971900075663 0.49827787652611732 1.2694394260179249 2.7373562196735293
leaf_count=1412 35 138 29 6 11 59 40 39 2221 64 265 557 20 30 45 122 1275 26 9 44 39 37
internal_value=-3.15406e-05 -0.00191972 -0.000765359 -0.0342318 0.0111374 -0.00159512 0.00138412 0.000691466 0.000324123 0.000678112 -0.0124391 0.00197863 0.0262732 0.0101448 -0.000903463 0.00252506 -0.00546427 -0.0131012 0.0421385 0 -0.0254757 -0.0376846
internal_weight=832.444 358.192 346.085 12.1069 3.81508 342.274 474.252 461.706 457.869 454.957 40.6142 414.343 12.5455 8.80518 336.074 191.251 144.822 5.42455 3.83666 0.847138 2.42979 6.19985
internal_count=6523 3173 2979 194 56 2950 3350 3239 3147 3107 329 2778 111 91 2854 1534 1320 56 92 53 50 96
is_linear=0
shrinkage=0.05


Tree=161
num_leaves=16
num_cat=0
split_feature=4 4 4 4 4 1 0 4 4 4 1 1 0 1 1
split_gain=0.863875 1.17824 1.8609 4.50899 1.7792 1.13637 2.23475 1.10727 4.0644 2.27599 0.952485 0.878229 0.844097 0.828568 0.412854
threshold=0.21275000000000002 0.18455000000000002 0.16200000000000003 0.14595000000000002 0.17705000000000001 49.850000000000001 62.500000000000007 0.077500000000000013 0.10755000000000002 0.074650000000000008 52.850000000000001 49.150000000000013 63.500000000000007 40.850000000000001 50.250000000000007
decision_type=2 2 2 2 2 2 2 2 2 2 2 2 2 2 2
left_child=1 2 3 7 12 13 10 9 -9 -1 14 -3 -4 -2 -7
right_child=5 11 4 -5 -6 6 -8 8 -10 -11 -12 -13 -14 -15 -16
leaf_value=0.00023082150263394852 0.01149754949853239 0.04563882872856076 -0.025202241727228653 0.053220254630177669 -0.058099281671424474 0.021187336568361245 -0.047570761014685214 -0.021712773113606976 0.0052803033425662766 0.04262434962465167 0.053303806416554834 0.0044536081935528226 0.016886481085268884 -0.04909966793172782 -0.03587258816362917
leaf_weight=748.69845155440271 0.50379067659377996 2.3383868038654319 2.4293951578438273 3.8866797387599936 2.5565685741603374 0.47912555094808418 1.3908065399155018 25.251217551529408 30.462614888325334 3.0817739665508261 1.5094523625448344 3.4797284416854382 2.0512127876281738 2.7965339836664498 0.51675713853910565
leaf_count=5552 12 29 28 24 41 14 51 247 237 14 51 26 16 154 27
internal_value=-3.39499e-05 0.000111641 -4.30023e-05 0.000174455 -0.0254673 -0.0171672 4.15117e-06 -8.12358e-05 -0.00688119 0.000416901 0.0291461 0.0223429 -0.00489455 -0.038313 -0.00442981
internal_weight=831.432 824.236 818.418 811.381 7.03718 7.19647 3.89614 807.494 55.7138 751.78 2.50534 5.81812 4.48061 3.30032 0.995883
internal_count=6523 6214 6159 6074 85 309 143 6050 484 5566 92 55 44 166 41
is_linear=0
shrinkage=0.05


Tree=162
num_leaves=22
num_cat=0
split_feature=2 2 2 3 3 2 2 4 3 4 4 4 3 4 2 2 3 3 4 4 0
split_gain=0.842676 4.96692 7.08621 4.61884 3.62106 3.16945 2.88776 3.63613 4.60315 2.54394 16.5415 12.0625 2.49036 3.36578 3.13037 3.39918 1.98518 0.765371 0.713622 0.572655 0.40341
threshold=19.050000000000004 18.450000000000003 18.250000000000004 0.0025839000000000005 0.0033204250000000005 17.950000000000003 19.550000000000004 0.025550000000000003 0.0011871400000000002 0.015500000000000002 0.028050000000000002 0.012250000000000002 0.016250000000000004 0.19675000000000004 19.750000000000004 20.150000000000002 0.00059795500000000006 0.022200000000000001 0.5394500000000001 0.13900000000000004 61.500000000000007
decision_type=2 2 2 2 2 2 2 2 2 2 2 2 2 2 2 2 2 2 2 2 2
left_child=1 2 5 -3 -5 9 7 20 -9 11 -11 -1 13 14 -8 -16 -7 -14 -19 -6 -2
right_child=6 3 -4 4 19 16 12 8 -10 10 -12 -13 17 -15 15 -17 -18 18 -20 -21 -22
leaf_value=-0.0012317379792127167 0.058588998496257129 -0.055349576830588047 0.065073628035874895 0.073723877479911951 -0.047503097004274679 -0.052133934399962459 -0.051112347500792792 -0.052894247901838443 0.039059940395544938 -0.05385794174255 0.0051966122707129189 0.046911767517790838 0.053410511450751014 -0.045849497011996962 0.029073650582734173 0.00040963720233254484 0.013909023192007989 0.05022034781638321 -0.034646055648582356 0 0.028221591189738573
leaf_weight=261.05064094252884 4.3463649898767454 7.9214973896741849 3.9354856628924599 1.3623046278953554 1.217056103050709 4.7491522599011651 2.7868241108953944 2.6130303852260113 2.6017072559334338 15.893043920397757 45.37372363335453 13.58752081170678 2.8105857148766513 3.8063180861063293 10.505824979394673 440.03242082241923 1.2965076055843381 0.31205318542197336 0.52050580829381943 1.1678535386454312 3.0281765162944794
leaf_count=1827 35 138 29 6 14 76 40 26 32 253 683 91 39 65 85 2957 20 6 47 36 18
internal_value=-3.1258e-05 -0.00186893 -0.000767037 -0.0338225 0.0106411 -0.00155821 0.00134637 0.0248883 -0.00620448 -0.000891673 -0.0101039 0.00114814 0.000687043 0.000343348 0.000752257 0.00109543 -0.0371614 0.0413159 0 -0.0248975 0.0473327
internal_weight=830.919 357.555 345.886 11.6687 3.74721 341.951 473.364 12.5893 5.21474 335.905 61.2668 274.638 460.775 457.131 453.325 450.538 6.04566 3.64314 0.832559 2.38491 7.37454
internal_count=6523 3173 2979 194 56 2950 3350 111 58 2854 936 1918 3239 3147 3082 3042 96 92 53 50 53
is_linear=0
shrinkage=0.05


Tree=163
num_leaves=27
num_cat=0
split_feature=3 3 3 0 3 3 1 4 4 3 5 4 3 3 4 3 3 3 3 4 4 1 3 3 4 4
split_gain=0.799036 4.17142 4.09263 11.746 6.82691 3.11928 2.80721 2.47546 8.09216 3.9979 1.78949 3.31342 5.34538 3.0147 3.97209 2.41657 2.71121 2.56024 1.44113 1.37571 3.39719 1.98424 0.585169 0.483819 0.718261 0.251962
threshold=0.0015787650000000002 0.0013690800000000002 0.0012994950000000001 61.500000000000007 0.0012167600000000001 0.0016859400000000001 52.95000000000001 0.021350000000000004 0.027650000000000004 0.00080399000000000019 0.57500000000000007 0.087550000000000003 0.0033204250000000005 0.004237035000000001 0.051500000000000011 0.0018120800000000002 0.0019442100000000003 0.0022204250000000003 0.005471290000000001 0.069850000000000009 0.088000000000000009 50.050000000000004 0.0050090800000000008 0.0014430400000000003 0.030550000000000004 0.091200000000000017
decision_type=2 2 2 2 2 2 2 2 2 2 2 2 2 2 2 2 2 2 2 2 2 2 2 2 2 2
left_child=1 2 4 -4 7 19 23 9 -9 -1 15 13 -13 14 -12 25 -17 -18 -14 21 -21 -2 -15 24 -3 -7
right_child=5 6 3 -5 -6 10 -8 8 -10 -11 11 12 18 22 -16 16 17 -19 -20 20 -22 -23 -24 -25 -26 -27
leaf_value=-0.00021280284698728383 0.013046875012102641 -0.0043591634093660151 0.070719265278969504 -0.0514709770260681 -0.057657569160964428 -0.022282207469071585 0.013077858803244267 -0.032148922256104828 -2.4808017848398398e-05 0.016149684033932857 0.0058125549065684784 -0.054963780176844168 0.034132567278024738 -0.031869912793854559 0.041251833791659032 0.041015759293188937 -0.023603516587476215 0.00013335240691383506 -0.002688840719593525 -0.024540262809972565 0.048111652965745905 0.05735107193002064 0 -0.062470137093933044 -0.050262750398730439 -0.05109419661304853
leaf_weight=433.7307959580794 6.051348131150009 1.8056255728006347 6.2416287139058095 2.7199554368853569 5.1577041298151007 3.3032096922397605 2.3350820541381836 24.916757389903069 92.052867632359266 40.693591237068176 17.349401101469994 4.618909869343045 3.460865966975688 3.0003847032785407 15.105556182563303 3.6499164253473273 12.402910141274331 119.95114619075321 9.6653228360228223 3.9341650120913974 2.5567194260656834 4.8829894661903381 2.1436071693897247 3.6587331183254719 2.1901740655303001 2.0311009753495455
leaf_count=3405 33 12 31 40 39 44 23 224 682 228 106 55 30 32 79 18 119 975 130 38 21 23 16 44 54 22
internal_value=-3.11632e-05 -0.000952338 -0.000412609 0.0329224 -0.000927193 0.00259284 -0.0328437 -0.000414315 -0.00693218 0.00118325 0.00076506 0.00839704 -0.00919496 0.0168347 0.0225367 -0.00219188 -0.000847131 -0.00206942 0.00682616 0.022816 0.00361404 0.0336255 -0.0179313 -0.0474853 -0.0313534 -0.0349111
internal_weight=829.61 615.503 605.513 8.96158 596.552 214.108 9.98961 591.394 116.97 474.424 196.682 55.344 17.7451 37.5989 32.455 141.338 136.004 132.354 13.1262 17.4252 6.49088 10.9343 5.14399 7.65453 3.9958 5.33431
internal_count=6523 4782 4649 71 4578 1741 133 4539 906 3633 1626 448 215 233 185 1178 1112 1094 160 115 59 56 48 110 66 66
is_linear=0
shrinkage=0.05


Tree=164
num_leaves=31
num_cat=0
split_feature=1 4 4 4 1 1 4 1 4 0 1 4 4 0 4 4 4 4 0 4 4 4 4 0 4 1 1 1 1 0
split_gain=0.804999 5.1721 15.7107 8.258 7.60672 6.23862 5.21441 6.63984 4.7588 4.55653 3.80784 3.63435 3.51901 3.43758 2.76188 5.06496 4.87415 6.92669 5.49256 4.59722 7.27197 4.47369 13.5369 3.88361 3.83838 3.67171 4.40744 3.48005 3.32661 2.72909
threshold=50.550000000000004 0.039850000000000003 0.030250000000000003 0.025550000000000003 55.350000000000001 52.750000000000007 0.020950000000000003 51.45000000000001 0.067650000000000002 62.500000000000007 52.250000000000007 0.047550000000000009 0.045450000000000011 64.500000000000014 0.047750000000000008 0.062750000000000014 0.028550000000000002 0.027850000000000003 57.500000000000007 0.040650000000000006 0.047550000000000009 0.020650000000000005 0.019950000000000006 61.500000000000007 0.021050000000000003 49.45000000000001 45.250000000000007 44.350000000000001 50.050000000000004 67.500000000000014
decision_type=2 2 2 2 2 2 2 2 2 2 2 2 2 2 2 2 2 2 2 2 2 2 2 2 2 2 2 2 2 2
left_child=14 2 3 6 5 -4 7 -2 11 -8 -10 12 13 -3 16 25 17 21 -18 28 -21 22 -1 -19 -23 26 27 -16 -20 -17
right_child=1 8 4 -5 -6 -7 9 -9 10 -11 -12 -13 -14 -15 15 29 18 23 19 20 -22 24 -24 -25 -26 -27 -28 -29 -30 -31
leaf_value=-0.0019589591164023258 0.028038849606544337 -0.038411374366054532 0.027804140691015257 -0.036546838612397929 -0.0021894493621983781 0.088424252904362524 0.061698987123468919 -0.0020151010939619923 -0.039547452094612412 0.0038065607686253531 0.0046897172093425775 -0.04506089520979227 0.029520781240199842 0.024073424860094769 0.048028058450438983 -0.0023530279068173744 0.027131648065006599 0.079155587631795296 -0.042250020642613711 0.027033023170480015 -0.0574008894234906 -0.061969404906490846 0.055913386061633624 0.0053069698895123248 -0.012331560263993555 -0.02084239915959241 0.049701731134489648 -0.050149411285707046 0.0047644431269144877 0.047866222255808166
leaf_weight=342.84531472437084 20.803332425653934 8.8355525583028811 8.4148910567164474 13.331061385571955 6.403280906379222 9.4733951687812787 6.968558866530655 150.80607476644218 5.3203043846879146 6.9522519186139107 47.296325738076121 12.725981989875434 4.2081442903727284 2.7406947761774054 1.3545567542314594 58.964340559905395 5.701202079653739 4.0302424803376189 24.79161469265819 8.3577346801757795 3.5469442829489699 4.510282836854457 10.31051568686962 3.4276167452335358 29.399442739784718 3.0302681028842917 14.176120724529026 2.2058812454342842 4.18979313597083 2.7350972779095164
leaf_count=2398 181 75 49 108 39 44 46 1244 117 44 452 135 33 24 18 634 27 27 185 64 28 37 53 23 228 18 103 37 25 27
internal_value=-3.30653e-05 0.00200557 0.00594909 0.00127723 0.0438279 0.0604988 0.00404019 0.00161327 -0.00877413 0.0333767 5.53172e-05 -0.0251871 -0.00866648 -0.0231103 -0.00122753 0.00714883 -0.0028061 -0.000984601 -0.0180892 -0.0245677 0.00119123 -0.00192217 -0.000239851 0.0463958 -0.0192436 0.0284435 0.037214 -0.0111405 -0.0352883 0
internal_weight=827.857 304.28 223.153 198.861 24.2916 17.8883 185.53 171.609 81.127 13.9208 52.6166 28.5104 15.7844 11.5762 523.577 82.4663 441.111 394.523 46.5873 40.8861 11.9047 387.066 353.156 7.45786 33.9097 20.7668 17.7366 3.56044 28.9814 61.6994
internal_count=6523 2591 1755 1623 132 93 1515 1425 836 90 569 267 132 99 3932 837 3095 2766 329 302 92 2716 2451 50 265 176 158 55 210 661
is_linear=0
shrinkage=0.05


Tree=165
num_leaves=12
num_cat=0
split_feature=1 1 4 4 1 1 4 1 4 1 4
split_gain=0.746588 3.52693 2.4695 1.88187 0.917311 2.106 3.68231 1.18056 2.93912 1.57985 0.786766
threshold=71.750000000000014 71.250000000000014 0.067750000000000019 0.0098500000000000029 68.550000000000011 64.550000000000011 0.011450000000000002 60.550000000000004 0.0087500000000000026 58.250000000000007 0.039950000000000006
decision_type=2 2 2 2 2 2 2 2 2 2 2
left_child=1 4 3 -2 5 7 -7 9 -9 -1 -8
right_child=2 -3 -4 -5 -6 6 10 8 -10 -11 -12
leaf_value=-0.00028569242163698519 -0.0045934506845198278 0.057578327963131115 0.025258746667961601 -0.051865650454956697 -0.019658185755707446 0.059905714388273003 0.019250797887085919 0.016997598935735721 -0.02220879898881889 0.012408544240075058 -0.012332748705055201
leaf_weight=744.6711871935986 5.1188857406377775 2.5645149499177924 3.0323706716299048 3.8478065971285105 5.8157092481851569 3.9249340668320638 3.3058720156550407 6.4079424068331745 17.01210822770372 25.235538112930954 4.54245580220595
leaf_count=5880 29 12 14 73 42 30 26 39 189 154 35
internal_value=-3.13386e-05 0.000145943 -0.0123653 -0.0257788 -3.6599e-05 0.000101353 0.0210075 -0.000205209 -0.0112423 0.000125456 0.00041663
internal_weight=825.479 813.48 11.9991 8.96669 810.916 805.1 11.7733 793.327 23.4201 769.907 7.84833
internal_count=6523 6407 116 102 6395 6353 91 6262 228 6034 61
is_linear=0
shrinkage=0.05


Tree=166
num_leaves=31
num_cat=0
split_feature=2 2 4 4 1 1 4 4 4 4 2 1 1 2 2 2 2 1 2 1 2 4 2 1 4 4 4 2 4 2
split_gain=0.790527 5.84204 6.30885 3.02035 5.86558 7.74997 7.69751 6.56225 5.06858 5.55399 6.74828 3.09236 1.29716 10.3108 19.1067 9.98999 6.97837 5.65311 5.40585 8.78838 7.51555 5.5203 5.86149 5.32487 7.48704 4.16652 3.50963 1.23279 1.99207 1.17191
threshold=30.450000000000003 31.050000000000004 0.015850000000000006 0.040650000000000006 58.95000000000001 56.850000000000001 0.0069500000000000004 0.0095500000000000012 0.047550000000000009 0.047750000000000008 43.350000000000001 52.750000000000007 50.050000000000004 26.800000000000001 25.750000000000004 16.750000000000004 16.150000000000002 34.250000000000007 17.750000000000004 52.350000000000001 17.950000000000003 0.13900000000000004 13.250000000000002 59.750000000000007 0.041250000000000009 0.0087500000000000026 0.062150000000000004 12.050000000000002 0.015500000000000002 26.050000000000004
decision_type=2 2 2 2 2 2 2 2 2 2 2 2 2 2 2 2 2 2 2 2 2 2 2 2 2 2 2 2 2 2
left_child=12 2 -2 4 5 7 -6 -3 11 -10 -11 -5 13 14 15 16 -1 -17 19 27 -20 22 -21 24 -22 -25 -15 28 -14 -16
right_child=1 3 -4 8 6 -7 -8 -9 9 10 -12 -13 18 26 29 17 -18 -19 20 21 23 -23 -24 25 -26 -27 -28 -29 -30 -31
leaf_value=-1.8771922872083899e-06 0.072229903207658305 0.017749696978320011 -0.0091957541375168178 0.065131128610307829 -0.011749623614397266 -0.066948226581568751 0.06106886441664227 -0.0092058534199729574 -0.056743340932863866 0.034133339679977032 -0.0075346025657183624 0.0076120744536459549 0.051795203615584873 -0.044569514461983817 0.079164432483819283 0.061405657164394049 0.042124920590137484 -0.022098021858047896 0.087140558732406309 0.017457131968063266 0.015992492689334233 0.065257928987019514 -0.018232637627765849 0.023333101425416055 -0.011904875178777986 -0.018508247079913703 0.0098716167772446763 -0.044749181531547139 -0.044774977725681842 0.040839183182863129
leaf_weight=243.60790330939926 5.9078356474637967 28.326592553406954 3.7396530769765377 6.0623953491449338 6.5150265395641309 4.9179392345249644 7.7571554630994797 108.53305053710938 3.4123409241437903 15.823552742600439 24.528246320784092 4.1560710296034813 0.84862512722611683 18.556226707994941 6.3335033506154996 1.9647326618432988 10.133589778095482 68.263679762603715 2.741045616567134 19.2092339778319 106.75632937252522 2.9939721177797756 28.190610576421022 7.0730246007442465 30.748158515663818 32.950953120365739 3.3092852979898444 15.924470290075986 1.1147268302738664 4.5605177916586399
leaf_count=1673 31 203 27 33 33 28 43 613 28 102 141 35 14 183 31 15 78 810 24 169 710 40 356 42 302 333 30 326 29 41
internal_value=-2.91499e-05 0.00253308 0.0403834 0.000752307 -0.00274951 -0.00586025 0.02763 -0.00358132 0.010954 0.00338906 0.00872545 0.0425219 -0.000967609 -0.00290473 -0.000712458 -0.00292617 0.00167676 -0.0196068 0.00179255 -0.0101513 0.00634741 0.000459019 -0.00365746 0.00502346 0.00971375 -0.0109497 -0.0360949 -0.040157 -0.000123651 0.0640927
internal_weight=824.96 219.68 9.64749 210.032 156.05 141.778 14.2722 136.86 53.9826 43.7641 40.3518 10.2185 605.281 356.729 334.864 323.97 253.741 70.2284 248.551 68.2816 180.27 50.3938 47.3998 177.528 137.504 40.024 21.8655 17.8878 1.96335 10.894
internal_count=6523 1317 58 1259 920 844 76 816 339 271 243 68 5206 2861 2648 2576 1751 825 2345 934 1411 565 525 1387 1012 375 213 369 43 72
is_linear=0
shrinkage=0.05


Tree=167
num_leaves=24
num_cat=0
split_feature=3 3 3 0 3 3 1 1 1 3 5 3 3 1 0 1 1 1 3 3 1 1 1
split_gain=0.769328 3.8032 3.88063 10.4682 6.41096 2.7071 2.58841 1.85543 4.69792 2.00407 1.68208 1.39181 5.94994 2.29864 1.87528 1.84707 0.756661 1.21621 0.596681 0.493675 0.4434 0.311173 0.234585
threshold=0.0015787650000000002 0.0013690800000000002 0.0012994950000000001 61.500000000000007 0.0012167600000000001 0.0016859400000000001 52.95000000000001 33.650000000000013 38.650000000000013 0.00080399000000000019 0.46500000000000002 0.0018120800000000002 0.0018773500000000001 52.250000000000007 63.500000000000007 46.350000000000001 53.650000000000013 50.250000000000007 0.0053476600000000015 0.0014430400000000003 56.850000000000001 46.050000000000004 47.250000000000007
decision_type=2 2 2 2 2 2 2 2 2 2 2 2 2 2 2 2 2 2 2 2 2 2 2
left_child=1 2 4 -4 7 16 19 9 -9 -1 18 13 -13 14 -12 -14 17 21 -7 22 -15 -2 -3
right_child=5 6 3 -5 -6 10 -8 8 -10 -11 11 12 15 20 -16 -17 -18 -19 -20 -21 -22 -23 -24
leaf_value=0.0031379327882971007 0.011619109322101709 -0.038629011925801815 0.066775237816629127 -0.050936896914909949 -0.057023714412046525 -0.029277805267973373 0.012004582227922422 -0.041078619419505573 -0.0013701124157545442 0.032079344398052725 -0.025153615760137329 0.080590739946933901 -0.0037318731150331672 -0.053223278131413802 0.040398343216438037 0.0066578611864380787 0.038210002244267072 -0.012027509657995435 -0.0046006619475935069 -0.062186014767675282 -0.017025522077908771 0.033251926753395798 -0.0053163253305835087
leaf_weight=141.01247810199857 4.3802171051502246 2.6915940828621374 6.3163953348994237 2.5450168699026108 4.9506887272000304 5.7013955712318403 2.3146727345883846 7.4929412044584742 432.60133065283298 6.2060515880584708 1.8599386680871228 2.3425760418176642 77.855949052143842 2.8796585090458393 2.255437184125185 93.837709126528352 5.1047001406550399 3.0495659727603188 5.2816396057605743 3.43595802038908 2.0749117210507393 4.4836434349417686 1.1618516873568294
leaf_count=805 23 26 31 40 39 26 23 107 3588 39 33 10 551 31 20 918 31 36 22 44 15 25 40
internal_value=-2.6701e-05 -0.000932156 -0.000422376 0.032219 -0.000924552 0.00256829 -0.0319912 -0.000433531 -0.00206672 0.00441286 0.000859885 0.00202827 0.00305136 -0.0168769 0.00969219 0.00191801 0.0216415 0.013867 -0.0180105 -0.0466116 -0.0396901 0.0233684 -0.0302382
internal_weight=821.836 610.729 601.125 8.86141 592.263 211.107 9.60408 587.313 440.094 147.219 194.089 183.106 174.036 9.06995 4.11538 171.694 17.0181 11.9134 10.983 7.2894 4.95457 8.86386 3.85345
internal_count=6523 4782 4649 71 4578 1741 133 4539 3695 844 1626 1578 1479 99 53 1469 115 84 48 110 46 48 66
is_linear=0
shrinkage=0.05


Tree=168
num_leaves=21
num_cat=0
split_feature=2 2 2 3 3 1 3 2 1 3 1 2 0 2 2 2 2 1 1 1
split_gain=0.78248 6.80169 3.34948 2.98433 10.15 11.635 6.67237 10.8198 4.75185 3.99551 3.82527 2.78044 2.27352 1.94423 2.68909 5.9539 4.23267 2.11496 1.23943 0.505776
threshold=40.150000000000006 38.050000000000004 38.850000000000009 0.00029936000000000003 0.00048096000000000006 42.050000000000004 0.0011871400000000002 43.150000000000013 45.850000000000001 0.0039500000000000013 51.750000000000007 39.300000000000004 62.500000000000007 37.550000000000004 37.150000000000013 36.150000000000013 34.650000000000013 45.250000000000007 56.850000000000001 49.250000000000007
decision_type=2 2 2 2 2 2 2 2 2 2 2 2 2 2 2 2 2 2 2 2
left_child=1 13 -3 8 12 -6 7 -7 -2 -8 -10 -4 19 14 15 16 -1 -16 -12 -5
right_child=3 2 11 4 5 6 9 -9 10 -11 18 -13 -14 -15 17 -17 -18 -19 -20 -21
leaf_value=0.00027283476155794551 -0.054352789875275809 -0.058985009974737185 0.025080444988035439 0.044535025178475351 0.067337189485722898 -0.064989857348004873 0.018775682146353844 -0.0025732000758293423 0.05109850713199629 -0.013939355239048599 0.0061279647485387358 -0.034021174293367908 0.022183684423826674 0.030672355022309569 -0.055971609807107858 0.052840642887711488 -0.029497952179809064 0 -0.029747940466833569 0.078494862453260636
leaf_weight=663.92036469606683 5.2526186704635647 7.0031837895512572 3.0866011530160886 3.5836880132555944 5.9273513182997695 9.9623032808303815 28.807774480432272 23.016144156455994 2.916946828365325 13.529073607176541 4.0234572887420637 5.004243016242981 6.3565853983163834 5.0523430779576293 3.7338455840945235 5.2208788245916358 12.054736167192457 3.0475272089242935 5.1779081076383591 4.2768638283014297
leaf_count=5570 62 59 21 23 32 58 164 116 16 82 19 35 35 27 34 26 77 15 33 19
internal_value=-2.85367e-05 -0.000650905 -0.0337443 0.00383028 0.00733638 0.000432952 -0.00484845 -0.021719 -0.0150826 0.0081953 0.00183519 -0.0108329 0.0461576 6.74133e-05 -0.000154501 0.000152337 -0.00025496 -0.0312576 -0.0136258 0.0643943
internal_weight=820.954 708.124 15.094 112.831 95.4598 81.2426 75.3153 32.9784 17.3709 42.3368 12.1183 8.09084 14.2171 693.03 687.977 681.196 675.975 6.78137 9.20137 7.86055
internal_count=6523 5864 115 659 529 452 420 174 130 246 68 56 77 5749 5722 5673 5647 49 52 42
is_linear=0
shrinkage=0.05


Tree=169
num_leaves=14
num_cat=0
split_feature=4 1 2 4 4 4 2 2 2 4 1 2 2
split_gain=0.785203 1.04361 1.96293 0.982598 1.63664 4.10556 2.55596 1.07842 7.69845 4.27827 0.829787 0.79597 0.718944
threshold=0.21275000000000002 49.850000000000001 16.650000000000002 0.18455000000000002 0.16200000000000003 0.14595000000000002 28.950000000000003 21.150000000000002 22.150000000000002 0.013350000000000002 49.150000000000013 30.800000000000001 25.850000000000005
decision_type=2 2 2 2 2 2 2 2 2 2 2 2 2
left_child=3 11 -3 4 5 7 -6 9 -9 -1 -5 -2 -4
right_child=1 2 12 10 6 -7 -8 8 -10 -11 -12 -13 -14
leaf_value=0.0011340891592954538 -0.048642535456753233 0.05241974239952607 -0.046464551307345218 0.044303161563881498 -0.053074285616402317 0.050852568986013182 0.0063070805154342357 0.024383446752054859 -0.00036199621505914634 -0.010683649451908717 0.0034153826426908951 0.01230540750198799 0.0018536104744037712
leaf_weight=294.32083959970623 2.6329157289583232 1.1652441142359751 1.3931218236684801 2.1922178566455832 3.5648766458034506 3.876690797507762 3.2856678292155266 34.260939594358206 364.60615655872971 103.1614706479013 3.4057128317654133 0.47100506722927082 1.1921883528120814
leaf_count=2126 156 38 66 29 57 24 28 215 2471 1238 26 10 39
internal_value=-2.74124e-05 -0.0167615 0 0.000109624 -3.02611e-05 0.000173343 -0.0241934 -7.34434e-05 0.00175658 -0.00192239 0.0208016 -0.037738 -0.0230819
internal_weight=819.529 6.85448 3.75055 812.675 807.077 800.226 6.85054 796.349 398.867 397.482 5.59793 3.10392 2.58531
internal_count=6523 309 143 6214 6159 6074 85 6050 2686 3364 55 166 105
is_linear=0
shrinkage=0.05


Tree=170
num_leaves=31
num_cat=0
split_feature=2 2 4 4 1 4 1 4 4 4 2 1 2 2 2 1 2 2 1 4 2 4 4 1 4 4 1 4 2 1
split_gain=0.777144 5.32884 5.88613 2.67481 5.3213 7.12743 6.99367 5.80527 4.48451 4.89012 6.14554 2.83041 1.25832 12.4638 5.31526 9.53644 8.26543 7.01912 3.84381 8.99145 7.59184 6.33417 4.63928 3.98515 6.5401 2.79888 2.9382 2.09079 1.00384 0.980415
threshold=30.450000000000003 31.050000000000004 0.015850000000000006 0.040650000000000006 58.95000000000001 0.0069500000000000004 56.850000000000001 0.0095500000000000012 0.047550000000000009 0.047750000000000008 43.350000000000001 52.750000000000007 25.850000000000005 25.750000000000004 24.750000000000004 34.250000000000007 24.350000000000005 23.650000000000002 50.650000000000013 0.021950000000000001 27.950000000000003 0.027350000000000003 0.05655000000000001 64.250000000000014 0.018750000000000006 0.0086500000000000014 52.750000000000007 0.0076500000000000014 29.750000000000004 54.750000000000007
decision_type=2 2 2 2 2 2 2 2 2 2 2 2 2 2 2 2 2 2 2 2 2 2 2 2 2 2 2 2 2 2
left_child=12 2 -2 4 6 -6 7 -3 11 -10 -11 -5 13 14 16 -16 17 -1 19 28 25 -21 -23 24 -22 -20 -27 -17 -14 -18
right_child=1 3 -4 8 5 -7 -8 -9 9 10 -12 -13 18 -15 15 27 29 -19 20 21 23 22 -24 -25 -26 26 -28 -29 -30 -31
leaf_value=-9.8951029180915451e-05 0.070156118320597607 0.01679228667889537 -0.0088235476317879806 0.062470723371271131 -0.010972686832874952 0.059395810843332397 -0.064358717119827644 -0.0086432809217598348 -0.055478154877615031 0.032666445487754527 -0.0072404271632512526 0.0067867654025071129 -0.057364691820101156 0.066746427383740342 0.080802348256054798 -0.0098337180161239875 0.020646633162294911 -0.045341497787408674 0.013057941446096781 0.082927549511730994 0.027046645600855262 -0.038996612558923699 0.02090150888853598 0.065994825661514087 -0.019181301567800676 0.023212429055338647 -0.041690746962641724 -0.05331271319153405 -0.0280020428430806 0.056826343875366225
leaf_weight=474.16726283694152 5.7903803288936597 28.174865897744894 3.7300419062376022 5.9157966300845128 6.5347334221005422 7.5769218951463699 4.7757255882024756 107.31330884993076 3.1472536325454703 15.63787544891238 24.512496035546064 4.0714332014322281 9.8981040790677088 6.7951912879943839 1.6618135720491434 4.186557061970233 3.5916791744530183 8.6354540297761542 3.8461986854672459 2.2181564196944228 19.892241567373276 5.9256685599684698 6.7918180823326111 3.3984981104731551 12.190030323341487 1.8310053637251247 13.49467997997999 10.764588089194147 5.79203326255083 6.4418887346982956
leaf_count=4159 31 203 27 33 33 43 28 613 28 102 141 35 105 34 11 33 23 87 19 15 97 60 65 19 101 34 140 128 37 39
internal_value=-2.50351e-05 0.00253172 0.0389226 0.000821343 -0.00248727 0.0266103 -0.00546721 -0.00330858 0.0104873 0.00335834 0.00822093 0.0405584 -0.000956734 -1.70833e-05 -0.000930333 -0.0286613 0 -0.000927739 -0.00657979 -0.0207389 0.00128665 0.00673784 -0.00670422 0.0150606 0.00932141 -0.0238908 -0.0335122 -0.0416163 -0.0470881 0.0447002
internal_weight=818.704 217.181 9.52042 207.66 154.376 14.1117 140.264 135.488 53.2849 43.2976 40.1504 9.98723 601.523 516.244 509.449 16.613 492.836 482.803 85.2784 30.6258 54.6527 14.9356 12.7175 35.4808 32.0823 19.1719 15.3257 14.9511 15.6901 10.0336
internal_count=6523 1317 58 1259 920 76 844 816 339 271 243 68 5206 4514 4480 172 4308 4246 692 282 410 140 125 217 198 193 174 161 142 62
is_linear=0
shrinkage=0.05


Tree=171
num_leaves=20
num_cat=0
split_feature=3 3 0 0 3 5 3 0 0 3 0 3 2 3 0 3 2 3 0
split_gain=0.770692 2.78882 3.5641 8.62214 1.79223 4.57888 2.4447 2.40292 3.46126 5.77106 1.77284 5.02182 10.3207 3.36222 7.01265 3.18701 1.84162 1.39226 1.26365
threshold=8.4935000000000013e-05 8.3300000000000005e-05 59.500000000000007 65.500000000000014 9.5610000000000015e-05 0.47500000000000003 0.0036263200000000002 53.500000000000007 57.500000000000007 8.651000000000001e-05 60.500000000000007 0.00029936000000000003 17.350000000000005 0.00062874500000000011 56.500000000000007 0.0071393500000000009 16.650000000000002 8.2010000000000009e-05 55.500000000000007
decision_type=2 2 2 2 2 2 2 2 2 2 2 2 2 2 2 2 2 2 2
left_child=1 2 17 -4 7 6 -6 -2 9 -9 13 12 -12 14 -7 -15 -13 18 -1
right_child=4 -3 3 -5 5 10 -8 8 -10 -11 11 16 -14 15 -16 -17 -18 -19 -20
leaf_value=0.0030763532662733588 0.043355443240658521 -0.038374662105216825 -0.068455101083238934 0.055120900473919279 -0.045799459399190445 0.0019006687707742898 -0.003647130758246886 0.03282440509045554 0.033880188944274553 -0.03727103031148956 -0.030669705961537144 0.0072602472455285255 -0.00037394707324046655 -0.0079824581565103182 0.039043112643222688 0.017881625968784735 0 -0.0092168126069937569 0.033324906588020696
leaf_weight=7.5986271202564293 5.2592056542634991 5.8927594274282447 4.7379410257562986 1.8644140437245367 8.1774123013019544 37.039294585585594 6.3887796550989142 4.581661209464075 6.6543657928705207 7.6386538296937943 39.426095755770802 114.54615798313171 98.546573186293244 49.740100115537643 19.504208564758301 15.505503147840498 369.45790589484386 6.5691409558057776 6.9551447406411171
leaf_count=38 23 27 65 16 37 180 27 19 36 34 597 1195 833 258 97 93 2884 27 37
internal_value=-2.34633e-05 -0.00743057 -0.000559706 -0.0325112 0.000289297 -0.000131906 -0.0278032 0.0136765 0.00495841 -0.0105318 0.000406962 -0.000666283 -0.0090832 0.00592509 0.0148472 -0.00174143 0.00172414 0.00929785 0.0180019
internal_weight=816.084 33.618 27.7253 6.60236 782.466 758.332 14.5662 24.1339 18.8747 12.2203 743.766 621.977 137.973 121.789 56.5435 65.2456 484.004 21.1229 14.5538
internal_count=6523 210 183 81 6313 6201 64 112 89 53 6137 5509 1430 628 277 351 4079 102 75
is_linear=0
shrinkage=0.05


Tree=172
num_leaves=22
num_cat=0
split_feature=1 4 4 1 4 3 4 4 1 0 4 3 0 1 3 4 3 0 3 4 1
split_gain=0.708956 1.75267 1.65254 0.76712 3.20815 2.14229 4.05217 7.05131 1.59611 2.21106 1.20147 1.0583 0.928565 7.23412 3.69407 2.83299 1.3627 6.97021 2.52151 0.510868 0.292424
threshold=73.250000000000014 0.0069500000000000004 0.0098500000000000029 63.650000000000013 0.069850000000000009 0.00019904500000000004 0.015150000000000002 0.020950000000000003 61.150000000000013 61.500000000000007 0.0087500000000000026 0.004850000000000001 63.500000000000007 56.650000000000013 0.00024785500000000006 0.021050000000000003 8.4935000000000013e-05 59.500000000000007 0.00019689000000000002 0.067650000000000002 69.750000000000014
decision_type=2 2 2 2 2 2 2 2 2 2 2 2 2 2 2 2 2 2 2 2 2
left_child=3 -2 -3 8 5 -5 20 -8 12 -10 -11 -12 16 14 -14 -15 17 -1 -18 -4 -7
right_child=1 2 19 4 -6 6 7 -9 9 10 11 -13 13 15 -16 -17 18 -19 -20 -21 -22
leaf_value=-0.00096790774708486636 -0.063116827883420518 0.049499770747134991 -0.043954561991797876 -0.015689021053986264 -0.032755072947198545 0.068512290270805132 -0.055858076524563552 0.025269363754639819 0.030110226636879026 0.0031323088078237683 -0.045695440803314599 -0.00025760681662162125 -0.015015754360505375 0.064273789302257425 0.0042663338208695049 0.011027794318672136 0.0054557335272734713 -0.067257510190967151 -0.0022391437009467645 0 0.036864222271882623
leaf_weight=26.869910482317213 1.4433595538139332 1.0838101506233218 1.1980863772332671 4.5629039257764878 4.0161428228020659 3.2693072780966785 3.3309185728430739 11.90578963421285 1.8415519818663586 2.2492888793349257 6.3240109123289567 1.8815626823343334 30.474685736000538 6.2958505600690824 131.83920896309428 4.6005336493253708 142.34744784235954 4.5868119620718053 420.57491128682159 1.1774518378078935 2.8474939316511154
leaf_count=129 7 9 42 37 35 25 35 74 17 13 94 21 308 32 1079 27 955 65 3488 16 15
internal_value=-2.25915e-05 -0.018792 0 8.71728e-05 0.00793303 0.0145321 0.021266 0.00695939 -0.000208525 -0.0180084 -0.0271628 -0.036007 7.24158e-05 0.0032988 0.00060829 0.0425524 -0.000859785 -0.0109748 -0.000283819 -0.0222971 0.0554137
internal_weight=814.721 4.90271 3.45935 809.818 29.9326 25.9164 21.3535 15.2367 779.886 12.2964 10.4549 8.20557 767.589 173.21 162.314 10.8964 594.379 31.4567 562.922 2.37554 6.1168
internal_count=6523 74 67 6449 221 186 149 109 6228 145 128 115 6083 1446 1387 59 4637 194 4443 58 40
is_linear=0
shrinkage=0.05


Tree=173
num_leaves=27
num_cat=0
split_feature=2 2 4 3 3 1 3 2 1 2 1 4 1 2 1 1 4 2 4 3 1 2 1 1 2 1
split_gain=0.761023 6.3015 4.49628 2.72324 9.19218 10.8546 6.0199 10.2231 4.62739 3.68969 3.32439 2.58867 1.81013 1.73058 7.09304 7.83133 13.8262 6.5587 4.46212 4.72329 1.54907 1.23005 1.85222 1.73863 1.07316 0.941856
threshold=40.150000000000006 38.050000000000004 0.052300000000000006 0.00029936000000000003 0.00048096000000000006 42.050000000000004 0.0011871400000000002 43.150000000000013 45.850000000000001 44.300000000000004 51.750000000000007 0.012050000000000002 51.250000000000007 30.450000000000003 43.050000000000004 45.550000000000004 0.044750000000000005 31.050000000000004 0.087550000000000003 0.00036877000000000009 49.550000000000004 30.250000000000004 72.700000000000003 50.050000000000004 26.250000000000004 56.850000000000001
decision_type=2 2 2 2 2 2 2 2 2 2 2 2 2 2 2 2 2 2 2 2 2 2 2 2 2 2
left_child=1 13 12 8 11 -6 7 -7 -2 -8 -10 -5 -3 21 18 16 -16 -17 19 -15 -13 22 23 -1 -24 -12
right_child=3 2 -4 4 5 6 9 -9 10 -11 25 20 -14 14 15 17 -18 -19 -20 -21 -22 -23 24 -25 -26 -27
leaf_value=-0.0027670206590510687 -0.054012899973243191 -0.057991675713578085 0.01726797626763597 0.073863419488461077 0.065897851681650965 -0.063874912658175367 0.026396290685508431 -0.0022799150217636434 0.048286312919903006 -0.0038105017971268649 0.0047761543001622608 0.0083975335363755087 -0.0064291729814156583 0.021483161059812975 0.07136278534563488 0.045206339909636808 -0.033059427926076544 -0.0023828821514531532 0.032296737067587539 -0.054458821534917594 0.051295397695164925 -0.035269590393199053 0.00040160376353742095 0.0027530226849987005 -0.053800689982716657 -0.026412831165919942
leaf_weight=352.46381567511708 5.0675606131553677 9.02735463157296 3.2702021747827521 4.9236509203910819 5.7968354076147071 9.5708887279033643 16.309637326747179 22.831229336559772 2.8948506861925116 25.697088401764631 4.035876736044882 5.3612142056226713 2.402884989976882 2.4399675205349913 11.802254088222979 8.3064280338585359 4.1789230555295935 51.153957871720195 2.5842834189534178 9.4521791413426381 3.8407085835933685 2.5008809417486182 1.1320426017045968 238.99246464553289 2.4877093359827995 5.1256954930722713
leaf_count=2861 62 80 23 21 32 58 101 116 16 145 19 35 12 11 62 48 31 294 17 80 21 13 16 2263 53 33
internal_value=-2.26045e-05 -0.000638075 -0.0329183 0.00380728 0.00717452 0.000540859 -0.00456529 -0.0207681 -0.0143855 0.00783375 0.00216663 0.0442207 -0.0477355 4.95765e-05 0.00651948 0.012719 0.0437107 0.00424597 -0.0253107 -0.0384113 0.0271988 -0.000916519 -0.000757843 -0.000527971 -0.0359502 -0.0122303
internal_weight=813.651 702.195 14.7004 111.455 94.3313 80.2057 74.4088 32.4021 17.124 42.0067 12.0564 14.1256 11.4302 687.495 89.918 75.4416 15.9812 59.4604 14.4764 11.8921 9.20192 597.577 595.076 591.456 3.61975 9.16157
internal_count=6523 5864 115 659 529 452 420 174 130 246 68 77 92 5749 543 435 93 342 108 91 56 5206 5193 5124 69 52
is_linear=0
shrinkage=0.05


Tree=174
num_leaves=20
num_cat=0
split_feature=2 2 2 4 2 4 1 4 4 0 4 0 2 2 2 2 2 1 2
split_gain=0.721804 3.74469 5.14263 4.73063 3.29788 5.45319 3.96299 4.10059 3.67226 3.33426 3.22552 3.08012 2.65419 1.63236 2.28617 4.99721 4.14865 1.91068 0.807996
threshold=40.550000000000004 38.050000000000004 38.850000000000009 0.052300000000000006 41.250000000000007 0.0062500000000000012 41.550000000000004 0.0073500000000000015 0.032350000000000011 64.500000000000014 0.015500000000000002 56.500000000000007 43.45000000000001 37.550000000000004 37.150000000000013 36.150000000000013 34.650000000000013 45.250000000000007 39.750000000000007
decision_type=2 2 2 2 2 2 2 2 2 2 2 2 2 2 2 2 2 2 2
left_child=1 13 -3 11 8 -6 12 9 -2 -8 -9 -4 -7 14 15 16 -1 -16 -13
right_child=4 2 3 -5 5 6 7 10 -10 -11 -12 18 -14 -15 17 -17 -18 -19 -20
leaf_value=0.00026491517823204491 0.06263111532729608 -0.05780913904520512 0.010924588512688578 0.049522724301635179 -0.057090075242391819 0.066722136244769151 0.061563811237301064 -0.024427039516661524 0 -0.00034369683955012722 0.0017571572174247361 -0.01838980150971866 0.0025385859386962378 0.028337224383370319 -0.054675694315412693 0.048239264601718797 -0.029537951765456844 0 -0.055283497218049454
leaf_weight=658.57852231292054 4.716592997312544 6.5250065885484245 4.9033321291208249 3.0645463317632666 3.7703370340168467 3.8561634719371787 4.5942954868078214 14.457450442016123 4.8515053316950798 3.7552363872528076 59.886396136134863 3.4148261025547981 3.0146961659193039 4.9626832380890837 3.4121068418025962 5.2540442273020735 11.784721562638877 3.0841381698846817 3.9342150837182999
leaf_count=5570 23 59 25 25 40 19 29 93 36 20 326 27 29 27 34 26 77 15 23
internal_value=-2.28298e-05 -0.000597131 -0.0209313 -0.00462389 0.00388185 0.00094608 0.00350591 0.000392348 0.0316964 0.0334544 -0.00329362 -0.018863 0.0397183 4.49598e-05 -0.000157674 0.000120936 -0.000255877 -0.029454 -0.0392886
internal_weight=811.821 708.918 21.8419 15.3169 102.903 93.3346 89.5642 82.6934 9.5681 8.34953 74.3438 12.2524 6.87086 687.076 682.114 675.617 670.363 6.49625 7.34904
internal_count=6523 5908 159 100 615 556 516 468 59 49 419 75 48 5749 5722 5673 5647 49 50
is_linear=0
shrinkage=0.05


Tree=175
num_leaves=26
num_cat=0
split_feature=3 3 3 4 3 3 3 3 3 4 0 0 0 4 4 3 4 4 4 3 4 0 4 4 0
split_gain=0.76618 3.65912 3.61153 9.4168 5.98673 2.6732 8.69491 6.46163 5.27698 4.81456 7.96334 3.35496 3.2311 2.6844 2.49316 2.40601 2.15427 10.4859 5.83784 1.62773 1.11298 0.801388 1.02046 2.24018 0.141013
threshold=0.0015787650000000002 0.0013690800000000002 0.0012994950000000001 0.042850000000000006 0.0012167600000000001 0.0027416850000000002 0.0025021500000000003 0.0032739950000000005 0.0024757600000000005 0.091200000000000017 65.500000000000014 67.500000000000014 61.500000000000007 0.06345000000000002 0.064150000000000013 0.0035500000000000006 0.0064500000000000009 0.0069500000000000004 0.0056500000000000014 0.0017153750000000001 0.071350000000000011 61.500000000000007 0.023750000000000004 0.041600000000000005 58.500000000000007
decision_type=2 2 2 2 2 2 2 2 2 2 2 2 2 2 2 2 2 2 2 2 2 2 2 2 2
left_child=1 2 4 -4 16 6 8 -7 9 10 -2 12 15 -14 -5 -9 18 -18 -1 -11 -10 24 -23 -24 -3
right_child=5 21 3 14 -6 7 -8 11 20 19 -12 -13 13 -15 -16 -17 17 -19 -20 -21 -22 22 23 -25 -26
leaf_value=0.00081565049533157514 0.0068446923866902478 -0.023554393879227281 0.079889386456406961 -0.05287439741975955 -0.056356509148520278 -0.045073135309829954 0.069196455176857366 0.038813171437891009 -0.056786839397722791 -0.0017156530996295404 0.062355224708962001 0.052334358111310944 -0.044865137014829103 -0.0066736959712236912 0.023488135384079557 0.0030698426563449538 -0.038273517258523675 -0.00069385344567413141 0.029005159182680693 -0.052610155419589522 -0.010708078718183554 -0.048867545104816508 0.036507384531823117 -0.045208237831936358 -0.054607854328003261
leaf_weight=171.84943332104012 59.784759782254696 1.4452251642942409 4.6131871938705427 2.5447590798139572 4.7314265817403784 8.0731156766414625 5.5854842886328688 5.0080890059471121 3.5991448834538451 3.0349864661693564 7.2016650810837737 2.9880606853403142 5.3714218586683264 32.969277255004272 1.6110672038048504 68.534120867494494 19.470985863357782 367.47263720631599 20.525470983237028 3.7267597122117877 2.5917749330401421 1.4086423292756078 1.8269934356212618 1.3836027905344961 3.2558365855365992
leaf_count=1152 442 9 19 33 39 50 26 35 32 24 37 35 43 328 19 610 223 3009 155 62 17 15 13 39 57
internal_value=-2.10536e-05 -0.000931677 -0.000431754 0.0312192 -0.000920789 0.0025844 0.00937831 -0.00210485 0.00505501 0.00884903 0.0129712 0.000908041 -0.000466261 -0.0122571 -0.0222402 0.00562119 -0.000449755 -0.00260718 0.00386282 -0.0308529 -0.038768 -0.0318564 -0.0149272 0 -0.0467921
internal_weight=810.608 602.139 592.819 8.76901 584.05 208.469 85.5246 122.944 79.9391 73.7482 66.9864 114.871 111.883 38.3407 4.15583 73.5422 579.319 386.944 192.375 6.76175 6.19092 9.3203 4.61924 3.2106 4.70106
internal_count=6523 4782 4649 71 4578 1741 640 1101 614 565 479 1051 1016 371 52 645 4539 3232 1307 86 49 133 67 52 66
is_linear=0
shrinkage=0.05


Tree=176
num_leaves=17
num_cat=0
split_feature=4 3 3 3 3 1 4 3 3 3 3 1 0 3 2 1
split_gain=0.715659 1.2005 5.26802 2.34927 2.88541 2.49016 2.23377 1.9352 2.74402 3.15874 2.8015 1.02034 1.82548 0.918717 0.744345 0.73966
threshold=0.21275000000000002 0.0055077150000000007 0.005319260000000001 0.0050090800000000008 0.004312390000000001 54.45000000000001 0.12865000000000001 0.0057498900000000014 0.005916320000000001 0.0067104400000000007 0.006997080000000001 49.850000000000001 62.500000000000007 0.0085667550000000006 30.800000000000001 49.95000000000001
decision_type=2 2 2 2 2 2 2 2 2 2 2 2 2 2 2 2
left_child=1 2 3 4 6 -6 -1 -3 -9 -10 -11 14 13 -13 -2 -15
right_child=11 7 -4 -5 5 -7 -8 8 9 10 -12 12 -14 15 -16 -17
leaf_value=-8.8317854806046599e-05 -0.048379455141514545 0.041979531297002777 -0.054725151851580944 0.041266374799553328 -0.038428836186751268 0.003963221431359759 0.030988443005495737 -0.038022893597473517 0.055062113304017946 -0.035649699659195962 0.008166046318887437 0.051230988972226568 -0.04596106026249272 0.041759565207558698 0.010617566963601463 -0.038316873379085882
leaf_weight=720.24881716258824 2.5181404490722339 3.6742044761776915 4.3381248190999022 3.3182186968624583 8.9701138734817487 5.2543850373476735 5.7275206409394732 3.3846927043050519 3.2070902585983267 3.8834568634629241 40.456047723069787 1.4323407448828227 1.225315634626895 0.33190776128321864 0.46865378320217121 0.67326272372156382
leaf_count=5632 156 16 24 21 65 65 59 36 18 19 259 12 51 7 10 73
internal_value=-2.42278e-05 0.00010594 -0.000410701 -7.97582e-05 -0.00027741 -0.0225022 0.000154207 0.00726088 0.00458093 0.00779214 0.00414436 -0.0162422 0.000265144 0.0263686 -0.0374584 -0.00596535
internal_weight=809.112 802.463 747.857 743.519 740.201 14.2245 725.976 54.6055 50.9313 47.5466 44.3395 6.64962 3.66283 2.43751 2.98679 1.00517
internal_count=6523 6214 5866 5842 5821 130 5691 348 332 296 278 309 143 92 166 80
is_linear=0
shrinkage=0.05


Tree=177
num_leaves=31
num_cat=0
split_feature=3 4 4 1 1 5 1 4 1 4 4 3 4 4 3 1 4 4 4 4 4 4 3 4 4 3 4 1 1 3
split_gain=0.702562 8.93217 4.78536 6.38899 6.35135 3.61429 10.6549 9.67272 5.14952 3.6066 3.81046 1.89398 13.5458 9.79252 11.8001 8.17614 12.1432 4.5299 11.9155 11.7216 7.92008 7.79439 4.87039 4.48186 4.01949 6.88314 6.51715 3.37432 3.24473 1.94225
threshold=0.00029936000000000003 0.0117 0.0097500000000000017 46.350000000000001 56.250000000000007 0.56500000000000006 57.150000000000013 0.0063500000000000006 60.250000000000007 0.0079500000000000022 0.0070500000000000016 0.00036877000000000009 0.0089500000000000014 0.0084500000000000009 0.00031866500000000004 44.95000000000001 0.020950000000000003 0.012150000000000003 0.0084500000000000009 0.013650000000000001 0.0069500000000000004 0.012850000000000002 0.0004572200000000001 0.013150000000000002 0.016200000000000003 0.00048096000000000006 0.020650000000000005 60.250000000000007 55.550000000000004 0.00069947500000000007
decision_type=2 2 2 2 2 2 2 2 2 2 2 2 2 2 2 2 2 2 2 2 2 2 2 2 2 2 2 2 2 2
left_child=1 2 5 -4 -5 9 7 -7 -8 10 -1 12 13 14 28 23 27 18 20 21 22 -19 -13 -14 25 -21 -26 -17 -2 -20
right_child=11 -3 3 4 -6 6 8 -9 -10 -11 -12 17 15 -15 -16 16 -18 19 29 24 -22 -23 -24 -25 26 -27 -28 -29 -30 -31
leaf_value=0.0020071230284200554 -0.041794928454743578 -0.040531720598327776 0.083990616743229329 -0.05448399642771648 0.056948455298113682 -0.0038931948561024923 0.043841974334072525 -0.04758759231434305 -0.030211840250142258 -0.019391579896239762 0.025696602809630726 -0.036699228974296796 0.071033424444805912 0.10745560805940391 0.064743620960675527 -0.043278433266238578 0.025688611726482891 0.0098641305643882779 -0.057946623220298255 0.018643630271625279 0.052641886021071727 0.09097011531139558 -0.0018883833621399901 -0.001495861237135659 0.016585040801324627 -0.054141435388157445 -0.0012033679063651835 0.0032108780078574507 0.02679151675874844 -0.0094596388332773094
leaf_weight=125.85700618103147 5.3844231739640298 14.24781386181712 3.8051004633307439 2.5931235775351524 2.3315868694335222 32.505352605134249 10.83983590826392 20.972152383998036 2.8294166922569266 16.372040122747421 19.650124449282885 11.271788109093903 4.5798438452184183 4.4799835234880439 8.3147684037685377 21.591370549052957 11.802029110491274 6.1158876679837686 12.542369134724138 5.1391771025955668 6.0314712896943083 5.995434433221817 90.101977489888668 3.6599598377943039 62.948893900960684 8.201164096593855 278.86353568383493 4.5038231909275046 2.3422916755080223 2.8276463225483885
leaf_count=820 47 163 25 27 22 326 64 263 40 139 150 106 25 21 40 220 67 42 145 47 34 25 490 25 389 137 2550 37 20 17
internal_value=-2.33937e-05 -0.0022193 7.16701e-05 0.0362108 -0.0006482 -0.00129923 -0.0110576 -0.0211789 0.0280423 0.00272198 0.00525608 0.000961882 0.0088636 0.0425847 0.0236047 -0.00608687 -0.0160075 -0.000104352 -0.00842461 0.00266501 -0.00246406 0.0508394 -0.00584064 0.0385862 0.000994258 -0.0257999 0.00206185 -0.0350822 -0.020288 -0.0494684
internal_weight=808.701 252.004 237.756 8.72981 4.92471 229.026 67.1468 53.4775 13.6693 161.879 145.507 556.698 66.6585 20.5215 16.0415 46.137 37.8972 490.039 122.775 367.264 107.405 12.1113 101.374 8.2398 355.153 13.3403 341.812 26.0952 7.72671 15.37
internal_count=6523 2039 1876 74 49 1802 693 589 104 1109 970 4484 502 128 107 374 324 3982 792 3190 630 67 596 50 3123 184 2939 257 67 162
is_linear=0
shrinkage=0.05


Tree=178
num_leaves=25
num_cat=0
split_feature=3 3 3 4 3 3 3 3 3 4 0 3 0 0 1 4 4 1 4 4 4 1 4 1
split_gain=0.730403 3.42745 3.31484 8.51564 5.63146 2.38309 7.66875 5.96502 4.87158 4.45062 7.1365 4.60533 3.12618 2.93525 2.82058 2.49098 2.35756 2.2192 1.8957 9.33493 5.41566 1.8851 0.463623 0.0320944
threshold=0.0015787650000000002 0.0013690800000000002 0.0012994950000000001 0.042850000000000006 0.0012167600000000001 0.0027416850000000002 0.0025021500000000003 0.0032739950000000005 0.0024757600000000005 0.091200000000000017 65.500000000000014 0.0016859400000000001 67.500000000000014 61.500000000000007 46.350000000000001 0.06345000000000002 0.064150000000000013 52.95000000000001 0.0064500000000000009 0.0069500000000000004 0.0050500000000000015 48.850000000000001 0.030550000000000004 46.350000000000001
decision_type=2 2 2 2 2 2 2 2 2 2 2 2 2 2 2 2 2 2 2 2 2 2 2 2
left_child=1 2 4 -4 18 6 8 23 9 10 -2 -11 13 14 -9 -15 -5 22 20 -20 -1 -10 -3 -7
right_child=5 17 3 16 -6 7 -8 12 21 11 -12 -13 -14 15 -16 -17 -18 -19 19 -21 -22 -23 -24 -25
leaf_value=-5.5853257788535908e-05 0.0065687993682347319 -0.028812886931923049 0.076107026194961333 -0.052379624952181583 -0.055791231620345695 -0.050156169148907706 0.064864993839921309 -0.0025182066663504109 -0.059086199081667234 0.041504465248700648 0.05898353698218687 -0.053477723048676686 0.051359507384162784 -0.043728838034749105 0.017374832704901897 -0.0063277027342785279 0.022160488267098634 0.010157963098795174 -0.036741699045619976 -0.00070540140250245479 0.02275911997666305 0 -0.060938069243898885 -0.031387899637750363
leaf_weight=161.54313457291573 59.832659319043159 3.5898623019456846 4.6102149188518506 2.4408624917268753 4.5381007120013228 4.6822912096977225 5.6334351673722258 43.72350778488908 3.7622807919979087 1.5539948344230641 7.2468008995056143 5.0646711746230721 2.8980307513847938 5.1723717749118796 29.558365012519062 32.800829625688493 1.6323614865541456 2.2011041026562452 18.823855984956026 364.6908543985337 30.80430811829865 2.2939552664756775 3.2300241384655237 3.257913164794445
leaf_count=1035 442 32 19 33 39 26 26 291 27 9 37 77 35 43 354 328 19 23 223 3009 272 22 78 24
internal_value=-2.50819e-05 -0.000917985 -0.000438363 0.0300316 -0.000907937 0.002524 0.00893701 -0.00192376 0.00484765 0.00846199 0.0123851 -0.0301469 0.000964425 -0.000348335 0.00545029 -0.011655 -0.021494 -0.0313416 -0.000457134 -0.0024963 0.0035819 -0.037746 -0.0454113 -0.0435635
internal_weight=805.586 598.105 589.084 8.68344 580.4 207.481 85.3878 122.093 79.7544 73.6981 67.0795 6.61867 114.153 111.255 73.2819 37.9732 4.07322 9.02099 575.862 383.515 192.347 6.05624 6.81989 7.9402
internal_count=6523 4782 4649 71 4578 1741 640 1101 614 565 479 86 1051 1016 645 371 52 133 4539 3232 1307 49 110 50
is_linear=0
shrinkage=0.05


Tree=179
num_leaves=31
num_cat=0
split_feature=2 2 2 1 2 4 4 4 4 1 4 0 4 2 2 2 2 2 1 1 4 2 4 4 1 4 4 1 4 2
split_gain=0.723646 4.03538 3.86651 6.0691 5.55403 5.77106 3.74857 3.65736 3.24451 8.19089 5.60856 2.98646 1.19724 1.1584 11.4433 4.96711 7.48772 6.34663 5.22103 3.49032 8.25448 6.35991 5.08216 4.11638 3.57823 5.77446 2.11019 2.66235 1.81547 1.00568
threshold=30.450000000000003 31.650000000000002 33.150000000000013 46.050000000000004 33.95000000000001 0.027650000000000004 0.045450000000000011 0.015500000000000002 0.0073500000000000015 53.250000000000007 0.017950000000000004 61.500000000000007 0.018850000000000002 25.850000000000005 25.750000000000004 24.750000000000004 24.350000000000005 23.650000000000002 34.650000000000013 50.650000000000013 0.021950000000000001 27.950000000000003 0.027350000000000003 0.05655000000000001 64.250000000000014 0.018750000000000006 0.0086500000000000014 52.750000000000007 0.0076500000000000014 29.750000000000004
decision_type=2 2 2 2 2 2 2 2 2 2 2 2 2 2 2 2 2 2 2 2 2 2 2 2 2 2 2 2 2 2
left_child=13 6 3 -3 5 7 11 -4 9 -6 -10 12 -2 14 15 16 17 -1 -17 20 29 26 -22 -24 25 -23 -21 -28 -20 -15
right_child=1 2 4 -5 8 -7 -8 -9 10 -11 -12 -13 -14 19 -16 18 -18 -19 28 21 22 24 23 -25 -26 -27 27 -29 -30 -31
leaf_value=-0.00010185408322657067 -0.0054402480794085483 0.01578278298178545 0.021954698979464546 -0.04623440417705172 0.053352050280294473 -0.0024898006177846242 -0.01569809384326333 0.083067268597491195 -0.021026375621857871 -0.012789590476244273 0.0023807819138159628 0.05788532417214938 0.031011750348294693 -0.056903711753950759 0.064874597149595106 0.037548725092600314 0.043209732609338622 -0.044193643201207652 -0.011081153636987228 0.0088608553691021958 0.072325662603656832 0.0251202137080586 -0.037542635892479095 0.019262683489517943 0.063123492515862287 -0.018607766670716844 0.022170775086382558 -0.03972581199761651 -0.052209410624849018 -0.027105837724398753
leaf_weight=468.89938550489023 3.9630234390497261 6.1271312236785915 5.3777223303914088 10.328342914581297 8.8709886036813277 8.3349348008632642 4.5200585834681979 5.0728940665721893 33.791169662028551 9.5351458825170976 103.41410381160676 7.5108278691768637 4.5265879333019257 9.2907368764281291 6.6004371643066397 2.4218320995569256 9.727947920560835 8.2106939814984781 4.2752677872776976 3.9244291186332729 2.3336130231618872 19.663150280714039 5.7434400394558889 6.8296955041587353 3.2571560479700556 12.011168485507367 1.8384185377508391 12.559723795391617 9.5575352292507869 5.6977432891726485
leaf_count=4159 25 33 25 78 58 40 33 24 253 62 631 36 19 105 34 16 62 87 33 19 15 97 60 65 19 101 34 140 123 37
internal_value=-2.8168e-05 0.00247655 0.000179725 -0.0228847 0.00239652 0.0280086 0.0234914 0.0525998 -0.000679288 0.0189338 -0.00335868 0.0349015 0.0135483 -0.000929903 -2.68812e-05 -0.000901031 0 -0.000880219 -0.0280046 -0.00639855 -0.0200499 0.00119441 0.00600524 -0.00638308 0.0137878 0.00837446 -0.0224877 -0.0313793 -0.0400276 -0.0461624
internal_weight=804.215 211.373 190.852 16.4555 174.397 18.7856 20.5205 10.4506 155.611 18.4061 137.205 16.0004 8.48961 592.842 509.693 503.093 486.838 477.11 16.2546 83.1493 29.8952 53.254 14.9067 12.5731 34.9315 31.6743 18.3226 14.3981 13.8328 14.9885
internal_count=6523 1317 1204 111 1093 89 113 49 1004 120 884 80 44 5206 4514 4480 4308 4246 172 692 282 410 140 125 217 198 193 174 156 142
is_linear=0
shrinkage=0.05


Tree=180
num_leaves=31
num_cat=0
split_feature=2 2 4 1 4 1 2 1 2 0 2 2 2 2 1 2 4 4 4 4 2 4 4 4 1 1 2 4 1 2
split_gain=0.666117 5.32446 9.09289 3.98227 6.03927 3.80528 3.4586 3.57 3.15758 7.63929 2.84672 6.58833 5.82616 4.81771 4.2333 4.11357 3.64939 2.43905 2.4198 2.40565 2.98894 2.30523 11.9667 11.8309 10.1162 9.67559 8.15414 2.15123 4.59082 1.8395
threshold=21.150000000000002 22.150000000000002 0.0095500000000000012 58.050000000000004 0.041600000000000005 46.550000000000004 20.250000000000004 48.750000000000007 19.950000000000003 62.500000000000007 24.350000000000005 24.750000000000004 25.550000000000004 25.850000000000005 46.150000000000013 23.650000000000002 0.0099500000000000022 0.0079500000000000022 0.053750000000000006 0.032850000000000011 20.750000000000004 0.015500000000000002 0.024450000000000003 0.012150000000000003 47.050000000000004 46.95000000000001 13.950000000000001 0.0078500000000000011 49.250000000000007 18.250000000000004
decision_type=2 2 2 2 2 2 2 2 2 2 2 2 2 2 2 2 2 2 2 2 2 2 2 2 2 2 2 2 2 2
left_child=6 2 27 4 -4 -6 8 -8 21 18 14 -12 17 -14 -3 16 -16 -13 -10 -9 -21 23 29 26 -25 -24 -1 28 -2 -23
right_child=1 10 3 -5 5 -7 7 19 9 -11 11 12 13 -15 15 -17 -18 -19 -20 20 -22 22 25 24 -26 -27 -28 -29 -30 -31
leaf_value=0.0020911945157297213 -0.052737984701706556 -0.052950762355580119 0.059748763945745201 -0.013849564293084107 0.033039890080281464 -0.033178372333809339 -0.054439595757684311 -0.030126259253551158 -0.055796158231173711 0.065090402363683783 0.041842806647021058 0 0.033213047903182226 -1.1299412584434428e-05 -0.035763124330361003 -0.040923106109149246 0.011412768351571904 -0.050817625671651212 0.014608076314220281 -0.013302584228671087 0.039325153319200404 -0.053641260491901738 -0.05364099823994916 0.084011219507707444 0.0073651103542932486 0.0073791204849219501 -0.022497996106026347 -0.062574893680656801 0.043387829948318773 0
leaf_weight=226.66485859453678 2.50269941240549 5.6274880953133097 15.19061048328877 3.693588860332965 5.5183345377445203 3.3929988667368889 5.6056278347969082 7.8027456142008331 2.3042465820908529 5.7252916544675827 9.5512856021523458 3.3990404531359655 11.22133409231901 292.91657960601151 4.9195469282567528 6.6959226680919519 21.931828232482076 7.7300934931263328 2.2457525581121445 7.2528229439631087 4.1135326810181141 13.908660810440777 7.1755243092775336 7.5517963338643339 10.258651517331598 60.379078974248841 39.468928288668394 2.7743994742631912 2.2514172922819853 1.8965616412460793
leaf_count=1365 24 96 89 26 27 31 74 58 23 31 62 27 73 2009 51 66 160 106 21 38 31 236 168 34 93 830 604 19 19 32
internal_value=-2.67874e-05 0.00141342 0.0199212 0.0331878 0.0406303 0.00718397 -0.00146854 -0.0195301 -0.000265341 0.0269187 -0.000373934 0.00114893 -8.09471e-05 0.00120861 -0.0130989 -0.00612771 0.00248334 -0.0354643 -0.0204045 -0.00883248 0.00548442 -0.00104654 -0.00835876 0.00108475 0.0404306 0.000754066 -0.0015438 -0.0281973 -0.0062294 -0.047383
internal_weight=801.671 399.317 35.324 27.7955 24.1019 8.91133 402.354 24.7747 377.579 10.2753 363.993 324.818 315.267 304.138 39.1748 33.5473 26.8514 11.1291 4.55 19.1691 11.3664 367.304 83.3598 283.944 17.8104 67.5546 266.134 7.52852 4.75412 15.8052
internal_count=6523 2885 235 173 147 58 3638 201 3437 75 2650 2277 2215 2082 373 277 211 133 44 127 69 3362 1266 2096 127 998 1969 62 43 268
is_linear=0
shrinkage=0.05


Tree=181
num_leaves=13
num_cat=0
split_feature=4 4 4 4 2 4 2 4 4 4 2 4
split_gain=0.662301 0.913179 1.55299 3.5271 2.37618 1.02401 6.23376 2.11012 0.865033 1.44122 0.309493 0.244209
threshold=0.21275000000000002 0.18455000000000002 0.16200000000000003 0.14595000000000002 28.950000000000003 0.077500000000000013 17.350000000000005 0.069450000000000026 0.32860000000000006 0.35345000000000004 24.150000000000002 0.19675000000000004
decision_type=2 2 2 2 2 2 2 2 2 2 2 2
left_child=1 2 3 5 -4 7 -7 -1 10 -10 -2 -3
right_child=8 11 4 -5 -6 6 -8 -9 9 -11 -12 -13
leaf_value=5.0631146407338032e-05 -0.047377266742483548 0.032228190011350306 -0.052608435099147845 0.04741597251118751 0.0050697984302722227 -0.051911581609938043 -0.00020803359807322725 0.020879930048239324 0.02026624619879034 -0.043090547072549445 0 0.0077600526640920738
leaf_weight=710.03541099373251 1.9430445665493601 2.5130691491067401 3.4109137747436753 3.8288521394133559 3.313807487487793 6.5878586471080771 47.008626841008663 12.280632257461546 2.6189061999320988 1.2390451619867233 0.652903327718377 2.9712726697325706
leaf_count=5481 81 28 57 24 28 143 341 85 27 190 11 27
internal_value=-3.07435e-05 9.39661e-05 -4.27451e-05 0.000158718 -0.0237953 -7.41171e-05 -0.00674118 0.000414528 -0.0158646 0 -0.0376033 0.0202437
internal_weight=798.404 791.95 786.466 779.741 6.72472 775.913 53.5965 722.316 6.4539 3.85795 2.59595 5.48434
internal_count=6523 6214 6159 6074 85 6050 484 5566 309 217 92 55
is_linear=0
shrinkage=0.05


Tree=182
num_leaves=22
num_cat=0
split_feature=2 2 1 1 1 1 2 2 2 1 1 2 2 2 2 0 2 2 1 2 1
split_gain=0.647886 3.83077 3.11418 1.9887 7.29824 2.1638 1.68369 2.43665 1.21808 1.62488 1.65005 7.9455 10.0802 3.95402 6.35856 5.46716 1.15633 0.988857 0.943088 0.187634 0.158389
threshold=30.450000000000003 31.050000000000004 48.45000000000001 58.95000000000001 56.850000000000001 70.500000000000014 31.650000000000002 40.150000000000006 30.250000000000004 72.700000000000003 50.550000000000004 26.600000000000005 25.550000000000004 19.050000000000004 20.150000000000002 64.500000000000014 22.650000000000002 37.650000000000013 45.250000000000007 45.150000000000006 46.350000000000001
decision_type=2 2 2 2 2 2 2 2 2 2 2 2 2 2 2 2 2 2 2 2 2
left_child=8 2 -2 4 6 17 20 -8 9 10 11 12 -1 15 -15 -12 -11 -5 -13 -7 -3
right_child=1 3 -4 5 -6 19 7 -9 -10 16 13 18 -14 14 -16 -17 -18 -19 -20 -21 -22
leaf_value=-0.0024905156471824183 -0.0080056466426028702 0.011079470005017538 0.053269260216371773 0.018790590186086531 -0.061208723244269084 -0.0071536783491234577 -0.0072165075490395157 0.0049017033713584972 -0.035174584132833947 0.006155633462720308 -0.0012807307660620379 -0.046400072252252185 0.039374412663562404 0.036267377203057054 0.0038849814377454011 -0.043320955140896775 -0.052994674872565962 0.057510991788390899 -0.023078072269292118 0.0073999736019028095 0.027176443325744072
leaf_weight=326.67444288334809 2.8373554497957212 4.2763289362192136 6.3056155852973461 4.5664257779717472 4.7383472621440879 4.3283305168151838 71.162904234603047 99.102117765694857 2.4854550808668128 0.99150244146585409 68.238019040669315 7.3414883669465807 14.936175558716057 17.306948486249894 122.38871838664636 8.666810901835559 2.4167118277400732 3.3147874101996422 15.826479826122521 4.3278040811419487 5.6519875228404999
leaf_count=2715 23 23 35 29 29 22 486 599 13 7 902 115 101 132 890 153 62 19 116 26 26
internal_value=-2.98942e-05 0.00234212 0.0338319 0.00087219 -0.000590996 0.0174402 0.00100833 -0.000135063 -0.000889331 -0.000729074 -0.000515535 -0.0025752 -0.000634444 0.00292967 0.00795569 -0.0061335 -0.0346767 0.0362191 -0.0308509 0 0.0209214
internal_weight=797.885 210.612 9.14297 201.469 184.932 16.5373 180.193 170.265 587.273 584.787 581.379 364.779 341.611 216.6 139.696 76.9048 3.40821 7.88121 23.168 8.65613 9.92832
internal_count=6523 1317 58 1259 1163 96 1134 1085 5206 5193 5124 3047 2816 2077 1022 1055 69 48 231 48 49
is_linear=0
shrinkage=0.05


Tree=183
num_leaves=21
num_cat=0
split_feature=2 1 2 2 1 2 2 2 3 2 4 1 2 4 2 1 4 4 4 1
split_gain=0.666294 5.41001 4.83583 3.2741 7.38574 3.22352 6.75746 3.04402 7.96696 2.69917 4.22233 2.58162 4.296 2.39913 3.60109 3.01329 1.39421 12.5935 8.25001 0.682363
threshold=45.95000000000001 45.350000000000001 43.70000000000001 46.600000000000009 60.250000000000007 42.850000000000001 42.650000000000013 42.95000000000001 0.00048096000000000006 52.350000000000001 0.035650000000000008 44.45000000000001 53.45000000000001 0.021050000000000003 44.750000000000007 49.550000000000004 0.013350000000000002 0.015150000000000002 0.013150000000000002 44.150000000000013
decision_type=2 2 2 2 2 2 2 2 2 2 2 2 2 2 2 2 2 2 2 2
left_child=2 11 5 -3 9 6 16 -7 -9 10 -5 12 -2 14 15 -4 18 -18 -1 -15
right_child=1 3 13 4 -6 7 -8 8 -10 -11 -12 -13 -14 19 -16 -17 17 -19 -20 -21
leaf_value=0.0007175511466979476 -0.037311120533295508 -0.066315215995865054 -0.012973410545168386 -0.045459457769273882 0.058281737991942452 -0.062266530136768111 0.055093094536578215 -0.058994756813406712 0.040409200300712905 -0.050912366203668138 0.0094221250400439039 0.048274644127354542 0.032958395854732161 0.018797352190691816 0.078991191322781915 0.049519153781736804 -0.053250064041507561 -0.00086574479464607734 0.060551270145189601 -0.0067470216096501105
leaf_weight=386.95924100838602 3.7031289935111982 3.1999269723892239 3.6687463670969027 5.4739904254674974 3.0705773606896392 3.8543321490287763 5.4330775141715995 3.8121398948132992 4.0276733860373497 6.2207598760724059 9.1050169169902784 4.8282631337642661 4.9538372829556465 4.856423042714594 3.8052632957696915 3.694923147559166 11.820629427209495 313.16922596527729 5.7528323680162421 5.0867928713560104
leaf_count=2879 20 16 21 32 23 23 31 41 22 58 39 30 32 22 19 21 134 3012 24 24
internal_value=-2.94959e-05 -0.00627063 0.000299507 -0.0192311 -0.0124603 -0.000373155 4.28355e-05 -0.0263031 -0.00743088 -0.0233718 -0.011013 0.0193282 0.00224591 0.0238392 0.0397118 0.0179574 -0.000374552 -0.00280226 0.00162197 0.00529434
internal_weight=796.497 40.5555 755.941 27.0703 23.8703 734.829 723.135 11.6941 7.83981 20.7998 14.579 13.4852 8.65697 21.1121 11.1689 7.36367 717.702 324.99 392.712 9.94322
internal_count=6523 250 6273 168 152 6166 6080 86 63 129 71 82 52 107 61 42 6049 3146 2903 46
is_linear=0
shrinkage=0.05


Tree=184
num_leaves=20
num_cat=0
split_feature=2 1 2 2 2 1 4 2 2 2 2 1 2 1 0 4 4 4 2
split_gain=0.613808 4.99411 4.40999 3.09677 4.49602 7.74995 3.76898 3.01269 6.29454 2.86321 3.54865 2.38797 3.94604 2.3155 2.29599 1.26261 11.8804 7.42134 0.760852
threshold=45.95000000000001 45.350000000000001 43.70000000000001 52.350000000000001 47.050000000000004 53.350000000000001 0.06345000000000002 42.850000000000001 42.650000000000013 42.95000000000001 43.350000000000001 44.45000000000001 53.45000000000001 46.350000000000001 62.500000000000007 0.013350000000000002 0.015150000000000002 0.013150000000000002 45.550000000000004
decision_type=2 2 2 2 2 2 2 2 2 2 2 2 2 2 2 2 2 2 2
left_child=2 11 7 4 -3 6 -6 8 15 -9 -11 12 -2 18 -15 17 -17 -1 -4
right_child=1 3 13 -5 5 -7 -8 9 -10 10 -12 -13 -14 14 -16 16 -18 -19 -20
leaf_value=0.00068154409029379422 -0.035880972399493276 -0.055305128015115529 -0.0096844647441692664 -0.050127537117345494 -0.052155545359306832 0.058621800314703779 0.0041214185420044309 -0.061320355933324688 0.053937779574754124 0.018678167627029844 -0.050265207743888797 0.046833374218011467 0.031926546758951804 0.065867637736894843 0.017086224700181212 -0.052661646809318265 -0.00082269784501422098 0.057303155462116111 0.017040291923058226
leaf_weight=387.03602463146672 3.6632091253995878 4.090869724750525 4.3256882280111331 6.0092020332813254 4.7734429165720957 4.4151673614978781 7.235277384519577 3.7229907661676389 5.2780733853578559 4.7222763076424599 2.9062585718929768 4.7335213497281066 4.8638010025024414 4.6131862401962263 5.9000821113586426 11.367687080055473 313.08518702059519 5.7798864245414725 6.1302813291549683
leaf_count=2879 20 21 25 58 29 30 30 23 31 26 37 30 32 24 32 134 3012 24 26
internal_value=-2.81173e-05 -0.00607891 0.000284924 -0.0186777 -0.00902434 0.00246564 -0.0180816 -0.000355808 4.05504e-05 -0.0258015 -0.00725091 0.0186983 0.00213857 0.0228423 0.0393814 -0.00035655 -0.00267002 0.00154177 0.00552345
internal_weight=794.652 39.7845 754.868 26.524 20.5148 16.4239 12.0087 733.898 722.547 11.3515 7.62853 13.2605 8.52701 20.9692 10.5133 717.269 324.453 392.816 10.456
internal_count=6523 250 6273 168 110 89 59 6166 6080 86 63 82 52 107 56 6049 3146 2903 51
is_linear=0
shrinkage=0.05


Tree=185
num_leaves=29
num_cat=0
split_feature=1 2 4 4 4 4 2 4 3 4 4 1 4 2 4 4 1 5 4 1 3 4 2 2 1 4 2 1
split_gain=0.654867 4.64935 3.38749 11.0108 9.35295 6.17368 6.63764 9.76289 5.45452 4.57839 2.38697 2.25165 1.98669 6.73875 13.8875 6.29417 8.71046 6.18449 3.37478 3.43579 7.95728 4.23828 2.02328 1.80002 1.51186 1.01277 0.663477 0.162939
threshold=50.550000000000004 58.550000000000004 0.0063500000000000006 0.0069500000000000004 0.0076500000000000014 0.0050500000000000015 28.150000000000002 0.0039500000000000013 0.00019904500000000004 0.015150000000000002 0.0060500000000000007 50.45000000000001 0.047750000000000008 25.750000000000004 0.06345000000000002 0.069450000000000026 45.350000000000001 0.48500000000000004 0.047550000000000009 46.250000000000007 0.00097842500000000021 0.039550000000000009 31.650000000000002 45.150000000000006 54.250000000000007 0.0064500000000000009 29.750000000000004 56.550000000000004
decision_type=2 2 2 2 2 2 2 2 2 2 2 2 2 2 2 2 2 2 2 2 2 2 2 2 2 2 2 2
left_child=11 2 5 23 8 6 -2 -8 -5 -6 24 12 18 15 26 17 -17 -14 19 21 -21 -1 -16 25 -7 -4 -15 -12
right_child=1 -3 3 4 9 10 7 -9 -10 -11 27 -13 13 14 22 16 -18 -19 -20 20 -22 -23 -24 -25 -26 -27 -28 -29
leaf_value=3.1109350418623233e-05 -0.056362310455784694 -0.05330188498652752 -0.017751961763357207 0.097695314827871943 -0.010414758241605581 0.081492510001876114 -0.038605709625884978 0.073142694191778518 0.023084701512215158 0.0053404501954883547 0.025241540850789008 -0.040211934223805201 0.035984031558664913 0.079686459960180103 -0.019364727519256112 -0.054765314669197131 0.021399339575150902 -0.052900777498124968 -0.054856198463989925 -0.017175900215249239 0.013667402488098349 0.041387163374651793 0.010407301402724311 -0.0064763936753228753 0.031380208592757051 -0.06039694885107473 0.045274904325913197 0.0069222400546878424
leaf_weight=303.33644942659885 4.3805171479471046 3.6611349470913401 2.2180872410535803 3.5407044216990462 63.429509744979441 4.0751076638698605 3.5762977302074432 4.0146972313523293 8.6196615472435933 167.54895136738196 5.9826070182025415 3.5622321281116447 2.245242826640605 7.1280893832445127 7.3605622947216061 4.5635108990827602 18.880231540068053 10.720526384189723 2.9259634241461745 82.565271185711026 27.732514027506113 6.2297078743576995 23.554711161181331 3.043573170900344 3.3329058438539505 8.4674833603203279 3.4557876102626324 2.710930272936821
leaf_count=2023 58 43 16 22 584 29 18 24 55 1520 46 39 15 39 78 107 268 155 28 808 174 36 129 16 21 122 33 17
internal_value=-2.67471e-05 0.00186584 0.00261067 0.000784874 0.00327105 0.0190771 -0.00774537 0.0200278 0.0458364 0.000989605 0.0392529 -0.00111999 -0.000823914 0.00649186 0.0202812 -0.00910057 0.00619127 -0.0369686 -0.00218505 -0.00179312 -0.00937023 0.000892601 0.00311814 -0.0425883 0.0603309 -0.052255 0.0694475 0.0202413
internal_weight=792.863 288.602 284.941 256.868 243.139 28.0731 11.9715 7.59099 12.1604 230.978 16.1016 504.261 500.699 77.9087 41.4992 36.4095 23.4437 12.9658 422.79 419.864 110.298 309.566 30.9153 13.7291 7.40801 10.6856 10.5839 8.69354
internal_count=6523 2591 2548 2335 2181 213 100 42 77 2104 113 3932 3893 824 279 545 375 170 3069 3041 982 2059 207 154 50 138 72 63
is_linear=0
shrinkage=0.05


Tree=186
num_leaves=31
num_cat=0
split_feature=4 4 1 4 1 1 2 4 4 2 1 1 1 4 2 2 4 4 1 4 0 2 4 4 4 4 1 2 4 2
split_gain=0.619906 3.66937 4.72037 2.78892 2.72578 2.51686 2.50958 2.01478 1.9092 6.03675 2.3536 1.78974 3.09924 2.20122 2.7323 1.24484 9.26232 6.0219 13.0461 11.8787 5.90098 3.99364 14.6403 5.24019 5.14764 3.76046 2.98225 1.66223 1.06097 0.877716
threshold=0.077500000000000013 0.10755000000000002 52.250000000000007 0.12015000000000002 46.350000000000001 43.050000000000004 29.650000000000002 0.080250000000000016 0.069450000000000026 21.850000000000005 49.95000000000001 45.550000000000004 45.050000000000004 0.12865000000000001 18.650000000000002 21.150000000000002 0.041600000000000005 0.030250000000000003 48.95000000000001 0.015500000000000002 54.500000000000007 22.250000000000004 0.0095500000000000012 0.045450000000000011 0.012450000000000001 0.028050000000000002 51.45000000000001 21.950000000000003 0.18455000000000002 17.750000000000004
decision_type=2 2 2 2 2 2 2 2 2 2 2 2 2 2 2 2 2 2 2 2 2 2 2 2 2 2 2 2 2 2
left_child=8 2 5 4 -3 -2 7 -4 15 10 -10 12 28 -13 -15 16 17 19 -19 -1 -18 22 27 25 -24 -23 -25 -17 -5 -12
right_child=1 3 6 11 -6 -7 -8 -9 9 -11 29 13 -14 14 -16 21 20 18 -20 -21 -22 23 24 26 -26 -27 -28 -29 -30 -31
leaf_value=0.0011529869267662763 0.0071256654226532464 0 0.0041101312453538808 -0.010072423264867646 0.055035519659166379 -0.057507534956993546 0.03301610584213005 -0.041454173947745948 0.0049960768393080288 -0.031057523166293646 0.036705348903528341 -0.043769220772569013 0.066509040109857628 0.018338053708091353 -0.014468233605050477 -0.010797757525317704 0.033735071998994677 -0.053628363388436122 0.042735355517035375 -0.03116111840143268 -0.050604752101957251 0.00070671150618235434 0.078955533370540024 0.024806781353485532 0.02487280512095703 -0.014563856660975597 -0.0023905239909016653 -0.055466169573373726 0.026190443153027806 0.083715247217543517
leaf_weight=294.37536249356344 1.6431128233671213 4.1546213477849943 5.4957038592547161 6.1863674297928792 4.5388040989637375 8.4064985970035178 3.7396157048642626 3.9958296194672585 2.9332173578441125 3.8192734718322745 2.7595292683690786 3.7686127424240139 2.2085510743781915 9.4395108786411601 18.601076466962695 4.7046542204916495 2.2808913141489056 4.1961706690490272 18.564591996371746 31.3575110565871 14.180166281759737 213.18357502855361 6.6700130105018642 31.33757708594203 14.310302332043646 49.474021811038256 14.341564144939182 4.310545027256012 2.8498337460914627 2.8048312216997147
leaf_count=2197 11 24 41 37 20 118 30 47 25 19 28 50 17 197 280 37 15 50 108 448 273 1545 31 208 98 322 111 38 85 13
internal_value=-2.62264e-05 -0.00435286 -0.02082 0.00298503 0.0286862 -0.0464813 -0.000751698 -0.0147828 0.000420962 0.0198577 0.0434184 -0.00214311 0.0147626 -0.00830361 -0.00322081 7.0678e-05 -0.00194713 -0.000196457 0.0245942 -0.00195108 -0.0384833 0.00226197 0.0196521 0.000548194 0.0425968 -0.00215506 0.016172 -0.0330783 0.000978361 0.062344
internal_weight=790.632 75.0281 23.2808 51.7474 8.69343 10.0496 13.2311 9.49153 715.604 12.3169 8.49758 43.054 11.2448 31.8092 28.0406 703.287 364.955 348.494 22.7608 325.733 16.4611 338.332 29.9955 308.337 20.9803 262.658 45.6791 9.0152 9.0362 5.56436
internal_count=6523 957 247 710 44 129 118 88 5566 85 66 666 139 527 477 5481 3091 2803 158 2645 288 2390 204 2186 129 1867 319 75 122 41
is_linear=0
shrinkage=0.05


Tree=187
num_leaves=21
num_cat=0
split_feature=2 1 2 2 2 2 2 1 3 2 3 4 2 1 1 2 4 4 4 1
split_gain=0.621203 4.46033 4.18828 2.78999 5.86846 2.71819 4.05165 7.27886 3.35431 2.64974 7.10393 2.24513 4.56662 3.02155 2.11955 3.63776 1.19484 11.0647 6.70395 0.609386
threshold=45.95000000000001 45.350000000000001 43.70000000000001 42.850000000000001 42.650000000000013 52.350000000000001 47.050000000000004 53.350000000000001 0.0032739950000000005 42.95000000000001 0.00048096000000000006 0.021050000000000003 45.150000000000006 49.550000000000004 44.45000000000001 53.45000000000001 0.013350000000000002 0.015150000000000002 0.013150000000000002 44.150000000000013
decision_type=2 2 2 2 2 2 2 2 2 2 2 2 2 2 2 2 2 2 2 2
left_child=2 14 3 4 16 6 -3 8 -8 -5 -11 12 13 -4 15 -2 18 -18 -1 -13
right_child=1 5 11 9 -6 -7 7 -9 -10 10 -12 19 -14 -15 -16 -17 17 -19 -20 -21
leaf_value=0.00068208533568747209 -0.034730828180839113 -0.053883925855949671 -0.014793914267614717 -0.06024281701375838 0.052816931026408082 -0.048876848117611865 -0.051077842402886334 0.056837050052500476 0.0024296188196251045 -0.057945761490471995 0.038312178003578022 0.017224082144976782 0.084557944922906442 0.04763331023247936 0.04456973362063011 0.030816456691188873 -0.05199413189625101 -0.00084696926952086108 0.054433307003516784 -0.0070251958745561772
leaf_weight=385.7750230380334 3.6314720883965474 3.9751468002796235 3.8939921930432337 3.5618011057376844 5.1297469586133948 5.640430584549903 4.632710240781309 4.3066762611269942 7.2338903099298477 3.5628797560930252 3.888017326593399 4.8323850482702237 3.4932640790939331 3.545910581946373 4.5562498196959487 4.7661333456635475 10.857851915061472 310.19913741643541 5.7948415875434867 5.0345230996608734
leaf_count=2879 20 21 23 23 31 58 29 30 30 41 22 22 17 21 30 32 134 3012 24 24
internal_value=-2.6309e-05 -0.00619748 0.000286773 -0.000339319 3.86383e-05 -0.0182942 -0.00928667 0.00163117 -0.0182941 -0.0252014 -0.00721222 0.022359 0.0379237 0.0145333 0.0174575 0.00180755 -0.000341621 -0.00260794 0.00150401 0.00440305
internal_weight=788.312 38.7427 749.569 728.769 717.757 25.7889 20.1484 16.1733 11.8666 11.0127 7.4509 20.8001 10.9332 7.4399 12.9539 8.39761 712.627 321.057 391.57 9.86691
internal_count=6523 250 6273 6166 6080 168 110 89 59 86 63 107 61 44 82 52 6049 3146 2903 46
is_linear=0
shrinkage=0.05


Tree=188
num_leaves=25
num_cat=0
split_feature=1 2 4 4 4 4 2 4 0 4 4 1 4 4 2 4 4 4 1 2 2 1 4 1
split_gain=0.646075 4.14945 3.07961 10.2658 8.24682 5.47259 6.31061 8.95363 5.33873 4.19253 2.25109 2.06177 1.69311 2.65474 3.97777 12.1019 7.62996 3.27594 2.83075 1.70129 1.66203 1.49619 1.07466 0.177379
threshold=50.550000000000004 58.550000000000004 0.0063500000000000006 0.0069500000000000004 0.0076500000000000014 0.0050500000000000015 28.150000000000002 0.0039500000000000013 61.500000000000007 0.015150000000000002 0.0060500000000000007 50.45000000000001 0.20055000000000003 0.047750000000000008 23.150000000000002 0.06345000000000002 0.069450000000000026 0.047550000000000009 46.45000000000001 25.850000000000005 45.150000000000006 54.250000000000007 0.0064500000000000009 56.550000000000004
decision_type=2 2 2 2 2 2 2 2 2 2 2 2 2 2 2 2 2 2 2 2 2 2 2 2
left_child=11 2 5 20 8 6 -2 -8 -5 -6 21 12 13 17 16 -16 -15 18 -1 -14 22 -7 -4 -12
right_child=1 -3 3 4 9 10 7 -9 -10 -11 23 -13 19 14 15 -17 -18 -19 -20 -21 -22 -23 -24 -25
leaf_value=0.00062349804451777402 -0.055845626105815449 -0.052472501444808931 -0.015663980750633071 -0.0097811523988777602 -0.0099285021233075643 0.079278855407298177 -0.036830545829572479 0.071628127311042691 0.063289949870242709 0.0052010335474624407 0.023848149382403882 -0.039096703283182536 -0.049566435630167945 -0.035761219480249233 0.064390845355375217 0.0023610982668563723 0.01465853903769348 -0.054542588149593445 -0.0089430984470591588 0.023075212975788597 -0.0065599686895067427 0.0295181585822403 -0.059928499471020857 0.0051608492724095519
leaf_weight=315.94485197030008 4.2083413889631647 3.3625841028988352 2.144600197672843 3.280756063759326 62.956697221845388 3.9830440804362288 3.4833376705646515 3.8959105536341667 8.8484881669282895 166.51790401013568 6.0020664483308774 3.4532114327885202 3.2177794476738191 12.263279277831318 10.554460883140562 30.752940949052572 18.864271070808172 2.8614059016108504 101.95295437145978 0.89317939989268769 2.9522503763437262 3.3617512956261635 8.1264508645981532 2.6484932154417038
leaf_count=2124 58 43 16 23 584 29 18 24 54 1520 46 39 177 169 73 198 190 28 917 17 16 21 122 17
internal_value=-2.49951e-05 0.00186506 0.00254809 0.000806613 0.00318079 0.0183952 -0.00738892 0.0199543 0.0431982 0.00102593 0.0373146 -0.00111375 -0.000832144 -0.000552165 0.00826855 0.0184483 -0.00509606 -0.00208416 -0.00170005 -0.0324232 -0.0418951 0.0578772 -0.0514083 0.0188225
internal_weight=786.531 285.773 282.41 254.827 241.604 27.5829 11.5876 7.37925 12.1292 229.475 15.9954 500.758 497.305 493.194 72.435 41.3074 31.1276 420.759 417.898 4.11096 13.2233 7.3448 10.2711 8.65056
internal_count=6523 2591 2548 2335 2181 213 100 42 77 2104 113 3932 3893 3699 630 271 359 3069 3041 194 154 50 138 63
is_linear=0
shrinkage=0.05


Tree=189
num_leaves=31
num_cat=0
split_feature=4 4 1 4 1 1 2 4 4 4 1 2 2 1 4 2 2 1 2 2 4 2 1 5 2 4 5 5 4 2
split_gain=0.595567 3.4197 4.43041 2.47898 2.41952 2.41265 2.27419 1.89401 1.78818 4.151 2.05038 2.00104 2.37916 2.10611 1.79574 1.63252 5.48503 7.1479 5.06528 5.12227 4.38433 3.95899 1.62768 1.57469 2.77085 2.57084 2.73368 1.32656 1.21134 0.11563
threshold=0.077500000000000013 0.10755000000000002 52.250000000000007 0.12015000000000002 43.050000000000004 46.350000000000001 29.650000000000002 0.080250000000000016 0.062150000000000004 0.054850000000000003 44.850000000000001 15.050000000000002 16.650000000000002 54.150000000000013 0.062750000000000014 43.70000000000001 45.550000000000004 43.250000000000007 42.850000000000001 42.650000000000013 0.0073500000000000015 45.150000000000006 46.45000000000001 0.55500000000000016 28.950000000000003 0.12865000000000001 0.48500000000000004 0.58500000000000008 0.19510000000000002 27.150000000000002
decision_type=2 2 2 2 2 2 2 2 2 2 2 2 2 2 2 2 2 2 2 2 2 2 2 2 2 2 2 2 2 2
left_child=8 2 4 5 -2 -3 7 -4 9 15 -11 13 -13 -10 -14 18 21 -18 19 -1 -20 -17 -16 25 28 -5 -27 -26 -25 -9
right_child=1 3 6 23 -6 -7 -8 29 11 10 -12 12 14 -15 22 16 17 -19 20 -21 -22 -23 -24 24 27 26 -28 -29 -30 -31
leaf_value=-0.00026574635157175877 0.0067142746410197851 0 0.0036863479667275812 -0.048928869304067001 -0.056766864402796893 0.051679920026459138 0.031090910067517602 -0.022220649482784058 -0.04831173572921571 0.010421675956985418 -0.054416560343092869 0.054408368026135523 0.041254246147080814 0.037578986280013625 -0.019444576380169061 0.018809388379938549 0.052254116673596133 -0.017623684589681367 0.01132814750015256 0.051135636677859697 -0.061484268335371531 0.082372699069100191 0.01081044862984005 -0.04629341988894424 0.020298923682468072 -0.021104328741848297 0.020928444111031706 -0.016902524334092089 -0.0070282751392755256 -0.051216783180682228
leaf_weight=613.0914707602933 1.6441654562950159 4.1148182898759824 5.5073832906782609 1.8007671982049966 8.1386621715500933 4.5616773068904877 3.7522465847432604 1.6774686798453333 2.5492891240864988 1.3983769044280041 5.0822867155075073 3.2674569934606543 3.956509791314601 0.82908300310373295 5.2066542021930244 9.4443371146917325 4.4322517961263683 18.700337786227465 2.9100141525268537 4.7848625034093848 6.0712864920496941 3.4208058714866629 25.268382057547569 5.7964957784861344 5.9694888927042467 4.8011844009161022 17.026678826194257 3.7560567557811737 3.5029519797535613 2.2036817744374275
leaf_count=4819 11 24 41 31 118 20 30 22 73 20 66 24 26 8 40 57 21 123 18 30 60 17 164 82 47 39 330 23 114 25
internal_value=-2.57873e-05 -0.00428941 -0.0203276 0.0028015 -0.0456319 0.0270438 -0.000909543 -0.0144188 0.000413358 -0.000201438 -0.0397204 0.0105287 0.0139322 -0.0253215 0.00979991 0.000183326 0.0105281 -0.00385245 -0.000404337 0.000132428 -0.0374769 0.0366013 0.00543116 -0.00206458 -0.0128243 0.0064056 0.011401 0.00539685 -0.0322669 -0.0408132
internal_weight=784.667 74.2537 22.9236 51.3301 9.78283 8.6765 13.1408 9.38853 710.413 669.336 6.48066 41.0774 37.699 3.37837 34.4315 662.855 35.9977 23.1326 626.858 617.876 8.9813 12.8651 30.475 42.6536 19.025 23.6286 21.8279 9.72555 9.29945 3.88115
internal_count=6523 957 247 710 129 44 118 88 5566 5231 86 335 254 81 230 5145 218 144 4927 4849 78 74 204 666 266 400 369 70 196 47
is_linear=0
shrinkage=0.05


Tree=190
num_leaves=17
num_cat=0
split_feature=3 3 5 5 3 5 3 3 3 3 5 3 3 3 3 5
split_gain=0.616873 2.65925 2.87603 7.9085 1.55396 2.696 4.75659 4.33214 2.39699 1.83129 1.75702 1.28946 1.26687 1.22505 0.289127 0.111571
threshold=8.4935000000000013e-05 8.3300000000000005e-05 0.53500000000000014 0.59500000000000008 9.3030000000000009e-05 0.47500000000000003 9.5085000000000002e-05 9.5610000000000015e-05 8.9260000000000009e-05 8.7640000000000008e-05 0.54500000000000015 0.0022204250000000003 8.2010000000000009e-05 7.5195000000000014e-05 0.0053476600000000015 0.51500000000000012
decision_type=2 2 2 2 2 2 2 2 2 2 2 2 2 2 2 2
left_child=1 2 12 -4 8 11 -7 -8 9 -2 -9 -6 13 15 -13 -1
right_child=4 -3 3 -5 5 6 7 10 -10 -11 -12 14 -14 -15 -16 -17
leaf_value=-0.0041308772655187153 0.017731344516290926 -0.037089785975292777 -0.066339431964579379 0.05315292588866876 -0.042600433767677498 -0.06481923800660995 0.071397637581620196 0.0059313844703911675 0.037870441195575533 -0.021757461402095057 -0.00072360919993090121 -0.019074771446939032 -0.0088900370080741108 0.031253611649739381 -0.0012796003015336222 0.0078383022025551082
leaf_weight=3.3910065442323738 6.7200222164392489 5.8162788003683081 4.3927461169660083 1.8711624592542646 4.7474691569805136 2.6883656084537497 2.0551965087652198 118.87922833859921 6.8180959820747367 5.0445414781570435 592.76170274149626 4.8549677729606611 6.5618638694286338 7.3817262202501297 5.4918420165777206 3.7202468998730183
leaf_count=21 29 27 65 16 21 15 9 624 32 24 5513 23 27 30 23 24
internal_value=-2.54261e-05 -0.00669705 0 -0.0295845 0.000263491 -9.33965e-05 0.000341735 0.000603236 0.0145048 0.000336801 0.000381756 -0.0209404 0.00875119 0.0170873 -0.0102108 0.00145929
internal_weight=783.196 33.135 27.3188 6.26391 750.061 731.479 716.384 713.696 18.5827 11.7646 711.641 15.0943 21.0548 14.493 10.3468 7.11125
internal_count=6523 210 183 81 6313 6228 6161 6146 85 53 6137 67 102 75 46 45
is_linear=0
shrinkage=0.05


Tree=191
num_leaves=30
num_cat=0
split_feature=1 4 4 3 3 0 3 1 2 1 2 2 4 2 1 4 4 2 4 4 4 4 3 2 3 4 2 2 0
split_gain=0.614926 4.11672 12.6645 8.74479 10.9493 7.2661 7.14123 7.02208 6.07064 5.56067 2.91734 4.83463 3.30684 2.381 1.89583 1.64691 2.46038 3.67396 10.8918 7.07002 3.10302 10.5887 9.2428 1.5987 1.38313 1.2445 1.20347 0.799369 0.45936
threshold=50.550000000000004 0.039850000000000003 0.030250000000000003 0.00078857000000000005 0.00059795500000000006 63.500000000000007 0.0014943250000000001 55.350000000000001 18.250000000000004 52.750000000000007 58.550000000000004 28.450000000000003 0.067650000000000002 30.450000000000003 50.45000000000001 0.20055000000000003 0.047750000000000008 23.150000000000002 0.06345000000000002 0.069450000000000026 0.020650000000000005 0.019950000000000006 0.00059795500000000006 25.850000000000005 0.0046802500000000012 0.041600000000000005 22.050000000000004 23.750000000000004 61.500000000000007
decision_type=2 2 2 2 2 2 2 2 2 2 2 2 2 2 2 2 2 2 2 2 2 2 2 2 2 2 2 2 2
left_child=14 2 3 4 8 13 25 9 -2 27 11 12 -8 -5 15 16 20 19 -19 -18 21 -1 -22 -17 -13 28 -11 -4 -3
right_child=1 6 7 5 -6 -7 10 -9 -10 26 -12 24 -14 -15 -16 23 17 18 -20 -21 22 -23 -24 -25 -26 -27 -28 -29 -30
leaf_value=-0.0014316513843253774 -0.015218423107583763 -0.038784836716119382 0.038547383541488588 0.090796068421990811 -0.056797456358475044 -0.0030300535597243181 -0.051268791911519444 -0.0048926426087362836 0.0066111458270687613 0.10226310708195724 -0.051832285616750531 0.014898357832295393 -0.0023261956677458153 0.035589109012361363 -0.037971665767784449 -0.049394392156017576 -0.035019606277790376 0.061550076907375087 0.0024936344811379227 0.013966409253134885 -0.056093767170705224 0.051914266499330425 -0.0044112709163088354 0.021130976577280292 0.048799923351937238 -0.05559280425118928 0.058019532447985037 0.0053006649837858679 -0.011108393922437855
leaf_weight=329.51858345605433 43.538645469583571 3.1712910383939725 4.80847772955895 4.7090553492307645 8.628680866211651 6.4310567677021018 3.7178562004119149 6.2474811598658553 117.5788504043594 4.8866390585899335 2.5610399693250647 10.448559384793041 39.372452230658382 4.3254939764738083 3.3661085889907545 3.120494994451291 11.934788024052979 10.470547221601008 30.659202460199594 18.75356943719089 9.8165780007839185 9.4719685316085798 70.528375249356031 0.89374021254479874 4.6810354422777882 6.908713148906827 4.1910368502140045 3.5353138521313667 4.2987271994352341
leaf_count=2381 616 20 26 24 89 36 65 39 835 23 30 85 463 23 39 177 169 73 198 190 126 53 509 17 42 102 21 23 29
internal_value=-2.54103e-05 0.0018245 0.00544932 0.00101163 -0.00224842 0.0368989 -0.00817687 0.039814 0.000675365 0.0560679 -0.000575138 0.00167889 -0.00677368 0.0655908 -0.00108958 -0.000821149 -0.000546791 0.00798385 0.0177619 -0.00497386 -0.00202128 5.90486e-05 -0.0108499 -0.0323452 0.0259672 -0.0397392 0.083236 0.0252823 -0.0238757
internal_weight=782.574 284.04 208.881 185.212 169.746 15.4656 75.1597 23.6689 161.117 17.4215 60.7809 58.2199 43.0903 9.03455 498.534 495.168 491.154 71.8181 41.1297 30.6884 419.336 338.991 80.345 4.01424 15.1296 14.3787 9.07768 8.34379 7.47002
internal_count=6523 2591 1755 1623 1540 83 836 132 1451 93 685 655 528 47 3932 3893 3699 630 271 359 3069 2434 635 194 127 151 44 49 49
is_linear=0
shrinkage=0.05


Tree=192
num_leaves=31
num_cat=0
split_feature=4 4 1 1 4 1 4 4 3 3 4 1 3 1 1 3 3 0 3 3 3 4 4 0 3 1 1 1 3 3
split_gain=0.583824 3.17959 4.15028 2.32604 2.20177 2.17 1.67801 3.6227 2.02437 6.45926 4.64818 3.65918 6.70816 3.26509 1.94972 1.61146 5.8415 6.32482 5.51108 3.54263 3.06936 2.66685 1.5038 2.69473 1.7481 1.69356 1.46301 2.73703 2.61352 4.02941
threshold=0.077500000000000013 0.10755000000000002 52.250000000000007 43.050000000000004 0.12015000000000002 46.350000000000001 0.062150000000000004 0.054850000000000003 0.0033204250000000005 0.004312390000000001 0.062750000000000014 49.95000000000001 0.0029684200000000007 50.95000000000001 44.850000000000001 0.0012994950000000001 0.0010123650000000001 65.500000000000014 0.0019442100000000003 0.0017153750000000001 0.00091060500000000009 0.051500000000000011 0.091200000000000017 65.500000000000014 0.0044500000000000008 55.95000000000001 45.550000000000004 45.150000000000013 0.004237035000000001 0.0044500000000000008
decision_type=2 2 2 2 2 2 2 2 2 2 2 2 2 2 2 2 2 2 2 2 2 2 2 2 2 2 2 2 2 2
left_child=6 2 3 -2 5 -3 7 15 10 -10 -8 12 -12 -13 -9 16 20 -18 19 -17 -1 -20 23 25 -24 -4 27 -6 -28 -30
right_child=1 4 22 -5 26 -7 8 14 9 -11 11 13 -14 -15 -16 18 17 -19 21 -21 -22 -23 24 -25 -26 -27 28 -29 29 -31
leaf_value=-0.00046406186559642086 0.0063104911737963997 0 0.020602721655060247 -0.056045152856853381 0.0016634530892908523 0.048693819787634936 0.06204286243292239 0.010084695742964321 0.084755770220354021 -0.023362696094332506 -0.057050051230528726 0.055868418859946437 0.014537969222408534 0.0032941081975179018 -0.053659730132381393 0.017448575963660732 -0.027868536373375993 0.039400767950242541 -0.0038576794248433265 0.069541433784879036 0.016723364972415129 0.028398278636224367 -0.040285388819571277 0.057262293788325216 0.013289688765567612 -0.037942991843906995 -0.037914314738887213 0.068601339599203004 0.083428653817893869 -0.0054558697794484341
leaf_weight=492.61389623209834 1.645205825567247 4.1153383255004865 2.4053437002003175 7.8779597757384181 9.359290108783167 4.5765689313411713 3.2179241478443137 1.3986568674445141 3.1096923947334281 2.2632531709969044 6.3451434541493636 3.6012931745499399 6.4154723733663559 15.950615003705023 4.6876470502465963 22.94717275258154 31.764193277806044 3.7792106270790091 70.165505226701498 3.8610381782054892 27.304816568270326 6.940727472305297 3.7799197435379028 2.3217170163989067 2.2596790045499802 2.2603824287652969 5.7349135130643871 1.7678732075728483 1.245164275169375 24.057123758364469
leaf_count=4046 11 24 34 118 126 20 19 20 15 32 91 31 35 112 66 171 233 24 412 20 198 41 45 15 13 11 94 13 5 428
internal_value=-2.63738e-05 -0.00427322 -0.0198818 -0.0447995 0.00257512 0.0253807 0.000408428 -0.00018905 0.0102276 0.0387046 0.00568439 0 -0.0208368 0.0134673 -0.0382765 0.000160682 -0.000900914 -0.0204853 0.00587879 0.0253676 0.000432006 -0.000856372 -0.00108285 0.0142125 -0.0195362 -0.0069125 -0.00205672 0.0132601 -0.0077335 -0.000573684
internal_weight=779.773 73.4065 22.5502 9.52317 50.8563 8.69191 706.366 665.463 40.9034 5.37295 35.5304 32.3125 12.7606 19.5519 6.0863 659.377 555.462 35.5434 103.914 26.8082 519.919 77.1062 13.027 6.98744 6.0396 4.66573 42.1644 11.1272 31.0372 25.3023
internal_count=6523 957 247 129 710 44 5566 5231 335 47 288 269 126 143 86 5145 4501 257 644 191 4244 453 118 60 58 45 666 139 527 433
is_linear=0
shrinkage=0.05


Tree=193
num_leaves=31
num_cat=0
split_feature=1 1 3 0 1 0 3 3 0 3 3 3 0 3 5 3 1 1 1 1 1 1 3 3 1 1 0 0 3 3
split_gain=0.600125 2.14955 4.37094 4.14849 2.66603 2.61543 2.22844 2.25811 1.78479 9.01092 19.9323 6.31653 6.71854 5.36984 3.53523 9.12481 10.5657 4.90161 5.21727 3.33188 3.14711 1.67311 1.83207 1.66558 1.60032 2.61242 1.57092 1.49159 1.41171 2.4816
threshold=50.550000000000004 51.45000000000001 0.00019904500000000004 61.500000000000007 51.550000000000004 64.500000000000014 0.00078857000000000005 0.0011871400000000002 62.500000000000007 0.00034518500000000008 0.00035601500000000005 0.00069947500000000007 64.500000000000014 9.051500000000001e-05 0.55500000000000016 0.00017236500000000003 46.250000000000007 39.750000000000007 33.650000000000013 43.250000000000007 46.150000000000013 50.350000000000001 0.015314380000000001 8.9260000000000009e-05 38.650000000000013 40.850000000000001 65.500000000000014 65.500000000000014 0.00029936000000000003 0.00059795500000000006
decision_type=2 2 2 2 2 2 2 2 2 2 2 2 2 2 2 2 2 2 2 2 2 2 2 2 2 2 2 2 2 2
left_child=8 2 -2 6 -3 -5 -4 -8 14 13 -11 12 -12 26 21 16 -16 18 -17 -13 -19 22 23 -1 -15 -26 -10 -7 -6 -30
right_child=1 4 3 5 28 27 7 -9 9 10 11 19 -14 24 15 17 -18 20 -20 -21 -22 -23 -24 -25 25 -27 -28 -29 29 -31
leaf_value=-0.010616065184733327 0.042663532791501917 -0.044403332446184635 -0.044637911961323037 0.039274225284221885 -0.0051641141299322083 0.012749535260438885 0.049849317722451325 -0.015798857206736069 -0.0051298589863628188 0.11820102966598707 -0.049547521943552761 0.021088468852046731 0.0026069725054851567 -0.045927206952235095 0.10165710091385394 0.0044334689797678904 -0.017653784639843878 0.043091577589990236 -0.053043597747194783 -0.0018616817293510342 0.0038200737055085706 -0.033489503186128054 0.035229924349118258 0.00031776583328789232 0.0088500345264770682 -0.031699327514007981 0.056069969271077436 -0.048743924933858963 0.0090902825719162122 -0.0027594328955066775
leaf_weight=39.970258388668299 9.2984537999145669 3.2025174908339968 4.7390928342938441 8.0672425520606321 69.8802086180076 2.4592058714479204 1.5990523248910902 5.6019311570562422 1.6437053438276046 3.4693855047225943 12.502984303981068 22.699968628585339 11.749981578439472 13.336472079157828 5.3780509978532773 10.172460444271566 2.6682514995336533 8.2280247365124541 6.1993457302451125 50.528131447732449 14.059135982766746 3.8483759025111786 3.4011829829541957 260.89592978917062 4.7732470296323326 18.547319700941443 2.2068553119897842 1.4428561776876447 89.090330047532916 86.585781557485461
leaf_count=189 78 30 60 90 631 25 10 73 31 15 101 150 92 132 37 65 28 72 107 418 138 37 105 1906 51 240 18 29 715 850
internal_value=-2.23964e-05 0.00181268 0.0137434 0.00215714 0.000195023 0.023049 -0.0183881 -5.30609e-05 -0.00107524 -0.00582633 0.0021268 -0.00206998 -0.0241677 -0.0257262 0.000805916 0.0136175 0.0617474 0.00333753 -0.0172171 0.0052035 0.0186695 -0.00112368 -0.00068702 -0.00112123 -0.0316968 -0.0231839 0.0292111 -0.0093892 0.000814862 0.0032232
internal_weight=778.246 281.967 33.2078 23.9094 248.759 11.9693 11.9401 7.20098 496.279 141.458 100.95 97.4811 24.253 40.5076 354.821 46.7053 8.0463 38.659 16.3718 73.2281 22.2872 308.116 304.267 300.866 36.657 23.3206 3.85056 3.90206 245.556 175.676
internal_count=6523 2591 365 287 2226 144 143 83 3932 1248 776 761 193 472 2684 447 65 382 172 568 210 2237 2200 2095 423 291 49 54 2196 1565
is_linear=0
shrinkage=0.05


Tree=194
num_leaves=21
num_cat=0
split_feature=2 1 2 2 2 2 1 3 1 0 1 2 2 2 1 2 2 2 2 2
split_gain=0.582178 3.90386 3.6258 2.4345 2.28387 3.55218 6.67517 2.98179 2.14019 2.10959 2.0142 3.19455 0.818814 5.17156 3.33502 10.8021 4.58764 2.44457 1.69704 0.604325
threshold=45.95000000000001 45.350000000000001 43.70000000000001 43.350000000000001 52.350000000000001 47.050000000000004 53.350000000000001 0.0032739950000000005 46.350000000000001 62.500000000000007 44.45000000000001 53.45000000000001 40.150000000000006 38.050000000000004 46.250000000000007 42.650000000000013 42.550000000000004 38.850000000000009 33.150000000000013 45.550000000000004
decision_type=2 2 2 2 2 2 2 2 2 2 2 2 2 2 2 2 2 2 2 2
left_child=2 10 3 12 5 -3 7 -7 19 -10 11 -2 13 18 15 -14 -16 -15 -1 -4
right_child=1 4 8 -5 -6 6 -8 -9 9 -11 -12 -13 14 17 16 -17 -18 -19 -20 -21
leaf_value=-0.00066209312971045537 -0.03347274308476729 -0.052076702732726105 -0.0092724584662663267 -0.047722446173919866 -0.047394693512066113 -0.050025381867224855 0.054259034556551934 0.00085178312820754489 0.063825214439633418 0.015960804694226831 0.042846898439536006 0.028729259429137472 -0.045696345031100191 -0.056107163602063297 0.033342523122388903 0.057492325192815268 -0.0058546154975699649 -0.011339845550667468 0.0088437852411098888 0.014707349005325852
leaf_weight=611.16236487322021 3.5856078267097455 3.8377639651298567 4.2520333155989665 2.5974521748721591 5.1088078916072837 4.48234825581312 4.2058603018522271 7.2421910613775253 4.3141669780015928 5.7862052619457245 4.4716915786266318 4.5783034563064575 8.5416820496320707 5.7096588760614377 16.4331219047308 3.4652394652366629 13.224762275815008 7.3012796565890312 50.749444205313921 6.067264199256897
leaf_count=5430 20 21 25 37 58 29 30 30 24 32 30 32 69 59 98 20 78 56 319 26
internal_value=-2.39802e-05 -0.00609807 0.000278119 -0.000306287 -0.0176676 -0.00953353 0.000664491 -0.0184345 0.0210059 0.0373206 0.0162473 0.0007305 -0.000120804 -0.000547987 0.00666411 -0.0152739 0.0157351 -0.0316448 6.04052e-05 0.00435251
internal_weight=777.117 37.5126 739.605 719.185 24.877 19.7682 15.9304 11.7245 20.4197 10.1004 12.6356 8.16391 716.588 674.923 41.6648 12.0069 29.6579 13.0109 661.912 10.3193
internal_count=6523 250 6273 6166 168 110 89 59 107 56 82 52 6129 5864 265 89 176 115 5749 51
is_linear=0
shrinkage=0.05


Tree=195
num_leaves=20
num_cat=0
split_feature=2 2 2 2 4 2 4 5 2 2 4 4 3 2 2 2 3 5 4
split_gain=0.536074 3.96491 3.32256 2.27566 1.95389 3.02691 1.89846 3.91895 1.13818 0.798459 3.51065 9.20049 7.50243 2.83411 4.12231 1.52873 0.566634 0.843221 0.465864
threshold=45.95000000000001 46.600000000000009 43.70000000000001 43.350000000000001 0.0078500000000000011 49.45000000000001 0.021050000000000003 0.56500000000000006 47.45000000000001 40.550000000000004 0.01085 0.027850000000000003 0.00029936000000000003 38.050000000000004 38.850000000000009 33.150000000000013 0.004312390000000001 0.58500000000000008 0.063850000000000004
decision_type=2 2 2 2 2 2 2 2 2 2 2 2 2 2 2 2 2 2 2
left_child=2 -2 3 9 -3 8 7 -4 -6 13 12 -12 -11 15 -15 -1 18 -18 -7
right_child=1 4 6 -5 5 16 -8 -9 -10 10 11 -13 -14 14 -16 -17 17 -19 -20
leaf_value=-0.00062912283918833565 -0.061673496329028826 0.035478292298086661 0.073495224689779468 -0.046819670987347135 -0.0047452644227255272 0.020363655961053079 0.0036397041258119812 0.0097305590372749572 -0.044485847975395149 -0.0007341364308154182 -0.053029171898365396 0.018602233790298388 0.07292004057236158 -0.055625973223229944 -0.0045222033139071492 0.0083843401694100959 0.0074755259482660293 -0.020536320724125645 0
leaf_weight=611.04048666893505 2.837030977010726 3.1951443664729586 3.9886587187647837 2.519093044102191 3.203493960201742 6.9296577200293559 9.7195391803979856 6.4947196468710899 5.2813241556286812 9.3238003477454168 6.7990161255002048 12.603218108415602 5.2730349451303473 5.4778333175927427 14.448401033878325 50.856547327712178 6.4812576211988908 4.3161722347140312 4.586234338581562
leaf_count=5430 16 36 22 37 20 43 46 39 36 54 55 85 27 59 100 319 41 36 22
internal_value=-2.37085e-05 -0.00590847 0.000263749 -0.000293122 -0.0009405 -0.00498317 0.0202142 0.034929 -0.030294 -0.000115887 0.00734163 -0.00638598 0.025848 -0.00049611 -0.0190282 5.70314e-05 0.00451062 -0.00334882 0.0122755
internal_weight=775.375 36.8303 738.544 718.341 33.9933 30.7981 20.2029 10.4834 8.48482 715.822 33.9991 19.4022 14.5968 681.823 19.9262 661.897 22.3133 10.7974 11.5159
internal_count=6523 250 6273 6166 234 198 107 61 56 6129 221 140 81 5908 159 5749 142 77 65
is_linear=0
shrinkage=0.05


Tree=196
num_leaves=31
num_cat=0
split_feature=1 2 2 2 3 3 1 1 1 3 0 2 3 3 2 1 0 3 3 3 3 5 3 1 1 2 2 2 0 1
split_gain=0.546687 3.42436 2.48082 6.55816 8.05371 7.52383 4.72415 4.32413 3.9618 3.2842 4.02585 3.57973 2.58748 5.70534 4.98634 1.67063 1.65198 7.87907 17.5538 5.99889 4.88468 3.14235 7.71827 8.8739 4.64982 3.29604 3.53005 2.43977 1.41262 1.33415
threshold=50.550000000000004 58.550000000000004 17.750000000000004 13.250000000000002 0.0071665600000000006 0.00048096000000000006 51.45000000000001 56.350000000000001 53.050000000000004 0.00019904500000000004 61.500000000000007 21.650000000000002 0.00048096000000000006 0.00059795500000000006 19.750000000000004 50.45000000000001 62.500000000000007 0.00034518500000000008 0.00035601500000000005 0.00069947500000000007 9.051500000000001e-05 0.55500000000000016 0.00017236500000000003 46.250000000000007 39.750000000000007 46.400000000000006 33.550000000000004 16.150000000000002 65.500000000000014 57.250000000000007
decision_type=2 2 2 2 2 2 2 2 2 2 2 2 2 2 2 2 2 2 2 2 2 2 2 2 2 2 2 2 2 2
left_child=15 2 3 5 8 7 9 -2 -5 11 -11 -4 14 -14 -8 16 21 20 -19 -20 28 25 23 -23 -24 26 -1 -22 -18 -7
right_child=1 -3 6 4 -6 29 12 -9 -10 10 -12 -13 13 -15 -16 -17 17 18 19 -21 27 22 24 -25 -26 -27 -28 -29 -30 -31
leaf_value=-0.0022110576730401377 0.01184467568212573 -0.05111240961436269 0.084270975961513742 -0.047786835637232628 0.060319819911089534 -0.05383436425990993 -0.044119319768383451 0.066266307447443593 -0.012741477892043352 -0.010939630823905176 0.035869920030367368 0.012335226566178971 0.027740093219592744 0.00045620497498365543 -0.00044246215619778525 -0.036284556545391734 -0.0048424672626292886 0.10936001887939083 -0.024109035648583535 0.0049852309100413585 -0.045387271593599871 0.091175631371583937 -0.016747230097166155 -0.017432305082651808 0.018462854957930545 -0.040078470715765063 0.013885064184879524 -0.018085734064708384 0.053016696122418806 0.00059907724849639051
leaf_weight=261.19397573627066 10.210141048766678 2.9246304184198371 4.0665882378816631 12.697346591390668 2.8527382474858305 3.4886572267860165 6.9905064515769473 5.9013001620769492 23.681513726711273 8.6980750188231486 9.2861988395452482 3.3384501934051514 26.176882550120354 72.206324581056833 86.710768239572644 3.2442565014353013 1.6383911659941071 3.5697313994169226 23.277440693229437 72.669345241272822 15.517591908574103 5.7028658390045148 16.139305295422673 2.6372263841331005 21.937101133167744 5.1498501524329177 39.063356058672071 19.603470483794808 2.2252199053764343 1.3768773153424261
leaf_count=1930 118 43 28 269 50 64 102 32 309 65 81 21 177 620 600 39 31 15 188 565 214 37 172 28 205 34 255 201 18 12
internal_value=-2.34888e-05 0.00173168 0.00232445 -0.00661517 -0.0187241 0.0157753 0.0048243 0.0323725 -0.0252079 0.0250682 0.0130187 0.0531025 0.00211084 0.00778721 -0.0037978 -0.00103162 -0.000780825 -0.00541011 0.00201258 -0.00203896 -0.0244427 0.00102838 0.0131409 0.0564406 0.00340274 -0.000799838 -9.63863e-05 -0.030385 0.0277165 -0.0377217
internal_weight=774.176 280.607 277.682 60.2086 39.2316 20.977 217.474 16.1114 36.3789 25.3893 17.9843 7.40504 192.084 98.3832 93.7013 493.569 490.325 138.501 99.5165 95.9468 38.9847 351.824 46.4165 8.34009 38.0764 305.407 300.257 35.1211 3.86361 4.86553
internal_count=6523 2591 2548 854 628 226 1694 150 578 195 146 49 1499 797 702 3932 3893 1232 768 753 464 2661 442 65 377 2219 2185 415 49 76
is_linear=0
shrinkage=0.05


Tree=197
num_leaves=16
num_cat=0
split_feature=4 4 4 4 1 1 4 1 4 4 4 4 4 1 4
split_gain=0.55035 1.03952 1.463 0.777931 1.35674 2.64178 1.3563 1.15746 0.940195 2.15494 1.00755 2.35995 1.53351 0.363897 0.733051
threshold=0.2351 0.32860000000000006 0.34225000000000005 0.18455000000000002 54.95000000000001 45.850000000000001 0.17695000000000002 55.550000000000004 0.14355000000000004 0.16200000000000003 0.077500000000000013 0.10755000000000002 0.062150000000000004 49.95000000000001 0.35345000000000004
decision_type=2 2 2 2 2 2 2 2 2 2 2 2 2 2 2
left_child=3 -2 -3 6 5 -5 8 -8 10 -10 12 -12 -1 14 -4
right_child=1 2 13 4 -6 -7 7 -9 9 -11 11 -13 -14 -15 -16
leaf_value=-0.00019384974170716165 -0.046201506860885068 0.033604951188251297 0.056907104338922279 0.042132273526898606 0.053296280936336017 -0.037816953393047963 -0.059783455303396363 0 0.038739275926883546 -0.011552101242116244 -0.019201521109199017 0.0025166153423819134 0.0098220948016140182 -0.044402209153621378 -0.033983315944661349
leaf_weight=659.19740575784817 1.7598722772672761 1.6411519683897497 0.24999727308750141 1.93022172152996 1.7797565981745718 1.9983540046960113 1.6577030643820756 1.2261774912476537 4.7300739865750057 3.5359402671456337 22.000645581632853 27.996483311057091 40.424444798380136 1.2192426612600682 0.50542976416181773
leaf_count=5231 81 18 1 27 11 28 31 21 35 33 247 226 335 115 83
internal_value=-2.48113e-05 -0.0158249 0 8.15298e-05 0.0183131 0.000294025 -5.10858e-05 -0.0336987 7.47814e-05 0.0167476 -0.000104609 -0.00695964 0.000379051 -0.0285513 0
internal_weight=771.853 5.37569 3.61582 766.477 5.70833 3.92858 760.769 2.88388 757.885 8.26601 749.619 49.9971 699.622 1.97467 0.755427
internal_count=6523 298 217 6225 66 55 6159 52 6107 68 6039 473 5566 199 84
is_linear=0
shrinkage=0.05


Tree=198
num_leaves=13
num_cat=0
split_feature=1 1 4 4 1 1 3 1 4 1 1 4
split_gain=0.547077 2.92332 2.25664 1.30054 0.853526 1.18279 4.30305 1.13304 4.83655 2.08169 0.613743 0.577504
threshold=71.750000000000014 71.250000000000014 0.067750000000000019 0.0098500000000000029 68.550000000000011 64.550000000000011 0.00036877000000000009 59.750000000000007 0.015650000000000001 58.250000000000007 70.750000000000014 0.067750000000000019
decision_type=2 2 2 2 2 2 2 2 2 2 2 2
left_child=1 4 3 -2 5 7 -7 9 -9 -1 -6 -8
right_child=2 -3 -4 -5 10 6 11 8 -10 -11 -12 -13
leaf_value=-0.00017673997431015323 -0.0066055809091619642 0.054657552829747574 0.023864225459582167 -0.050862644422427432 -0.035098297239111245 0.051004470155671749 -0.027909270523562502 0.012124078925972205 -0.028775343616000978 0.017299102294168565 0 0.0015217199830846869
leaf_weight=696.32162632455584 4.1414822116494161 2.3497908115386954 2.9676612243056297 3.1149612236768007 2.8736050799489012 4.8767273463308793 2.718300849199295 13.158422419801356 15.536808952689169 17.35928675159812 2.6151472218334675 3.3446817761287093
leaf_count=5880 29 12 14 73 27 42 25 102 173 107 15 24
internal_value=-2.37859e-05 0.000124769 -0.0114617 -0.0267166 -4.46939e-05 9.31179e-05 0.0163429 -0.000141774 -0.00986998 0.000243694 -0.0195169 -0.0111009
internal_weight=771.379 761.154 10.2241 7.25644 758.805 753.316 10.9397 742.376 28.6952 713.681 5.48875 6.06298
internal_count=6523 6407 116 102 6395 6353 91 6262 275 5987 42 49
is_linear=0
shrinkage=0.05


Tree=199
num_leaves=21
num_cat=0
split_feature=4 4 4 3 3 3 0 3 3 1 1 1 0 5 4 4 4 3 1 4
split_gain=0.51336 0.992765 1.35039 0.911353 2.77858 2.45703 2.69496 2.4088 1.73813 2.25447 3.30728 2.13776 1.86177 1.64422 1.54343 4.0552 2.96733 0.552557 0.350348 0.686288
threshold=0.2351 0.32860000000000006 0.34225000000000005 0.005916320000000001 0.0067104400000000007 0.006997080000000001 51.500000000000007 0.010861495000000002 0.0044500000000000008 46.250000000000007 49.150000000000013 59.150000000000013 56.500000000000007 0.44500000000000006 0.12865000000000001 0.13420000000000001 0.080250000000000016 0.005471290000000001 49.95000000000001 0.35345000000000004
decision_type=2 2 2 2 2 2 2 2 2 2 2 2 2 2 2 2 2 2 2 2
left_child=3 -2 -3 8 -5 -6 -7 -8 13 12 -11 -12 -10 -1 16 -16 -15 -14 19 -4
right_child=1 2 18 4 5 6 7 -9 9 10 11 -13 17 14 15 -17 -18 -19 -20 -21
leaf_value=-0.041594750910412599 -0.045902228696037807 0.032130206314948111 0.054920657857138705 0.051305556474049774 -0.03414969873921108 -0.037898751901314177 0.023234133209478171 -0.0021206878362126434 0.0002913474597325667 0.051680834296048805 -0.025808647345197444 0.026196054982956185 -0.050067129277123749 0.00055055589858281427 0.082085792271522226 -0.0043356291517550284 -0.021233757961278452 -0.020891159335601879 -0.044019819817504628 -0.033498769061749319
leaf_weight=2.25406689941883 1.6849964624270786 1.6358357034623625 0.24974939227104176 3.1843283586204043 3.828054465353488 2.9179015308618537 19.166863948106766 17.560829064808786 3.9055488854646709 2.5606382042169562 6.9919107975438219 2.5682368744164705 5.6545916423201543 669.90836238861084 1.9735425412654866 3.6198874078691006 15.904728591442106 3.6247956566512585 1.1694381381385026 0.48884189361706376
leaf_count=10 81 18 1 19 19 12 106 151 16 11 82 41 36 5428 9 50 214 21 115 83
internal_value=-2.27926e-05 -0.015493 0 7.83415e-05 0.00684768 0.00336624 0.00719126 0.0110025 -0.000354898 -0.0132016 0.00199403 -0.011194 -0.027457 0.000108395 0.000257578 0.0261846 3.50431e-05 -0.0395475 -0.028086 0
internal_weight=770.853 5.22886 3.54387 765.624 46.658 43.4736 39.6456 36.7277 718.966 25.3057 12.1208 9.56015 13.1849 693.661 691.407 5.59343 685.813 9.27939 1.90803 0.738591
internal_count=6523 298 217 6225 307 288 269 257 5918 207 134 123 73 5711 5701 59 5642 57 199 84
is_linear=0
shrinkage=0.05


Tree=200
num_leaves=20
num_cat=0
split_feature=2 1 2 2 2 2 2 1 3 3 2 1 0 1 2 4 4 4 2
split_gain=0.548997 3.63905 3.05365 2.22601 4.57216 2.10381 3.0449 5.89898 2.52226 2.0471 5.67077 1.98548 1.89931 1.71253 2.653 1.23901 10.1502 5.798 0.571005
threshold=45.95000000000001 45.350000000000001 43.70000000000001 42.850000000000001 42.650000000000013 52.350000000000001 47.050000000000004 53.350000000000001 0.0032739950000000005 0.00048096000000000006 42.95000000000001 46.350000000000001 62.500000000000007 44.45000000000001 53.45000000000001 0.013350000000000002 0.015150000000000002 0.013150000000000002 45.550000000000004
decision_type=2 2 2 2 2 2 2 2 2 2 2 2 2 2 2 2 2 2 2
left_child=2 13 3 4 15 6 -3 8 -8 -5 -11 18 -13 14 -2 17 -17 -1 -4
right_child=1 5 11 9 -6 -7 7 -9 -10 10 -12 12 -14 -15 -16 16 -18 -19 -20
leaf_value=0.00084003623772777318 -0.030339776463183584 -0.049943232815940847 -0.009789821780531038 -0.056573516596914432 0.049120076768501643 -0.046692313457640335 -0.048183815146886362 0.051848389895156978 0 -0.056862185418724967 0.034725366701868106 0.061949862485377621 0.015472428695382899 0.040796634046349922 0.027161259857036907 -0.051330169553619 -0.00093266732038771493 0.050951344313685691 0.01362816204902271
leaf_weight=381.75510569475591 3.4747014939784986 3.6473252624273345 4.2287714630365389 3.1552411690354329 4.6174289733171454 4.8729370906949034 4.2246162071824056 3.9966111928224572 7.2332737445831299 3.0203766226768494 3.5496056452393532 4.0224506407976133 5.7470687925815582 4.3279667869210243 4.4471432864665985 10.243906421586869 301.84994117612951 5.7675661742687216 6.0336934030056
leaf_count=2879 20 21 25 41 31 58 29 30 30 23 22 24 32 30 32 134 3012 24 26
internal_value=-2.32722e-05 -0.0060294 0.000267117 -0.000267454 5.52006e-05 -0.0174337 -0.00950503 0 -0.0179759 -0.0239036 -0.00685122 0.0194748 0.0355492 0.0158461 0.00125289 -0.000268453 -0.0026188 0.0016117 0.00349464
internal_weight=770.216 36.2246 733.991 713.959 704.234 23.9748 19.1018 15.4545 11.4579 9.72522 6.56998 20.032 9.76952 12.2498 7.92184 699.617 312.094 387.523 10.2625
internal_count=6523 250 6273 6166 6080 168 110 89 59 86 45 107 56 82 52 6049 3146 2903 51
is_linear=0
shrinkage=0.05


Tree=201
num_leaves=16
num_cat=0
split_feature=2 2 2 4 4 2 2 2 2 2 2 2 0 0 0
split_gain=0.506529 2.8012 1.66558 1.92405 1.48277 1.25035 3.03461 2.08365 4.26698 1.84736 0.465363 0.401151 0.280264 0.247227 0.0563996
threshold=45.95000000000001 45.350000000000001 49.45000000000001 0.0078500000000000011 0.029650000000000006 44.300000000000004 43.70000000000001 42.850000000000001 42.650000000000013 42.95000000000001 48.850000000000001 58.550000000000004 62.500000000000007 63.500000000000007 64.500000000000014
decision_type=2 2 2 2 2 2 2 2 2 2 2 2 2 2 2
left_child=1 5 3 -2 10 6 7 8 -1 -9 -5 13 -13 -4 -14
right_child=2 -3 11 4 -6 -7 -8 9 -10 -11 -12 12 14 -15 -16
leaf_value=-0.00025555061631752691 0.0082643567166850018 0.028637026227051041 0.0023112687329809528 -0.058889928795945269 -9.3572633547980006e-05 -0.028052413420012419 0.031597896432698717 -0.056198775881872311 0.048169023215436556 -0.0075141773110341537 -0.025659374197594783 -0.018969660959217899 0.0048280334541865935 0.017787299606217985 -0.0039204601512198628
leaf_weight=699.22301688510925 3.9192555770277968 8.4921757727861387 8.2094808444380778 3.5684540420770627 2.792869858443737 3.8727212250232688 7.4557162374258033 2.907278820872305 4.4786818623542777 6.5258828066289425 2.8663893789052963 2.5397650301456434 3.2833851426839828 4.4548614695668212 3.9424650222063065
leaf_count=6049 32 39 36 25 20 24 44 23 31 63 18 36 15 32 36
internal_value=-2.23383e-05 0.000254277 -0.00584606 -0.0199445 -0.0324218 -7.54315e-05 7.18609e-05 -0.000255113 5.23417e-05 -0.0234753 -0.0454717 0.00224747 -0.00502641 0.0082436 0
internal_weight=768.532 732.955 35.5769 13.147 9.22771 724.463 720.591 713.135 703.702 9.43316 6.43484 22.43 9.76562 12.6643 7.22585
internal_count=6523 6273 250 95 63 6234 6210 6166 6080 86 43 155 87 68 51
is_linear=0
shrinkage=0.05


Tree=202
num_leaves=31
num_cat=0
split_feature=1 4 4 4 2 1 2 2 2 1 4 2 0 1 1 1 1 0 0 1 5 4 2 2 2 2 4 2 0 2
split_gain=0.56158 3.2689 11.5202 6.55372 11.9707 6.23983 5.73311 12.8872 9.31898 4.96432 4.57488 5.41139 3.03461 2.87719 2.02562 2.21853 1.55463 1.56878 2.92031 5.24593 2.70539 10.9164 3.67243 2.74679 3.07014 2.30944 2.24589 2.1849 3.38531 3.36431
threshold=50.550000000000004 0.039850000000000003 0.030250000000000003 0.025550000000000003 37.550000000000004 55.350000000000001 18.250000000000004 13.050000000000002 20.050000000000004 52.750000000000007 0.067650000000000002 40.150000000000006 64.500000000000014 52.250000000000007 51.45000000000001 52.95000000000001 50.45000000000001 62.500000000000007 63.500000000000007 49.050000000000004 0.55500000000000016 0.021150000000000006 36.150000000000013 46.400000000000006 33.550000000000004 43.70000000000001 0.047750000000000008 25.750000000000004 65.500000000000014 21.550000000000004
decision_type=2 2 2 2 2 2 2 2 2 2 2 2 2 2 2 2 2 2 2 2 2 2 2 2 2 2 2 2 2 2
left_child=16 2 3 6 -5 9 7 -2 -8 -4 11 12 -3 -12 -13 -16 17 20 19 25 23 22 -22 24 -1 -19 -23 29 -29 -20
right_child=1 10 5 4 -6 -7 8 -9 -10 -11 13 14 -14 -15 15 -17 -18 18 27 -21 21 26 -24 -25 -26 -27 -28 28 -30 -31
leaf_value=-0.0020910104297533149 0.027627774297362739 -0.050894691945096243 0.024084031990256074 -0.05868733993036044 0.062173681029697864 -0.0043461761664475435 0.047435723619599461 -0.032308301919081385 0.00381475604996255 0.079209244331798559 -0.035795386590004308 0.037397549972463168 0.019162896265959996 0.0056325662410906755 -0.049338214242055665 0.011441452787405442 -0.035448666267861223 -0.01739693171573994 -0.0023711726224980032 -0.061572206110346674 0.01815010470417985 -0.057234134191167241 0.067088767957973514 -0.037709057225698152 0.012970765408297464 0.0084189265674912452 -0.005184891560382863 0.023606009156256685 -0.0055907546590602611 -0.043268371919649266
leaf_weight=260.56789062882308 13.072201226837931 13.604990905150773 8.2667186185717636 9.9716962464153749 2.44765681028366 6.1915969215333453 13.664937969297169 27.696661614347249 114.80127033777535 8.9666280299425107 4.5279060769826165 3.1150588393211347 1.5789601635187853 43.295549102826044 2.2986604422330856 3.719786025583744 3.1686071904841802 27.199912307783961 47.064591360162012 5.4286963790655127 33.020800767466426 5.3192447759211046 4.3955736160278311 4.8456319123506537 38.772357305511832 12.320973694324492 3.7579016708768904 19.299715202301741 19.845718715339899 5.583407007623463
leaf_count=1930 141 176 49 97 11 39 105 454 815 44 117 18 19 452 15 39 39 283 494 50 297 66 28 34 255 54 51 151 137 63
internal_value=-2.20535e-05 0.00176976 0.00500422 0.00071218 -0.0341618 0.0379308 0.00331961 -0.0129474 0.00852689 0.053346 -0.00735004 -0.0249716 -0.0432046 0.00153934 0.00493784 -0.0113823 -0.0010449 -0.000803772 -0.00534983 -0.0157777 0.000955671 0.0121815 0.0241961 -0.00074716 -0.00011974 -0.00922149 -0.0365221 -0.000177476 0.00870008 -0.00687698
internal_weight=767.811 277.22 205.079 181.654 12.4194 23.4249 169.235 40.7689 128.466 17.2333 72.1409 24.3175 15.184 47.8235 9.13351 6.01845 490.591 487.422 136.743 44.9496 350.679 46.4935 37.4164 304.186 299.34 39.5209 9.07715 91.7934 39.1454 52.648
internal_count=6523 2591 1755 1623 108 132 1515 595 920 93 836 267 195 569 72 54 3932 3893 1232 387 2661 442 325 2219 2185 337 117 845 288 557
is_linear=0
shrinkage=0.05


Tree=203
num_leaves=12
num_cat=0
split_feature=1 4 1 1 2 1 2 1 4 1 4
split_gain=0.548497 2.09011 1.87807 1.25543 1.23516 1.03948 5.1208 0.975486 4.3409 2.0237 0.313862
threshold=71.750000000000014 0.067750000000000019 70.950000000000017 68.550000000000011 36.400000000000006 64.550000000000011 27.150000000000002 59.750000000000007 0.015650000000000001 58.250000000000007 0.067750000000000019
decision_type=2 2 2 2 2 2 2 2 2 2 2
left_child=2 4 3 5 -2 7 10 9 -9 -1 -7
right_child=1 -3 -4 -5 -6 6 -8 8 -10 -11 -12
leaf_value=-0.00018597620405410331 -0.050580971716876394 0.022262475681118037 0.034557750144518444 -0.028045133376217009 -0.0067746969136712942 -0.018458096835197585 0.063627653987462937 0.011527842276378404 -0.027494983069098852 0.017082279612764012 0.0012237508945451803
leaf_weight=691.6071636202978 3.0128302806988341 2.9638850018382072 3.8395808637142173 3.8847448267042628 4.0585934445261955 3.7373160570859891 3.5723390430212021 13.102663919329645 15.126141411019487 17.28480476140976 3.3520040975417942
leaf_count=5880 73 14 21 33 29 41 26 102 173 107 24
internal_value=-2.49193e-05 -0.0115846 0.000123522 -5.02932e-05 -0.0265809 9.21855e-05 0.0155234 -0.000126303 -0.00922892 0.000230371 -0.00856898
internal_weight=765.542 10.0353 755.507 751.667 7.07142 747.782 10.6617 737.121 28.2288 708.892 7.08932
internal_count=6523 116 6407 6386 102 6353 91 6262 275 5987 65
is_linear=0
shrinkage=0.05


Tree=204
num_leaves=27
num_cat=0
split_feature=3 3 3 2 3 3 2 4 4 3 5 3 3 4 3 3 3 0 0 2 2 2 0 4 0 2
split_gain=0.505133 3.55615 3.19515 8.42169 5.22028 2.13785 2.01344 1.81408 5.94701 3.28805 1.24354 2.14759 1.92054 2.32659 1.4177 3.05713 2.89767 2.35185 2.04319 1.43119 1.24023 2.34725 2.15611 0.948154 0.13988 0.115186
threshold=0.0015787650000000002 0.0013690800000000002 0.0012994950000000001 29.050000000000004 0.0012167600000000001 0.0016859400000000001 27.550000000000004 0.021350000000000004 0.027650000000000004 0.00046568000000000005 0.57500000000000007 0.014978900000000002 0.0099000000000000008 0.087550000000000003 0.0055077150000000007 0.005319260000000001 0.0050090800000000008 61.500000000000007 54.500000000000007 29.950000000000003 31.650000000000002 26.150000000000002 61.500000000000007 0.19675000000000004 60.500000000000007 30.800000000000001
decision_type=2 2 2 2 2 2 2 2 2 2 2 2 2 2 2 2 2 2 2 2 2 2 2 2 2 2
left_child=1 2 4 -4 7 20 24 9 -9 -1 14 12 13 -12 15 16 -7 18 -16 -19 21 22 -2 -13 -3 -25
right_child=5 6 3 -5 -6 10 -8 8 -10 -11 11 23 -14 -15 17 -17 -18 19 -20 -21 -22 -23 -24 25 -26 -27
leaf_value=-0.0012316585105983616 0.047385213003613647 -0.023886581817640501 0.065307436317851769 -0.040028889368576799 -0.055075276650713934 -0.005541155414561464 0.0090669784276027256 -0.028923139949180523 -2.5057962782640949e-05 0.0090910498171524121 0.014573361869417576 -0.060210436470426378 0.053248767215520056 -0.01107268385563066 -0.0049460803316905989 -0.047850365823106283 0.044471880319809087 -0.038327747660831302 0.0185305522621548 0.001748198063395648 0.04612500205369062 -0.014946050344609392 -0.0070567722500712391 -0.0068496742991559058 -0.053224059142305095 0.026057128579815837
leaf_weight=342.05729216197506 5.1133419759571535 1.503973662853239 5.5904292240738851 2.704055443406105 4.2915239408612242 76.871513563208282 1.8903002291917799 22.546678585931659 84.876624116674066 99.329002128913999 31.393057603389025 1.5231690630316728 2.363642160780727 11.995546000078319 14.034213010221718 4.040613653138279 2.8942567910999051 4.3750109113752824 25.471130303340033 3.9709904752671719 3.4840460233390322 4.8113059177994728 2.5323968790471554 0.4797674132278188 4.6635813675820827 0.28607137501239777
leaf_count=2890 33 10 33 38 39 623 17 224 682 743 221 12 17 133 78 29 19 68 333 28 29 25 28 59 106 6
internal_value=-2.34397e-05 -0.000782954 -0.000297651 0.0303037 -0.000770992 0.00216102 -0.0335633 -0.000327284 -0.00615813 0.00108156 0.000570802 0.00746911 0.00994969 0.00735893 -0.00191217 -0.00585749 -0.00361044 0.00489117 0.0100728 -0.0188729 0.01966 0.0115516 0.0288493 -0.0383603 -0.0473631 0.00125739
internal_weight=765.094 569.453 561.396 8.29448 553.101 195.64 8.05786 548.81 107.423 441.386 179.699 48.0413 45.7522 43.3886 131.658 83.8064 79.7658 47.8513 39.5053 8.346 15.9411 12.457 7.64574 2.28901 6.16756 0.765839
internal_count=6523 4782 4649 71 4578 1741 133 4539 906 3633 1626 448 371 354 1178 671 642 507 411 96 115 86 61 77 116 65
is_linear=0
shrinkage=0.05


Tree=205
num_leaves=31
num_cat=0
split_feature=1 2 4 4 4 3 4 2 4 4 4 1 4 4 4 4 2 3 2 4 2 4 4 1 5 1 2 2 2 4
split_gain=0.521979 3.12214 2.37226 9.46399 6.81049 5.08975 4.69045 5.8882 8.23085 3.88539 2.07199 1.53031 1.48566 1.57859 3.57833 13.2135 9.08157 9.05354 5.39994 4.02972 3.1764 9.99044 6.38664 7.29104 5.15641 2.71662 1.97092 1.41674 1.40571 1.07192
threshold=50.550000000000004 58.550000000000004 0.0063500000000000006 0.0069500000000000004 0.0076500000000000014 0.00019904500000000004 0.0050500000000000015 28.150000000000002 0.0039500000000000013 0.015150000000000002 0.0060500000000000007 54.250000000000007 0.20055000000000003 0.047750000000000008 0.013350000000000002 0.012250000000000002 42.650000000000013 0.00059795500000000006 42.550000000000004 0.027850000000000003 23.150000000000002 0.06345000000000002 0.069450000000000026 45.350000000000001 0.48500000000000004 47.250000000000007 31.650000000000002 45.150000000000006 25.850000000000005 0.0064500000000000009
decision_type=2 2 2 2 2 2 2 2 2 2 2 2 2 2 2 2 2 2 2 2 2 2 2 2 2 2 2 2 2 2
left_child=12 2 6 27 5 -5 7 -2 -9 -6 11 -8 13 14 15 18 17 -16 -1 -18 22 -22 24 -24 -15 -17 -23 29 -14 -4
right_child=1 -3 3 4 9 -7 10 8 -10 -11 -12 -13 28 20 16 25 19 -19 -20 -21 21 26 23 -25 -26 -27 -28 -29 -30 -31
leaf_value=-0.00047980860254645395 -0.055571116342644972 -0.050518684381955739 -0.015030220542404119 0.089470328959409998 -0.0096013693028585926 0.017067878747934383 0.077554314055268692 -0.035740390579934243 0.069574056569599627 0.0051475061387233484 0.016402555493981237 0.026636113227481908 -0.049011567672231554 0.029195300878442038 -0.043381594666908919 0.059891218443305153 0.0056033703862361376 -0.0074255741871863002 -0.053331242055573269 0.052238759146836282 0.057904317269067321 -0.020945332817664898 -0.053738897747950355 0.026966686181264438 -0.051374816225162295 0.01113825007057655 0.0082712402089494801 -0.007238478580090503 0.019516033249187905 -0.059585505842961489
leaf_weight=273.40514607075602 4.0445435428991932 2.72391353547573 2.1306268125772458 3.5503850355744353 61.795022911392152 8.1732441931962949 3.64699363708496 3.4218458235263824 3.7588997632265091 159.60797076800372 8.3735808096826059 3.3471653982996941 2.8556515870150174 2.3539985120296505 23.136635826900601 10.777180925011633 18.647396877408031 73.342054158449173 4.8252841010689727 6.2201505899429312 10.183162793517111 7.6416941545903709 3.2988726533949402 15.2287869323045 9.4153254460543376 4.3162156119942656 22.461371140554547 2.7308867722749701 0.82002065517008293 7.5746514461934566
leaf_count=1926 58 43 16 22 584 55 29 18 24 1520 63 21 179 15 296 47 103 587 66 40 73 76 54 141 157 30 125 16 17 122
internal_value=-2.56605e-05 0.00171047 0.00226995 0.00070956 0.00300407 0.0399884 0.0164347 -0.00774459 0.0189001 0.00100595 0.0343556 0.0546104 -0.0010121 -0.000758296 -0.00194433 0.00102832 -0.00916608 -0.016136 -0.00143319 0.0176311 0.00613172 0.0153492 -0.00597059 0.0121172 -0.0347284 0.0464436 0.000644245 -0.041585 -0.0322872 -0.0505671
internal_weight=763.809 274.88 272.156 245.563 233.127 11.7236 26.593 11.2253 7.18075 221.403 15.3677 6.99416 488.929 485.253 414.67 293.324 121.346 96.4787 278.23 24.8675 70.5832 40.2862 30.297 18.5277 11.7693 15.0934 30.1031 12.4362 3.67567 9.70528
internal_count=6523 2591 2548 2335 2181 77 213 100 42 2104 113 50 3932 3736 3095 2069 1026 883 1992 143 641 274 367 195 172 77 201 154 196 138
is_linear=0
shrinkage=0.05


Tree=206
num_leaves=23
num_cat=0
split_feature=1 1 1 1 0 3 1 1 1 0 3 0 3 3 3 1 3 3 3 3 3 1
split_gain=0.510013 0.664802 2.76324 2.63576 1.7205 1.68571 3.66854 2.95721 1.71505 2.51547 2.4262 1.14181 0.994301 7.61559 7.14812 3.00347 2.41835 0.777299 0.754637 0.113455 0.0589707 0.0584374
threshold=72.700000000000003 52.95000000000001 53.250000000000007 52.650000000000013 63.500000000000007 0.00019904500000000004 53.750000000000007 54.550000000000004 54.150000000000013 62.500000000000007 0.00069947500000000007 62.500000000000007 0.00010173 0.00010290000000000002 0.00010060000000000002 50.050000000000004 0.000110475 0.00036877000000000009 0.00089465500000000017 0.00097842500000000021 0.0023876650000000002 73.950000000000017
decision_type=2 2 2 2 2 2 2 2 2 2 2 2 2 2 2 2 2 2 2 2 2 2
left_child=1 3 4 12 11 6 -4 -8 9 -7 -10 18 14 -14 15 -1 -15 -5 -3 -19 21 -2
right_child=20 2 5 17 -6 8 7 -9 10 -11 -12 -13 13 16 -16 -17 -18 19 -20 -21 -22 -23
leaf_value=-0.0022708367464987162 -0.0047870316310685704 0.0079941764976965892 0.049278357964749227 -0.004293170337426269 -0.0060928783809049598 -0.025105223500455701 -0.059532304204644206 -0.007770495079777404 0.012850617087599651 0.0060374112195396585 -0.0022062899327623046 0.065202825102402523 -0.069105975143032267 0.019389755928247935 0.067463745192963831 0.017686402983949117 -0.00154394530369854 -0.048369477821337138 0.041420704418836565 -0.025221229749919478 -0.0051807023089558745 -0.025683359192564748
leaf_weight=103.94840541295707 1.2596921846270555 4.3295707497745735 2.4719522893428794 2.8378331884741765 3.17636595503427 11.583808075170966 2.9644218459725371 33.772205044515431 62.401795158162713 14.094548763707278 45.870658557629213 2.4369584862142801 4.0272130072116843 14.155379891395567 4.1266145929694167 22.875110169872642 410.88307980471291 2.9605395793914795 3.3621620782651007 2.8419713273178786 2.429436843842268 2.1209621885791421
leaf_count=689 16 35 15 34 29 128 32 273 504 137 427 21 21 70 19 213 3699 26 33 28 27 47
internal_value=-2.64396e-05 8.14776e-05 0.00267742 -0.000761272 0.0245631 0.000953723 -0.00811259 -0.0122334 0.00364888 -0.00786033 0.00642933 0.0346313 -0.000326948 -0.00149905 0.00347358 0.00130055 -0.000830617 -0.0280137 0.0235912 -0.0384983 -0.0146622 -0.0196948
internal_weight=760.931 755.121 186.464 568.656 13.3051 173.159 39.2086 36.7366 133.951 25.6784 108.272 10.1287 560.016 429.066 130.95 126.824 425.038 8.64034 7.69173 5.80251 5.81009 3.38065
internal_count=6523 6433 1634 4799 118 1516 320 305 1196 265 931 89 4711 3790 921 902 3769 88 68 54 90 63
is_linear=0
shrinkage=0.05


Tree=207
num_leaves=17
num_cat=0
split_feature=2 1 2 2 2 2 1 3 1 2 1 1 2 3 3 3
split_gain=0.517715 3.32002 2.39984 1.98746 1.89294 2.69422 5.14334 2.25069 1.84823 2.23431 2.16898 1.43587 2.3172 1.13351 1.13967 0.75175
threshold=45.95000000000001 45.350000000000001 43.70000000000001 43.350000000000001 52.350000000000001 47.050000000000004 53.350000000000001 0.0032739950000000005 49.550000000000004 45.350000000000001 46.550000000000004 44.45000000000001 53.45000000000001 6.544000000000001e-05 7.3105000000000012e-05 8.4935000000000013e-05
decision_type=2 2 2 2 2 2 2 2 2 2 2 2 2 2 2 2
left_child=2 11 3 13 5 -3 7 -7 9 10 -4 12 -2 -1 -15 -16
right_child=1 4 8 -5 -6 6 -8 -9 -10 -11 -12 -13 -14 14 15 -17
leaf_value=-0.045051422115259358 -0.028275923981976914 -0.04835969778353074 -0.039272135464752569 -0.045688252562007932 -0.045751933025035496 -0.046839294607797281 0.048965687366021866 0 0.047768488407897131 0.026668252997519588 0.014829175037621987 0.038723669987718874 0.026130673015159745 0.027194848270614681 -0.0081654193226910303 0.00021099678265465899
leaf_weight=1.2970656184479583 3.3671219721436483 3.4992036968469664 3.4405284374952343 2.2953194193541995 4.5897168051451436 4.0145661085844022 3.844742715358735 7.2249302864074707 3.9873037785291663 8.3815200030803663 3.6391756981611252 4.1338338851928711 4.3581581339240074 3.7404377050697795 27.780753791332245 670.77539227250963
leaf_count=58 20 21 23 37 58 29 30 30 26 39 19 30 32 31 121 5919
internal_value=-2.7118e-05 -0.00596078 0.000253355 -0.000218195 -0.0170507 -0.00948756 0 -0.0173165 0.0175377 0.0091633 -0.0109469 0.0152527 0.00171989 -5.62818e-05 2.6103e-05 -0.000116088
internal_weight=760.37 35.0323 725.337 705.889 23.1732 18.5834 15.0842 11.2395 19.4485 15.4612 7.0797 11.8591 7.72528 703.594 702.297 698.556
internal_count=6523 250 6273 6166 168 110 89 59 107 81 42 82 52 6129 6071 6040
is_linear=0
shrinkage=0.05


Tree=208
num_leaves=31
num_cat=0
split_feature=0 3 3 0 3 4 4 1 4 3 3 3 3 3 3 3 1 1 3 3 3 3 4 4 3 1 3 4 3 3
split_gain=0.496574 3.55948 13.307 4.79157 4.00448 6.13327 9.03438 6.99642 5.73796 5.64033 2.43895 6.0748 4.06566 7.75655 6.74993 6.25722 3.32987 2.48344 1.66222 1.41257 2.57683 1.34337 10.612 7.49822 5.51402 3.53931 4.37913 4.06761 0.781461 0.719458
threshold=60.500000000000007 9.051500000000001e-05 8.651000000000001e-05 65.500000000000014 0.00027722500000000003 0.0050500000000000015 0.0051500000000000009 59.45000000000001 0.0117 0.00013814500000000003 8.9260000000000009e-05 8.651000000000001e-05 0.000102255 0.00010381500000000001 0.000110475 0.00010060000000000002 56.650000000000013 48.750000000000007 9.5610000000000015e-05 8.4935000000000013e-05 8.3300000000000005e-05 0.00036877000000000009 0.012850000000000002 0.020950000000000003 0.00035400000000000009 45.150000000000013 0.0004572200000000001 0.012150000000000003 7.866500000000002e-05 0.00010714500000000002
decision_type=2 2 2 2 2 2 2 2 2 2 2 2 2 2 2 2 2 2 2 2 2 2 2 2 2 2 2 2 2 2
left_child=10 2 3 -2 5 7 -7 9 -8 -3 11 19 15 -14 29 16 18 -16 -12 20 28 22 24 -24 -6 26 -23 -27 -1 -15
right_child=1 4 -4 -5 21 6 8 -9 -10 -11 12 -13 13 14 17 -17 -18 -19 -20 -21 -22 25 23 -25 -26 27 -28 -29 -30 -31
leaf_value=0.014018846301914146 -0.063809529475162233 -0.056931552208254237 0.16462757059749319 0.045456046836776232 0.018611240104465611 0.056998450736636168 -0.0016674445120526628 0.030465094931661069 -0.037963651300940496 -0.0071560827782387385 0.032631983010629605 -0.055818580854813393 -0.054564824394587208 0.05746143747964283 0.0020900473691923423 0.074015312049672932 -0.031986500365129754 -0.021643244916840644 0.009353965514453319 0.024247023074502938 -0.03471533433495478 -0.034819454278825927 -0.031881774409345733 0.018660236303349526 0.077005533676851187 -0.018260742167051352 -0.0039333796162048648 0.0046509822707023968 -0.0045756828287233124 0.026070615405037953
leaf_weight=9.0406868085265213 1.9188240817748003 15.946775000542408 1.4292430132627485 1.8667710199952123 29.068494565784931 5.800321288406848 78.084481263533235 4.0793249160051337 12.624723314307628 9.2520287036895734 10.506607025861738 5.734297350049018 6.1909126490354529 4.6706317216157895 63.070734290406108 4.2748083025217047 3.9338167905807486 13.201057462021707 32.310784175992012 4.8062622845172873 5.6686888933181754 13.139082429930566 19.751379996538166 11.428874202072619 4.7292981296777716 20.796172654256225 91.374390288954601 255.627899050829 14.210904210805891 4.8511693626642227
leaf_count=53 53 178 8 16 216 34 908 20 163 119 47 26 25 23 314 19 19 97 170 20 27 143 212 72 21 223 828 2383 61 25
internal_value=-2.64779e-05 -0.000752079 0.0399517 -0.00885799 -0.00113903 -0.00901839 -0.00286862 -0.0290409 -0.00681038 -0.0389541 0.00223942 -0.00870311 0.00529769 -0.000932875 0.00293804 0.0166072 0.0111044 -0.00197518 0.0152452 -0.000403233 -0.00474159 0.00107396 0.00771349 -0.0131957 0.0271329 -4.71734e-05 -0.00789364 0.00290321 0.0024692 0.0424253
internal_weight=759.389 576.918 5.21484 3.7856 571.703 125.788 96.5095 29.2781 90.7092 25.1988 182.471 39.4608 143.011 91.9845 85.7936 51.026 46.7512 76.2718 42.8174 33.7265 28.9203 445.916 64.978 31.1803 33.7978 380.938 104.513 276.424 23.2516 9.5218
internal_count=6523 5597 77 69 5520 1422 1105 317 1071 297 926 187 739 484 459 255 236 411 217 161 141 4098 521 284 237 3577 971 2606 114 48
is_linear=0
shrinkage=0.05


Tree=209
num_leaves=20
num_cat=0
split_feature=2 1 2 4 5 2 2 1 4 2 2 2 2 1 1 4 1 4 1
split_gain=0.46446 3.09102 2.23983 1.84769 3.42993 1.8136 2.49835 4.77397 2.078 1.60133 3.69954 1.77143 2.14499 1.32041 2.208 1.00353 9.37938 4.58656 0.428751
threshold=45.95000000000001 45.350000000000001 43.70000000000001 0.021050000000000003 0.56500000000000006 52.350000000000001 47.050000000000004 53.350000000000001 0.06345000000000002 42.850000000000001 42.650000000000013 42.95000000000001 43.350000000000001 44.45000000000001 43.650000000000013 0.013350000000000002 47.150000000000013 0.013150000000000002 44.150000000000013
decision_type=2 2 2 2 2 2 2 2 2 2 2 2 2 2 2 2 2 2 2
left_child=2 13 9 4 -4 6 -3 8 -8 10 15 -11 -13 14 -2 17 -17 -1 -5
right_child=1 5 3 18 -6 -7 7 -9 -10 11 -12 12 -14 -15 -16 16 -18 -19 -20
leaf_value=0.00077166724675859335 0.029029339023066598 -0.047123020141844996 0.070514965921516695 0.011867910065405239 0.0084065320240263985 -0.045073901805407775 -0.045748339599535282 0.047563532957454552 -4.3349163513911268e-05 -0.054839572572460318 0.046242587764063155 0.01502852746842465 -0.044606010262224965 0.037636994020799806 -0.023988533140051973 -0.016428143883340161 0.0030501887843726564 0.045510986378617592 -0.009236990140942548
leaf_weight=377.99995655566454 3.7999998554587346 3.3968891724944159 3.5906353294849414 4.5721621662378293 6.2282723039388657 4.4516462460160247 3.8798440322279912 3.7900589406490335 7.2228434681892395 2.6491092741489393 4.2085335105657569 4.0907066091895103 2.2177217118442059 4.0589939057826996 3.825606107711792 85.543467369163409 221.13228086137678 5.7243442982435218 4.7851912528276443
leaf_count=2879 32 21 22 22 39 58 29 30 30 23 31 26 37 30 20 941 2205 24 24
internal_value=-2.66926e-05 -0.00569808 0.000237282 0.0170556 0.0321047 -0.0165187 -0.00908924 0 -0.0167271 -0.000216367 4.88173e-05 -0.0211055 -0.00552463 0.0148988 0.00181797 -0.000232185 -0.00237034 0.00146379 0.000562984
internal_weight=757.168 34.4259 722.742 19.1763 9.81891 22.7413 18.2896 14.8927 11.1027 703.566 694.609 8.95754 6.30843 11.6846 7.62561 690.4 306.676 383.724 9.35735
internal_count=6523 250 6273 107 61 168 110 89 59 6166 6080 86 63 82 52 6049 3146 2903 46
is_linear=0
shrinkage=0.05


Tree=210
num_leaves=24
num_cat=0
split_feature=3 5 3 3 3 2 3 3 3 3 3 0 3 2 2 3 3 2 0 3 3 0 1
split_gain=0.479829 4.37283 4.07552 1.65405 1.55741 1.70458 0.886769 7.07878 4.22826 2.77816 2.06417 3.56746 1.97358 2.52167 2.71592 2.2215 1.91047 1.55865 1.47953 0.849123 0.745426 0.295452 0.0712445
threshold=0.0071393500000000009 0.45500000000000007 0.0079890700000000026 0.025800000000000003 0.016250000000000004 25.850000000000005 0.0027416850000000002 0.0025021500000000003 0.0032739950000000005 0.0024757600000000005 0.0022800650000000004 61.500000000000007 0.0035500000000000006 45.150000000000006 33.250000000000007 0.0038607350000000001 0.0044500000000000008 21.850000000000005 50.500000000000007 0.014450000000000003 0.0037095300000000004 60.500000000000007 46.350000000000001
decision_type=2 2 2 2 2 2 2 2 2 2 2 2 2 2 2 2 2 2 2 2 2 2 2
left_child=6 -2 21 4 19 -6 7 9 22 10 18 -12 13 14 -10 20 -17 -11 -1 -4 -14 -3 -8
right_child=1 2 3 -5 5 -7 8 -9 12 17 11 -13 15 -15 -16 16 -18 -19 -20 -21 -22 -23 -24
leaf_value=-0.040026622762063514 -0.061544410136292339 0.046396914682488619 0.0048817692402208616 -0.04698365832618373 -0.018307873710772946 0.056451984369624023 -0.047894221591628046 0.056212791854920743 0.0081273486418631993 -0.00097398396790876777 -0.022833774994750637 0.03292158978876801 -0.01299204879264557 -0.001636416255657731 0.078542466236776048 0.016298387700087857 -0.0075227555479834276 -0.057783814072768364 -0.00017585417704461944 -0.016586278309845461 -0.052350332626275468 0.023306330833478078 -0.027693034143680254
leaf_weight=2.2400981932878485 2.1637607514858237 5.5858725756406766 13.592888350831354 1.6797181528527279 0.91665382357314174 2.3911122996360064 4.4785462059080592 5.50900725275278 3.3379674945026609 2.217780176550149 3.6790311262011519 11.014049254357813 2.7773590534925452 8.9128185361623764 2.4966157078742981 10.576103277504442 38.791237165220082 3.152194082736969 613.67201119754463 6.737546583171933 3.0307380892336369 3.8953783847391605 2.9416229650378227
leaf_count=10 9 27 142 158 45 36 26 26 42 23 37 69 30 46 14 77 293 26 5231 71 30 31 24
internal_value=-2.46984e-05 0.00551593 0.00999332 -0.000321275 0.00296785 0.0343379 -0.000317286 0.000285416 -0.00537459 -0.000199944 9.98914e-05 0.0185629 -0.00146676 0.0146246 0.0399162 -0.00587682 -0.00229578 -0.0356824 -0.000335384 -0.00203441 -0.0349145 0.0377742 -0.0410254
internal_weight=755.79 36.9629 34.7992 25.3179 23.6382 3.30777 718.827 641.484 77.343 635.975 630.605 14.6931 69.9228 14.7474 5.83458 55.1754 49.3673 5.36997 615.912 20.3304 5.8081 9.48125 7.42017
internal_count=6523 519 510 452 294 81 6004 5422 582 5396 5347 106 532 102 56 430 370 49 5241 213 60 58 50
is_linear=0
shrinkage=0.05


Tree=211
num_leaves=31
num_cat=0
split_feature=0 3 3 3 2 2 4 4 4 4 3 3 3 3 3 3 3 2 3 2 2 2 2 2 4 3 3 3 0 3
split_gain=0.495147 3.18114 10.9602 3.66044 9.19843 6.9007 11.331 10.5806 6.76134 11.019 2.26263 5.59116 3.61336 7.04889 6.17474 5.84536 2.3073 3.56328 2.05746 1.87558 10.162 9.40648 6.56841 6.36555 2.58422 1.28139 2.36736 0.99807 0.713911 0.713415
threshold=60.500000000000007 9.051500000000001e-05 8.651000000000001e-05 0.00029936000000000003 17.350000000000005 22.250000000000004 0.0095500000000000012 0.0081500000000000027 0.0051500000000000009 0.0050500000000000015 8.9260000000000009e-05 8.651000000000001e-05 0.000102255 0.00010381500000000001 0.000110475 0.00010060000000000002 9.5610000000000015e-05 16.650000000000002 0.004237035000000001 16.650000000000002 17.750000000000004 16.050000000000004 16.250000000000004 15.250000000000002 0.015500000000000002 8.4935000000000013e-05 8.3300000000000005e-05 6.544000000000001e-05 54.500000000000007 7.866500000000002e-05
decision_type=2 2 2 2 2 2 2 2 2 2 2 2 2 2 2 2 2 2 2 2 2 2 2 2 2 2 2 2 2 2
left_child=10 2 27 4 8 6 -6 -7 9 -3 11 25 15 -14 28 16 -12 -18 -16 21 -21 23 -23 -5 -22 26 29 -2 -15 -1
right_child=1 3 -4 19 5 7 -8 -9 -10 -11 12 -13 13 14 18 -17 17 -19 -20 20 24 22 -24 -25 -26 -27 -28 -29 -30 -31
leaf_value=0.013404653238034796 -0.044491313318828662 -0.024289195735158069 0.14484575735869049 0.0043944945333959616 -0.0019990329627290206 0.002190511301094461 0.061304545832641472 -0.04663139883527135 -0.053101331855345872 0.083644286939601367 0.031325970552695648 -0.054029322595507592 -0.051786856782567836 0.022838065861105775 -0.0091041449068559373 0.072077946921268399 -0.0075734671199174279 0.0246498293269512 0.0074105113885690787 -0.051447961927272225 -0.0094581994037903922 0.076382302116849488 0.0044353658948721193 -0.051245931939688141 0.002640953739453048 0.023118111262847359 -0.033503608987504478 0.0080015157721138631 0.054421305937673727 -0.0043807239248072919
leaf_weight=9.0048017911613041 1.2177927843295031 17.675044704228643 1.5530251115560529 89.523875184939243 21.172830566763881 43.299498794600368 10.401424046605824 14.740582589060066 16.696266973391175 2.6173428669571868 10.39453864097595 5.6203047335147849 6.1966359913349143 4.1968437135219556 41.962666846811771 4.1737268567085257 22.569784045219421 13.596088193356989 33.889037225395441 9.5304823131300491 52.528383143246174 7.5467213601805252 5.7080368096940219 5.3489081682637325 271.551095140283 4.788087233901023 5.5906596183776847 2.5088109374046326 5.1505379378795624 14.20245887339115
leaf_count=53 58 220 8 967 233 356 66 178 372 16 47 26 25 20 239 19 110 79 172 184 479 56 62 110 2221 20 27 11 28 61
internal_value=-2.60262e-05 -0.000752555 0.0374892 -0.00112313 -0.0086191 0 0.0188248 -0.0101818 -0.0295604 -0.00978068 0.00224379 -0.00832759 0.00519885 -0.000691603 0.00302236 0.0158891 0.0106015 0.00443716 -0.00165985 0.00101538 -0.000826527 0.00673999 0.0460386 0.0011542 0.000662128 -0.000393715 -0.0045424 -0.00856004 0.041162 0.00233368
internal_weight=754.956 573.62 5.27963 568.34 126.603 89.6143 31.5743 58.0401 36.9887 20.2924 181.336 39.2063 142.13 91.3957 85.1991 50.7341 46.5604 36.1659 75.8517 441.738 333.61 108.128 13.2548 94.8728 324.079 33.586 28.7979 3.7266 9.34738 23.2073
internal_count=6523 5597 77 5520 1441 833 299 534 608 236 926 187 739 484 459 255 236 189 411 4079 2884 1195 118 1077 2700 161 141 69 48 114
is_linear=0
shrinkage=0.05


Tree=212
num_leaves=29
num_cat=0
split_feature=2 2 3 2 2 2 2 3 3 3 2 2 2 3 3 2 2 0 0 0 3 2 2 2 3 0 2 0
split_gain=0.451867 3.42428 1.60655 8.20566 6.88191 2.24398 8.58828 6.49885 4.37769 3.05058 1.346 6.14475 5.19854 4.51791 3.97075 3.83989 4.0253 2.4939 2.82234 4.67643 1.75933 1.60821 2.77202 2.77122 1.37588 1.22306 0.194238 0.095879
threshold=30.450000000000003 31.050000000000004 0.00019904500000000004 37.650000000000013 40.750000000000007 37.650000000000013 38.850000000000009 0.00029936000000000003 0.00029936000000000003 0.00048096000000000006 24.750000000000004 24.350000000000005 23.650000000000002 0.00089465500000000017 0.00069947500000000007 29.950000000000003 26.950000000000003 65.500000000000014 63.500000000000007 62.500000000000007 0.0044500000000000008 21.150000000000002 20.250000000000004 21.650000000000002 0.0016859400000000001 61.500000000000007 24.450000000000003 61.500000000000007
decision_type=2 2 2 2 2 2 2 2 2 2 2 2 2 2 2 2 2 2 2 2 2 2 2 2 2 2 2 2
left_child=10 25 3 -3 -5 7 -7 -4 -8 -9 11 12 21 14 15 16 -12 18 19 -15 -20 22 -1 -23 -14 -2 -13 -6
right_child=1 2 5 4 27 6 8 9 -10 -11 13 26 24 17 -16 -17 -18 -19 20 -21 -22 23 -24 -25 -26 -27 -28 -29
leaf_value=0.00012346051984430274 0.012695169276448225 -0.056661009027810849 0.057874501040273779 0.067997947304131473 -0.0065911169648617861 -0.057997300187700968 -0.051690053578545864 -0.015260569763338878 0.0036618688353402141 0.010611073346879853 -0.026242529458467292 0.051460733157068728 -0.05548154526269547 0.0083136175459804004 -0.058583880651327719 -0.061133424750062226 0.0035187617465941099 -0.036088490787710509 0.041231951030878268 -0.055238511653835025 -0.00014375808973861499 0.025593479570039254 -0.017682949643971463 0.0013810696174067667 -0.0038926464098825806 0.053139784404643932 0.029749091894667998 -0.020053498127003119
leaf_weight=359.93353011505678 4.3206549212336522 6.8232910409569767 6.1509096696972838 3.6427941918373099 4.8394653499126417 6.4314837250858536 3.6204795613884917 14.923973757773636 86.772155126556754 46.040249660611153 17.665612444281578 4.3517729565501195 5.2453514998778692 24.351582472445447 4.7973031401634207 3.4962082058191291 30.837034372612834 3.0859457552433005 8.8174593001604062 3.1810931302607051 3.272410304285585 16.004232304170728 23.135666272602975 46.352417757734656 2.0104058114811778 4.0278678685426712 4.4706844761967659 3.5937719158828259
leaf_count=3437 34 43 32 19 21 67 62 108 583 286 190 32 62 210 36 21 243 27 71 43 57 119 201 402 25 24 30 38
internal_value=-2.59441e-05 0.00206576 0.000599533 -0.0131272 0.0113233 0.0022195 -0.00261035 0.00925523 0.00133494 0.00418122 -0.00074793 0.00037949 -0.000419388 -0.00602225 -0.0152753 -0.011079 -0.0072497 0.00617312 0.00967304 0.000616603 0.0297132 0.00025788 -0.000943252 0.00770642 -0.0421144 0.0331981 0.0414757 -0.0130817
internal_weight=752.196 191.187 182.839 18.8993 12.076 163.939 96.8241 67.1151 90.3926 60.9642 561.009 461.504 452.682 99.5046 56.7962 51.9989 48.5026 42.7085 39.6225 27.5327 12.0899 445.426 383.069 62.3567 7.25576 8.34852 8.82246 8.43324
internal_count=6523 1317 1259 121 78 1138 712 426 645 394 5206 4308 4246 898 490 454 433 408 381 253 128 4159 3638 521 87 58 62 59
is_linear=0
shrinkage=0.05


Tree=213
num_leaves=16
num_cat=0
split_feature=4 4 4 3 3 5 3 2 4 2 1 4 4 4 2
split_gain=0.477987 0.891073 1.17946 0.797733 3.34277 2.87239 2.32548 2.39279 1.05944 5.06252 3.21758 1.83786 2.47843 1.15371 0.410356
threshold=0.2351 0.32860000000000006 0.34225000000000005 0.0071393500000000009 0.0075250400000000011 0.47500000000000003 0.010861495000000002 28.450000000000003 0.13420000000000001 12.050000000000002 60.150000000000013 0.12865000000000001 0.12050000000000001 0.10755000000000002 25.850000000000005
decision_type=2 2 2 2 2 2 2 2 2 2 2 2 2 2 2
left_child=3 -2 -3 8 -5 -6 -7 -8 11 -10 -11 12 13 -1 -4
right_child=1 2 14 4 5 6 7 -9 9 10 -12 -13 -14 -15 -16
leaf_value=-0.00032519514037091988 -0.04538891251876339 0.030794575454030856 -0.043732276461338343 0.051463501316962292 -0.044682241136398668 0.029492109943815945 -0.013142630430252204 0.030292884725640887 0.06809147249438556 -0.049074071174709112 0.034418409704739437 0.040262373007127934 -0.049602749075098942 0.01434820140280217 0
leaf_weight=685.70397165371105 1.55995149957016 1.5207972563803198 1.1745109939947722 3.7611247301101676 2.8698176741600063 7.956185411661866 13.453986381180586 4.0135507090017191 1.3270400017499904 6.1978571433573961 1.2647499889135358 2.7149226590991011 2.431488847360014 13.561191163957117 0.59751874580979336
leaf_count=5728 81 18 163 22 12 44 124 28 11 102 21 15 47 71 36
internal_value=-2.78836e-05 -0.0155141 0 6.83156e-05 0.00777738 0.00163319 0.00721173 -0.00276212 -0.000272199 -0.017427 -0.0339948 -4.8601e-05 -0.000217407 -3.14665e-05 -0.0274602
internal_weight=750.109 4.85278 3.29283 745.256 32.0547 28.2935 25.4237 17.4675 713.201 8.78965 7.46261 704.412 701.697 699.265 1.77203
internal_count=6523 298 217 6225 230 208 196 152 5995 134 123 5861 5846 5799 199
is_linear=0
shrinkage=0.05


Tree=214
num_leaves=17
num_cat=0
split_feature=2 1 2 2 2 1 1 2 2 2 2 2 2 1 1 1
split_gain=0.473199 2.76889 2.01748 1.75645 2.33282 4.432 1.25551 2.09926 1.03187 2.23931 1.4556 3.41756 1.69821 0.225373 0.210925 0.000706093
threshold=45.95000000000001 45.350000000000001 45.350000000000001 52.350000000000001 47.050000000000004 53.350000000000001 44.45000000000001 53.45000000000001 44.300000000000004 43.70000000000001 42.850000000000001 42.650000000000013 42.95000000000001 49.550000000000004 49.350000000000001 48.850000000000001
decision_type=2 2 2 2 2 2 2 2 2 2 2 2 2 2 2 2
left_child=2 6 8 4 -3 14 7 -2 9 10 11 -1 -12 -11 -6 -5
right_child=1 3 -4 15 5 -7 -8 -9 -10 13 12 -13 -14 -15 -16 -17
leaf_value=-0.00020105833336019909 -0.027496673446412545 -0.046058134116336247 0.024665998033177768 -0.02540506597842378 -0.0080311532841309558 0.046108233489278977 0.036276111695038547 0.02478058980391528 -0.026100876392081446 0.017388469507345412 -0.054201556082204033 0.045233118685832616 -0.0050309898716049892 0.04024948723219543 -0.024013723472935448 -0.050542300780317809
leaf_weight=683.75241149240173 3.3302007839083654 3.3080978542566344 8.2566203624010068 1.3587164729833592 5.7742406427860242 3.7440497130155572 3.9622505307197571 4.2371895909309387 3.679437391459941 4.0701305270194998 2.536922059953211 4.0638089478015891 6.1586340814828873 2.9142556637525558 5.1996710002422333 2.9933573938906193
leaf_count=6049 20 21 39 8 29 30 30 32 24 23 23 31 63 21 30 50
internal_value=-2.57592e-05 -0.00579434 0.000241425 -0.0161301 -0.00878128 0 0.0138028 0.00106412 -4.01212e-05 9.27661e-05 -0.000184557 6.66474e-05 -0.0203981 0.0280666 -0.016204 -0.0445644
internal_weight=749.34 33.9078 715.432 22.3781 18.0261 14.718 11.5296 7.56739 707.176 703.496 696.512 687.816 8.69556 6.98439 10.9739 4.35207
internal_count=6523 250 6273 168 110 89 82 52 6234 6210 6166 6080 86 44 59 58
is_linear=0
shrinkage=0.05


Tree=215
num_leaves=31
num_cat=0
split_feature=0 5 2 2 4 2 2 0 2 2 2 4 4 0 4 4 4 4 4 2 4 2 4 4 4 4 4 0 0 2
split_gain=0.454934 1.59119 2.05245 6.00144 3.06533 2.56541 1.93364 1.79024 1.57778 0.639178 3.89368 5.51873 4.04233 3.09792 2.82464 2.28446 3.31188 6.5733 4.34514 3.27887 5.52151 2.25669 1.67966 1.51781 9.04613 5.89287 4.89127 2.08532 0.563827 0.30054
threshold=60.500000000000007 0.51500000000000012 16.650000000000002 17.750000000000004 0.039850000000000003 14.15 42.550000000000004 56.500000000000007 21.850000000000005 21.150000000000002 22.150000000000002 0.0095500000000000012 0.041600000000000005 63.500000000000007 0.10755000000000002 0.0050500000000000015 0.007150000000000001 0.0069500000000000004 0.015500000000000002 30.250000000000004 0.0044500000000000008 20.950000000000003 0.0078500000000000011 0.069450000000000026 0.041600000000000005 0.030250000000000003 0.069850000000000009 65.500000000000014 55.500000000000007 14.15
decision_type=2 2 2 2 2 2 2 2 2 2 2 2 2 2 2 2 2 2 2 2 2 2 2 2 2 2 2 2 2 2
left_child=1 2 5 -4 6 7 -5 28 -6 21 11 22 13 -13 -14 19 17 -17 -18 20 -12 23 -11 24 25 -2 -25 -28 -1 -3
right_child=9 29 3 4 8 -7 -8 -9 -10 10 15 12 14 -15 -16 16 18 -19 -20 -21 -22 -23 -24 26 -26 -27 27 -29 -30 -31
leaf_value=-0.00084074293342744407 -0.0044995417623378345 0.011583046613796364 0.071027314614890188 0.026307553570562511 -0.052859341052415215 -0.035590647068939517 -0.0079507204331649046 -0.01996157646464191 -0.0064090108328335397 -0.0025881628131796662 0.036603414116758951 0.022863802570369952 -0.042160067167182694 0.066939867060310118 0.01881184268287547 0.0043981024953267034 -0.01439533757377906 0.065633581846138725 0.0012078053205824564 -0.061100406992104887 -0.052794729607981955 -0.051773912761625657 -0.055334842256133415 0.087734731259527632 -0.048279899862737237 0.02319491608762661 -0.0019893083190629639 0.040397691900140045 0.011879682719818799 -0.00099110515953252667
leaf_weight=76.402769111096859 163.72840057313442 41.06282589957118 3.5471446365118053 11.950953081250196 2.6233089342713338 5.9464126378297797 5.9130448922514907 11.983793012797831 6.6478289356455207 4.3671292997896662 3.795548662543295 10.568890452384954 2.7055415660142881 7.053978092968463 5.765845961868763 25.40582295879722 56.407434797845781 5.2595943436026564 210.09543860098347 3.7101822048425674 2.9926871117204428 2.2359199561178675 2.4077682495117188 1.7224582023918653 10.731307826004921 21.638555824756622 24.307042816304605 3.1727546239271751 9.6858770251274091 4.5393922645598641
leaf_count=348 1909 210 18 71 27 38 28 61 47 43 19 65 20 47 40 199 558 30 1621 24 42 30 18 14 255 152 475 36 42 36
internal_value=-2.54107e-05 0.00215512 -0.000544525 0.0107552 0.00246093 -0.00393275 0.0147085 -0.00192801 -0.0205097 -0.000726557 0.00063247 0.0169721 0.0274825 0.0410666 -0.000342354 -0.00110185 -0.000271209 0.0152427 -0.00208013 -0.0239178 -0.00227739 -0.00278185 -0.0225936 -0.00225071 -0.00385255 -0.00122895 0.0083117 0.00285204 0.000544549 0.0102225
internal_weight=748.376 180.303 134.701 30.6823 27.1351 104.019 17.864 98.0724 9.27114 568.072 340.536 32.8692 26.0943 17.6229 8.47139 307.667 297.168 30.6654 266.503 10.4984 6.78824 227.536 6.7749 225.301 196.098 185.367 29.2023 27.4798 86.0886 45.6022
internal_count=6523 926 680 191 173 489 99 451 74 5597 2726 233 172 112 60 2493 2408 229 2179 85 61 2871 61 2841 2316 2061 525 511 390 246
is_linear=0
shrinkage=0.05


Tree=216
num_leaves=13
num_cat=0
split_feature=1 2 2 1 1 1 2 1 2 1 1 4
split_gain=0.472953 1.06369 0.976104 0.576613 0.693298 0.773715 4.67224 0.886611 6.04951 1.75177 0.456819 0.287123
threshold=72.700000000000003 30.250000000000004 22.650000000000002 71.250000000000014 68.550000000000011 64.550000000000011 27.150000000000002 59.750000000000007 13.050000000000002 58.250000000000007 70.750000000000014 0.067750000000000019
decision_type=2 2 2 2 2 2 2 2 2 2 2 2
left_child=3 2 -2 4 5 7 11 9 -9 -1 -6 -7
right_child=1 -3 -4 -5 10 6 -8 8 -10 -11 -12 -13
leaf_value=-0.00015896700238077978 0.0028423587253307882 0.0085685094702541743 -0.052550934327243962 0.01503502388912397 -0.031919254565634034 -0.018345718605504286 0.061757650251575757 0.070949150633076802 -0.015776235398821999 0.016090888314806914 -0.00068092530120735526 0.00034062682833032519
leaf_weight=674.14222671731841 0.97387576475739424 2.4150382056832314 2.1033391309902072 6.2888426706194869 2.7180936262011519 3.7157165110111219 3.3199194855988026 2.0687868073582676 25.59180824784562 16.893932262435555 2.5955591797828674 3.3698314710054547
leaf_count=5880 7 21 62 38 27 41 26 10 265 107 15 24
internal_value=-2.64114e-05 -0.0145174 -0.0339087 7.62337e-05 -4.70815e-05 7.84485e-05 0.0135535 -0.000111549 -0.00887756 0.000233333 -0.0178783 -0.00888174
internal_weight=746.197 5.49225 3.07721 740.705 734.416 729.102 10.4055 718.697 27.6606 691.036 5.31365 7.08555
internal_count=6523 90 69 6433 6395 6353 91 6262 275 5987 42 65
is_linear=0
shrinkage=0.05


Tree=217
num_leaves=16
num_cat=0
split_feature=2 2 2 2 3 2 2 2 2 3 2 4 0 0 0
split_gain=0.474519 1.82776 1.40185 1.8228 2.76352 0.935917 2.05833 1.2465 3.18518 2.00541 0.341338 0.311133 0.294623 0.157418 0.0348041
threshold=45.95000000000001 45.350000000000001 49.45000000000001 46.600000000000009 0.00059795500000000006 44.300000000000004 43.70000000000001 42.850000000000001 42.650000000000013 0.00048096000000000006 58.550000000000004 0.024450000000000003 63.500000000000007 62.500000000000007 64.500000000000014
decision_type=2 2 2 2 2 2 2 2 2 2 2 2 2 2 2
left_child=1 5 3 -2 -5 6 7 8 -1 -9 12 -6 -4 -12 -15
right_child=2 -3 10 4 11 -7 -8 9 -10 -11 13 -13 -14 14 -16
leaf_value=-0.00018822318722969055 -0.057764765878330696 0.023578639880599762 0.00083645061592249311 0.035849428926679881 -0.034650722156216715 -0.024970399622757072 0.027142316142484246 -0.05438294659742663 0.04434732749969425 -0.0016672749646438343 -0.016976561457290484 -0.0099633595527843823 0.017713744177466222 0.0019614130509929407 -0.004562113868951812
leaf_weight=681.2654048280092 2.4237714111804953 8.1934774667024595 8.1381128802895564 2.3919863849878293 3.9851324632763863 3.6418893709778777 6.8692922890186301 2.64848445355892 3.9382063597440711 5.8870874792337418 2.1962787900120002 3.0396204814314842 4.24440674483776 3.1474954038858414 3.7404511161148548
leaf_count=6049 16 39 36 29 27 24 44 41 31 45 36 23 32 15 36
internal_value=-2.40166e-05 0.000242311 -0.00585412 -0.0196208 -0.00877377 -2.54016e-05 0.000100676 -0.000163753 6.68826e-05 -0.0190436 0.00156318 -0.02496 0.00711767 -0.00545869 -0.000880215
internal_weight=745.751 712.444 33.3073 11.8405 9.41674 704.25 700.608 693.739 685.204 8.53557 21.4667 7.02475 12.3825 9.08423 6.88795
internal_count=6523 6273 250 95 79 6234 6210 6166 6080 86 155 50 68 87 51
is_linear=0
shrinkage=0.05


Tree=218
num_leaves=29
num_cat=0
split_feature=4 4 1 1 4 1 4 0 3 3 3 4 0 3 1 3 3 1 4 4 0 4 1 3 3 1 4 3
split_gain=0.441662 2.25705 3.62763 2.22717 1.84426 1.66639 1.43448 1.41974 4.18511 2.0894 1.20978 1.19188 2.33594 1.64992 1.4605 0.77013 4.92904 2.54408 9.64443 4.73484 3.78336 1.74406 6.76401 3.14625 1.6031 0.625229 0.502983 0.127658
threshold=0.077500000000000013 0.10755000000000002 52.250000000000007 43.050000000000004 0.12015000000000002 46.350000000000001 0.074650000000000008 61.500000000000007 0.0027416850000000002 0.0071665600000000006 0.004850000000000001 0.091200000000000017 65.500000000000014 0.0044500000000000008 55.95000000000001 0.0012994950000000001 0.0012167600000000001 45.45000000000001 0.035650000000000008 0.047550000000000009 65.500000000000014 0.021350000000000004 59.750000000000007 0.00046568000000000005 0.004312390000000001 44.95000000000001 0.053750000000000006 0.0017153750000000001
decision_type=2 2 2 2 2 2 2 2 2 2 2 2 2 2 2 2 2 2 2 2 2 2 2 2 2 2 2 2
left_child=6 2 3 -2 5 -3 15 8 -6 -10 -9 12 14 27 -4 16 21 19 -19 20 -17 23 -23 -1 -20 -12 -21 -13
right_child=1 4 11 -5 7 -7 -8 10 9 -11 25 13 -14 -15 -16 17 -18 18 24 26 -22 22 -24 -25 -26 -27 -28 -29
leaf_value=-0.0010956596951047805 0.00885708324437013 0 0.019635347880997869 -0.053899245770988403 0.084085233636802453 0.043502115292944593 0.035733134592973816 -0.049067751124775974 -0.019621049597179654 0.012819829306094037 0.0039763129045208854 -0.019351012329760883 0.054191486875916711 0.014664148297032598 -0.035050262609378234 -0.0016444273042551289 -0.054545023921418391 0.077718262334841179 0.007111642325915735 -0.05369391392497691 0.044745836285751073 -0.0027732954482712672 -0.05700022518536179 0.0091491015575607005 -0.030127558459326562 -0.016058094148205901 -0.023836762963625621 -0.0495948616598176
leaf_weight=332.31924758804962 1.563730269670488 3.8681646436452848 2.3780832570046169 7.1123393280431628 1.489610075950625 4.5373994112014771 2.7553554326295844 2.0132864490151432 8.1613902878016251 12.330789520754477 6.0963102462701491 1.5438705757260325 2.2810538038611412 2.2323947474360466 2.2300024554133415 60.244121428579092 4.1083065345883361 4.8912084549665442 54.982788844965398 3.7366964351385823 4.6313114911317816 98.934598887339234 6.0293330233544102 96.466976478695869 2.9108850527554742 9.1655309876659867 4.1246926728636026 1.9276305586099622
leaf_count=2890 11 24 34 118 6 20 14 45 120 274 61 18 15 13 11 306 39 23 472 50 24 825 70 743 46 160 64 27
internal_value=-2.36334e-05 -0.00383952 -0.0173684 -0.0420466 0.00211673 0.0232808 0.00035851 -0.00233546 0.00592915 0 -0.0131131 0 0.013739 -0.0169142 -0.00594916 0.000201054 -0.000639984 0.00357385 0.0109554 -0.00273536 0.00165409 -0.000205569 -0.00598707 0.00119911 0.00510432 -0.00775612 -0.0391527 -0.038463
internal_weight=745.067 68.9316 21.2691 8.67607 47.6625 8.40556 676.136 39.2569 21.9818 20.4922 17.2751 12.593 6.88914 5.7039 4.60809 673.38 537.858 135.522 62.7849 72.7368 64.8754 533.75 104.964 428.786 57.8937 15.2618 7.86139 3.4715
internal_count=6523 957 247 129 710 44 5566 666 400 394 266 118 60 58 45 5552 4567 985 541 444 330 4528 895 3633 518 221 114 45
is_linear=0
shrinkage=0.05


Tree=219
num_leaves=31
num_cat=0
split_feature=0 3 3 0 3 2 4 4 2 4 4 3 3 3 3 3 3 3 0 3 2 2 2 2 2 4 3 3 0 3
split_gain=0.455802 2.91191 9.23521 4.47475 3.04031 9.23715 6.1516 10.3279 5.79992 9.72047 9.62005 2.08629 5.084 3.28077 6.35074 5.75633 5.44558 2.09978 3.50299 1.85662 1.75329 9.34805 8.28971 6.01711 5.88781 2.0053 1.18701 2.15333 0.694192 0.650177
threshold=60.500000000000007 9.051500000000001e-05 8.651000000000001e-05 65.500000000000014 0.00027722500000000003 17.350000000000005 0.0051500000000000009 0.0050500000000000015 22.250000000000004 0.0081500000000000027 0.0095500000000000012 8.9260000000000009e-05 8.651000000000001e-05 0.000102255 0.00010381500000000001 0.000110475 0.00010060000000000002 9.5610000000000015e-05 57.500000000000007 0.004237035000000001 16.650000000000002 17.750000000000004 16.050000000000004 16.250000000000004 15.250000000000002 0.015500000000000002 8.4935000000000013e-05 8.3300000000000005e-05 54.500000000000007 7.866500000000002e-05
decision_type=2 2 2 2 2 2 2 2 2 2 2 2 2 2 2 2 2 2 2 2 2 2 2 2 2 2 2 2 2 2
left_child=11 2 3 -2 5 6 7 -3 10 -10 -7 12 26 16 -15 28 17 -13 -19 -17 22 -22 24 -24 -6 -23 27 29 -16 -1
right_child=1 4 -4 -5 20 8 -8 -9 9 -11 -12 13 -14 14 15 19 -18 18 -20 -21 21 25 23 -25 -26 -27 -28 -29 -30 -31
leaf_value=0.012638658293733916 -0.063014760950945811 -0.025807832349828676 0.13036230854985287 0.044176800304427034 0.0041172427732733162 -0.0014805721463317257 -0.052895833841600626 0.07943414673557514 0.0027552118018217349 -0.045169768057233245 0.057148617864352658 0.030054043263486308 -0.05218427108790781 -0.049099386231479331 0.022027926727921709 -0.0086720348857461608 0.070273081891819494 -0.0043314428357723546 0.032233455949376662 0.0070720812138965836 -0.050918611599652455 -0.0085597790455441258 0.072132592124202713 0.0033330342110259288 -0.050932053036265884 0.0021930310174624037 0.022160554111929968 -0.032341805707920966 0.053388662870204551 -0.004369175782683656
leaf_weight=8.9600680023431831 1.8184268884360784 15.370821727439763 1.6515355855226515 1.8493568077683447 90.994161079404876 21.029107164591554 15.869233647361396 2.6336073726415625 42.248879596590996 13.940038545988498 10.265788581222294 10.279796138405798 5.4864922612905493 6.1957682818174353 4.1636610031127912 41.656118176877499 4.0620148926973334 27.283449053764343 8.4563084840774518 33.640843537636101 9.0106154220411536 51.59235421102494 7.5799038619734329 5.7089510560035706 5.0266164401546112 267.38444727438036 4.7719604820013037 5.5134038329124442 5.0235992968082428 14.208004236221312
leaf_count=53 53 201 8 16 986 233 372 16 356 178 66 47 26 25 20 239 19 149 40 172 184 479 56 62 110 2221 20 27 28 61
internal_value=-2.52837e-05 -0.000730688 0.0357169 -0.00790196 -0.00109301 -0.00809526 -0.0302244 -0.00978361 0.000440745 -0.0091049 0.0177133 0.00215992 -0.00802041 0.00501537 -0.000607503 0.00294345 0.015277 0.0101724 0.00424639 -0.00157158 0.000840214 -0.000974659 0.00632742 0.0431951 0.00113345 0.000436028 -0.000494416 -0.00450132 0.0401046 0.00201963
internal_weight=743.675 563.974 5.31932 3.66778 558.655 121.357 33.8737 18.0044 87.4838 56.1889 31.2949 179.701 38.9399 140.762 90.68 84.4842 50.0816 46.0196 35.7398 75.297 437.297 327.987 109.31 13.2889 96.0208 318.977 33.4534 28.6815 9.18726 23.1681
internal_count=6523 5597 77 69 5520 1422 589 217 833 534 299 926 187 739 484 459 255 236 189 411 4098 2884 1214 118 1096 2700 161 141 48 114
is_linear=0
shrinkage=0.05


Tree=220
num_leaves=21
num_cat=0
split_feature=2 2 4 2 2 4 2 2 2 2 4 4 4 4 0 2 2 0 0 0
split_gain=0.447721 1.63795 1.76732 3.75271 1.31786 1.31621 1.15098 2.96239 1.72718 1.97598 1.14819 8.46734 4.31897 1.10237 1.04919 0.499712 0.290859 0.277127 0.143001 0.033349
threshold=45.95000000000001 43.70000000000001 0.021050000000000003 45.150000000000006 49.45000000000001 0.0078500000000000011 42.850000000000001 42.650000000000013 42.95000000000001 43.350000000000001 0.013350000000000002 0.015150000000000002 0.013150000000000002 0.029650000000000006 63.500000000000007 48.850000000000001 58.550000000000004 63.500000000000007 62.500000000000007 64.500000000000014
decision_type=2 2 2 2 2 2 2 2 2 2 2 2 2 2 2 2 2 2 2 2
left_child=1 6 3 14 5 -2 7 10 -8 -10 12 -12 -1 15 -3 -7 17 -6 -18 -20
right_child=4 2 -4 -5 16 13 8 -9 9 -11 11 -13 -14 -15 -16 -17 18 -19 19 -21
leaf_value=0.00097310745022437619 0.0060650480707468424 -0.010780867800834058 -0.00039011339594869959 0.07536190001709972 0.00048601808974528012 -0.056469120421928379 -0.053437572932864143 0.043457319313280923 0.016416171528788524 -0.042982104162494816 -0.049772981985338229 -0.00097938393169450812 0.044576421206913477 -0.00050176298085238781 0.028545078372601659 -0.021303373955346743 -0.016114564349290549 0.016832496310538271 0.0021444289739844242 -0.00432710352021897
leaf_weight=371.14253869047388 3.3217678740620604 3.3925166204571742 9.0440496131777746 2.9956028610467911 8.137789763510229 3.1166612282395345 2.405782498419283 3.8121817260980597 4.0069702118635178 2.0034953989088535 9.082327436655758 291.36810684832744 5.6764305233955374 2.571749322116375 3.0320574566721916 2.6369972005486488 2.1567982789129001 4.2478885054588309 3.1398461312055588 3.717411071062088
leaf_count=2879 32 21 46 17 36 25 23 31 26 37 134 3012 24 20 23 18 36 32 15 36
internal_value=-2.48693e-05 0.000234237 0.0148929 0.0299409 -0.00571049 -0.0191992 -0.000153164 6.79311e-05 -0.018423 -0.00294445 -0.000175295 -0.00248707 0.00165487 -0.0298252 0.0071656 -0.0418455 0.00145358 0.0065827 -0.00504035 -0.000656971
internal_weight=741.009 707.962 18.4642 9.42018 33.0469 11.6472 689.498 681.082 8.41625 6.01047 677.269 300.45 376.819 8.32541 6.42457 5.75366 21.3997 12.3857 9.01406 6.85726
internal_count=6523 6273 107 61 250 95 6166 6080 86 63 6049 3146 2903 63 44 43 155 68 87 51
is_linear=0
shrinkage=0.05


Tree=221
num_leaves=15
num_cat=0
split_feature=4 4 4 3 4 4 4 2 4 4 4 2 4 2
split_gain=0.442766 0.823296 1.16103 1.28431 0.999709 1.81378 0.910976 4.74132 1.30043 0.617483 1.09694 0.449236 0.398165 0.396778
threshold=0.21275000000000002 0.18455000000000002 0.17695000000000002 0.0049313750000000009 0.14355000000000004 0.16200000000000003 0.077500000000000013 17.350000000000005 0.074650000000000008 0.32860000000000006 0.34225000000000005 27.250000000000004 0.19675000000000004 25.850000000000005
decision_type=2 2 2 2 2 2 2 2 2 2 2 2 2 2
left_child=1 2 4 -4 6 -6 8 -8 -1 11 -11 -2 -3 -12
right_child=9 12 3 -5 5 -7 7 -9 -10 10 13 -13 -14 -15
leaf_value=0.00019186296034612399 -0.046361086030327889 0.03713326653941091 0.0046759323113658583 -0.059880713781359188 0.038615425999737302 -0.008618988749647968 -0.050857126133708221 -0.0010449383274730244 0.034116977778670343 0.03003099181411753 -0.04331185125632684 0 0.0051604854868600968 0
leaf_weight=669.0796219073236 1.6540862582623952 2.0630148313939562 1.1444436460733407 1.5971537167206404 4.438542364165186 3.3696554228663445 5.3192605432122937 42.380349170416594 2.7397297173738471 1.4940246418118479 1.1243095820536835 0.45859337970614422 2.6378844268620014 0.59365865727886546
leaf_count=5552 84 28 23 29 35 33 143 330 14 18 163 8 27 36
internal_value=-2.44459e-05 7.38499e-05 -5.50265e-05 -0.0319566 6.27269e-05 0.0177478 -0.000124682 -0.00679916 0.00034271 -0.0142616 0 -0.0345878 0.0207146 -0.0267899
internal_weight=740.094 734.77 730.069 2.7416 727.327 7.8082 719.519 47.6996 671.819 5.32467 3.21199 2.11268 4.7009 1.71797
internal_count=6523 6214 6159 52 6107 68 6039 473 5566 309 217 92 55 199
is_linear=0
shrinkage=0.05


Tree=222
num_leaves=31
num_cat=0
split_feature=1 2 2 2 3 3 2 1 1 3 2 2 2 3 3 5 3 3 3 5 3 3 3 3 2 1 1 2 2 1
split_gain=0.542289 2.5186 1.99956 5.76201 6.97952 8.12589 6.29343 6.61684 3.39502 3.42104 3.70765 3.19956 2.60145 6.29166 2.33083 1.45038 6.6667 15.0373 4.94721 5.56413 3.92466 2.61122 7.89775 5.53011 7.81875 4.49052 5.91986 3.41646 3.98175 2.81543
threshold=50.550000000000004 58.550000000000004 17.350000000000005 13.250000000000002 0.00036877000000000009 0.00048096000000000006 12.850000000000003 56.350000000000001 51.45000000000001 0.00019904500000000004 21.450000000000003 21.650000000000002 17.450000000000003 0.00048096000000000006 0.00048096000000000006 0.56500000000000006 0.00034518500000000008 0.00035601500000000005 0.00078857000000000005 0.57500000000000007 9.051500000000001e-05 0.00062874500000000011 0.00059795500000000006 0.00080399000000000019 42.650000000000013 47.050000000000004 48.550000000000004 30.650000000000002 22.550000000000004 46.250000000000007
decision_type=2 2 2 2 2 2 2 2 2 2 2 2 2 2 2 2 2 2 2 2 2 2 2 2 2 2 2 2 2 2
left_child=15 2 3 6 -5 -6 7 -2 9 11 -11 -4 13 -10 -14 21 20 -18 19 -19 -17 22 29 24 -23 -25 -27 28 -24 -1
right_child=1 -3 8 4 5 -7 -8 -9 12 10 -12 -13 14 -15 -16 16 17 18 -20 -21 -22 23 27 25 -26 26 -28 -29 -30 -31
leaf_value=0.0055664587315410333 -0.018000957630037957 -0.049140828226331756 0.083079781360521257 -0.044909582140648795 0.064857957084611284 -0.018754120191241688 0.096314023286932629 0.044687361214286583 0.11155815474464054 -0.038289296133137654 0.020523452891198318 0.01267839988849173 -0.0044669049287038532 -0.025185659848701511 0.0067235862387213675 0.022900300421372227 0.099389445033132351 -0.055612727911098718 0.0044424799149607678 -0.0048161769055448935 -0.029360045683888031 -0.054122496325598679 0.064867605332571757 -0.006243476604422679 0.036360918165847439 0.043816567206448803 0.00060020640228268638 0.069619288378787614 -0.021800156570029611 -0.0097743692300963567
leaf_weight=130.6782335806638 11.759475179947918 2.2980004288256159 3.6809987081214812 14.849666623864325 3.8681340645998707 10.686218772432765 1.973533117212354 6.4016748555004588 1.6470223590731614 3.1354145929217365 14.671788077335803 3.223201684653759 90.222208370454609 1.4735246971249578 95.451830066158436 3.8521849829703561 3.6638081818819037 8.0351109951734561 67.12979144428391 16.803835097700357 32.624854179099202 10.72722149081528 2.1290631778538209 109.81530804198701 2.917681708931922 11.309578919317572 26.746198541717604 6.2585653811693192 3.074876569211483 38.532123890705407
leaf_count=853 165 43 29 274 33 228 19 42 9 42 118 21 716 33 819 49 15 67 552 144 423 88 20 809 20 118 264 31 47 432
internal_value=-2.29874e-05 0.00177976 0.00226212 -0.00673936 -0.0208888 0.00341735 0.0136781 0.00394613 0.00437627 0.0217861 0.00973275 0.0515773 0.0020607 0.046658 0.00125954 -0.00104223 -0.00549412 0.00139892 -0.00255418 -0.0216059 -0.0236568 0.000663021 0.00480397 -0.00393824 -0.0342869 -0.00108272 0.0136556 0.0448052 0.0132696 0.00203985
internal_weight=739.641 265.343 263.045 49.5387 29.404 14.5544 20.1347 18.1612 213.506 24.7114 17.8072 6.9042 188.795 3.12055 185.674 474.298 132.11 95.6325 91.9687 24.8389 36.477 342.189 180.673 161.516 13.6449 147.871 38.0558 11.4625 5.20394 169.21
internal_count=6523 2591 2548 761 535 261 226 207 1787 210 160 50 1577 42 1535 3932 1250 778 763 211 472 2682 1383 1299 108 1191 382 98 67 1285
is_linear=0
shrinkage=0.05


Tree=223
num_leaves=20
num_cat=0
split_feature=4 4 4 2 2 3 3 5 4 4 2 3 4 4 2 4 2 2 2
split_gain=0.452021 8.38428 4.0019 3.85828 10.0421 5.86424 5.34738 5.50744 1.72622 2.57939 7.36511 8.25639 5.77397 5.2517 1.64255 8.8508 6.66722 0.597564 0.586189
threshold=0.013350000000000002 0.015150000000000002 0.013150000000000002 14.850000000000003 14.950000000000001 0.00036877000000000009 0.0021777800000000003 0.59500000000000008 0.012950000000000001 0.012150000000000003 20.450000000000003 0.00059795500000000006 0.0117 0.011450000000000002 21.450000000000003 0.024450000000000003 21.550000000000004 17.950000000000003 12.350000000000003
decision_type=2 2 2 2 2 2 2 2 2 2 2 2 2 2 2 2 2 2 2
left_child=2 17 8 5 -5 18 -7 -8 9 12 -11 -12 13 -1 15 -6 -16 -2 -3
right_child=1 3 -4 4 14 6 7 -9 -10 10 11 -13 -14 -15 16 -17 -18 -19 -20
leaf_value=0.00011896599551414677 -0.013807605466982729 0.037475248661081949 0.042551538405367524 0.10229650110400207 -0.046227565769473289 -0.053343685613545522 -0.020296749385557727 0.090427843660436755 -0.031995712314169311 0.053508714012463578 -0.057225784601941235 0.047585503792156578 -0.048836075971323598 0.054120641326028666 0.057375062174281913 0.0016554822389150349 0.0012943442746341123 -0.055363808042159804 0.005024989356608528
leaf_weight=351.81429906887934 1.4533238392323236 3.0470249876379993 5.6527093946933737 2.3481509387493125 11.404470378533004 11.842036858201029 5.3165797182591623 1.3139324933290479 3.9327859953045836 8.1351371854543668 4.5120617374777785 3.0385661870241165 5.8508930783718816 4.4634490329772225 5.3289325982332221 58.838211264112033 238.39075931184925 7.3306884951889515 3.3036221154034138
leaf_count=2779 37 15 24 28 212 280 173 9 34 40 38 19 77 33 45 716 1838 98 28
internal_value=-2.10208e-05 -0.00133008 0.00114852 -6.65654e-05 0.0014107 -0.0190214 -0.0333348 0.0019196 0.000511371 0.000871354 0.0206561 -0.0143228 0 0.000824526 0.000607911 -0.00610231 0.00256409 -0.0492839 0.0217092
internal_weight=737.318 349.918 387.4 341.134 316.311 24.8232 18.4725 6.63051 381.747 377.814 15.6858 7.55063 362.129 356.278 313.962 70.2427 243.72 8.78401 6.35065
internal_count=6523 3479 3044 3344 2839 505 462 182 3020 2986 97 57 2889 2812 2811 928 1883 135 43
is_linear=0
shrinkage=0.05


Tree=224
num_leaves=31
num_cat=0
split_feature=1 2 2 3 3 2 3 2 2 2 2 1 5 3 3 3 3 3 3 3 2 1 2 3 2 3 5 5 1 1
split_gain=0.526993 2.38634 1.81914 4.86227 8.72114 7.36178 10.1425 6.43627 3.86046 2.76302 4.36582 1.38742 1.42989 5.8543 13.4644 4.86292 3.57826 2.31297 6.73832 5.19143 7.28355 4.98621 2.98787 2.39899 2.11329 1.09473 0.897091 0.485617 0.705849 0.257005
threshold=50.550000000000004 58.550000000000004 17.750000000000004 0.00048096000000000006 0.0071665600000000006 13.050000000000002 0.00036877000000000009 12.550000000000002 18.050000000000004 18.250000000000004 18.450000000000003 50.350000000000001 0.56500000000000006 0.00034518500000000008 0.00035601500000000005 0.00078857000000000005 9.051500000000001e-05 0.00062874500000000011 0.00059795500000000006 0.00080399000000000019 42.650000000000013 47.050000000000004 30.650000000000002 0.00019689000000000002 16.150000000000002 0.0015976300000000003 0.59500000000000008 0.54500000000000015 50.45000000000001 55.150000000000013
decision_type=2 2 2 2 2 2 2 2 2 2 2 2 2 2 2 2 2 2 2 2 2 2 2 2 2 2 2 2 2 2
left_child=11 2 3 5 25 7 -7 -2 -4 29 -11 12 17 16 -15 -16 26 18 23 20 -19 -21 -20 -1 -18 -5 -14 -13 -29 -10
right_child=1 -3 8 4 -6 6 -8 -9 9 10 -12 27 13 14 15 -17 24 19 22 21 -22 -23 -24 -25 -26 -27 -28 28 -30 -31
leaf_value=0.0067607209469718503 0.015129932324714296 -0.048810968234766022 0.063126965530860141 -0.053473160811430664 0.056580375655004733 -0.030791653380036373 0.055201301765138544 0.09984432455936483 -0.0491028147906254 0.063906664166087451 0.0034397512727903689 -0.044635459775310811 -0.004408551567070095 0.093429889588003689 -0.022117995297937516 0.0042794665250969052 -0.043270769769016143 -0.053159595237835637 0.012112543299664158 -0.0059548939308529808 0.035277088419554514 0.015455467550414445 0.064904702974559955 -0.0057580159450320943 -0.016286274022716641 -0.023968007438602872 0.041349383843748796 0.0069693676644734422 -0.033460151162980137 -0.01272915240417488
leaf_weight=108.12759186513722 12.291437257081268 2.2033628746867171 2.6707150749862185 8.8520147837698477 2.5269468988990402 17.536013341508809 4.1313771307468405 2.7226520674303165 2.4197140447795387 2.9439556375145903 197.01170488167554 2.1017113476991645 1.5913665946573012 3.7075377851724616 23.4347053039819 66.811767049599439 13.552280565723779 10.254524089395998 5.1729286313056928 109.59280619153287 2.8563158214092246 36.032526796334423 6.2974989712238312 58.755424801260233 17.822932176291943 6.5392470089718691 2.2825374007225037 1.9671728555113077 1.8872667925897986 1.2441503778100012
leaf_count=609 121 43 25 184 50 306 38 21 47 16 1592 12 31 15 201 545 212 84 67 809 20 363 31 655 201 134 18 26 33 14
internal_value=-1.98147e-05 0.00176616 0.00223101 -0.00583816 -0.0271497 0.00448168 -0.0139872 0.0313818 0.00439273 0.00356721 0.0043865 -0.00102554 -0.000705526 -0.00518192 0.00129228 -0.00253683 -0.0225347 0.000996432 0.0049139 -0.00337402 -0.0333932 -0.00061598 0.0418391 0.00232243 -0.0282013 -0.0414958 0.0216563 -0.0248279 -0.0119075 -0.0387461
internal_weight=735.342 263.093 260.89 54.5997 17.9182 36.6815 21.6674 15.0141 206.29 203.62 199.956 472.249 466.293 129.203 93.954 90.2465 35.2491 337.09 178.353 158.736 13.1108 145.625 11.4704 166.883 31.3752 15.3913 3.8739 5.95615 3.85444 3.66386
internal_count=6523 2591 2548 854 368 486 344 142 1694 1669 1608 3932 3861 1223 761 746 462 2638 1362 1276 104 1172 98 1264 413 318 49 71 59 61
is_linear=0
shrinkage=0.05


Tree=225
num_leaves=16
num_cat=0
split_feature=4 4 3 4 2 4 4 2 4 3 3 2 2 2 5
split_gain=0.474825 11.4447 5.17087 4.08515 2.60206 1.91473 7.53119 6.12255 4.28818 6.50926 2.11973 1.7628 4.0803 4.01977 1.00864
threshold=0.038350000000000002 0.038000000000000006 0.00089465500000000017 0.036950000000000004 11.15 0.030550000000000004 0.031950000000000006 20.750000000000004 0.028550000000000002 0.00036877000000000009 0.00046568000000000005 11.950000000000001 14.850000000000003 15.450000000000001 0.59500000000000008
decision_type=2 2 2 2 2 2 2 2 2 2 2 2 2 2 2
left_child=1 3 -2 5 -4 8 -7 -8 10 -10 -1 -6 14 -14 -13
right_child=2 -3 4 -5 11 6 7 -9 9 -11 -12 12 13 -15 -16
leaf_value=-0.0018429467609964785 -0.056624192956912484 0.066649473090949637 -0.050542253165219347 -0.05965591488924539 0.035821327981572337 0.081361932663485598 -0.047273105310124942 0.027127174211904262 0.046633329447529147 -0.0355716167404641 0.0047554892682279918 -0.050028028739823344 0.070588000965995532 -0.00017027330845094995 0
leaf_weight=331.58183751394972 4.1823902968317261 6.3958786875009528 2.4990423414856187 2.7646179497241965 3.2425092365592709 3.4606025218963614 4.4335988834500295 6.9687184430658817 2.6846302896738079 16.346779260784388 191.84207770973444 4.9967603973345822 1.9330757916904975 148.63478512305301 1.2448268439620731
leaf_count=2958 53 35 67 19 41 15 48 43 11 153 1362 215 21 1456 26
internal_value=-2.06969e-05 0.000662776 -0.00237178 -9.35985e-05 -0.000911184 0.000203544 0.0178531 -0.0015269 -0.000274028 -0.023531 0.000566367 -7.39518e-05 -0.000870417 0.000751223 -0.0401732
internal_weight=733.212 566.479 166.733 560.083 162.551 557.318 14.8629 11.4023 542.455 19.0314 523.424 160.052 156.809 150.568 6.24159
internal_count=6523 4644 1879 4609 1826 4590 106 91 4484 164 4320 1759 1718 1477 241
is_linear=0
shrinkage=0.05


Tree=226
num_leaves=12
num_cat=0
split_feature=1 1 2 2 1 1 2 2 2 2 3
split_gain=0.471576 1.57182 1.41838 2.25817 0.959728 0.690106 4.41547 0.751103 3.53832 1.45938 0.0813638
threshold=71.750000000000014 70.950000000000017 22.650000000000002 30.250000000000004 68.550000000000011 64.550000000000011 27.150000000000002 46.750000000000007 49.45000000000001 45.350000000000001 0.0015976300000000003
decision_type=2 2 2 2 2 2 2 2 2 2 2
left_child=1 4 -2 -4 5 7 10 9 -9 -1 -7
right_child=2 -3 3 -5 -6 6 -8 8 -10 -11 -12
leaf_value=-5.6449889241744937e-05 0.022849174245951221 0.032220671303657127 -0.053925662595069118 0.00096673716259155617 -0.025193890988437176 -0.014694836942941734 0.060923682982653431 -0.04067741106843499 0.0014495146433052223 0.018995623656669458 -0.0018418199994882226
leaf_weight=667.4944349777652 2.1353116892278177 3.6933031454682341 3.0601442810148001 4.1710563600063324 3.67496234178543 3.3507281541824323 3.1888974756002426 6.3377008289098766 21.166049759835005 10.098580211400984 3.6027519640047103
leaf_count=6004 12 21 73 31 33 40 26 49 155 54 25
internal_value=-2.08296e-05 0.000117558 -0.0111138 -0.0219997 -4.48708e-05 8.08613e-05 0.01297 -9.92642e-05 -0.00818887 0.000222878 -0.0088648
internal_weight=731.974 722.607 9.36651 7.2312 718.914 715.239 10.1424 705.097 27.5038 677.593 6.95348
internal_count=6523 6407 116 104 6386 6353 91 6262 204 6058 65
is_linear=0
shrinkage=0.05


Tree=227
num_leaves=31
num_cat=0
split_feature=1 4 4 3 3 0 3 4 4 4 4 0 4 4 1 4 0 3 3 0 3 4 0 4 3 4 4 1 3 1
split_gain=0.467451 2.97935 7.59649 5.48429 9.36894 6.42177 5.42415 3.56414 3.40387 2.22243 2.57377 1.84634 1.55255 3.56165 1.60498 1.31654 1.37278 5.68664 12.1207 4.15778 3.3752 2.56517 2.08277 8.15858 3.60827 2.45586 4.0496 3.5732 2.12857 1.08084
threshold=50.550000000000004 0.039850000000000003 0.030550000000000004 0.00078857000000000005 0.00059795500000000006 63.500000000000007 0.0015976300000000003 0.031950000000000006 0.029100000000000004 0.038000000000000006 0.038350000000000002 64.500000000000014 0.047550000000000009 0.063850000000000004 52.250000000000007 0.20055000000000003 62.500000000000007 0.00034518500000000008 0.00035601500000000005 63.500000000000007 9.051500000000001e-05 0.011450000000000002 61.500000000000007 0.021150000000000006 0.00017236500000000003 0.039550000000000009 0.028550000000000002 48.550000000000004 0.00097842500000000021 52.650000000000013
decision_type=2 2 2 2 2 2 2 2 2 2 2 2 2 2 2 2 2 2 2 2 2 2 2 2 2 2 2 2 2 2
left_child=15 2 3 4 8 29 11 -4 -2 -9 -11 -3 -8 -14 -15 16 22 20 -19 -20 -18 -22 25 24 -24 26 -1 -27 -25 -5
right_child=1 6 7 5 -6 -7 12 9 -10 10 -12 -13 13 14 -16 -17 17 18 19 -21 21 -23 23 28 -26 27 -28 -29 -30 -31
leaf_value=-0.0010341518595909053 0.00016224589059543796 -0.042975077524863584 0.081620926675641747 0.078492705095278323 -0.055099337400823289 -0.00813127233065296 0.035528845806408693 0.00086977567885118266 0.044198071288589755 0.061197879397899314 0.0050318794573494747 0.0013562136613381303 -0.050936977476385148 -0.023065418547358749 0.0049888391811979777 -0.031929427623723292 0.020631570058040449 0.088386184709888432 -0.019032602350913624 0.0044795693467377341 -0.035336884443611015 -8.5805555619555243e-05 0.049662189563487821 -0.055742571235765752 0.012170116875801525 0.019446485747421072 -0.028594060318542093 -0.0083992355592616835 -0.002733957832386039 0.038728715984820999
leaf_weight=229.95654176268727 146.89415791863576 11.702661966904996 3.3508811295032528 3.8345562368631345 7.5746015198528758 6.281050093472003 2.8137550130486479 6.500768616795539 4.4317010901868334 5.4904109537601453 3.5657950267195702 2.6550890691578379 3.3703004270791999 5.6818117155926293 41.684373689233325 3.3161996392300344 3.8769713863730422 3.7321385294198981 26.481414587236941 63.65602226741612 24.416078871116046 6.8988547362387171 8.5704435519874078 4.610119376331566 27.54603510722518 32.165925350040197 14.08903221413493 17.550425540655851 3.5327986106276512 5.2319053635001183
leaf_count=1534 1437 149 14 21 89 37 29 45 25 32 26 37 58 111 452 196 49 15 199 527 360 63 65 66 262 289 113 150 44 29
internal_value=-1.96245e-05 0.00166969 0.00485209 0.00154703 -0.00118694 0.0300013 -0.00730256 0.0348789 0.00151323 0.0240345 0.0399256 -0.0344787 0 -0.00199996 0.00147675 -0.000967948 -0.000730637 -0.00512132 0.00125992 -0.00238608 -0.0222394 -0.027755 0.00093202 0.0110363 0.0213176 -0.000576552 -0.00265676 0.00951914 -0.0336636 0.0567647
internal_weight=731.463 261.064 193.156 174.248 158.9 15.3475 67.908 18.9079 151.326 15.557 9.05621 14.3578 53.5502 50.7365 47.3662 470.399 467.083 129.061 93.8696 90.1374 35.1919 31.3149 338.021 44.2594 36.1165 293.762 244.046 49.7164 8.14292 9.06646
internal_count=6523 2591 1755 1638 1551 87 836 117 1462 103 58 186 650 621 563 3932 3736 1213 741 726 472 423 2523 437 327 2086 1647 439 110 50
is_linear=0
shrinkage=0.05


Tree=228
num_leaves=29
num_cat=0
split_feature=4 4 2 2 1 4 4 1 2 1 1 2 3 1 1 4 2 1 1 2 2 1 4 1 1 3 3 2
split_gain=0.461682 4.60364 4.22071 6.53243 6.0953 14.1743 4.14097 15.8687 3.7974 4.00717 3.4453 3.14934 6.63148 3.11662 7.24318 5.27848 4.94339 11.7056 3.97547 3.3696 3.19053 2.9523 2.89362 0.914936 1.60716 0.768288 1.36784 0.672087
threshold=0.0087500000000000026 0.0094500000000000018 14.350000000000003 16.250000000000004 46.850000000000001 0.028050000000000002 0.0084500000000000009 48.750000000000007 12.65 60.250000000000007 52.95000000000001 17.650000000000002 0.0033204250000000005 58.350000000000001 53.650000000000013 0.0069500000000000004 32.150000000000013 43.95000000000001 50.250000000000007 12.65 28.650000000000002 54.150000000000013 0.0064500000000000009 63.850000000000001 59.650000000000013 0.0024757600000000005 0.0027416850000000002 29.850000000000005
decision_type=2 2 2 2 2 2 2 2 2 2 2 2 2 2 2 2 2 2 2 2 2 2 2 2 2 2 2 2
left_child=6 -2 8 4 -4 -6 13 -8 9 10 -3 12 -5 14 16 22 18 -18 -1 -16 -21 -13 27 24 -17 -10 -27 -15
right_child=1 2 3 11 5 -7 7 -9 25 -11 -12 21 -14 15 19 23 17 -19 -20 20 -22 -23 -24 -25 -26 26 -28 -29
leaf_value=-0.0022066904732422339 -0.052792022964167601 0 0.065351802226156705 -0.046378695994728436 -0.053256579158519626 0.047164877826655502 -0.051573709539924545 0.081441549187322285 -0.054194007883131168 0.067760550869586322 -0.052793399443322821 -0.002632297840900414 0.031262319931882769 0.032780944317960796 0.016580715050175079 0.052138604481398093 -0.050955805592983877 0.063021464958463363 0.018136982161328679 -0.053423655010111898 -0.011436571462060882 0.0081629571745683374 -0.035725729058912407 0.063053391740582318 0.0025879251030550966 0.041140571390486741 -0.044056466885582825 0
leaf_weight=234.39439451601356 4.1733408737927666 11.322789214085793 7.0328876007115495 9.6834852062165719 5.5837550461292258 9.0513819176703674 3.3702666424214822 6.1362147331237793 7.0534545504488033 1.5514053404331196 4.0710087511688462 253.65500310284551 3.6661957670003167 2.9299895539879817 3.4019095730036524 3.6756965070962888 2.918277744203805 8.520395912230013 26.650708616012707 11.207611108198764 8.2418497856706363 84.290065928595141 4.6129188425838947 4.0301773324608803 3.303906287997961 0.59542206674814213 1.2148816619301213 3.3933008462190628
leaf_count=1632 72 200 49 204 108 157 53 41 156 7 55 2173 59 16 27 25 56 49 276 156 45 713 36 35 21 6 69 27
internal_value=-1.88223e-05 -0.00115802 -0.000592009 0.000750496 0.027337 0.00841027 0.00137049 0.0337181 -0.0201134 -0.00581537 -0.0139426 -0.000882459 -0.0246106 0.000375209 -0.000962107 0.0185215 0.00129205 0.0333202 -0.000104461 -0.0279474 -0.0360366 4.70758e-05 -0.00568727 0.0428533 0.0297571 -0.0465199 -0.0127304 0.0156628
internal_weight=729.733 402.945 398.772 372.963 21.668 14.6351 326.788 9.50648 25.809 16.9452 15.3938 351.295 13.3497 317.281 295.335 21.946 272.484 11.4387 261.045 22.8514 19.4495 337.945 10.9362 11.0098 6.9796 8.86376 1.8103 6.32329
internal_count=6523 4028 3956 3463 314 265 2495 94 493 262 255 3149 263 2401 2241 160 2013 105 1908 228 201 2886 79 81 46 231 75 43
is_linear=0
shrinkage=0.05


Tree=229
num_leaves=29
num_cat=0
split_feature=4 4 1 1 2 1 4 1 0 2 4 0 0 4 4 1 4 1 0 0 2 1 1 4 1 2 2 4
split_gain=0.453497 2.10587 3.32113 2.1459 1.80766 1.73024 1.5907 1.43135 1.23463 2.03591 1.6938 2.09798 1.34099 1.04211 2.42417 1.98578 1.74506 2.38136 4.51571 1.92297 1.61401 1.22255 1.12248 4.03165 2.71257 1.06784 0.909732 0.660921
threshold=0.077500000000000013 0.10755000000000002 52.250000000000007 43.050000000000004 29.650000000000002 55.350000000000001 0.12015000000000002 46.350000000000001 61.500000000000007 28.950000000000003 0.12865000000000001 54.500000000000007 65.500000000000014 0.062150000000000004 0.054850000000000003 44.750000000000007 0.062750000000000014 46.45000000000001 65.500000000000014 61.500000000000007 22.450000000000003 71.750000000000014 50.550000000000004 0.047550000000000009 49.550000000000004 26.150000000000002 36.400000000000006 0.19510000000000002
decision_type=2 2 2 2 2 2 2 2 2 2 2 2 2 2 2 2 2 2 2 2 2 2 2 2 2 2 2 2
left_child=13 2 3 -2 5 -4 7 -3 10 27 -8 -12 -11 14 21 -16 -15 18 -18 20 -19 22 24 -24 -1 -21 -23 -10
right_child=1 6 4 -5 -6 -7 8 -9 9 12 11 -13 -14 16 15 -17 17 19 -20 25 -22 26 23 -25 -26 -27 -28 -29
leaf_value=4.7679332827139074e-05 0.0087128642089712299 0 -0.049497386573042999 -0.053240721418043084 0.028297370135646108 0 -0.046301093215464981 0.04027840285498227 -0.04336487000276161 0.015653319872882637 -0.020095920086568447 0.018190447635039086 -0.026657598001713745 0.040192215491605406 0.016311907713020161 -0.052285680214018006 -0.060470551751780899 0.015926070727591283 0.03262529647255151 0.01345216013277576 0.066277481903900107 -0.049157556777924112 0.0043670478512695139 -0.051717231526675934 -0.015255371794949089 -0.0092743981272108388 -0.0057944878319249899 -0.010270898152623192
leaf_weight=378.12045141123235 1.5521274432539955 3.8492147251963598 2.275712884962557 6.8429018859751523 3.6777990981936446 6.466159962117672 1.3458401914685989 4.5320332646369934 4.680095216259363 6.4336577355861646 4.4402150278911003 15.555931538692676 2.4892796277999878 3.807503253221511 1.2578447014093388 3.7978663519024849 3.3716102726757518 6.9184096530079859 1.9286623969674108 9.81486708763987 2.2100159674882889 2.0232407385483375 198.61229526810348 3.1459180526435366 31.203355891630054 10.568810664117334 3.6320526599884033 2.9924450411926955
leaf_count=2911 11 24 42 118 30 46 31 20 82 55 39 330 15 26 18 68 39 76 18 98 12 55 1803 53 294 66 29 114
internal_value=-1.98281e-05 -0.00393844 -0.0171322 -0.04123 -0.000244851 -0.0130026 0.00190701 0.0215437 -0.00234496 -0.0126262 0.00543814 0.00938233 0.00313085 0.00037148 -0.000116173 -0.0342637 0.008332 0.00459902 -0.0256921 0.0102765 0.0292442 0.000161155 0.000385164 0.0034426 -0.00111012 0.00143673 -0.0227614 -0.0313991
internal_weight=727.546 67.1334 20.8147 8.39503 12.4197 8.74187 46.3187 8.38125 37.9375 16.5955 21.342 19.9961 8.92294 660.413 621.793 5.05571 38.6199 34.8124 5.30027 29.5121 9.12843 616.737 611.082 201.758 409.324 20.3837 5.65529 7.67254
internal_count=6523 957 247 129 118 88 710 44 666 266 400 369 70 5566 5231 86 335 309 57 252 88 5145 5061 1856 3205 164 84 196
is_linear=0
shrinkage=0.05


Tree=230
num_leaves=18
num_cat=0
split_feature=3 0 0 3 3 3 3 0 0 3 0 0 1 3 3 3 0
split_gain=0.409368 1.93281 5.67294 3.20995 1.29158 1.14241 3.19321 2.30462 2.15293 4.41521 1.72107 2.28087 3.26647 1.89068 1.43825 0.63772 0.0839114
threshold=8.4935000000000013e-05 59.500000000000007 65.500000000000014 8.2010000000000009e-05 7.5195000000000014e-05 9.5610000000000015e-05 9.8695000000000003e-05 53.500000000000007 57.500000000000007 8.651000000000001e-05 53.500000000000007 60.500000000000007 49.45000000000001 0.00027722500000000003 0.0036263200000000002 8.3300000000000005e-05 57.500000000000007
decision_type=2 2 2 2 2 2 2 2 2 2 2 2 2 2 2 2 2
left_child=1 3 -3 4 16 7 -7 -2 9 -9 14 12 -12 -13 -8 -5 -1
right_child=5 2 -4 15 -6 6 10 8 -10 -11 11 13 -14 -15 -16 -17 -18
leaf_value=-0.0048289106950793366 0.040959390796750671 -0.064586313728596925 0.038071878194864392 -0.0069954278729919793 0.030661046376377028 -0.056768152385173298 -0.03169293857364941 0.027789145861460952 0.025302944080050023 -0.034526430336111427 0.011727254156123593 -0.0065659462588586598 -0.0081489726343400275 0.00063387567749526703 0 -0.031494222709516483 0.0058643747864303847
leaf_weight=3.3605522066354769 4.9800630807876614 4.0158520028926423 1.854735195636749 6.5180365294218046 7.3594230562448502 2.3808189630508414 7.6378720402717573 4.4981712847948092 6.6204754635691634 7.1842631697654724 85.505107140168548 115.60195076372474 26.866805964149535 426.38295326870866 6.7383020669221878 5.4570117890834808 3.6538141258060932
leaf_count=21 23 65 16 27 30 10 37 19 36 34 433 1411 183 4098 29 27 24
internal_value=-2.23079e-05 -0.00552919 -0.0312209 0.00010235 0.0161683 0.000226767 -0.000144388 0.0110937 0.0025174 -0.010076 5.81857e-05 0.000442818 0.00692761 -0.000893505 -0.0169858 -0.0187419 4.26005e-05
internal_weight=726.616 32.2194 5.87059 26.3488 14.3738 694.397 671.114 23.283 18.3029 11.6824 668.733 654.357 112.372 541.985 14.3762 11.975 7.01437
internal_count=6523 210 81 129 75 6313 6201 112 89 53 6191 6125 616 5509 66 54 45
is_linear=0
shrinkage=0.05


Tree=231
num_leaves=20
num_cat=0
split_feature=4 4 4 2 1 3 4 4 3 3 4 2 4 1 3 4 2 2 3
split_gain=0.488883 2.35346 1.35948 1.93555 2.10456 1.2522 1.4029 1.23387 2.6542 0.844733 0.782116 3.90701 2.30056 5.28528 3.3263 1.01056 0.605146 2.75623 2.38665
threshold=0.17705000000000001 0.18455000000000002 0.19675000000000004 16.650000000000002 52.95000000000001 0.016350000000000003 0.35345000000000004 0.14355000000000004 0.0049313750000000009 0.011142310000000001 0.077500000000000013 17.350000000000005 0.097850000000000006 52.250000000000007 0.0035500000000000006 0.074650000000000008 40.550000000000004 38.050000000000004 0.00048096000000000006
decision_type=2 2 2 2 2 2 2 2 2 2 2 2 2 2 2 2 2 2 2
left_child=7 -2 -3 4 -4 -5 -7 10 -9 -10 15 -12 13 -13 -14 16 17 -1 -18
right_child=1 2 3 5 -6 6 -8 8 9 -11 11 12 14 -15 -16 -17 18 -19 -20
leaf_value=0.00029292969823159698 -0.057583580147148622 0.036091960777611509 -0.039669549407564231 -0.04398526382083192 0.053181777146278413 0.051410242435499791 -0.038053762864415308 0.064027740637497985 -0.015788529312625959 0.020877597365122898 -0.050151450471081799 -0.057009796043522722 0.048073350144336502 0.0028094027166781755 0 0.030663188350358431 0.017277893723174551 -0.019754699362581785 -0.0019081551443689837
leaf_weight=567.619450093247 2.0390229960903516 1.9972611702978591 0.74356691364664618 3.5050812435802072 1.8486861567944286 0.81860310956835725 0.70325732324272394 2.2722774371504766 3.2046970054507256 2.8632677095010877 4.4953384310938409 5.2446067407727268 4.1863313652575043 11.461524616926907 21.236533466726542 2.6409357190132132 24.303208658471704 17.570436811074615 47.131175674498081
leaf_count=4868 41 28 85 93 27 13 118 23 30 26 143 71 24 93 142 14 201 145 338
internal_value=-2.21381e-05 -0.0101416 0 -0.00929386 0.0242067 -0.0276796 0.00718844 0.000137398 0.0191441 0.000760316 -8.27684e-05 -0.00633971 -0.00143873 -0.0158998 0.00789324 0.000353044 0.000218873 -0.000303734 0.0045644
internal_weight=725.885 11.6555 9.61646 7.61919 2.59225 5.02694 1.52186 714.23 8.34024 6.06796 705.89 46.6243 42.129 16.7061 25.4229 659.265 656.624 585.19 71.4344
internal_count=6523 405 364 336 112 224 131 6118 79 56 6039 473 330 164 166 5566 5552 5013 539
is_linear=0
shrinkage=0.05


Tree=232
num_leaves=20
num_cat=0
split_feature=4 4 4 2 2 3 4 4 3 4 4 2 4 3 2 4 3 3 3
split_gain=0.457037 2.22345 1.24956 1.80503 1.80956 1.17146 1.32516 1.13161 2.51455 0.861484 0.715844 3.72745 2.09921 3.01166 1.9578 0.921038 0.621064 2.78137 2.55438
threshold=0.17705000000000001 0.18455000000000002 0.19675000000000004 16.650000000000002 14.850000000000003 0.016350000000000003 0.35345000000000004 0.14355000000000004 0.0049313750000000009 0.16200000000000003 0.077500000000000013 17.350000000000005 0.097850000000000006 0.0035500000000000006 21.550000000000004 0.074650000000000008 0.0015787650000000002 0.0013690800000000002 0.0019442100000000003
decision_type=2 2 2 2 2 2 2 2 2 2 2 2 2 2 2 2 2 2 2
left_child=7 -2 -3 4 -4 -5 -7 10 -9 -10 15 -12 14 -14 -13 16 17 -1 -18
right_child=1 2 3 5 -6 6 -8 8 9 -11 11 12 13 -15 -16 -17 18 -19 -20
leaf_value=-9.2251202125691193e-05 -0.056972691393955194 0.034666221189386691 -0.038656351962681718 -0.043269558985035247 0.049809437095488185 0.050670613439362237 -0.037621838225226752 0.063011680679987733 0.019237872484150449 -0.017800311358881261 -0.049939640185186318 0.011727993511532635 0.045737925364163434 0 -0.025989594616746176 0.029354050180816074 0.019673667010145807 -0.032282873230675628 0.00012043440623059077
leaf_weight=530.63298450456932 1.9608984710648645 1.9799982272088508 0.67633544746786389 3.3895104299299419 1.8428858551196752 0.79118279367685296 0.67756630177609622 2.1969996206462366 3.1570230182260275 2.902019988745451 4.2941933544352642 4.5355606451630619 4.1852141097188023 21.236533466726542 11.964438889175652 2.6256383061408988 20.120042892172933 6.7012099195271722 99.094052106142044
leaf_count=4634 41 28 77 93 35 13 118 23 30 26 143 21 24 142 143 14 141 124 653
internal_value=-2.16128e-05 -0.00995166 0 -0.0091371 0.023581 -0.0272447 0.00695032 0.000130244 0.0184249 0.000685383 -7.93747e-05 -0.00609362 -0.00137518 0.00749935 -0.0153123 0.000335572 0.000207456 -0.000508943 0.00347611
internal_weight=724.964 11.3184 9.35748 7.37748 2.51922 4.85826 1.46875 713.646 8.25604 6.05904 705.39 46.2159 41.9217 25.4217 16.5 659.174 656.548 537.334 119.214
internal_count=6523 405 364 336 112 224 131 6118 79 56 6039 473 330 166 164 5566 5552 4758 794
is_linear=0
shrinkage=0.05


Tree=233
num_leaves=25
num_cat=0
split_feature=4 4 4 3 3 4 4 1 3 4 0 1 1 4 1 4 4 1 3 4 0 1 4 4
split_gain=0.427107 2.10085 1.148 1.29746 1.05315 1.50645 1.04036 1.78673 1.53398 0.65295 1.66025 3.23881 2.2322 1.39993 1.09177 0.878133 2.25976 2.67194 2.04158 3.53607 2.18208 1.12508 0.626166 0.232249
threshold=0.17705000000000001 0.18455000000000002 0.19675000000000004 0.0085667550000000006 0.016350000000000003 0.35345000000000004 0.14355000000000004 47.250000000000007 0.0055077150000000007 0.077500000000000013 64.500000000000014 55.750000000000007 53.650000000000013 0.12015000000000002 59.45000000000001 0.062150000000000004 0.054850000000000003 44.550000000000004 0.0033204250000000005 0.062750000000000014 61.500000000000007 71.750000000000014 0.097850000000000006 0.2351
decision_type=2 2 2 2 2 2 2 2 2 2 2 2 2 2 2 2 2 2 2 2 2 2 2 2
left_child=6 -2 -3 23 -5 -6 9 -8 -9 15 11 12 -11 22 -13 16 21 -18 19 -17 -20 -1 -12 -4
right_child=1 2 3 4 5 -7 7 8 -10 10 13 14 -14 -15 -16 18 17 -19 20 -21 -22 -23 -24 -25
leaf_value=0.00034992774042173053 -0.056364737111537416 0.033279385269637141 0.026744127237052696 -0.050237418772170486 0.049933593445828955 -0.040327865005839708 -0.01896723853898127 0.063161054877490963 0.0095227441990891337 -0.010053701607415786 0.01086040433590277 -0.060789005418955336 0.025709311214693848 -0.017823655113021624 -0.0070702980636995734 0.05119430515767659 0.035196023113730796 -0.05215672310601456 0.068932593927723593 -0.0021124483170699916 0 -0.022011566173483904 0.045916158075179486 0
leaf_weight=610.02639936120249 1.8859291011467565 1.9639712162315826 1.5114400908350947 2.2332675419747834 0.76486420258879639 0.88977329659974203 2.1782888285815698 2.3444832786917686 3.6285675000399351 27.010766660794616 3.6509149540215713 3.7598182950168839 5.0547866113483897 2.2807253878563643 1.5872209519147871 3.349537916481494 0.96995412930846114 3.9446403700858355 2.5251984372735015 30.49394647218287 2.1414189580827951 5.5744711598381391 2.5080481469631195 1.7523787338286636
leaf_count=5061 41 28 15 98 13 182 17 24 38 276 33 56 43 27 15 19 12 74 15 269 32 84 23 28
internal_value=-2.07284e-05 -0.00975827 0 -0.00897497 -0.0285731 0 0.000123852 0.0177777 0.032093 -7.57001e-05 -0.00584403 -0.0104392 -0.0041982 0.0138242 -0.0461836 0.000318876 -0.000128422 -0.0335614 0.00763739 0.00315137 0.0383735 0.000135774 0.0264402 0.0130396
internal_weight=724.031 11.0016 9.1157 7.15172 3.88791 1.65464 713.029 8.15134 5.97305 704.878 45.8523 37.4126 32.0656 8.43969 5.34704 659.026 620.515 4.91459 38.5101 33.8435 4.66662 615.601 6.15896 3.26382
internal_count=6523 405 364 336 293 195 6118 79 62 6039 473 390 319 83 71 5566 5231 86 335 288 47 5145 56 43
is_linear=0
shrinkage=0.05


Tree=234
num_leaves=31
num_cat=0
split_feature=1 4 4 3 3 0 3 2 1 0 2 2 4 2 1 3 4 1 4 4 4 4 1 2 3 3 3 2 0 4
split_gain=0.434058 2.49973 6.86393 4.95054 8.82791 5.83095 4.79869 3.61178 3.21248 4.02469 1.80898 2.7362 3.0041 2.16861 1.74755 1.67985 1.3427 1.17613 1.14279 1.35085 5.1755 3.87607 3.08742 2.96793 7.39797 5.40714 1.11295 1.08492 0.386966 0.0327526
threshold=50.550000000000004 0.039850000000000003 0.030550000000000004 0.00078857000000000005 0.00059795500000000006 63.500000000000007 0.0014943250000000001 13.050000000000002 55.350000000000001 62.500000000000007 28.450000000000003 23.850000000000005 0.067650000000000002 50.20000000000001 52.750000000000007 0.00089465500000000017 0.041600000000000005 50.45000000000001 0.20055000000000003 0.039550000000000009 0.028550000000000002 0.027850000000000003 50.050000000000004 25.750000000000004 0.0012994950000000001 0.0021777800000000003 0.0046802500000000012 25.850000000000005 61.500000000000007 0.038250000000000006
decision_type=2 2 2 2 2 2 2 2 2 2 2 2 2 2 2 2 2 2 2 2 2 2 2 2 2 2 2 2 2 2
left_child=17 2 3 4 7 15 16 -2 9 -4 11 12 -8 26 -13 -5 28 18 19 20 21 -1 -22 25 -25 -21 -12 -20 -3 -11
right_child=1 6 8 5 -6 -7 10 -9 -10 29 13 14 -14 -15 -16 -17 -18 -19 27 23 22 -23 -24 24 -26 -27 -28 -29 -30 -31
leaf_value=-0.00098534923012546789 0.023914171550045875 -0.032786520270449662 0.012599531029416536 0.081801664533291796 -0.054427148463309566 -0.0078593694358668597 -0.049291037488934986 -0.0012635614485332601 0 0.083006273775389952 0.011826136629747878 0.015634727132519403 0.0074145346947697144 -0.017596143721733529 -0.03693588069359429 0.034093042593294778 -0.053997348329535823 -0.032508671667163175 -0.047876504242159376 -0.027601728988990187 -0.033437726138638151 0.041249336572396086 0.016747661929631709 0.055104507253293966 0.0040425900841672639 0.012670795002826477 0.045253741088058172 0.016903636805746771 -0.006401951553836667 0.057595054479421828
leaf_weight=350.10996934445575 15.804042583331464 2.8428309112787229 5.6365265399217623 3.5373421460390073 7.3363434523344031 6.2769423201680175 2.4673217497766045 134.40605707932264 5.1845073215663424 3.1534475237131119 7.2958022505044919 1.7169890175573517 25.025549490121193 3.8016707357019177 8.7692145723849517 5.5014963299036026 5.3867173297330737 2.8382146775256833 2.2846340223914008 15.654429350979624 18.53266811743379 5.4161426126956931 3.4608856327831736 8.5359971076250059 41.429119573906064 17.433326427824795 4.3156382339075208 0.69279073551297177 3.9039154723286629 4.6020813658833504
leaf_count=2695 158 20 32 19 89 37 52 1304 36 13 76 34 337 39 105 31 102 39 177 239 168 50 20 41 313 173 42 17 29 36
internal_value=-1.90442e-05 0.00162359 0.00452418 0.00138198 -0.00123291 0.028438 -0.00676852 0.00136634 0.0333319 0.0461865 -0.000201941 -0.00615655 0.00198415 0.0140935 -0.0277894 0.0540017 -0.0350176 -0.000934953 -0.00072388 -0.00050982 -0.00179 -0.000316461 -0.0252742 0.00524431 0.0129585 -0.00625798 0.0249575 -0.0311192 -0.0185662 0.069489
internal_weight=723.353 256.964 191.439 172.862 157.546 15.3158 65.5256 150.21 18.5766 13.3921 53.3922 37.9791 27.4929 15.4131 10.4862 9.03884 12.1335 466.388 463.55 460.573 377.52 355.526 21.9936 83.0529 49.9651 33.0878 11.6114 2.97742 6.74675 7.75553
internal_count=6523 2591 1755 1638 1551 87 836 1462 117 81 685 528 389 157 139 50 151 3932 3893 3699 2933 2745 188 766 354 412 118 194 49 49
is_linear=0
shrinkage=0.05


Tree=235
num_leaves=31
num_cat=0
split_feature=1 2 2 2 3 3 2 1 1 3 2 2 2 1 3 1 0 3 3 3 3 3 3 3 2 1 2 3 2 0
split_gain=0.393045 2.13751 1.90898 5.02712 5.46343 4.99289 4.96316 6.27096 3.21365 2.96104 3.19933 3.10412 2.72126 3.48691 2.11133 1.1104 1.10249 4.97629 10.9299 4.49773 3.03772 2.12732 6.11503 4.68414 6.55668 4.47898 2.66953 2.34591 2.06311 0.685731
threshold=50.550000000000004 58.550000000000004 17.350000000000005 13.250000000000002 0.00036877000000000009 0.00048096000000000006 12.850000000000003 56.350000000000001 51.45000000000001 0.00019904500000000004 21.450000000000003 21.650000000000002 17.450000000000003 55.750000000000007 0.00048096000000000006 50.350000000000001 62.500000000000007 0.00034518500000000008 0.00035601500000000005 0.00078857000000000005 9.051500000000001e-05 0.00062874500000000011 0.00059795500000000006 0.00080399000000000019 42.650000000000013 47.050000000000004 30.650000000000002 0.00048096000000000006 16.150000000000002 65.500000000000014
decision_type=2 2 2 2 2 2 2 2 2 2 2 2 2 2 2 2 2 2 2 2 2 2 2 2 2 2 2 2 2 2
left_child=15 2 3 6 -5 -6 7 -2 9 11 -11 -4 13 -10 -14 16 21 20 -19 -20 29 22 27 24 -23 -25 -24 -1 -22 -18
right_child=1 -3 8 4 5 -7 -8 -9 12 10 -12 -13 14 -15 -16 -17 17 18 19 -21 28 23 26 25 -26 -27 -28 -29 -30 -31
leaf_value=0.0037632696234591034 -0.018651699899761991 -0.048185354075420038 0.081151474842782442 -0.043464040030081155 0.049101484793643478 -0.018084225283112973 0.084455508613298813 0.044457734440052438 0 -0.036590542007471243 0.019709509894949399 0.011302320777906301 -0.0045588516816313365 0.10613271796610545 0.0062281981790081459 -0.022587510265880045 -0.0031377018310026466 0.083971679467557667 -0.021123726564395054 0.0044839087912022062 -0.042020095718895888 -0.051782239251066509 0.011614936544733051 -0.0058029778664036111 0.03383549256244741 0.014622077275297941 0.061541268206603252 -0.020207970992409164 -0.014656791605775106 0.036626762264797774
leaf_weight=154.87298021093011 11.274495361372834 2.0346253067255011 3.5369262346066561 13.536685155006127 3.8214225955307475 9.2392359437653777 2.0151822641491881 5.9022055342793456 1.6589433923363679 2.9176378920674351 14.31783857475966 3.2291447520256042 88.35264191403985 1.3142179474234579 92.674296992481686 5.735489896265789 1.5661190128885203 3.7412438243627539 23.074955878779292 65.347546080360189 12.606338381767275 9.7887585852295143 5.1820633411407453 108.90932760742726 2.7396643087267867 35.476415706565604 6.319034606218338 10.783489052206276 17.241776993498206 2.2985190898180008
leaf_count=1155 165 43 29 274 33 228 19 42 32 42 118 21 716 10 819 71 31 15 201 543 212 84 67 811 20 363 31 109 201 18
internal_value=-1.81685e-05 0.00154888 0.00198611 -0.00720694 -0.0213149 0.00141747 0.0120947 0.00287617 0.00403638 0.0212236 0.00973446 0.0491939 0.00175696 0.0484458 0.000936218 -0.000889916 -0.00060363 -0.00459609 0.0013708 -0.00215855 -0.021012 0.00088667 0.00465232 -0.00333319 -0.0325441 -0.000743171 0.0397709 0.00216144 -0.0264823 0.0195786
internal_weight=721.509 255.825 253.791 45.7892 26.5973 13.0607 19.1919 17.1767 208.002 24.0015 17.2355 6.76607 184 2.97316 181.027 465.684 459.948 125.876 92.1637 88.4225 33.7128 334.072 177.158 156.914 12.5284 144.386 11.5011 165.656 29.8481 3.86464
internal_count=6523 2591 2548 761 535 261 226 207 1787 210 160 50 1577 42 1535 3932 3861 1221 759 744 462 2640 1362 1278 104 1174 98 1264 413 49
is_linear=0
shrinkage=0.05


Tree=236
num_leaves=14
num_cat=0
split_feature=3 0 0 3 3 3 3 3 0 5 3 0 3
split_gain=0.422484 1.83442 5.13667 3.32567 1.48261 1.173 0.881522 4.36904 1.04816 2.19457 1.9034 0.0755103 0.00286772
threshold=8.3725000000000016e-05 59.500000000000007 65.500000000000014 8.2010000000000009e-05 8.5515000000000024e-05 7.5195000000000014e-05 8.9260000000000009e-05 9.051500000000001e-05 60.500000000000007 0.51500000000000012 0.00027722500000000003 57.500000000000007 8.7640000000000008e-05
decision_type=2 2 2 2 2 2 2 2 2 2 2 2 2
left_child=1 3 -3 5 -2 11 12 -8 9 -9 -10 -1 -6
right_child=4 2 -4 -5 6 -7 7 8 10 -11 -12 -13 -14
leaf_value=-0.0047542546495992219 0.027141884187441342 -0.063561832991443246 0.034513153963061337 -0.023453057266360655 -0.009964642974873688 0.029078484689530972 0.07380578834405796 0.00032514804236274172 -0.0066538739796193598 0.015207658326953095 0.00057524555371114968 0.0054347916587367921 -0.018372963745541239
leaf_weight=3.3618566989898735 4.9784547984600058 3.8894996996968976 1.8566369935870168 8.9169036597013456 4.742043271660803 7.3359420746564865 1.9123112410306919 104.22027324698865 115.75445179734379 32.699564093723893 421.23250834777718 3.6420071162283421 4.9100848883390427
leaf_count=21 24 65 16 39 20 30 9 548 1422 183 4098 24 24
internal_value=-1.68816e-05 -0.0059245 -0.0309692 0.000155435 0.000224854 0.0152429 1.81363e-05 0.000240758 1.36687e-05 0.00392443 -0.000974723 0 -0.0148992
internal_weight=719.453 29.0028 5.74614 23.2567 690.45 14.3398 685.471 675.819 673.907 136.92 536.987 7.00386 9.65213
internal_count=6523 195 81 114 6328 75 6304 6260 6251 731 5520 45 44
is_linear=0
shrinkage=0.05


Tree=237
num_leaves=30
num_cat=0
split_feature=4 4 1 4 3 4 4 1 0 4 4 3 1 1 0 1 1 0 4 4 4 1 1 4 1 3 4 3 1
split_gain=0.502193 7.655 3.45984 5.62991 5.0411 5.84052 9.7554 4.92267 4.06498 3.46868 3.38833 3.28725 3.16631 2.12889 7.11499 5.88457 4.22827 5.8841 4.16591 3.48451 5.39581 4.39269 2.73744 2.53761 1.48466 1.26894 1.02468 0.330459 0.326247
threshold=0.013350000000000002 0.015150000000000002 47.150000000000013 0.016650000000000002 0.00059795500000000006 0.018100000000000002 0.020650000000000005 48.550000000000004 64.500000000000014 0.015850000000000006 0.013150000000000002 0.00078857000000000005 60.650000000000013 57.150000000000013 54.500000000000007 53.650000000000013 55.650000000000013 61.500000000000007 0.0069500000000000004 0.012250000000000002 0.0087500000000000026 45.050000000000004 57.850000000000001 0.0064500000000000009 54.750000000000007 0.00089465500000000017 0.0083500000000000015 0.00036877000000000009 42.250000000000007
decision_type=2 2 2 2 2 2 2 2 2 2 2 2 2 2 2 2 2 2 2 2 2 2 2 2 2 2 2 2 2
left_child=10 27 4 8 9 -6 -7 25 12 -3 13 -9 -4 15 -15 19 26 -18 23 20 -1 -21 -20 -16 -10 -5 -17 -2 -11
right_child=1 2 3 7 5 6 -8 11 24 28 -12 -13 -14 14 18 16 17 -19 22 21 -22 -23 -24 -25 -26 -27 -28 -29 -30
leaf_value=0.0023165426071624913 -0.054627669369635236 0.030081955176255223 0.047097891354913747 0.001792128408681109 -0.057310843103686351 0.043712090350148718 -0.0067298291065334848 -0.01145262555485576 -0.05036393345421615 -0.024674821012059353 0.039571802607868869 0.0029563762024451355 -0.01409991194506454 -0.069760517370649561 0.012339649244053992 -0.055706103543675417 0.036300768413592692 -0.031843299566260426 0.076569817077285218 0.072700290312248658 -0.022412464976685784 0.0032630998007453643 0.024005525836144983 -0.033651614173114311 0.016469341478885312 0.030372817755832251 -0.025485854416489918 -0.02236932164254718 -0.055586648150085183
leaf_weight=279.4234008055646 6.4959146212786418 1.4134883508086193 14.55490767769516 5.6228347308933762 4.7528977245092383 10.69318128377199 85.222223091986962 59.550136476755142 1.8554565180093043 1.9617078900337199 5.5784465968608847 116.76875991444103 2.2839066237211219 2.3450769931077948 8.2335518524050695 7.3701052442193049 5.4824643563479167 7.1999604478478432 2.9875989258289364 3.7095918878912908 23.841970162466168 6.0944940745830536 17.633389047347009 4.5421438813209525 1.2295513339340685 16.13909979572054 6.3416519723832607 1.8020525630563495 7.7019872106611729
leaf_count=2106 103 14 119 48 65 68 826 546 41 40 24 1283 23 11 59 98 32 85 16 17 276 44 180 36 17 152 60 32 102
internal_value=-1.49028e-05 -0.00142416 -0.000208306 0.00344264 -0.00737236 -0.00377634 -0.00101454 0.000862044 0.0287165 -0.0392791 0.00122311 -0.00188553 0.038468 0.000629238 0.012225 -0.000580179 -0.0232167 -0.00194072 0.0183222 0.0013191 0.000349181 0.0305098 0.0321952 -0.00375766 -0.0224764 0.0232588 -0.042377 -0.0485674 -0.0501407
internal_weight=718.832 338.048 329.75 218.005 111.745 100.668 95.9154 198.081 19.9238 11.0772 380.784 176.319 16.8388 375.205 35.7418 339.464 26.3942 12.6824 33.3967 313.069 303.265 9.80409 20.621 12.7757 3.08501 21.7619 13.7118 8.29797 9.6637
internal_count=6523 3479 3344 2229 1115 959 894 2029 200 156 3044 1829 142 3020 302 2718 275 117 291 2443 2382 61 196 95 58 200 158 135 142
is_linear=0
shrinkage=0.05


Tree=238
num_leaves=25
num_cat=0
split_feature=4 4 2 1 2 4 1 4 4 1 4 1 1 5 1 2 4 2 4 4 4 2 1 2
split_gain=0.456444 7.21916 3.24864 3.52828 6.56743 5.10372 5.48478 4.13644 3.88584 3.8755 3.07888 1.92407 5.42655 3.99291 3.98124 6.7651 3.54377 3.49555 3.25803 3.99345 2.31123 1.83422 1.51125 0.663853
threshold=0.013350000000000002 0.015150000000000002 11.15 47.150000000000013 25.750000000000004 0.016650000000000002 48.550000000000004 0.019050000000000001 0.10755000000000002 60.750000000000007 0.013150000000000002 57.150000000000013 53.650000000000013 0.54500000000000015 55.650000000000013 20.650000000000002 0.0069500000000000004 27.150000000000002 0.012450000000000001 0.0087500000000000026 0.0064500000000000009 31.450000000000003 47.250000000000007 17.950000000000003
decision_type=2 2 2 2 2 2 2 2 2 2 2 2 2 2 2 2 2 2 2 2 2 2 2 2
left_child=10 23 -3 4 8 9 -7 -6 -4 -5 11 12 18 -13 21 -16 20 -18 19 -1 -15 -14 -20 -2
right_child=1 2 3 5 7 6 -8 -9 -10 -11 -12 13 14 16 15 -17 17 -19 22 -21 -22 -23 -24 -25
leaf_value=0.0021995645063562462 -0.0095985533617895247 -0.050552925387940123 -0.040630792181839216 0.036024338121802321 -0.031304728498529694 0.02580602796741668 -0.0013071020761618215 0.0035371037761499804 0.0042703154948043201 -0.035562223443345468 0.037803121848446225 -0.043740804654841536 -0.051383857747768547 0.011720504283198303 0.046296754665764162 -0.029474516202045099 0.016268144823179693 0.063688614552521269 0.06013630481542858 -0.018279864659531981 -0.032274067118609771 -0.004854897859289501 0.012392216657988845 -0.054573255839801341
leaf_weight=279.57105624070391 1.3085246719419945 3.0735006229951969 18.903946585953239 17.500015228986744 9.4865817762911302 20.75569510855712 174.60822054563323 76.145160406827927 6.1716040519531807 1.968435514718293 5.5528054833412162 2.8462921977043143 10.35312217846513 8.2401789128780347 4.4947464615106574 8.0815599216148239 14.587963884696366 5.5042978115379801 3.1327753588557234 25.90599175542593 4.5044644661247721 2.9916469529271117 4.2381972670555115 6.6796336267143488
leaf_count=2106 37 87 332 170 86 171 1789 566 119 24 24 15 137 59 57 60 153 39 16 291 36 21 30 98
internal_value=-1.70015e-05 -0.00136443 -0.000200478 0.000274936 -0.00695606 0.00402597 0.00155958 -0.000296486 -0.029408 0.028386 0.00116342 0.000596786 -0.000553669 0.0116297 -0.0225032 -0.00184799 0.0166993 0.0297577 0.00125559 0.00044103 -0.00356987 -0.0414385 0.0338868 -0.048034
internal_weight=716.606 336.601 328.613 325.54 110.707 214.832 195.364 85.6317 25.0756 19.4685 380.005 374.452 338.769 35.6832 25.9211 12.5763 32.8369 20.0923 312.848 305.477 12.7446 13.3448 7.37097 7.98816
internal_count=6523 3479 3344 3257 1103 2154 1960 652 451 194 3044 3020 2718 302 275 117 287 192 2443 2397 95 158 46 135
is_linear=0
shrinkage=0.05


Tree=239
num_leaves=31
num_cat=0
split_feature=1 4 4 4 2 2 4 2 4 2 1 0 0 1 1 1 0 4 4 4 1 4 2 4 0 1 1 2 5 4
split_gain=0.452628 2.5274 6.16975 3.13194 7.5803 6.9702 6.35867 3.45691 3.09818 4.43414 2.94581 3.51048 2.89383 1.93316 1.73946 2.27348 1.29193 1.71352 1.49032 1.08259 1.09985 4.41871 4.5386 5.37093 1.08721 4.94128 2.45593 3.63119 1.9407 1.45799
threshold=50.550000000000004 0.039850000000000003 0.030550000000000004 0.025550000000000003 37.550000000000004 13.250000000000002 0.025350000000000001 18.250000000000004 0.067650000000000002 40.150000000000006 55.650000000000013 62.500000000000007 65.500000000000014 52.250000000000007 51.45000000000001 52.95000000000001 64.500000000000014 0.13845000000000005 0.093500000000000014 0.20055000000000003 49.650000000000013 0.0064500000000000009 41.550000000000004 0.065300000000000011 62.500000000000007 49.150000000000013 49.250000000000007 16.950000000000003 0.55500000000000016 0.011450000000000002
decision_type=2 2 2 2 2 2 2 2 2 2 2 2 2 2 2 2 2 2 2 2 2 2 2 2 2 2 2 2 2 2
left_child=19 2 3 6 5 -5 7 -2 9 12 11 -4 -3 -10 -11 -16 17 -15 -18 20 24 -22 23 -23 26 29 28 -28 -1 -26
right_child=1 8 10 4 -6 -7 -8 -9 13 14 -12 -13 -14 16 15 -17 18 -19 -20 -21 21 22 -24 -25 25 -27 27 -29 -30 -31
leaf_value=-0.0008785503168505616 -0.011091120782557189 -0.04890281699853051 0.012166359167262032 0.02312949547684159 0.056575778998996289 -0.060066179449480929 0.089657092869362187 0.0066761488380637796 -0.032640828783266344 0.03624330657197191 -0.00092751048404666732 0.065131680377835136 0.022429104302804644 -0.0082285971785421488 -0.049146162721756689 0.016103087038831076 0.039774367317545356 0.016225924951482885 -0.0047947096492202447 -0.030882618383950317 0.039284978900359487 -0.035546610340857231 0.033778384358042 0.012388817193558452 -0.0082523722481899937 -0.06292838616580404 0.077584224064196378 0.0074533552581508792 0.010984404131732343 0.0030658132415040387
leaf_weight=256.32843429595232 35.49200661177747 11.594411168247463 5.6226966381073016 3.3379030637443057 2.5079771429300299 8.8515566214919073 2.0272408425807944 117.06538858450949 3.8196758510312057 2.965327709913252 4.7132012806832781 7.9860002025961876 1.4575281757861365 21.759628208354115 2.1753983721137047 2.9970149099826813 4.6848696265369645 10.549567385809494 2.7512457887642086 2.9107081631082101 4.0509860957972696 20.917635779827837 3.9703471884131423 7.8497450100257984 53.88992838235572 3.3737045424059025 2.4548156540840846 7.4805303793400526 39.664249354973435 59.279058942571282
leaf_count=1797 595 180 32 21 11 91 9 911 117 18 33 52 15 196 15 39 47 170 39 196 46 207 27 90 562 33 34 51 390 499
internal_value=-1.92065e-05 0.00167627 0.00463163 0.00160914 -0.0203157 -0.0368746 0.0037378 0.00250534 -0.00680268 -0.0224434 0.0321256 0.0438611 -0.0404469 0.000724329 0.00596547 -0.0108026 0.0041302 -6.40248e-05 0.0227762 -0.000955966 -0.00074873 -0.00902869 -0.0152607 -0.0222957 -1.39135e-05 -0.00413309 0.00153978 0.0258799 0.000697421 -0.00228218
internal_weight=714.529 252.359 187.604 169.282 14.6974 12.1895 154.585 152.557 64.7547 21.1897 18.3219 13.6087 13.0519 43.565 8.13774 5.17241 39.7453 32.3092 7.43612 462.17 459.259 36.7887 32.7377 28.7674 422.471 116.543 305.928 9.93535 295.993 113.169
internal_count=6523 2591 1755 1638 123 112 1515 1506 836 267 117 84 195 569 72 54 452 366 86 3932 3736 370 324 297 3366 1094 2272 85 2187 1061
is_linear=0
shrinkage=0.05


Tree=240
num_leaves=30
num_cat=0
split_feature=4 4 1 4 3 4 4 3 4 4 0 4 4 1 1 1 1 0 0 4 4 4 1 1 4 1 4 4 3
split_gain=0.425785 6.7863 2.90282 4.6952 4.57777 5.37743 8.89426 4.31699 12.086 8.10652 3.79721 2.86395 2.72082 2.69699 1.67997 5.03986 3.75785 5.32379 3.65637 3.27698 2.97079 4.53658 4.08736 2.66878 2.1027 1.38231 1.0184 0.385155 0.355684
threshold=0.013350000000000002 0.015150000000000002 47.150000000000013 0.016650000000000002 0.00059795500000000006 0.018100000000000002 0.020650000000000005 0.00078857000000000005 0.029100000000000004 0.030250000000000003 64.500000000000014 0.016350000000000003 0.013150000000000002 60.650000000000013 57.150000000000013 53.650000000000013 55.650000000000013 61.500000000000007 60.500000000000007 0.0069500000000000004 0.012250000000000002 0.0087500000000000026 45.050000000000004 57.850000000000001 0.0064500000000000009 54.750000000000007 0.0083500000000000015 0.018950000000000005 0.00036877000000000009
decision_type=2 2 2 2 2 2 2 2 2 2 2 2 2 2 2 2 2 2 2 2 2 2 2 2 2 2 2 2 2
left_child=12 28 4 10 11 -6 -7 9 -9 -5 13 -3 14 -4 15 20 26 -18 -16 24 21 -1 -22 -21 -20 -12 -17 -13 -2
right_child=1 2 3 7 5 6 -8 8 -10 -11 25 27 -14 -15 18 16 17 -19 19 23 22 -23 -24 -25 -26 -27 -28 -29 -30
leaf_value=0.0021381660443936779 -0.053918317191927002 0.020748029121010488 0.044247922866981926 -0.021298427309831842 -0.056467823523811779 0.042128948861318329 -0.0063072838172459709 0.040484857721189996 -0.0005864115827033489 0.017627011019560566 -0.050275195405996675 -0.020406903721661936 0.035682096652098913 -0.012769359613511194 -0.042218529307315636 -0.054446792244071042 0.034361180709349258 -0.030736839130537486 0.010818474079982614 0.07197969839382086 0.069922345531342703 -0.020799353851223973 0.0022981126456413496 0.020079078317056392 -0.031210496643091924 0.014620872265828234 -0.023642739395257767 -0.054709176122146853 -0.020170076848307811
leaf_weight=279.5289339593146 5.9876882759854189 1.5816511847078789 14.153623592108493 45.320860404521227 4.4649247080087653 10.565958850085734 84.688571179751307 21.194294344633818 111.36349189060275 18.740601843222976 1.8288863971829408 1.6771313585340957 5.5158004164695731 2.2304295971989623 2.8279849141836158 6.857474824413659 5.4808833561837655 7.05848328769207 8.2475886978209001 2.9815114289522198 3.5940593071281892 23.2488705329597 6.0853085853159428 17.003727414645255 4.4737672284245482 1.2028509005904195 6.1001949571073055 7.2698063626885414 1.6927629858255384
leaf_count=2106 103 15 119 455 65 68 826 130 1310 134 41 29 24 23 15 98 32 85 59 16 17 276 44 176 36 17 60 112 32
internal_value=-1.69257e-05 -0.00132528 -0.000209354 0.00314365 -0.00682189 -0.00343832 -0.000843588 0.000795263 0.00596824 -0.00982349 0.0265431 -0.0380644 0.0011228 0.0361522 0.000589619 -0.000484838 -0.0218254 -0.00184055 0.0109213 0.0157832 0.00124702 0.000354109 0.0283773 0.0283907 -0.00370018 -0.0232862 -0.0406199 -0.0491284 -0.0474777
internal_weight=712.968 333.964 326.283 216.035 110.248 99.7195 95.2545 196.619 132.558 64.0615 19.4158 10.5286 379.005 16.3841 373.489 337.954 25.497 12.5394 35.5346 32.7066 312.457 302.778 9.67937 19.9852 12.7214 3.03174 12.9577 8.94694 7.68045
internal_count=6523 3479 3344 2229 1115 959 894 2029 1440 589 200 156 3044 142 3020 2718 275 117 302 287 2443 2382 61 192 95 58 158 141 135
is_linear=0
shrinkage=0.05


Tree=241
num_leaves=31
num_cat=0
split_feature=2 2 2 2 0 2 3 2 0 3 3 3 0 2 3 3 3 2 2 3 0 2 2 2 0 3 3 0 2 3
split_gain=0.453134 2.52852 2.92108 4.49079 7.55017 6.30194 4.46498 4.35687 2.82475 2.69721 2.0606 1.61737 1.2539 1.07219 3.50594 1.10569 5.09212 5.11138 4.56404 3.52977 18.9559 3.26623 8.34478 7.65103 2.2443 3.91397 1.26951 0.991949 0.885736 0.410794
threshold=30.450000000000003 31.650000000000002 33.150000000000013 34.650000000000013 61.500000000000007 33.550000000000004 0.00097842500000000021 35.70000000000001 61.500000000000007 0.00069947500000000007 0.00089465500000000017 0.00048096000000000006 63.500000000000007 29.650000000000002 0.00097842500000000021 0.00019689000000000002 0.00027722500000000003 19.750000000000004 22.150000000000002 0.00012297000000000002 62.500000000000007 16.650000000000002 13.950000000000001 21.350000000000005 65.500000000000014 0.00080399000000000019 0.00050264000000000005 62.500000000000007 29.950000000000003 0.00024785500000000006
decision_type=2 2 2 2 2 2 2 2 2 2 2 2 2 2 2 2 2 2 2 2 2 2 2 2 2 2 2 2 2 2
left_child=13 8 9 4 5 -4 -6 -5 10 -3 -2 -9 -10 15 28 19 17 29 -19 21 -21 22 -1 -23 26 -26 -18 -16 -15 -17
right_child=1 2 3 7 6 -7 -8 11 12 -11 -12 -13 -14 14 27 16 24 18 -20 20 -22 23 -24 -25 25 -27 -28 -29 -30 -31
leaf_value=0.001917342593952903 -0.021717899697123649 0.0066375030147088204 0.015037309040717116 -0.055082978877579625 -0.026609460666548124 0.099852777481620747 0.031184765308188079 0.0095423049008701404 0.023487365093638718 -0.036381223153515573 0.022227953761103893 -0.0033322788867242038 0.066837234220783692 -0.020748675202742595 0.024496620757490178 -0.052569462586277399 0.0030351448104133597 0.020384216616544652 -0.034575924091302168 0.13986763500222804 -0.049603889794050345 0.038731926713970084 -0.040901259493010364 -0.0025224481753115357 -0.0018203505011506914 0.03207452786224959 -0.0040101223418082064 -0.0064928257606259622 -0.059599894653889533 -0.017035412028463648
leaf_weight=98.18334629945457 4.7554132267832774 5.4634583219885817 4.6191761046648043 3.566692028194665 7.4735697321593744 4.444820448756218 5.8720540255308151 33.652255743741989 4.9395038038492185 9.745850555598734 5.7672380730509758 87.708279357291758 3.1508280709385872 3.9191585890948799 4.0662917755544168 9.7329500736668724 94.970696290954947 8.4252474494278413 6.6444143075495949 2.4932339340448371 2.560470674186945 17.602536419872195 12.748077541356905 30.197954946197569 20.756779558956623 14.038370508700607 192.12421480816556 6.3310449570417404 3.2471832260489464 1.5003623440861691
leaf_count=569 31 39 23 26 65 19 33 274 28 72 31 653 23 35 28 253 936 71 126 17 42 170 219 274 220 125 2036 45 21 19
internal_value=-1.92992e-05 0.0021313 9.6583e-05 0.00228563 0.0228562 0.0578107 -0.000765417 -0.0013797 0.0195377 -0.0206591 0.00187969 0.000201486 0.0415906 -0.000764733 -0.012884 -0.000336776 -0.00193907 -0.02305 -0.00358702 0.00303815 0.0438015 0.00168208 -0.00299068 0.0126142 -0.000191852 0.0117642 -0.0016619 0.00526842 -0.0396188 -0.0484568
internal_weight=710.701 181.159 162.546 147.337 22.4096 9.064 13.3456 124.927 18.613 15.2093 10.5227 121.361 8.09033 529.542 17.5637 511.979 348.193 26.303 15.0697 163.786 5.0537 158.732 110.931 47.8005 321.89 34.7952 287.095 10.3973 7.16634 11.2333
internal_count=6523 1317 1204 1093 140 42 98 953 113 111 62 927 51 5206 129 5077 3786 469 197 1291 59 1232 788 444 3317 345 2972 73 56 272
is_linear=0
shrinkage=0.05


Tree=242
num_leaves=13
num_cat=0
split_feature=3 3 3 0 0 0 3 3 3 0 3 3
split_gain=0.443172 3.79597 1.68657 2.56876 4.82774 1.02509 0.850509 2.64735 1.46845 2.17492 0.184451 0.000936015
threshold=8.4935000000000013e-05 8.5515000000000024e-05 8.3300000000000005e-05 59.500000000000007 65.500000000000014 55.500000000000007 8.9260000000000009e-05 9.3030000000000009e-05 9.5085000000000002e-05 53.500000000000007 7.866500000000002e-05 8.7640000000000008e-05
decision_type=2 2 2 2 2 2 2 2 2 2 2 2
left_child=2 -2 3 5 -5 10 11 -8 -9 -10 -1 -3
right_child=1 6 -4 4 -6 -7 7 8 9 -11 -12 -13
leaf_value=0.0043926229893410948 0.067877064458454484 -0.0098084330896940821 -0.030934973421732771 -0.062706207483467974 0.032848422730934558 0.019265411975626152 0.032147149556134756 -0.033571149901257528 -0.018789590596078251 0.00055084848309479805 -0.0082762417577970492 -0.018025226764974159
leaf_weight=4.5474510639906001 1.9683444499969471 4.7394655644893628 5.419025018811225 3.7592804839368901 1.8573400154709814 9.8635530695319176 6.3428869247436515 3.1526035070419303 14.770177312195299 641.40015493787359 6.3737085610628128 4.8914108574390411
leaf_count=26 9 20 27 65 16 50 32 18 68 6142 26 24
internal_value=-2.08716e-05 0.000243363 -0.00578464 -0.000336467 -0.0302111 0.0076031 2.8802e-05 0.000250676 -5.34237e-05 0.000105086 -0.0025554 -0.0146378
internal_weight=709.085 677.265 31.8204 26.4013 5.61662 20.7847 675.297 665.666 659.323 656.17 10.9212 9.63088
internal_count=6523 6313 210 183 81 102 6304 6260 6228 6210 52 44
is_linear=0
shrinkage=0.05


Tree=243
num_leaves=13
num_cat=0
split_feature=3 0 0 3 3 3 3 3 5 3 3 0
split_gain=0.411453 1.53101 4.53064 2.91655 1.27867 1.09129 0.775306 2.4203 1.52381 4.30735 1.38758 0.0588677
threshold=8.3725000000000016e-05 59.500000000000007 65.500000000000014 8.2010000000000009e-05 8.5515000000000024e-05 7.5195000000000014e-05 8.9260000000000009e-05 9.3030000000000009e-05 0.47500000000000003 9.5085000000000002e-05 0.0022204250000000003 57.500000000000007
decision_type=2 2 2 2 2 2 2 2 2 2 2 2
left_child=1 3 -3 5 -2 11 -6 -8 10 -10 -9 -1
right_child=4 2 -4 -5 6 -7 7 8 9 -11 -12 -13
leaf_value=-0.0051193517714227185 0.025384862550453576 -0.061776425051528285 0.031280059196149464 -0.022599908171370836 -0.014007219078192823 0.027131895382069667 0.030899792055106613 -0.038547073909213914 -0.064774163132959528 0.0005674488625786472 -0.0047827294090428841 0.0039115772922639494
leaf_weight=3.3554634451866203 4.9111847877502433 3.6298587659839532 1.857940576970577 8.8549867421388608 9.5895642936229688 7.2977500259876251 6.2747908979654303 4.6052099764347068 2.4313625171780577 642.36899846029701 9.9340816140174848 3.5998453758656979
leaf_count=21 24 65 16 39 44 30 32 21 15 6146 46 24
internal_value=-2.0251e-05 -0.00589135 -0.0293806 0 0.000220082 0.01376 2.59067e-05 0.000237668 -5.11964e-05 0.000303305 -0.0160091 0
internal_weight=708.711 28.5958 5.4878 23.108 680.115 14.2531 675.204 665.614 659.34 644.8 14.5393 6.95531
internal_count=6523 195 81 114 6328 75 6304 6260 6228 6161 67 45
is_linear=0
shrinkage=0.05


Tree=244
num_leaves=25
num_cat=0
split_feature=4 4 4 3 4 4 4 4 0 0 0 4 4 4 4 4 4 4 4 3 4 0 4 4
split_gain=0.417203 4.17222 3.54832 12.3081 0.995769 5.96675 5.39265 4.7469 0.880375 5.72978 3.45993 0.511154 5.43897 4.10634 5.00527 3.63318 9.97121 2.90772 6.76469 2.89344 2.29129 1.8899 0.476097 0.409137
threshold=0.0087500000000000026 0.0094500000000000018 0.0084500000000000009 0.00036877000000000009 0.010500000000000001 0.011450000000000002 0.0117 0.012150000000000003 63.500000000000007 64.500000000000014 62.500000000000007 0.0064500000000000009 0.0069500000000000004 0.0073500000000000015 0.0075500000000000003 0.0050500000000000015 0.0041000000000000003 0.0051500000000000009 0.0056500000000000014 0.00019904500000000004 0.0039500000000000013 61.500000000000007 0.007150000000000001 0.0098500000000000029
decision_type=2 2 2 2 2 2 2 2 2 2 2 2 2 2 2 2 2 2 2 2 2 2 2 2
left_child=2 -2 11 -4 8 -6 -7 -8 10 -10 23 15 19 22 -15 16 20 -17 -19 -13 -1 -21 -14 -3
right_child=1 4 3 -5 5 6 7 -9 9 -11 -12 12 13 14 -16 17 -18 18 -20 21 -22 -23 -24 -25
leaf_value=0.00061621096600134257 -0.052116248314161132 0.0093924771833422491 0.070226597928699661 -0.051048921649441741 -0.054518703561387161 0.053717612327956944 -0.047450518340904795 -0.00028908582154326464 0.087799829078765546 -0.032909901111690489 -0.045929307104772166 -0.059188228912459666 0.039132980230696987 -0.058197462298250319 0.0018022097006366957 0.051644672834142841 -0.05443623158484491 -0.050400183364053913 0.023105222444780995 -0.048287922745538822 0.036200628414119009 0.0013817848068248275 0.017266594576959209 0.036378008451869309
leaf_weight=205.40132544562221 3.873620329424738 3.9124348200857622 6.430282134562729 2.9466156214475632 5.0524843744933596 4.45679773017764 5.3213801058009258 355.96869107161183 2.0619142837822433 1.6521412106230853 2.4039578828960657 5.4515452273190013 6.2274989634752256 3.7411959245800963 35.30283023789525 5.3497494906187084 8.2017147964797896 3.6673270035535124 17.82376285456121 2.5048698354512435 4.5374226719140998 6.5419366424903274 6.565249202772975 3.0640444569289684
leaf_count=1200 72 48 46 48 59 33 77 3634 13 42 24 66 50 63 337 34 163 83 155 73 31 84 62 26
internal_value=-2.02113e-05 -0.00113044 0.00130658 0.0314526 -0.00058952 -0.00108199 -0.000315436 -0.00101049 0.0128793 0.033338 0.0039854 0.00037271 -0.00349569 0.00400401 -0.00395321 0.00144158 -0.000675421 0.0187711 0.010155 -0.0304961 0.00142597 -0.0122016 0.0285199 0.0222976
internal_weight=708.461 387.767 320.693 9.3769 383.894 370.799 365.747 361.29 13.0945 3.71406 9.38044 311.316 66.3351 51.8368 39.044 244.981 218.14 26.8408 21.4911 14.4984 209.939 9.04681 12.7927 6.97648
internal_count=6523 4028 2495 94 3956 3803 3744 3711 153 55 98 2401 735 512 400 1666 1394 272 238 223 1231 157 112 74
is_linear=0
shrinkage=0.05


Tree=245
num_leaves=31
num_cat=0
split_feature=2 4 1 1 2 2 4 4 4 4 2 1 1 0 4 4 4 2 2 2 2 2 2 1 4 2 4 4 4 4
split_gain=0.403158 2.83871 10.4315 6.49712 3.35203 11.311 7.04942 4.02987 6.6675 3.94 3.02357 5.88742 4.83441 2.17454 1.08248 3.82825 3.21837 1.01899 4.97213 4.33596 3.23318 3.69174 3.8531 2.52571 5.85106 4.74969 1.97422 1.73757 8.81935 6.34823
threshold=30.450000000000003 0.0095500000000000012 43.95000000000001 49.95000000000001 34.650000000000013 33.650000000000013 0.015500000000000002 0.027350000000000003 0.019150000000000004 0.087550000000000003 38.850000000000009 53.550000000000004 42.250000000000007 61.500000000000007 0.0069500000000000004 0.0064500000000000009 0.0083500000000000015 24.750000000000004 24.350000000000005 23.650000000000002 25.550000000000004 25.850000000000005 25.750000000000004 50.850000000000001 0.021950000000000001 27.950000000000003 0.0079500000000000022 0.040650000000000006 0.030250000000000003 0.067650000000000002
decision_type=2 2 2 2 2 2 2 2 2 2 2 2 2 2 2 2 2 2 2 2 2 2 2 2 2 2 2 2 2 2
left_child=17 2 -2 13 5 7 -6 8 -3 -9 11 -8 -12 -4 15 -5 -16 18 19 27 26 22 -22 24 -23 -25 -19 28 -1 -29
right_child=1 4 3 14 6 -7 10 9 -10 -11 12 -13 -14 -15 16 -17 -18 20 -20 -21 21 23 -24 25 -26 -27 -28 29 -30 -31
leaf_value=-0.0003376292253426981 -0.051792501232588328 -0.0042732383493650043 0.035671518426236941 0.027295452340584909 -0.055061000054157053 0.087704957942910222 -0.032803278381451743 -0.025828818364431707 0.05209294079467134 0.024945456236262313 0.049143567464337345 0.033020063822031293 -0.0013215588151327623 0.083840065747035744 0.049377409260308786 -0.033518616927120146 -0.0070710387145066639 -0.00028748687732816426 0.03985159269052569 -0.040806854860011746 -0.0062896087209697625 -0.040788697132121195 0.055030694384580192 -0.02071577193869259 0.0043769744042565671 0.013056693424105342 -0.048358780895850509 -0.030158741296108699 0.033652485170385292 0.0031058681043203023
leaf_weight=332.76135913981125 4.9498154334723941 13.579453669488432 6.6194710880517977 4.9960468932986277 6.8251388631761065 4.1466932594776145 16.577215792611245 15.874805003404619 8.2937419414520246 4.8427069224417201 5.0091549009084693 4.1091465456411234 64.894624894484878 4.4585838168859482 4.6886268071830255 5.122650608420372 5.0215647667646408 3.4741978421807271 7.6992110610008231 6.4479985306970766 4.5939024873077852 13.929721452295782 5.2953688651323318 15.916473898105322 14.268989199772475 29.562724784016609 6.4922920102253556 20.667533613741398 20.129427518695593 45.63112204358913
leaf_count=2955 95 76 36 52 83 19 137 100 47 34 41 38 439 23 39 35 23 27 62 87 39 148 34 189 145 210 106 313 144 747
internal_value=-2.29426e-05 0.00201192 0.0145903 0.0255157 -0.00109014 0.00986269 -0.00640103 0.00197905 0.0170116 -0.0136574 -0.00262314 -0.0193916 0.00228827 0.0560818 0.00799232 -0.00302946 0.0199013 -0.000727908 0.000283102 -0.000430087 -0.00546056 -0.00216895 0.026267 -0.00608391 -0.0178228 0.00110804 -0.0322677 0.00018865 0.00159604 -0.00721834
internal_weight=706.88 180.009 35.8568 30.9069 144.153 46.7374 97.4153 42.5907 21.8732 20.7175 90.5901 20.6864 69.9038 11.0781 19.8289 10.1187 9.71019 526.87 433.337 425.637 93.5337 83.5672 9.88927 73.6779 28.1987 45.4792 9.96649 419.189 352.891 66.2987
internal_count=6523 1317 303 208 1014 276 738 257 123 134 655 175 480 59 149 87 62 5206 4308 4246 898 765 73 692 293 399 133 4159 3099 1060
is_linear=0
shrinkage=0.05


Tree=246
num_leaves=25
num_cat=0
split_feature=4 4 2 2 4 2 2 4 1 1 2 2 1 2 4 2 4 4 4 4 1 2 5 2
split_gain=0.423102 6.32705 3.25304 7.91248 4.53363 4.74607 6.2065 2.57083 2.38935 4.6625 4.45365 1.62695 9.29189 4.97412 4.33907 7.22366 4.12472 4.05258 5.22379 3.18914 5.35526 3.96358 0.73284 0.705516
threshold=0.013350000000000002 0.015150000000000002 14.850000000000003 14.950000000000001 0.015500000000000002 11.950000000000001 11.850000000000003 0.013150000000000002 59.45000000000001 52.95000000000001 33.150000000000013 28.150000000000002 43.95000000000001 22.250000000000004 0.0095500000000000012 34.650000000000013 0.0039500000000000013 0.0080500000000000016 0.0062500000000000012 0.0083500000000000015 44.95000000000001 21.950000000000003 0.59500000000000008 17.950000000000003
decision_type=2 2 2 2 2 2 2 2 2 2 2 2 2 2 2 2 2 2 2 2 2 2 2 2
left_child=7 23 4 -4 -3 6 -6 11 9 -5 -10 13 -13 19 16 -16 -14 18 -15 21 -21 -1 -7 -2
right_child=1 2 3 8 5 22 -8 -9 10 -11 -12 12 14 17 15 -17 -18 -19 -20 20 -22 -23 -24 -25
leaf_value=-0.00014223177148732028 -0.0065147841102458394 0.063316438429924099 0.092116826845107636 -0.0017379018937371397 -0.031077401778911613 -0.052966301329650238 0.05017623043348704 0.034831163128134342 -0.019915721206793573 0.013888626568927377 0.040893661999871843 -0.051766553470219405 -0.031306809208708201 -0.055691394944142152 0.017529144731644557 -0.0549533159509362 0.026808154685538134 -0.053350989326429454 0.0071148714670090556 0.056718052528026641 0.0053980051804996751 -0.053250970948781166 -0.007281964474603022 -0.053884096104063195
leaf_weight=245.71577314543538 1.2175267785787571 1.4349844902753854 2.268084753304719 206.71463773166761 6.0165801900438982 9.3861943054944259 3.7165759950876236 5.4768623709678641 26.669614610029388 61.832439090358093 3.2536392360925666 5.7721602935343972 3.1505640149116507 4.3160753990523579 9.089212238788603 5.3507480025291434 39.136868624016643 7.365843857638537 12.808514486998318 6.3216794505715361 25.957551330327988 3.4674329385161391 1.2923958376049984 6.1305027836933732
leaf_count=1849 37 7 28 1914 137 318 16 24 289 584 24 115 18 55 63 58 251 139 101 39 294 38 27 98
internal_value=-2.26623e-05 -0.00133445 -0.000266837 0.00107327 -0.0188631 -0.0251648 0 0.00112146 0.000334057 0.00184529 -0.013023 0.000597502 0.00794996 -0.000890216 0.0141947 -0.00917868 0.0222968 -0.0224642 -0.00865594 0.000976522 0.0157473 -0.000922373 -0.04802 -0.0468994
internal_weight=703.862 329.933 322.585 300.738 21.8467 20.4117 9.73316 373.929 298.47 268.547 29.9233 368.452 62.4996 305.953 56.7274 14.44 42.2874 24.4904 17.1246 281.462 32.2792 249.183 10.6786 7.34803
internal_count=6523 3479 3344 2839 505 498 153 3044 2811 2498 313 3020 505 2515 390 121 269 295 156 2220 333 1887 345 135
is_linear=0
shrinkage=0.05


Tree=247
num_leaves=19
num_cat=0
split_feature=2 2 2 3 0 0 0 2 2 3 2 2 2 2 0 3 2 0
split_gain=0.433219 1.76688 1.4821 1.22323 1.74748 0.939329 0.959687 0.839531 2.38918 1.83268 0.564709 6.87567 3.55507 0.225088 0.495854 0.415363 0.303552 0.000333686
threshold=45.95000000000001 43.70000000000001 49.45000000000001 0.00089465500000000017 62.500000000000007 61.500000000000007 64.500000000000014 42.850000000000001 42.650000000000013 0.00048096000000000006 34.650000000000013 33.550000000000004 35.70000000000001 51.100000000000009 63.500000000000007 0.0012994950000000001 60.45000000000001 64.500000000000014
decision_type=2 2 2 2 2 2 2 2 2 2 2 2 2 2 2 2 2 2
left_child=1 7 5 4 -3 -2 -7 8 10 -9 11 -1 -12 14 -4 -15 -17 -18
right_child=2 3 13 -5 -6 6 -8 9 -10 -11 12 -13 -14 15 -16 16 17 -19
leaf_value=-0.00048237711883423974 -0.037801207122237432 0.055564849263733 -0.00065716115769081534 0.0013308065328643767 0.010028426319601019 0.0088989369393777575 -0.02824996114422881 -0.053374024982038387 0.040802684437046904 0 -0.053798039040452023 0.039947436934955366 -0.0017439013216448069 0.013344229412861326 0.02187194441127057 -0.022728337263260203 0 -0.0019569323115489873
leaf_weight=567.88186395290541 4.5704087018966657 3.5384374558925646 5.7298157662153262 8.679341718554495 5.9767920151352882 3.6600996889173985 2.9645141735672951 2.2527787033468476 3.468889206647872 4.8912184163928032 3.3944321498274794 10.612746994942425 58.64357175026089 2.8115625306963912 3.6913100481033325 2.4860043600201589 3.4327125158160925 2.7431214340031147
leaf_count=5486 34 26 23 42 39 36 25 41 31 45 26 84 453 30 26 28 23 25
internal_value=-2.62854e-05 0.000238995 -0.00569852 0.0155671 0.0278839 -0.0203327 -0.00715454 -0.000183956 0 -0.0171107 -0.000220831 0.000257461 -0.00475452 0.00196365 0.00778187 -0.00240779 -0.00818537 -0.00126569
internal_weight=701.43 669.34 32.0895 18.1946 9.51523 11.195 6.62461 651.146 644.002 7.144 640.533 578.495 62.038 20.8945 9.42113 11.4734 8.66184 6.17583
internal_count=6523 6273 250 107 65 95 61 6166 6080 86 6049 5570 479 155 49 106 76 48
is_linear=0
shrinkage=0.05


Tree=248
num_leaves=31
num_cat=0
split_feature=4 4 1 1 4 3 1 3 3 1 4 0 1 3 3 3 3 4 3 3 4 3 1 1 0 1 4 3 4 1
split_gain=0.408072 1.83424 2.80256 1.85965 1.34002 1.32172 2.85003 2.43944 2.11371 1.13031 1.03903 1.63317 1.60566 1.18203 0.955661 2.90657 3.00382 5.2403 4.67045 2.25599 3.05372 2.9986 2.42901 3.1867 2.38272 1.96654 1.7668 1.66091 1.53121 1.0468
threshold=0.077500000000000013 0.10755000000000002 52.250000000000007 43.050000000000004 0.12015000000000002 0.0030075550000000007 46.050000000000004 0.004237035000000001 0.0044500000000000008 46.350000000000001 0.091200000000000017 65.500000000000014 55.95000000000001 0.0044500000000000008 0.0015787650000000002 0.0013690800000000002 0.0012994950000000001 0.042850000000000006 0.0012167600000000001 0.0019442100000000003 0.054850000000000003 0.0021089650000000004 46.550000000000004 51.45000000000001 62.500000000000007 49.95000000000001 0.051500000000000011 0.0032739950000000005 0.05655000000000001 52.95000000000001
decision_type=2 2 2 2 2 2 2 2 2 2 2 2 2 2 2 2 2 2 2 2 2 2 2 2 2 2 2 2 2 2
left_child=14 2 3 -2 9 6 -6 -7 -9 -3 11 12 -4 -12 15 16 18 -18 28 20 24 26 27 -24 -16 -19 -21 -23 -1 -17
right_child=1 4 10 -5 5 7 -8 8 -10 -11 13 -13 -14 -15 19 29 17 25 -20 21 -22 22 23 -25 -26 -27 -28 -29 -30 -31
leaf_value=-0.00048368099295414111 0.0076709740893543196 0 0.024119653560971021 -0.051713557080140818 0.076995989178949245 -0.05232693854264836 -0.016591577327287572 0.063644628473894918 -0.0040998588436457406 0.036488754753382258 -0.036659636847089304 0.046967618038005206 -0.034901678528336748 0.0082947467991953319 0.015647782787536025 -0.04303777292518321 0.064618530407718519 -0.049485926954106772 -0.05408587479441114 -0.059333277650054653 -0.011601300867717568 -0.014213172628347842 0.030194742449938999 -0.00092844880280252759 0.059344895804721756 0.025458377903067882 -0.0072849919994687137 0.0034579408550130075 0.025818052835988009 0.0021867494076244776
leaf_weight=493.35868990491144 1.4575891122221971 3.8292776346206647 2.1588401682674867 6.2378400769084692 1.4558970183134072 2.4612770695239297 1.5044917855411766 1.0954763889312769 29.135399419290479 4.4880929291248322 3.1967529691755772 2.1457477603107691 2.1948704943060875 2.3066816031932831 9.1785151138901728 5.3194241793826214 4.5714948475360861 1.8893903736025097 3.952784299850463 2.8973797671496859 5.3328028917312613 19.291000463068485 16.416455406695604 15.77137811668217 5.1133439168333998 1.3847909793257711 4.2192016951739788 41.54795016720891 5.4936257731169453 1.3940943181514738
leaf_count=4474 11 24 34 118 6 48 45 5 562 20 45 15 11 13 57 106 19 34 39 26 49 127 100 165 35 14 33 214 54 20
internal_value=-2.54184e-05 -0.00384553 -0.0165082 -0.03987 0.00173841 -0.00236689 0.0288123 -0.005422 -0.00127841 0.0197489 -0.000911346 0.0121018 -0.00462814 -0.0171136 0.00034902 -0.000574363 -0.000131649 0.0303585 -0.000623295 0.00437664 0.0198506 0.00127762 0.00373021 0.0148345 0.0319329 -0.0164918 -0.0296968 -0.00207735 -0.000178895 -0.0330186
internal_weight=700.801 63.6682 19.6983 7.69543 43.9699 35.6525 2.96039 32.6922 30.2309 8.31737 12.0029 6.49946 4.35371 5.50343 637.132 517.364 510.651 7.84568 502.805 119.768 19.6247 100.143 93.0268 32.1878 14.2919 3.27418 7.11658 60.839 498.852 6.71352
internal_count=6523 957 247 129 710 666 51 615 567 44 118 60 45 58 5566 4760 4634 67 4567 806 141 665 606 265 92 48 59 341 4528 126
is_linear=0
shrinkage=0.05


Tree=249
num_leaves=10
num_cat=0
split_feature=3 3 3 3 3 3 3 3 3
split_gain=0.937868 0.872069 0.632778 1.15747 1.03444 0.698214 3.79271 0.437104 0.00415343
threshold=6.544000000000001e-05 7.3105000000000012e-05 8.3725000000000016e-05 8.5515000000000024e-05 8.2010000000000009e-05 8.9260000000000009e-05 9.051500000000001e-05 7.5195000000000014e-05 8.7640000000000008e-05
decision_type=2 2 2 2 2 2 2 2 2
left_child=-1 -2 4 -4 7 8 -7 -3 -5
right_child=1 2 3 5 -6 6 -8 -9 -10
leaf_value=-0.044015975573318766 0.024932344069573811 -0.010840731713982749 0.02410987154580789 -0.0086215473642864103 -0.021578608213022672 0.070372751243290385 6.1731085735634454e-06 0.0065717425663847865 -0.01665399609070067
leaf_weight=1.1097282213158894 3.4033006057143202 5.7304134666919735 4.925721436738967 4.7290157228708249 8.7995874732732755 1.8210026025772084 654.72361165669281 9.3369498550891858 4.8231496512889862
leaf_count=58 31 24 24 20 39 9 6251 43 24
internal_value=-2.48133e-05 4.42307e-05 -7.40373e-05 0.000203799 -0.00806233 1.59185e-05 0.000219645 0 -0.0133259
internal_weight=699.402 698.293 694.889 671.023 23.867 666.097 656.545 15.0674 9.55217
internal_count=6523 6465 6434 6328 106 6304 6260 67 44
is_linear=0
shrinkage=0.05


Tree=250
num_leaves=31
num_cat=0
split_feature=4 4 1 3 4 4 4 3 4 3 0 4 4 1 1 1 1 4 4 4 4 4 1 4 1 4 1 3 1 1
split_gain=0.434417 5.94898 2.41037 4.28725 4.93576 7.491 3.85331 3.97331 10.6026 7.3774 3.34592 3.21111 2.33438 2.28613 1.40498 3.15504 4.84975 5.95367 2.63423 3.13669 1.72562 3.04686 3.28474 1.88351 1.24028 0.987124 0.978072 0.41014 0.320477 0.0893759
threshold=0.013350000000000002 0.015150000000000002 47.150000000000013 0.00059795500000000006 0.018100000000000002 0.020650000000000005 0.016650000000000002 0.00078857000000000005 0.029100000000000004 0.00069947500000000007 64.500000000000014 0.015850000000000006 0.013150000000000002 60.650000000000013 58.350000000000001 53.650000000000013 55.650000000000013 0.0095500000000000012 0.012450000000000001 0.0087500000000000026 0.0069500000000000004 0.0099500000000000022 58.650000000000013 0.0064500000000000009 54.750000000000007 0.0083500000000000015 47.650000000000013 0.00036877000000000009 42.250000000000007 60.550000000000004
decision_type=2 2 2 2 2 2 2 2 2 2 2 2 2 2 2 2 2 2 2 2 2 2 2 2 2 2 2 2 2 2
left_child=12 27 3 11 -5 -6 10 9 -9 -8 13 -3 14 -4 15 18 25 -18 19 -1 23 22 -22 29 -12 -17 -20 -2 -13 -16
right_child=1 2 6 4 5 -7 7 8 -10 -11 24 28 -14 -15 20 16 17 -19 26 -21 21 -23 -24 -25 -26 -27 -28 -29 -30 -31
leaf_value=0.0021297374112072675 -0.053285958947746105 0.029196911844431236 0.041203525256973073 -0.055758730147114813 0.039737692021198014 -0.0056874639457928644 -0.0039967361048666612 0.038054880744198979 -0.0005859689912809335 -0.062266911608627164 -0.049635411398397819 -0.02316202547747731 0.033348539722622549 -0.012136517817617055 0.019677198505055518 -0.053655420883207267 -0.018393325200292569 0.039562268030281005 0.05283040448334856 -0.01662328414317191 0.084489324957460199 -0.033461890156781963 0.018749692821723157 -0.029008303397835201 0.012707944996588304 -0.02267779494372639 0.013013223531138794 -0.016858081049775351 -0.054605057671846771 0.0043763743388895082
leaf_weight=275.7710038383957 5.5343877887353292 1.4002835415303696 13.607172310352327 4.1665064096450797 10.079326085746287 83.327240173588507 57.090766590088606 21.021996967494488 109.79710885050008 5.9398431647568932 1.7375799790024751 1.8675644416362027 5.4474030435085288 2.1467281728982917 3.2245683670043963 6.4465380273759347 13.752290707081558 6.4154124706983557 3.038911208510398 24.138633604161441 2.2755574509501484 2.0200756071135393 12.135243920609353 4.3472099527716637 1.1706857569515703 5.9323253184556961 4.0900981724262238 1.5471286494284866 6.8454545438289642 2.9014986678957939
leaf_count=2106 103 14 119 65 68 826 532 130 1310 57 41 40 24 23 19 98 134 34 17 291 12 29 131 36 17 60 29 32 102 24
internal_value=-2.30395e-05 -0.0013584 -0.000333166 -0.0064378 -0.00315216 -0.000694994 0.0027383 0.000617376 0.00560956 -0.0096571 0.0243818 -0.0373068 0.0011386 0.033589 0.000637236 -0.000221142 -0.0150118 0 0.00133478 0.000598671 0.0116176 0.0217275 0.0299857 -0.00382589 -0.0232896 -0.0395114 0.0311739 -0.0463692 -0.0487721 0.01342
internal_weight=699.217 327.28 320.198 107.686 97.5731 93.4066 212.512 193.85 130.819 63.0306 18.6622 10.1133 371.937 15.7539 366.489 339.585 32.5466 20.1677 307.039 299.91 26.9042 16.4309 14.4108 10.4733 2.90827 12.3789 7.12901 7.08152 8.71302 6.12607
internal_count=6523 3479 3344 1115 959 894 2229 2029 1440 589 200 156 3044 142 3020 2769 326 168 2443 2397 251 172 143 79 58 158 46 135 142 43
is_linear=0
shrinkage=0.05


Tree=251
num_leaves=30
num_cat=0
split_feature=4 4 1 3 4 4 4 1 0 4 4 4 1 1 1 1 4 4 4 1 3 0 4 1 1 4 3 1 1
split_gain=0.397055 5.60908 2.18968 4.03525 4.67144 6.82442 3.52641 3.98242 3.0571 3.04901 2.98658 2.12379 2.10233 1.30056 2.21765 5.23545 3.03445 2.40338 2.85347 1.41874 2.25329 1.75008 1.31502 1.18255 1.12548 0.972208 0.409341 0.321929 0.299641
threshold=0.013350000000000002 0.015150000000000002 47.150000000000013 0.00059795500000000006 0.018100000000000002 0.020650000000000005 0.016650000000000002 48.550000000000004 64.500000000000014 0.015850000000000006 0.017950000000000004 0.013150000000000002 60.650000000000013 58.95000000000001 53.650000000000013 55.650000000000013 0.0095500000000000012 0.012450000000000001 0.0087500000000000026 60.550000000000004 0.00019904500000000004 62.500000000000007 0.0064500000000000009 54.750000000000007 47.350000000000001 0.0083500000000000015 0.00036877000000000009 42.250000000000007 47.850000000000001
decision_type=2 2 2 2 2 2 2 2 2 2 2 2 2 2 2 2 2 2 2 2 2 2 2 2 2 2 2 2 2
left_child=11 26 3 9 -5 -6 8 24 12 -3 -9 13 -4 14 17 25 -17 18 -1 -15 22 -22 -21 -10 -8 -16 -2 -11 -19
right_child=1 2 6 4 5 -7 7 10 23 27 -12 -13 -14 19 15 16 -18 28 -20 20 21 -23 -24 -25 -26 -27 -28 -29 -30
leaf_value=0.0020223022267165471 -0.052963803809141723 0.027469003214883797 0.039622708857619669 -0.055268874642537116 0.038126079577262814 -0.0054105961780082819 0.041346722061596938 -0.0494980259387785 -0.049190073305876221 -0.02249608423711652 -0.00098298982924883613 0.031895697240936619 -0.0116216588650932 0.035290645143577548 -0.052947775262911313 -0.010990425867777582 0.025181985179226901 0.042127018433643491 -0.015933017624184389 0.0041645245840724971 0.034847385182186441 -0.0073563451708936606 -0.040605226486528069 0.012145589410426537 0.01373749060690393 -0.02186786995397344 -0.016295525709913838 -0.054251070282500528 0.017194013323920936
leaf_weight=275.90216702083126 5.2962804576382032 1.4197226241230954 13.45062515884638 3.9984082430601111 9.9867576882243139 83.219598443538416 5.2388873044401434 3.141434120014309 1.668307721614837 1.8306204099208097 169.02320559573127 5.4161177724599829 2.1344900354742995 5.1572162806987789 6.2133330060169083 17.01820659451187 8.647402882575987 3.280004806816577 23.934828020632267 2.9017241634428528 6.5230025276541692 3.5855541881173849 3.1641699196770787 1.1683375164866445 16.164003913523629 5.8502740953117609 1.5245490586385129 6.5536505077034235 3.8160799369215965
leaf_count=2106 103 14 119 65 68 826 37 75 41 40 1754 24 23 34 98 158 46 21 291 24 51 62 44 17 163 60 32 102 25
internal_value=-2.5887e-05 -0.00130659 -0.000324545 -0.00616577 -0.00300864 -0.000656334 0.00260195 0.000580795 0.0234516 -0.0366169 -0.00192547 0.0010842 0.0322563 0.000605992 -0.000122754 -0.0115587 0.00105336 0.00127001 0.000567494 0.0125595 0.00483215 0.0194623 -0.0186577 -0.0226716 0.0208889 -0.0385903 -0.0458443 -0.0482539 0.0298388
internal_weight=697.229 325.819 318.998 107.009 97.2048 93.2064 211.989 193.568 18.4218 9.80399 172.165 371.41 15.5851 365.994 344.662 37.7292 25.6656 306.933 299.837 21.3317 16.1745 10.1086 6.06589 2.83665 21.4029 12.0636 6.82083 8.38427 7.09608
internal_count=6523 3479 3344 1115 959 894 2229 2029 200 156 1829 3044 142 3020 2805 362 204 2443 2397 215 181 113 68 58 200 158 135 142 46
is_linear=0
shrinkage=0.05


Tree=252
num_leaves=14
num_cat=0
split_feature=3 3 3 0 0 0 3 3 5 3 3 3 3
split_gain=0.388164 3.33697 1.63125 2.27061 4.25544 0.933905 0.657319 2.06037 1.40408 3.94442 1.27864 0.155859 0.00115286
threshold=8.4935000000000013e-05 8.5515000000000024e-05 8.3300000000000005e-05 59.500000000000007 65.500000000000014 55.500000000000007 8.9260000000000009e-05 9.3030000000000009e-05 0.47500000000000003 9.5085000000000002e-05 0.0022204250000000003 7.866500000000002e-05 8.7640000000000008e-05
decision_type=2 2 2 2 2 2 2 2 2 2 2 2 2
left_child=2 -2 3 5 -5 11 12 -8 10 -10 -9 -1 -3
right_child=1 6 -4 4 -6 -7 7 8 9 -11 -12 -13 -14
leaf_value=0.003936708075612457 0.065033953465498048 -0.0084062738032224162 -0.030284570569980646 -0.061280234281821312 0.029963200163430244 0.018478471246063444 0.028783694448912496 -0.037110855846472016 -0.062122407232622072 0.00055465183602119951 -0.0045908087601014766 -0.0076961783692362454 -0.016129301550611649
leaf_weight=4.5234798640012812 1.8801485896110524 4.7269900590181333 5.3694131076335898 3.4906797846779218 1.8246036544442175 9.7835542857646942 6.1532001048326483 4.577282950282096 2.4194613471627227 629.58439471625024 9.9107026755809766 6.3376802057027817 4.7968866676092148
leaf_count=26 9 20 27 65 16 50 32 21 15 6146 46 26 24
internal_value=-2.77627e-05 0.000221956 -0.00546369 -4.15075e-05 -0.0290604 0.00729288 2.05887e-05 0.000219374 -4.91726e-05 0.000297009 -0.0153918 -0.00240342 -0.0129428
internal_weight=695.378 664.049 31.3294 25.96 5.31528 20.6447 662.169 652.645 646.492 632.004 14.488 10.8612 9.52388
internal_count=6523 6313 210 183 81 102 6304 6260 6228 6161 67 52 44
is_linear=0
shrinkage=0.05


Tree=253
num_leaves=19
num_cat=0
split_feature=2 2 4 0 2 4 4 2 2 3 4 4 2 2 2 0 0 0
split_gain=0.381457 1.68426 1.53022 2.31545 1.29487 1.10566 1.1345 0.72314 2.26392 1.74485 0.941226 4.91153 2.87876 0.494206 0.174859 0.283711 0.0412552 0.114899
threshold=45.95000000000001 43.70000000000001 0.021050000000000003 62.500000000000007 49.45000000000001 0.0078500000000000011 0.029650000000000006 42.850000000000001 42.650000000000013 0.00048096000000000006 0.013350000000000002 0.015150000000000002 36.150000000000013 48.850000000000001 58.550000000000004 63.500000000000007 65.500000000000014 62.500000000000007
decision_type=2 2 2 2 2 2 2 2 2 2 2 2 2 2 2 2 2 2
left_child=1 7 3 -3 5 -2 13 8 10 -9 12 -12 -1 -7 15 -6 17 -16
right_child=4 2 -4 -5 14 6 -8 9 -10 -11 11 -13 -14 -15 16 -17 -18 -19
leaf_value=0.00037157297127164978 0.0057186730637506771 0.064335795630635559 6.7758315848145812e-05 0.009994831584125289 0 -0.055882514065509398 0 -0.05260025354534445 0.040166957870863634 0 -0.045164221418740241 -0.0013809557552983984 0.020482347854464185 -0.020446856342655421 -0.015833275710725566 0.016170498954691494 0.00040058707869894893 0
leaf_weight=341.31611320422962 2.8959610536694553 3.0967821776866931 8.9975499585270864 5.9234394505620003 8.1040284782648104 3.0126031786203367 2.4910117909312248 2.1386553924530736 3.3859285339713088 4.8250206708908081 6.4755141995847216 268.40789889311418 18.712891347706318 2.5614937543869019 1.8460614625364522 4.1535918712615958 2.4907599836587906 4.200908537954092
leaf_count=2787 32 22 46 39 36 25 20 41 31 45 134 3012 116 18 36 32 20 31
internal_value=-2.75655e-05 0.000221856 0.0152606 0.0297 -0.0053784 -0.0192409 -0.0287759 -0.000192624 -8.71427e-06 -0.0161034 -0.000237133 -0.0024466 0.00143613 -0.0411271 0.00174626 0.00571045 -0.00336649 -0.00571284
internal_weight=695.036 663.28 18.0178 9.02022 31.7564 10.9611 8.06511 645.262 638.298 6.96368 634.912 274.883 360.029 5.5741 20.7954 12.2576 8.53773 6.04697
internal_count=6523 6273 107 61 250 95 63 6166 6080 86 6049 3146 2903 43 155 68 87 67
is_linear=0
shrinkage=0.05


Tree=254
num_leaves=31
num_cat=0
split_feature=1 4 4 4 3 3 4 2 4 1 2 3 1 4 1 4 2 2 2 4 3 4 5 2 3 3 4 3 3 2
split_gain=0.384051 3.38604 5.86761 4.36581 6.77588 3.86853 3.35928 4.61427 5.71819 2.2764 3.44016 2.04914 4.48814 3.43527 1.91391 1.83463 1.94656 1.77265 1.18703 1.05506 1.54116 0.987617 0.920605 5.02617 3.01372 3.91306 11.0931 3.60566 3.50319 2.04508
threshold=50.050000000000004 0.0063500000000000006 0.0069500000000000004 0.0077500000000000008 0.00019904500000000004 0.00036877000000000009 0.0050500000000000015 28.150000000000002 0.0039500000000000013 49.650000000000013 22.950000000000003 0.00019904500000000004 56.850000000000001 0.0086500000000000014 53.95000000000001 0.0060500000000000007 28.650000000000002 45.150000000000006 18.550000000000004 0.069450000000000026 0.0057498900000000014 0.0064500000000000009 0.54500000000000015 14.250000000000002 9.051500000000001e-05 0.00013814500000000003 0.0099500000000000022 6.978500000000001e-05 0.00019689000000000002 17.750000000000004
decision_type=2 2 2 2 2 2 2 2 2 2 2 2 2 2 2 2 2 2 2 2 2 2 2 2 2 2 2 2 2 2
left_child=9 6 17 4 -4 -6 7 -2 -9 22 19 12 -5 -13 15 -8 -17 21 -16 -11 -21 -3 23 -1 27 26 -26 -24 -27 -25
right_child=1 2 3 11 5 -7 14 8 -10 10 -12 13 -14 -15 18 16 -18 -19 -20 20 -22 -23 24 29 25 28 -28 -29 -30 -31
leaf_value=0.00019168768049350327 -0.054196645518222765 -0.011360230456647469 0.07998316027480401 0 -0.033501846752963235 0.033072175739364523 0.070989097796434461 -0.029292023732086277 0.063906006754927636 -0.05609892992468421 0.00056851322755017335 0.0419670170246767 -0.049739270175792764 7.0067958208568188e-05 0.036706729362705241 0 0.054728202216354022 0 -0.0061632974381352103 0.028394990892072175 -0.047213923739156456 -0.056992664623688807 0 0.062225370451578811 -0.034426542390431261 0.046326133388700994 0.055928713251890229 0.084013077183178561 -0.0014374778993463209 0.017404946595914138
leaf_weight=136.19331716373563 3.1323254972230661 1.881163353100417 4.2941131107509127 14.855194851756098 3.8110944628715497 4.7998904958367348 4.1682513132691401 3.0185779184103012 3.306202806532383 5.2640205668285516 9.9114065617322904 4.9325235597789279 6.4094574665650716 185.16188068891643 2.3850267976522437 3.4579603280872107 3.0152955502271652 2.376145400106906 4.153660736978054 1.0602515367791059 1.3964695532340554 6.3602344505488873 2.7888318435288957 4.1889813989400846 22.621441697701815 3.8006646037101737 3.8660335987806311 2.1175190210342407 231.83188102336135 7.7119797915220261
leaf_count=667 64 17 28 145 32 34 36 18 24 79 58 48 84 2014 21 41 14 16 40 16 38 127 39 22 316 48 21 10 2351 55
internal_value=-2.54891e-05 0.00147951 -0.000418697 0.00128644 0.0294097 0.00298717 0.0183434 -0.00511178 0.0188843 -0.000946663 -0.0184937 -0.00042015 -0.0151196 0.00120498 0.0314989 0.0446219 0.0260612 -0.0365772 0.00903803 -0.0432983 -0.0127933 -0.0474372 -0.000185041 0.00296217 -0.00194967 -0.0027004 -0.0208897 0.0364119 -0.000626533 0.0339848
internal_weight=694.272 261.519 234.882 224.264 12.9051 8.61098 26.6373 9.45711 6.32478 432.753 17.6321 211.359 21.2647 190.094 17.1802 10.6415 6.47326 10.6175 6.53869 7.72074 2.45672 8.2414 415.121 148.094 267.026 262.12 26.4875 4.90635 235.633 11.901
internal_count=6523 2803 2545 2385 94 66 258 106 42 3720 191 2291 229 2062 152 91 55 160 61 133 54 144 3529 744 2785 2736 337 49 2399 77
is_linear=0
shrinkage=0.05


Tree=255
num_leaves=31
num_cat=0
split_feature=2 4 2 2 4 4 4 4 2 2 2 2 2 4 2 2 2 2 0 0 2 2 4 4 4 0 4 2 2 2
split_gain=0.350311 2.46391 2.6975 9.92962 6.10696 3.30973 5.87269 3.54264 2.61253 4.35896 1.74418 3.78195 3.62866 5.62866 3.53231 1.27246 1.18363 0.949443 1.09232 2.39125 0.852597 1.85676 2.10212 3.11967 1.78407 2.31101 3.04541 1.71861 1.40474 4.69608
threshold=30.450000000000003 0.0095500000000000012 34.650000000000013 33.650000000000013 0.015500000000000002 0.027350000000000003 0.019150000000000004 0.087550000000000003 38.850000000000009 37.650000000000013 42.550000000000004 34.100000000000009 37.250000000000007 0.0075500000000000003 31.050000000000004 32.150000000000013 46.750000000000007 29.650000000000002 61.500000000000007 62.500000000000007 28.650000000000002 26.600000000000005 0.0073500000000000015 0.1198 0.038750000000000007 62.500000000000007 0.016350000000000003 27.150000000000002 25.750000000000004 25.850000000000005
decision_type=2 2 2 2 2 2 2 2 2 2 2 2 2 2 2 2 2 2 2 2 2 2 2 2 2 2 2 2 2 2
left_child=17 10 3 5 -4 6 -3 -7 9 -6 11 14 -13 -14 -2 -16 -10 20 -19 -20 21 28 27 -24 25 26 -22 -23 -1 -30
right_child=1 2 4 -5 8 7 -8 -9 16 -11 -12 12 13 -15 15 -17 -18 18 19 -21 24 22 23 -25 -26 -27 -28 -29 29 -31
leaf_value=-0.00047591917058020469 0.047858803575495344 -0.0047312948013463092 -0.054030695510016408 0.082260427797267513 -0.0038122041638711823 -0.024499674464766082 0.049057671180368148 0.023861993306918607 0.0072479406264516965 -0.056683867770227638 -0.00051988141928898518 0.075092189641523643 -0.015848962224740453 0.059054039989307638 -0.055826967414915496 -0.0053209405139391852 -0.0062581235636236625 -0.028519122184317808 0.035374124797816021 -0.016785644709455642 0.0089819820581585243 -0.016530634204866206 -0.030644633872514371 0.026779928853798669 0.044061307514319838 0.023122859306340532 -0.053686865599522252 0.032473601090964192 0.053664954257298392 -0.0037629724714372164
leaf_weight=440.69933996547479 2.0858232304453876 13.305861279368402 6.0590631542727342 4.094597987830638 14.77663873601705 15.608932591974737 7.949450120329856 4.806408252567052 43.070380073040724 5.324041996151208 12.64826946146786 4.4333512336015692 5.1065660789608938 4.6355109363794327 2.1878190785646439 3.3536355756223202 25.588625814765692 6.3761628456413773 2.9253908544778806 7.8254676684737206 4.614461764693262 3.1438779681921032 16.277831131592396 2.5924296597950152 3.143345993012189 7.2129216566681862 3.09433214366436 3.7133385576307774 5.1081013828515998 10.776605997234581
leaf_count=4480 20 76 83 19 115 100 47 34 300 60 134 22 38 25 18 46 180 55 13 61 36 15 220 50 31 52 15 34 34 110
internal_value=-2.21036e-05 0.00190336 -0.00100289 0.00891138 -0.00584514 0.00140465 0.0152871 -0.0128093 -0.00244244 -0.0182751 0.0138762 0.0224202 0.0376557 0.0195215 -0.00536899 -0.0267836 0.00213985 -0.000683256 -0.0122313 -0.00193658 -0.000275632 -0.000685723 -0.0137288 -0.0223924 0.0103415 0.0026593 -0.0158985 0.00937293 4.1121e-05 0.0146117
internal_weight=692.539 175.035 140.584 45.7653 94.8187 41.6707 21.2553 20.4153 88.7597 20.1007 34.451 21.8027 14.1754 9.74208 7.62728 5.54145 68.659 517.504 17.127 10.7509 500.377 482.312 25.7275 18.8703 18.0651 14.9217 7.70879 6.85722 456.584 15.8847
internal_count=6523 1317 1014 276 738 257 123 134 655 175 303 169 85 63 84 64 480 5206 129 74 5077 4943 319 270 134 103 51 49 4624 144
is_linear=0
shrinkage=0.05


Tree=256
num_leaves=18
num_cat=0
split_feature=3 3 0 0 0 3 3 0 0 3 0 0 3 3 3 3 3
split_gain=0.360628 1.49294 2.11731 4.02409 0.845467 0.832189 2.87214 2.04513 1.85135 2.94288 1.2042 1.78002 2.87543 1.56374 1.36676 0.2221 0.141471
threshold=8.4935000000000013e-05 8.3300000000000005e-05 59.500000000000007 65.500000000000014 55.500000000000007 9.5610000000000015e-05 9.8695000000000003e-05 51.500000000000007 57.500000000000007 8.651000000000001e-05 53.500000000000007 60.500000000000007 0.000102255 0.0022204250000000003 0.00027722500000000003 0.0053476600000000015 7.866500000000002e-05
decision_type=2 2 2 2 2 2 2 2 2 2 2 2 2 2 2 2 2
left_child=1 2 4 -4 16 7 -7 -2 9 -9 13 12 -12 -8 -13 -15 -1
right_child=5 -3 3 -5 -6 6 10 8 -10 -11 11 14 -14 15 -16 -17 -18
leaf_value=0.0037436569830167788 0.04289208809709337 -0.029204047955133011 -0.060645658859787878 0.028551267535370267 0.01759832567617603 -0.05368053478255818 -0.041770714257309299 0.023690037623880372 0.024170509878239564 -0.026834530759564702 0.018099312185178778 -0.0058237631067202568 0.00065227993062511687 -0.012043813331006537 0.00051954867479328732 0.00206002332969459 -0.0073255788645111668
leaf_weight=4.5189106464386057 3.7580496221780804 5.2960674166679373 3.3769670596811912 1.8243778347969053 9.7623452581465244 2.3922945857048026 3.7222860008478156 4.3164292573928851 6.4668186083436003 7.9416422843933105 34.679655715823174 107.15109562454745 75.599986614659429 4.5195574313402158 403.15884886897402 5.8686900287866592 6.3343110829591751
leaf_count=26 18 27 65 16 50 10 18 19 36 39 194 1411 422 23 4098 25 26
internal_value=-2.13815e-05 -0.00527951 -8.49717e-05 -0.0284682 0.00693765 0.000219834 -0.000106743 0.00965485 0.00252618 -0.00859101 9.57341e-05 0.000433023 0.00619558 -0.0142853 -0.000803457 -0.00365566 -0.00226814
internal_weight=690.688 31.113 25.8169 5.20134 20.6156 659.575 637.092 22.4829 18.7249 12.2581 634.7 620.59 110.28 14.1105 510.31 10.3882 10.8532
internal_count=6523 210 183 81 102 6313 6201 112 94 58 6191 6125 616 66 5509 48 52
is_linear=0
shrinkage=0.05


Tree=257
num_leaves=31
num_cat=0
split_feature=1 4 4 4 3 3 4 1 1 1 3 1 4 1 4 1 0 4 3 3 4 3 3 3 3 3 3 3 3 3
split_gain=0.364747 3.12198 5.37039 3.94885 5.98724 3.57708 3.05888 2.69044 2.14105 2.02345 2.0223 4.26767 3.10916 1.79729 1.74891 1.28579 0.957548 4.32941 2.69644 3.42288 10.2332 3.14648 3.09429 1.8443 3.91773 2.76512 0.934971 2.07135 1.46743 1.15848
threshold=50.050000000000004 0.0063500000000000006 0.0069500000000000004 0.0077500000000000008 0.00019904500000000004 0.00036877000000000009 0.0050500000000000015 59.45000000000001 49.650000000000013 52.45000000000001 0.00019904500000000004 56.850000000000001 0.0086500000000000014 53.95000000000001 0.0060500000000000007 57.250000000000007 60.500000000000007 0.039550000000000009 9.051500000000001e-05 0.00013814500000000003 0.0099500000000000022 0.00019689000000000002 6.978500000000001e-05 9.1125000000000019e-05 9.3030000000000009e-05 8.5515000000000024e-05 0.0034500000000000004 0.0057498900000000014 0.0013690800000000002 0.00019904500000000004
decision_type=2 2 2 2 2 2 2 2 2 2 2 2 2 2 2 2 2 2 2 2 2 2 2 2 2 2 2 2 2 2
left_child=8 6 15 4 -4 -6 7 9 16 -2 11 -5 -12 14 -8 -3 17 23 22 20 -20 -21 -18 25 -25 -1 28 -28 29 -10
right_child=1 2 3 10 5 -7 13 -9 26 -11 12 -13 -14 -15 -16 -17 18 -19 19 21 -22 -23 -24 24 -26 -27 27 -29 -30 -31
leaf_value=0 0.0097931605297074693 -0.052506446462323941 0.075534246588962892 -1.515274629113276e-05 -0.032596707015228862 0.031962597999399982 0.069201967659374142 0.025631494334445851 -0.042830710634102126 -0.052257248268099049 0.040000470584614395 -0.049471363542315842 0.00015390450199545652 0.0085747274264568376 0.02495167873217809 -0.014854717959857917 0 0.04186867091981411 -0.033306330019621667 0.043021775018269391 0.053929836913244544 -0.001572508836003567 0.077283005884880324 0.063317272353829987 0.0030135903294546897 -0.029635570579881355 0.05531174373836565 -0.028057458478507592 -0.050795296462379895 -0.0035779791842819007
leaf_weight=29.446910802274942 1.9051350017543898 5.4263813411816937 4.2971083223819724 14.748920660465958 3.72806917876005 4.7436515316367149 4.0905321985483187 3.8150756061077118 2.46530060656369 3.2931761690415442 4.936953477561473 6.2180434772744766 184.75653919024626 6.5272781047970048 6.3794370330870152 4.8205043375492096 2.7621346404775968 6.7468434162437907 21.953396597877148 3.9206777587532988 3.8370367437601081 229.832525691716 2.1794639304280281 2.6828327476978293 98.979965172708035 10.641689911484717 1.2048001065850251 1.582516102818772 3.6407641759142271 8.4689777139574272
leaf_count=150 38 121 28 145 32 34 36 20 23 48 48 84 2014 61 55 39 39 40 316 48 21 2347 10 14 493 51 7 39 36 86
internal_value=-2.00954e-05 0.00145198 -0.000359123 0.00124954 0.0281428 0.00292044 0.0178533 -0.0051937 -0.000920151 -0.028817 -0.000369407 -0.0150846 0.00123782 0.0303261 0.0432041 -0.0355917 -0.000182753 0.00301577 -0.00199796 -0.0027183 -0.0199763 -0.000785083 0.0341474 0.00110306 0.00471477 -0.00792059 -0.0180722 0.00691426 -0.0232058 -0.0131892
internal_weight=690.033 259.687 233.676 223.429 12.7688 8.47172 26.0106 9.01339 430.346 5.19831 210.66 20.967 189.693 16.9972 10.47 10.2469 412.983 148.498 264.485 259.544 25.7904 233.753 4.9416 141.751 101.663 40.0886 17.3624 2.78732 14.575 10.9343
internal_count=6523 2803 2545 2385 94 66 258 106 3720 86 2291 229 2062 152 91 160 3529 748 2781 2732 337 2395 49 708 507 201 191 46 145 109
is_linear=0
shrinkage=0.05


Tree=258
num_leaves=28
num_cat=0
split_feature=2 2 2 2 2 0 4 2 0 2 0 4 2 2 2 4 0 4 4 4 2 0 0 2 2 0 4
split_gain=0.364069 2.94621 1.92827 3.12849 1.63237 1.90047 2.32939 1.05919 4.13096 4.19208 3.96061 2.19312 2.03947 0.841962 1.74977 1.5408 1.903 0.734782 4.80645 3.19359 0.710852 1.44536 2.33881 0.232979 0.161276 0.254309 0.0405564
threshold=40.550000000000004 40.750000000000007 38.050000000000004 38.850000000000009 39.300000000000004 56.500000000000007 0.039850000000000003 33.150000000000013 64.500000000000014 33.95000000000001 60.500000000000007 0.027650000000000004 32.850000000000001 45.550000000000004 45.150000000000006 0.039850000000000003 63.500000000000007 0.041250000000000009 0.030550000000000004 0.051500000000000011 49.45000000000001 61.500000000000007 63.500000000000007 42.650000000000013 58.550000000000004 63.500000000000007 0.12015000000000002
decision_type=2 2 2 2 2 2 2 2 2 2 2 2 2 2 2 2 2 2 2 2 2 2 2 2 2 2 2
left_child=2 -2 7 -4 -5 -6 -7 12 9 11 -11 -9 17 14 15 16 -3 18 -1 -19 21 -15 -23 -17 25 -22 -26
right_child=1 13 3 4 5 6 -8 8 -10 10 -12 -13 -14 20 -16 23 -18 19 -20 -21 24 22 -24 -25 26 -27 -28
leaf_value=-0.00074347936480957015 0.056318803447364243 -0.008820629636036326 -0.053826904566341441 0.030849044015301183 0.011062567754386474 -0.054392205796471582 0.0072513370607448294 0.051297798991420021 -0.030069818458429404 0.059174822060718148 -0.0061055675412369287 0.011287596735716866 -0.035125917152207253 -0.03609148875634758 0.040596712683761443 0.037251656284582969 0.021263343667489262 -0.034895050379022297 0.021144132685326552 -0.001477155584045296 4.0375197653074713e-05 0.022810479272603029 -0.020882792972014216 0.013261368072037814 0.00063201853644605124 0.015807606854279621 -0.005404287610806472
leaf_weight=422.23593559768051 2.4292075783014289 22.216717250645164 4.2251009996980455 2.4944348484277716 4.3634913116693479 3.8694019541144371 2.2495160400867462 8.3456204086542112 6.1913043726235619 2.4927925458177951 22.136216036975384 6.5153802931308737 4.1388293281197539 4.3560876920819309 3.3669551312923423 2.8630073815584174 6.7452403232455245 7.737648186273872 26.553098876029253 86.784050948277581 8.0956741943955439 5.1213875859975797 7.2331941276788712 3.1976310461759567 2.8893587309867126 4.146754562854766 5.6449720337986946
leaf_count=3800 14 184 59 21 25 27 27 44 40 20 181 34 33 34 20 30 66 133 202 1262 36 37 51 24 47 32 40
internal_value=-1.82782e-05 0.00318143 -0.000437448 -0.0168918 -0.00416415 -0.0131813 -0.0311738 3.40978e-05 0.00734794 0.0134018 0.000512084 0.0342834 -0.000568297 0.00134254 0.00658777 0.00306963 -0.00159297 -0.000289427 0.000544809 -0.00429961 -0.00389913 -0.0115916 -0.00233129 0.0258265 0.00207426 0.00587096 -0.00279792
internal_weight=688.639 78.3062 610.333 17.2019 12.9768 10.4824 6.11892 593.131 45.6813 39.49 24.629 14.861 547.45 75.877 38.3896 35.0226 28.962 543.311 448.789 94.5217 37.4874 16.7107 12.3546 6.06064 20.7768 12.2424 8.53433
internal_count=6523 615 5908 159 100 79 54 5749 319 279 201 78 5430 601 324 304 250 5397 4002 1395 277 122 88 54 155 68 87
is_linear=0
shrinkage=0.05


Tree=259
num_leaves=13
num_cat=0
split_feature=3 0 0 3 3 3 3 3 5 3 3 0
split_gain=0.337333 1.28047 3.80733 2.32555 1.07308 0.991436 0.634291 1.72396 1.20004 3.54372 1.0835 0.0423901
threshold=8.3725000000000016e-05 59.500000000000007 65.500000000000014 8.2010000000000009e-05 8.5515000000000024e-05 7.5195000000000014e-05 8.9260000000000009e-05 9.3030000000000009e-05 0.47500000000000003 9.5085000000000002e-05 0.0022204250000000003 57.500000000000007
decision_type=2 2 2 2 2 2 2 2 2 2 2 2
left_child=1 3 -3 5 -2 11 -6 -8 10 -10 -9 -1
right_child=4 2 -4 -5 6 -7 7 8 9 -11 -12 -13
leaf_value=-0.005199874852872835 0.023535238173222579 -0.060022149571717698 0.027235656897173961 -0.020491332656424357 -0.01274075761891575 0.025004988299974384 0.026650406523624805 -0.034420949956123686 -0.059345064729901566 0.00054352944283482735 -0.004276916424843083 0.0021401787446232901
leaf_weight=3.3406314849853569 4.7929209917783728 3.2607496823184183 1.8242039903998373 8.7036363184452039 9.4771436154842359 7.2447433471679688 6.0119614452123633 4.5177801176905623 2.3790775910019866 622.44270346104167 9.881059452891348 3.539939146488905
leaf_count=21 24 65 16 39 44 30 32 21 15 6146 46 24
internal_value=-1.53032e-05 -0.00539576 -0.0278329 -8.04115e-05 0.000205631 0.0122004 2.36388e-05 0.000220815 -2.40682e-05 0.000298036 -0.0142519 -0.000730704
internal_weight=687.417 27.9139 5.08495 22.829 659.503 14.1253 654.71 645.233 639.221 624.822 14.3988 6.88057
internal_count=6523 195 81 114 6328 75 6304 6260 6228 6161 67 45
is_linear=0
shrinkage=0.05


Tree=260
num_leaves=26
num_cat=0
split_feature=4 4 2 2 4 2 2 4 2 4 2 2 2 4 4 4 4 2 4 4 2 4 4 2 0
split_gain=0.342186 4.87334 2.92187 6.87219 4.12519 4.4207 5.53429 1.82628 1.61977 6.80402 5.93192 1.55202 4.2552 3.87849 4.53645 2.5576 4.07512 3.47187 2.38239 4.18538 3.703 2.8574 2.02482 0.805728 0.74717
threshold=0.013350000000000002 0.015150000000000002 14.850000000000003 14.950000000000001 0.015500000000000002 11.950000000000001 11.850000000000003 0.013150000000000002 21.450000000000003 0.024450000000000003 21.550000000000004 28.150000000000002 22.250000000000004 0.0080500000000000016 0.0062500000000000012 0.0083500000000000015 0.0086500000000000014 21.950000000000003 0.0073500000000000015 0.0075500000000000003 42.850000000000001 0.0039500000000000013 0.0041000000000000003 17.950000000000003 65.500000000000014
decision_type=2 2 2 2 2 2 2 2 2 2 2 2 2 2 2 2 2 2 2 2 2 2 2 2 2
left_child=7 23 4 -4 -3 6 -6 11 9 -5 -10 12 15 14 -14 17 -17 -1 21 -20 -21 -13 -23 -2 -7
right_child=1 2 3 8 5 24 -8 -9 10 -11 -12 18 13 -15 -16 16 -18 -19 19 20 -22 22 -24 -25 -26
leaf_value=-0.00016474233301226279 0 0.061572563349208603 0.084397099252448565 -0.044641825553778283 -0.030097551980834698 -0.052753075608764612 0.047703720305958854 0.029670689919713833 0.056008627553816304 8.2543170045693102e-05 0.00099904142901297965 -0.027038267874145778 -0.054624470580867758 -0.052906560818771355 0.0064774196883653689 0.058683335012575215 0.0067314370560496786 -0.052315144303934608 -0.05774030475838892 0.010235717622600808 -0.051507801834045623 0.062128340292191234 0.01826172635236268 -0.052781389270303285 -0.0064393679974075997
leaf_weight=242.71979187312536 1.0578850116580714 1.3728449344635034 2.3466135375201693 9.9041034057736379 5.7914323993027228 8.7643429108429682 3.6347170323133469 5.3867039531469336 4.9192006960511199 55.240050278138369 221.88699977914803 2.8949069678783443 3.8564282767474714 6.8203983078710726 12.628539284691213 4.3553732410073307 27.398071841336787 3.1372361406683913 2.8917750623077181 26.023820351809267 2.5636798553168765 3.0848561301827457 22.061210997402668 5.1540653090924025 1.2783991713076819
leaf_count=1849 37 7 28 212 137 318 16 24 45 716 1838 18 55 139 101 46 287 38 57 199 35 24 172 98 27
internal_value=-1.55049e-05 -0.00121291 -0.000325537 0.000942083 -0.0183828 -0.0245622 0 0.00102271 0.000225507 -0.00669843 0.00223834 0.000572588 -0.000872398 -0.0213543 -0.00775821 0.000836117 0.0141761 -0.000871531 0.00795106 -0.00134741 0.00436412 0.0185351 0.024066 -0.0447195 -0.0474721
internal_weight=687.173 321.351 315.139 294.297 20.8417 19.4689 9.42615 365.823 291.95 65.1442 226.806 360.436 300.916 23.3054 16.485 277.61 31.7534 245.857 59.5202 31.4793 28.5875 28.041 25.1461 6.21195 10.0427
internal_count=6523 3479 3344 2839 505 498 153 3044 2811 928 1883 3020 2515 295 156 2220 333 1887 505 291 234 214 196 135 345
is_linear=0
shrinkage=0.05


Tree=261
num_leaves=27
num_cat=0
split_feature=3 3 3 2 3 3 3 0 3 2 0 2 3 3 3 2 3 2 2 3 0 1 2 2 0 0
split_gain=0.321945 3.07573 2.61592 6.25812 4.43377 1.7133 1.3952 4.70998 1.63724 1.28991 0.964251 5.69478 3.04936 2.45195 2.43897 1.81994 5.79466 5.23123 4.27107 3.87579 3.7406 1.45914 0.853607 2.25239 2.93481 0.569245
threshold=0.0015787650000000002 0.0013690800000000002 0.0012994950000000001 29.050000000000004 0.0012167600000000001 0.0016152750000000002 0.0010123650000000001 56.500000000000007 0.00078857000000000005 27.550000000000004 64.500000000000014 25.550000000000004 0.0032739950000000005 0.0021089650000000004 0.004237035000000001 25.750000000000004 0.0023096600000000003 25.850000000000005 28.450000000000003 0.0027416850000000002 57.500000000000007 52.95000000000001 31.650000000000002 26.150000000000002 61.500000000000007 59.500000000000007
decision_type=2 2 2 2 2 2 2 2 2 2 2 2 2 2 2 2 2 2 2 2 2 2 2 2 2 2
left_child=1 2 4 -4 6 22 8 -8 -1 25 15 13 21 -12 -14 16 20 -17 -19 -18 -7 -13 23 24 -2 -3
right_child=5 9 3 -5 -6 10 7 -9 -10 -11 11 12 14 -15 -16 17 19 18 -20 -21 -22 -23 -24 -25 -26 -27
leaf_value=-0.0006917617430166373 0.063595699570101791 -0.0045793275406391413 0.058146654185708774 -0.037508608964379825 -0.053694173402286841 0.036651694105290115 0.018465159639858997 -0.023001758543796626 0.0081674348747975602 0.0029262266816243148 0.013004521612501286 -0.061860064724834213 0.039093074293643386 0.063552101135402272 -0.012395113169846685 0.061524968213266855 0.023403204036367788 -0.037497022899118014 0.008343913581971776 -0.0046365680409987979 -0.038673481620327493 -0.0036660194850647583 0.042307709455728225 -0.013596385779108917 -0.0083516368367661502 -0.053547470746393322
leaf_weight=394.43952808668837 3.1612135730683786 0.9765537902712812 5.3884799610823384 2.3368254974484444 3.8119317293167105 1.6911123991012598 9.64548157900572 22.330616880208254 59.915197280235589 1.5725820660591123 5.3379820920526999 3.1517849639058104 3.4835723340511304 4.8881089421920478 6.1549558574333787 3.9252786934375754 15.1031979881227 5.8269923878833643 35.126214683055878 64.743414000957273 15.866382394451646 1.9170817732810972 3.0885419547557822 4.6291351690888405 2.2761484999209642 4.2623845520429313
leaf_count=3807 26 7 33 38 39 8 54 203 475 17 38 27 25 40 83 28 92 91 271 706 199 25 29 25 28 109
internal_value=-1.77228e-05 -0.000672952 -0.000202949 0.0284634 -0.000670682 0.00178726 -0.000233844 -0.010319 0.000467028 -0.033803 0.000384866 0.00945673 -0.0101968 0.0380321 0.00591075 -0.00117529 -0.00504261 0.00709973 0.00162423 0.000627327 -0.0309686 -0.0413147 0.0190988 0.01114 0.0329678 -0.0456129
internal_weight=685.051 504.68 497.868 7.72531 490.143 180.371 486.331 31.9761 454.355 6.81152 167.216 24.9335 14.7074 10.2261 9.63853 142.283 97.4041 44.8785 40.9532 79.8466 17.5575 5.06887 13.155 10.0665 5.43736 5.23894
internal_count=6523 4782 4649 71 4578 1741 4539 257 4282 133 1633 238 160 78 108 1395 1005 390 362 798 207 52 108 79 54 116
is_linear=0
shrinkage=0.05


Tree=262
num_leaves=14
num_cat=0
split_feature=3 3 3 4 4 2 4 4 4 3 2 0 2
split_gain=0.651263 1.0719 0.90684 0.693429 1.65204 1.44485 2.11096 0.61664 1.43122 1.59211 1.37119 0.919695 0.159879
threshold=0.017750000000000005 0.016250000000000004 0.025800000000000003 0.17705000000000001 0.18455000000000002 16.950000000000003 0.19675000000000004 0.14355000000000004 0.13420000000000001 0.011273670000000001 25.250000000000004 61.500000000000007 28.450000000000003
decision_type=2 2 2 2 2 2 2 2 2 2 2 2 2
left_child=1 3 -2 7 -5 -6 -7 8 9 -1 -10 -9 -3
right_child=2 12 -4 4 5 6 -8 11 10 -11 -12 -13 -14
leaf_value=2.5209478690194978e-05 0.022494095206947368 0.014364768764197601 -0.046692663185657325 -0.055359615403590356 0.032056382161273829 0.028338016835403296 -0.042079509974516066 0.030276810157364803 -0.005954059409375578 0.038805176206999768 -0.055999592336280282 -0.0030418976382993843 0.050034235874752177
leaf_weight=654.08849636069499 0.48411945393308942 1.3897641873918467 1.5500078712357206 1.8061811923980693 1.998021508567035 1.4498210959136484 3.0078760620672256 4.0619472675025454 4.5213654078543177 2.5586534552276126 2.0746007785201073 3.6060002893209457 1.0076011046767233
leaf_count=5919 31 35 158 41 48 14 91 43 67 13 15 33 15
internal_value=-1.77118e-05 6.13118e-05 -0.027601 -5.15605e-05 -0.0143663 -0.00146499 -0.0179606 0.000119381 -3.71322e-05 0.000189816 -0.0230426 0.0141269 0.0327618
internal_weight=683.604 681.57 2.03413 679.173 8.2619 6.45572 4.4577 670.911 663.243 656.647 6.59597 7.66795 2.39737
internal_count=6523 6334 189 6284 194 153 105 6090 6014 5932 82 76 50
is_linear=0
shrinkage=0.05


Tree=263
num_leaves=24
num_cat=0
split_feature=3 3 3 3 1 3 0 1 3 3 1 1 1 1 3 3 6 0 1 3 1 3 1
split_gain=0.34735 4.0063 2.32924 2.62757 3.94905 1.45946 1.38008 3.75075 2.87948 3.78958 2.3862 1.50901 1.4666 1.26198 1.05146 0.717672 0.54138 1.07914 0.398707 0.660218 0.237147 0.211678 0.0492604
threshold=0.0055077150000000007 0.005319260000000001 0.0050090800000000008 0.0044500000000000008 54.45000000000001 0.004237035000000001 61.500000000000007 51.050000000000004 0.0067104400000000007 0.0067767250000000017 43.650000000000013 45.45000000000001 50.250000000000007 49.350000000000001 0.0038262600000000002 0.0046802500000000012 0.75000000000000011 65.500000000000014 45.750000000000007 0.0072075300000000011 44.550000000000004 0.011273670000000001 60.550000000000004
decision_type=2 2 2 2 2 2 2 2 2 2 2 2 2 2 2 2 2 2 2 2 2 2 2
left_child=1 2 3 5 15 14 7 8 10 -10 -2 16 -11 -7 -1 -5 -8 20 -13 -20 -18 -21 -6
right_child=6 -3 -4 4 22 13 11 -9 9 12 -12 18 -14 -15 -16 -17 17 -19 19 21 -22 -23 -24
leaf_value=0.00016531230953408722 0.052893818136414521 -0.048399734517254989 0.041997974649613627 -0.032847213629663551 0.0037744486224151582 0.052121884037775359 -0.015185243449480605 0.05332612637383824 -0.071967285744085341 0.0041830780426761185 0 -0.0570310233594181 -0.043668589265755682 0 -0.019689579334243781 -0.07383865235373209 0.040978754726074172 -0.0089929784544872157 0.0050016984204176189 -0.017403902497903582 0.010817624915423769 -0.047256235245062068 0.020481601046599622
leaf_weight=600.63622225867584 4.5195460543036443 4.2091674562543622 3.1804559649899593 3.8513964936137182 1.8054909221827986 2.4098476581275454 2.3326529450714588 4.1767922097351393 1.8467817157506967 21.657163542287893 3.7536420747637749 0.97142502665519614 1.6256125566433173 2.3181752786040306 6.6415830664336672 2.3312121033668518 2.1507699259091191 3.1395094841718674 1.6667570164427159 2.8170181447640061 1.8482220901641992 1.43643915746361 1.888033729046583
leaf_count=5626 21 31 21 38 19 16 20 74 8 264 29 5 17 25 44 13 34 23 24 33 14 84 40
internal_value=-1.61368e-05 -0.000353726 -1.44959e-05 -0.000244114 -0.0257013 0.000162659 0.0038229 0.00915628 0.0033412 -0.00493262 0.0288286 -0.00810348 0.000455756 0.0275464 -4.68075e-05 -0.0500285 0.0044128 0.0116289 -0.0258368 -0.0190254 0.0288629 -0.0294878 0.0139475
internal_weight=683.214 629.272 625.062 621.882 9.87613 612.006 53.9423 37.5795 33.4027 25.1296 8.27319 16.3628 23.2828 4.72802 607.278 6.18261 9.47115 7.1385 6.89164 5.92021 3.99899 4.25346 3.69352
internal_count=6523 5873 5842 5821 110 5711 650 413 339 289 50 237 281 41 5670 51 91 71 146 141 48 117 59
is_linear=0
shrinkage=0.05


Tree=264
num_leaves=25
num_cat=0
split_feature=4 4 2 2 4 2 2 2 2 1 4 2 1 2 1 4 2 1 4 4 4 2 2 0
split_gain=0.331022 4.57976 2.6987 6.13214 3.86796 4.21026 5.0618 2.66358 3.41405 2.52533 1.66124 1.39803 8.38752 3.93459 4.71794 3.43737 6.19646 3.9015 2.60384 2.31298 7.34912 3.51318 1.15465 0.692281
threshold=0.013350000000000002 0.015150000000000002 14.850000000000003 15.250000000000002 0.015500000000000002 11.950000000000001 11.850000000000003 16.050000000000004 16.150000000000002 50.150000000000013 0.013150000000000002 28.150000000000002 43.95000000000001 22.250000000000004 34.250000000000007 0.0095500000000000012 34.650000000000013 55.250000000000007 0.007150000000000001 0.0084500000000000009 0.0086500000000000014 13.950000000000001 12.850000000000003 65.500000000000014
decision_type=2 2 2 2 2 2 2 2 2 2 2 2 2 2 2 2 2 2 2 2 2 2 2 2
left_child=10 22 4 9 -3 6 -6 -5 -9 -4 11 13 -13 19 -15 17 -17 -14 -16 21 -21 -1 -2 -7
right_child=1 2 3 7 5 23 -8 8 -10 -11 -12 12 15 14 18 16 -18 -19 -20 20 -22 -23 -24 -25
leaf_value=0.0017866422051159088 0.0080926681175702963 0.060300929988241631 0.10778319880681955 -0.048685065594613469 -0.029400302350307762 -0.052541960687971137 0.045823371883943247 0.048700847988691613 -0.00011740330513522677 0.022073942053927716 0.028410072290391514 -0.051429006262389027 0.035281262400431702 0.048951086413607112 -0.010658426694568908 0.016285667137036549 -0.053717623169349804 0.0036776621227437253 -0.046877867271065014 0.097740700817694162 0.0064077785428462144 -0.014706404732088427 -0.052408459129620347 -0.0066232944559193908
leaf_weight=209.34944891370833 0.73353211209177871 1.3353313207626367 1.6874653249979013 2.6811097220052025 5.6184030063450354 8.3108050363371131 3.5725868344306946 3.5252598170191041 282.08115254261065 2.1421378925442696 5.3544480651617041 5.3359466064721337 21.824678722769022 2.0652686506509808 11.044370357878508 8.9621556922793371 4.7197998613119116 18.350154627114534 9.7676542787812632 2.3162786737084415 27.45371463149786 38.034361596219242 5.2532616220414639 1.2274084258824576
leaf_count=1311 25 7 17 79 137 318 16 42 2671 30 24 115 143 11 119 63 58 126 165 14 287 608 110 27
internal_value=-1.67188e-05 -0.00120221 -0.000348453 0.000856135 -0.0180511 -0.0241935 0 0 0.000484498 0.0628948 0.0010042 0.00057399 0.00759779 -0.000797135 -0.0206884 0.0136231 -0.00771479 0.0210152 -0.0280392 0.0008336 0.0139848 -0.000733818 -0.0441629 -0.0472818
internal_weight=682.747 318.168 312.182 292.117 20.0645 18.7292 9.19099 288.288 285.606 3.8296 364.578 359.224 59.1927 300.031 22.8773 53.8568 13.682 40.1748 20.812 277.154 29.77 247.384 5.98679 9.53821
internal_count=6523 3479 3344 2839 505 498 153 2792 2713 47 3044 3020 505 2515 295 390 121 269 284 2220 301 1919 135 345
is_linear=0
shrinkage=0.05


Tree=265
num_leaves=31
num_cat=0
split_feature=1 4 4 4 4 2 4 0 2 2 4 1 2 1 4 2 2 2 4 4 0 2 2 2 0 0 4 4 4 2
split_gain=0.341338 2.77894 5.08977 3.70655 2.74964 3.87237 4.6809 2.28541 2.26084 3.85782 3.55933 1.99912 3.14409 1.62174 1.74643 1.62636 1.60191 1.13583 1.02641 0.925108 0.922077 4.12606 1.92427 4.20566 1.47645 1.31782 1.21971 1.17944 6.22573 3.48254
threshold=50.050000000000004 0.0063500000000000006 0.0069500000000000004 0.0077500000000000008 0.0050500000000000015 28.150000000000002 0.0039500000000000013 62.500000000000007 17.750000000000004 24.750000000000004 0.030250000000000003 49.650000000000013 22.950000000000003 53.95000000000001 0.0060500000000000007 28.650000000000002 45.150000000000006 18.550000000000004 0.0064500000000000009 0.069450000000000026 60.500000000000007 14.250000000000002 17.750000000000004 34.650000000000013 57.500000000000007 56.500000000000007 0.20055000000000003 0.040650000000000006 0.036950000000000004 23.150000000000002
decision_type=2 2 2 2 2 2 2 2 2 2 2 2 2 2 2 2 2 2 2 2 2 2 2 2 2 2 2 2 2 2
left_child=11 4 16 7 5 -2 -7 -4 10 -10 -5 20 19 14 -6 -16 18 -15 -3 -13 21 24 -23 -24 25 -1 27 28 -22 -29
right_child=1 2 3 8 13 6 -8 -9 9 -11 -12 12 -14 17 15 -17 -18 -19 -20 -21 26 22 23 -25 -26 -27 -28 29 -30 -31
leaf_value=-0.00058077687585736978 -0.052987909249481227 -0.0084191420930059459 0.0089748390917070067 -0.02318464496161159 0.067502277286400847 -0.026494181631910918 0.061179422970098665 0.053398976078579422 0.010070356514575059 -0.0051417210159638918 0.0064994829627996664 -0.055248536034906426 0.00025989382248138375 0.035175435733883376 0 0.050359282274778573 0 -0.0069961008893478262 -0.056348523506385112 -0.012785812403367239 -0.0020259825263329325 0.058817365409756066 -0.02054403621616209 0.052394612551532431 0.0087399342563360682 -0.018578666165321417 -0.039078272510152015 -0.012254207733862531 -0.05699495623810974 0.012951361597193917
leaf_weight=85.758981414139271 2.80550400237553 1.7430151049047689 7.4916706979274732 24.086019391193986 3.9930826686322707 2.8726284205913544 2.9424224272370338 5.0566472820937634 81.203844785806723 85.009799546562135 16.915943439234979 4.848041967488828 9.8257769867777807 2.3732278794050208 3.4750901348888874 2.8491698950529099 2.3439052402973175 4.0776981990784407 5.8301959559321404 2.2947491056402214 193.05238039698452 4.1300794780254346 3.8428579121828079 3.7655638922005892 38.709532234817743 11.550156258046625 2.1083436136832452 20.440896297805011 5.2048593759536734 40.474098443984985
leaf_count=402 64 17 50 448 36 18 24 44 762 759 322 79 58 21 41 14 16 40 127 54 1974 22 34 21 208 61 163 298 48 298
internal_value=-1.7051e-05 0.00142169 -0.000295024 0.00127121 0.0170884 -0.00534144 0.0173078 0.0275526 -0.000308716 0.00226168 -0.0108304 -0.000890359 -0.0176588 0.0288793 0.0412173 0.0230505 -0.0351681 0.00805524 -0.0462224 -0.0426619 -0.000178366 0.00296379 0.0312822 0.0151176 0.000461975 -0.00278525 -0.00197488 -0.0016388 -0.0035223 0.0044051
internal_weight=681.076 255.07 229.681 219.764 25.3888 8.62055 5.81505 12.5483 207.216 166.214 41.002 426.006 16.9686 16.7683 10.3173 6.32426 9.91712 6.45093 7.57321 7.14279 409.038 147.757 11.7385 7.60842 136.019 97.3091 261.281 259.172 198.257 60.915
internal_count=6523 2803 2545 2385 258 106 42 94 2291 1521 770 3720 191 152 91 55 160 61 144 133 3529 748 77 55 671 463 2781 2618 2022 596
is_linear=0
shrinkage=0.05


Tree=266
num_leaves=19
num_cat=0
split_feature=3 3 3 3 0 0 3 3 3 0 0 3 0 0 3 3 3 3
split_gain=0.335727 1.3935 1.91742 2.53463 2.23162 3.59673 0.910881 0.811594 2.57282 1.79574 1.46408 2.60702 1.07514 1.52266 2.68626 1.35907 1.32 0.196291
threshold=8.4935000000000013e-05 8.3300000000000005e-05 8.2565000000000007e-05 8.2010000000000009e-05 59.500000000000007 65.500000000000014 7.5195000000000014e-05 9.5610000000000015e-05 9.8695000000000003e-05 51.500000000000007 57.500000000000007 8.651000000000001e-05 53.500000000000007 60.500000000000007 0.000102255 0.0022204250000000003 0.00027722500000000003 0.0053476600000000015
decision_type=2 2 2 2 2 2 2 2 2 2 2 2 2 2 2 2 2 2
left_child=1 2 3 4 6 -6 -1 9 -9 -2 11 -11 15 14 -14 -10 -15 -17
right_child=7 -3 -4 -5 5 -7 -8 8 12 10 -12 -13 13 16 -16 17 -18 -19
leaf_value=-0.0009243221133614643 0.041209523471222968 -0.028368909646607585 0.034453768281301381 -0.04685922882007576 -0.059303494412836555 0.025989138442081158 0.023762816789254231 -0.050671248701984334 -0.039393728430429646 0.023440981265004632 0.022257439468155858 -0.024357895989033485 0.017366218196884553 -0.0057581021750116902 0.00038843179609068877 -0.01151991546146397 0.00055743852150617879 0.0017042150752600846
leaf_weight=6.8685879819095259 3.6602779179811504 5.2338262498378745 3.344105437397956 3.0978864282369605 3.1508178027579552 1.8240901231765745 7.213430717587471 2.4061717092990866 3.6704125702381125 4.2820006310939807 6.3910597786307326 7.8385221064090729 34.167263031005859 104.13003048067912 74.78239631280303 4.4948066174983961 396.736349581799 5.8647283464670181
leaf_count=45 18 27 14 13 65 16 30 10 18 19 36 39 194 1411 422 23 4098 25
internal_value=-1.79805e-05 -0.00512234 -6.33229e-05 -0.0056295 0.00102141 -0.0271491 0.0114473 0.000216989 -0.000108667 0.00959894 0.00289213 -0.00700848 8.64289e-05 0.00041026 0.00576966 -0.0135384 -0.000746468 -0.00361073
internal_weight=679.157 30.7327 25.4989 22.1548 19.0569 4.97491 14.082 648.424 626.252 22.1719 18.5116 12.1205 623.846 609.816 108.95 14.0299 500.866 10.3595
internal_count=6523 210 183 169 156 81 75 6313 6201 112 94 58 6191 6125 616 66 5509 48
is_linear=0
shrinkage=0.05


Tree=267
num_leaves=30
num_cat=0
split_feature=4 4 1 1 4 3 1 3 3 1 4 3 3 0 4 0 1 3 1 4 4 4 4 1 4 1 4 1 3
split_gain=0.319079 1.76385 2.75699 1.66023 1.20354 1.28971 2.51633 2.17306 1.67986 0.994231 0.933541 3.54537 1.50125 1.22189 0.882981 1.43497 1.43397 1.07399 0.56916 4.14345 1.62952 2.31779 3.68402 1.52278 0.980921 0.976152 0.754506 0.430974 0.172468
threshold=0.077500000000000013 0.10755000000000002 52.250000000000007 43.050000000000004 0.12015000000000002 0.0030075550000000007 46.050000000000004 0.004237035000000001 0.0044500000000000008 46.350000000000001 0.069450000000000026 0.0025839000000000005 0.0016859400000000001 61.500000000000007 0.091200000000000017 65.500000000000014 55.95000000000001 0.0044500000000000008 63.650000000000013 0.066900000000000015 0.067750000000000019 0.021150000000000006 0.020950000000000003 60.550000000000004 0.022650000000000003 64.550000000000011 0.065300000000000011 50.150000000000013 0.0017153750000000001
decision_type=2 2 2 2 2 2 2 2 2 2 2 2 2 2 2 2 2 2 2 2 2 2 2 2 2 2 2 2 2
left_child=10 2 3 -2 9 6 -6 -7 -9 -3 18 12 13 -12 15 16 -4 28 19 23 21 22 -20 26 -25 -23 -1 -8 -16
right_child=1 4 14 -5 5 7 27 8 -10 -11 11 -13 -14 -15 17 -17 -18 -19 20 -21 -22 25 -24 24 -26 -27 -28 -29 -30
leaf_value=0.00029620525374551008 0.0049694687279988664 0 0.022905078696962688 -0.051364529982488409 0.074508700921291041 -0.051546882318913412 -0.042063840416964954 0.05891094633745645 -0.0036351008837691053 0.035058245923243136 0.041191837277036465 0.06480764248561964 -0.026583406200491894 -0.0061300000945184929 -0.014680253140651051 0.044653298676212969 -0.03313204278166916 0.0081078020901107755 -0.0017705185658903066 -0.055509541738252288 0.034004641137289258 0 0.059152494401174684 -0.010202219111553099 -0.049238357036057598 -0.051643779149266766 0.024484883109922671 0.0062254314863487677 -0.048030211220170871
leaf_weight=563.61095616000239 1.4477939978241945 3.7895151078701002 2.1546338628977519 5.9471937506459653 1.436059191823005 2.2258017063140896 0.67539017461240269 1.0128972083330179 28.043471946613863 4.4285959005355835 2.406773963943122 2.5795827955007544 3.3759467527270317 2.6146731581538916 1.3785127922892573 2.0943000484257936 2.1558471918106079 2.2941330745816231 12.209722378291195 3.2735063200816503 4.6088279932737342 1.6462509380653489 2.9691015481948844 10.206337202340363 1.9940265174955119 2.4055445529520512 3.1500476319342843 0.74830243922770023 1.6287305168807504
leaf_count=4976 11 24 34 118 6 48 23 5 562 20 21 14 24 26 18 15 11 13 163 73 22 15 19 106 39 41 27 22 27
internal_value=-1.72906e-05 -0.00345677 -0.0160595 -0.0397492 0.00213277 -0.00188411 0.0294332 -0.00499106 -0.0010887 0.0192439 0.0003177 0.0147037 -0.000680776 0.0159364 -0.000460827 0.0115122 -0.00410347 -0.0157969 4.65152e-05 -0.000255806 0.00760923 0.000881443 0.0101284 5.75021e-05 -0.0173372 -0.0319649 0.000443762 -0.0146584 -0.0353163
internal_weight=678.512 61.4612 19.1011 7.39499 42.36 34.1419 2.85975 31.2822 29.0564 8.21811 617.051 10.977 8.39739 5.02145 11.7062 6.40478 4.31048 5.30138 606.074 582.235 23.8394 19.2306 15.1788 578.961 12.2004 4.0518 566.761 1.42369 3.00724
internal_count=6523 957 247 129 710 666 51 615 567 44 5566 85 71 47 118 60 45 58 5481 5221 260 238 182 5148 145 56 5003 45 45
is_linear=0
shrinkage=0.05


Tree=268
num_leaves=20
num_cat=0
split_feature=2 2 2 3 0 0 0 2 2 3 0 3 3 3 3 2 2 3 0
split_gain=0.34765 1.38037 1.07674 0.960871 1.43905 0.826254 0.857827 0.588747 2.06021 1.52714 1.2169 0.600249 8.08096 3.87234 0.186296 0.273009 0.338847 0.106621 1.70774e-06
threshold=45.95000000000001 43.70000000000001 49.45000000000001 0.00089465500000000017 62.500000000000007 61.500000000000007 64.500000000000014 42.850000000000001 42.650000000000013 0.00089465500000000017 63.500000000000007 0.00036877000000000009 0.00035400000000000009 0.0004572200000000001 0.0012994950000000001 51.100000000000009 60.45000000000001 0.00059795500000000006 64.500000000000014
decision_type=2 2 2 2 2 2 2 2 2 2 2 2 2 2 2 2 2 2 2
left_child=1 7 5 4 -3 -2 -7 8 11 10 17 12 -1 -13 -4 -16 -17 -9 -18
right_child=2 3 14 -5 -6 6 -8 9 -10 -11 -12 13 -14 -15 15 16 18 -19 -20
leaf_value=0.00036332395049447103 -0.035120031692013873 0.051502029391886889 0.013288859600761175 0.001312619681328404 0.0089316286448685826 0.0096976825381479542 -0.026381113542694585 -0.029397513082849838 0.039088357165792578 0.026939502991688055 0.0087670803322055391 -0.016441818628497057 0.065294367115265373 0.00025215313698377103 0.005269569612971022 -0.022473892487481661 0 -0.06087071333387746 -3.8476610679394479e-05
leaf_weight=258.09970345965121 4.2511973455548304 3.285294637084009 2.7152049466967609 8.6313992887735349 5.8366758450865746 3.5477461889386177 2.7670076154172421 2.1652680225670333 3.2524864748120299 1.4362881034612653 1.2931087352335451 38.835619917139411 4.7863555997610083 317.35298045957461 9.3046772778034228 2.4155526682734472 3.3865224178880453 1.3666412048041818 2.7838223204016685
leaf_count=2438 34 26 30 42 39 36 25 36 31 9 20 435 21 3155 49 28 23 21 25
internal_value=-1.68307e-05 0.000224839 -0.00517241 0.0139377 0.0251978 -0.0181019 -0.00549673 -0.000156658 0 -0.0152906 -0.0291685 -0.000213613 0.00158891 -0.00155808 0.00127134 -0.000338329 -0.00698205 -0.0442932 0
internal_weight=677.514 646.342 31.1717 17.7534 9.12197 10.566 6.31475 628.588 622.327 6.26131 4.82502 619.075 262.886 356.189 20.6058 17.8906 8.5859 3.53191 6.17034
internal_count=6523 6273 250 107 65 95 61 6166 6080 86 77 6049 2459 3590 155 125 76 57 48
is_linear=0
shrinkage=0.05


Tree=269
num_leaves=31
num_cat=0
split_feature=1 2 1 2 2 1 3 2 5 2 1 2 1 5 3 2 2 2 1 1 2 2 3 5 2 3 3 3 2 5
split_gain=0.368711 1.96598 1.5479 3.07584 3.02248 2.38921 2.12355 2.70966 2.3468 1.2528 2.83519 2.79544 0.875154 2.70318 2.72622 7.57267 6.84421 4.96961 2.69861 0.762437 2.37295 2.46153 1.85073 0.877824 5.0675 2.55151 2.72779 1.9699 1.54669 1.40001
threshold=50.550000000000004 58.550000000000004 51.45000000000001 17.750000000000004 12.050000000000002 51.550000000000004 0.00019904500000000004 21.650000000000002 0.55500000000000016 11.850000000000003 57.250000000000007 13.050000000000002 49.050000000000004 0.54500000000000015 0.00078857000000000005 40.550000000000004 26.350000000000005 22.650000000000002 50.250000000000007 48.750000000000007 30.650000000000002 20.350000000000005 0.00029936000000000003 0.54500000000000015 14.250000000000002 9.051500000000001e-05 6.978500000000001e-05 0.00031866500000000004 20.550000000000004 0.51500000000000012
decision_type=2 2 2 2 2 2 2 2 2 2 2 2 2 2 2 2 2 2 2 2 2 2 2 2 2 2 2 2 2 2
left_child=12 2 3 4 -2 -4 7 -5 -8 10 -7 -11 19 -14 15 18 17 -16 -15 23 21 22 -21 24 29 26 -25 -27 -26 -1
right_child=1 -3 5 6 -6 9 8 -9 -10 11 -12 -13 13 14 16 -17 -18 -19 -20 20 -22 -23 -24 25 28 27 -28 -29 -30 -31
leaf_value=-0.0030096932963581038 0.068721410048579054 -0.04765782950610753 -0.044586751157316654 0.07905263674250701 -0.034428505060035537 -0.051595672950402571 -0.0076341455582321777 0.0096591076651258625 0.03053314732324838 0.027299001516652516 0.030369761233100531 0.00039300996204281346 -0.038063185614027009 -0.045499043253183935 0.01019702518037717 0.030821432170708121 -0.029149731555416881 0.07230923963760745 -0.0013999405628246345 0.052834960236237599 0.03972719873872399 -0.058002462229574926 -0.021277335681339517 0 0.068402765713021507 -0.011359370188247966 0.072750187033067917 -0.00044901597445010978 0.022328185255630559 0.008257247281779706
leaf_weight=96.217244565486908 0.70976880472153681 1.9020667746663082 2.7896446697413912 3.1099858731031444 4.8221967510180548 3.0776183027774087 7.672018785029648 2.8887592703104019 7.9599459678865969 10.102422408293931 1.4179559499025343 188.47548941802233 6.0560540109872809 11.911105669103568 13.004648859612649 6.3613160327076903 8.0210551209747774 4.3207617476582518 5.2221403354778877 1.5647812299430355 4.5345948077738285 1.6460226811468599 1.5083188712596891 2.6989759213756761 2.9840578585863096 54.577323062345386 2.2150697037577629 174.48427152854856 6.1796041941270232 38.49934671074152
leaf_count=459 19 43 30 28 151 53 65 21 81 103 18 1979 47 175 206 40 45 20 71 22 30 20 30 38 16 764 10 1688 43 208
internal_value=-1.37382e-05 0.00157895 0.00202256 0.0132259 -0.019321 0.000514348 0.0218304 0.0471616 0.0115537 0.00118016 -0.0245565 0.00180004 -0.00087173 -0.00677405 -0.00272233 -0.0150373 0.00851056 0.0263001 -0.0324341 -2.02605e-05 0.0140675 -0.00986397 0.0153597 -0.000382131 0.00267404 -0.00228319 0.0329181 -0.00307421 0.0384481 0.000176825
internal_weight=676.935 234.928 233.026 27.1627 5.53197 205.863 21.6307 5.99875 15.632 203.073 4.49557 198.578 442.007 54.8971 48.841 23.4946 25.3465 17.3254 17.1332 387.11 9.25372 4.71912 3.0731 377.856 143.88 233.976 4.91405 229.062 9.16366 134.717
internal_count=6523 2591 2548 365 170 2183 195 49 146 2153 71 2082 3932 604 557 286 271 226 246 3328 102 72 52 3226 726 2500 48 2452 59 667
is_linear=0
shrinkage=0.05


Tree=270
num_leaves=31
num_cat=0
split_feature=1 4 4 4 3 4 4 2 4 2 2 4 1 2 2 1 4 2 4 2 4 3 1 2 2 2 2 5 2 1
split_gain=0.340852 2.54965 4.67853 3.43564 5.14311 3.23571 2.45649 3.68242 4.31441 2.01876 3.44853 3.36532 1.73963 2.97888 1.54397 1.50546 1.61866 1.50259 1.02138 0.986603 0.866744 1.3322 0.823497 0.79147 6.67107 5.79427 3.63286 3.58573 3.35972 4.20288
threshold=50.050000000000004 0.0063500000000000006 0.0069500000000000004 0.0077500000000000008 0.00019904500000000004 0.007150000000000001 0.0050500000000000015 28.150000000000002 0.0039500000000000013 17.750000000000004 24.750000000000004 0.030250000000000003 49.650000000000013 22.950000000000003 45.150000000000006 53.95000000000001 0.0060500000000000007 28.650000000000002 0.0064500000000000009 18.550000000000004 0.069450000000000026 0.0057498900000000014 49.95000000000001 16.750000000000004 21.150000000000002 21.750000000000004 25.550000000000004 0.48500000000000004 16.150000000000002 48.95000000000001
decision_type=2 2 2 2 2 2 2 2 2 2 2 2 2 2 2 2 2 2 2 2 2 2 2 2 2 2 2 2 2 2
left_child=12 6 14 4 -4 -6 7 -2 -9 11 -11 -5 23 20 18 16 -8 -18 -3 -17 -14 -22 -15 28 27 -26 -27 -25 29 -1
right_child=1 2 3 9 5 -7 15 8 -10 10 -12 -13 13 22 -16 19 17 -19 -20 -21 21 -23 -24 24 25 26 -28 -29 -30 -31
leaf_value=-0.00041421813517045886 -0.052556232483760845 -0.0078136430127890254 0.070113535837535185 -0.022462460225870007 0.036669897758012278 -0.02551644648819848 0.065838735402554208 -0.02504486303130898 0.060405616141259312 0.0095663451740759207 -0.0048607177120287655 0.0065739052985434839 -0.054605223041247652 0.015078827025145092 0 0.033108790743486612 0 0.048963109632525481 -0.055905082018739449 -0.0062697030943033531 0.027136420284015885 -0.046131536014725083 -0.013772708056242958 0.018770059647212161 0.049182382810741956 -0.021444876431413875 0.0018006612257147386 -0.0379866727313867 0.033678147247861077 0.049592970920633896
leaf_weight=215.68631652434124 2.6858427244005743 1.7336038108915071 4.3226555101573458 23.598166085779667 3.7571917325258237 4.4371450394392014 3.837187625467779 2.8000064790248871 2.8293413519859314 80.912072811392136 84.225190196186304 16.812185325718019 4.5626317979767945 4.9930754601955396 2.3134362548589706 2.3519916161894789 3.4609573502093554 2.790539413690567 5.5469247023575008 4.0629739034920931 0.96404983662068877 1.2698887679725883 4.6686941087245941 3.1070401519536999 5.8498278819024554 19.113276324933395 132.84976675268263 17.74598424800206 7.8394148275256148 4.1828384310938409
leaf_count=1543 64 17 28 448 24 42 36 18 24 762 759 322 79 33 16 21 41 14 127 40 16 38 25 21 40 289 1112 384 73 67
internal_value=-1.16687e-05 0.00143417 -0.000206078 0.00128219 0.0266117 0.00249218 0.0166209 -0.00500226 0.017335 -0.00024815 0.00217934 -0.0102724 -0.000886948 -0.0167773 -0.0342134 0.0277812 0.0398665 0.0223519 -0.0453923 0.0076872 -0.041894 -0.0125627 0.000626912 -0.00022711 -0.00272823 0.000759899 -0.00110236 -0.0292422 0.00171372 0.000536512
internal_weight=675.31 252.477 227.659 218.065 12.517 8.19434 24.8188 8.31519 5.62935 205.548 165.137 40.4104 422.833 16.4583 9.59396 16.5036 10.0887 6.2515 7.28053 6.41497 6.79657 2.23394 9.66177 406.374 178.666 157.813 151.963 20.853 227.709 219.869
internal_count=6523 2803 2545 2385 94 66 258 106 42 2291 1521 770 3720 191 160 152 91 55 144 61 133 54 58 3529 1846 1441 1401 405 1683 1610
is_linear=0
shrinkage=0.05


Tree=271
num_leaves=12
num_cat=0
split_feature=3 5 5 3 3 5 3 3 5 3 5
split_gain=0.332003 1.09565 3.41373 1.98056 1.01737 0.872128 0.647083 1.5037 5.25393 2.31221 1.3753
threshold=8.3725000000000016e-05 0.53500000000000014 0.59500000000000008 8.2010000000000009e-05 8.5515000000000024e-05 0.49500000000000005 8.9260000000000009e-05 9.5610000000000015e-05 0.48500000000000004 9.8695000000000003e-05 0.47500000000000003
decision_type=2 2 2 2 2 2 2 2 2 2 2
left_child=1 3 -3 5 -2 -1 -6 8 -8 -9 -11
right_child=4 2 -4 -5 6 -7 7 9 -10 10 -12
leaf_value=-0.00023773751902027271 0.023024062488940178 -0.058804778755923208 0.024746218647917491 -0.019436022928719494 -0.012891550489855711 0.023992238828207838 0.048536709448460023 -0.047885384537440803 -0.020476690604640288 -0.015859395885752928 0.0004593108763830784
leaf_weight=7.4725271016359383 4.7511216551065436 3.0494938484625882 1.824042737483978 8.623494088649748 9.4302463531494123 6.5735346004366875 6.2321575134992582 2.4199351519346228 4.6862481236457825 13.088391102850435 605.24578764504986
leaf_count=38 24 65 16 39 44 37 30 10 29 62 6129
internal_value=-1.10578e-05 -0.00538398 -0.0266596 -0.000493522 0.000211133 0.0108378 3.07077e-05 0.000233548 0.0185449 -8.3411e-05 0.000103296
internal_weight=673.397 27.5431 4.87354 22.6696 645.854 14.0461 641.103 631.673 10.9184 620.754 618.334
internal_count=6523 195 81 114 6328 75 6304 6260 59 6201 6191
is_linear=0
shrinkage=0.05


Tree=272
num_leaves=24
num_cat=0
split_feature=3 3 3 3 1 0 1 3 3 1 1 3 1 1 3 3 1 0 1 3 1 3 1
split_gain=0.339951 3.60881 2.02385 2.36969 3.7093 1.34956 3.4112 2.59782 3.61239 2.06047 1.38405 1.32013 2.8716 1.24467 0.986693 0.657434 0.480263 1.01399 0.381216 0.61317 0.224082 0.219785 0.056796
threshold=0.0055077150000000007 0.005319260000000001 0.0050090800000000008 0.0044500000000000008 54.45000000000001 61.500000000000007 51.050000000000004 0.0067104400000000007 0.0067767250000000017 43.650000000000013 45.45000000000001 0.004237035000000001 48.850000000000001 49.45000000000001 0.0038262600000000002 0.0046802500000000012 1.0000000180025095e-35 65.500000000000014 45.750000000000007 0.0072075300000000011 44.550000000000004 0.011273670000000001 60.550000000000004
decision_type=2 2 2 2 2 2 2 2 2 2 2 2 2 2 2 2 2 2 2 2 2 2 2
left_child=1 2 3 11 15 6 7 9 -9 -2 16 14 -13 -10 -1 -5 -7 20 -12 -20 -18 -21 -6
right_child=5 -3 -4 4 22 10 -8 8 13 -11 18 12 -14 -15 -16 -17 17 -19 19 21 -22 -23 -24
leaf_value=0.00015111639407518012 0.050196207830395072 -0.046478365602704394 0.038777939741353212 -0.03185871824760108 0.0033155480173035524 -0.014617661426108734 0.052011114035639919 -0.070342604474915249 0.0061357097125574397 0 -0.056087426164428515 0.067223216844158801 -0.00926863029657456 -0.025682411552195496 -0.019255168655381603 -0.071925842927270167 0.03934347084145659 -0.0092079244644897862 0.004656484301977723 -0.016542291294951109 0.0099231323341367438 -0.046935249499849514 0.020515118529091148
leaf_weight=591.67277607915457 4.5066756978631002 4.1110550360754123 3.2406184840947381 3.7389731779694539 1.817414563149214 2.3102037943899649 4.0385403332766137 1.8150700479745889 19.489559499255851 3.7162946164608002 0.95050203800201316 2.1735538616776457 2.411991186439991 3.531078041298314 6.521632518619298 2.2708377465605736 2.1358834784477954 3.1359534859657288 1.6476981407031415 2.7700757002457976 1.8330943207256494 1.3874320441391317 1.8592842333018778
leaf_count=5626 21 31 21 38 19 20 74 8 222 29 5 15 26 59 44 13 34 23 24 33 14 84 40
internal_value=-1.13548e-05 -0.000348399 -2.47739e-05 -0.000244542 -0.024654 0.00381005 0.00912126 0.00358988 -0.00432191 0.0278513 -0.00804818 0.000143443 0.0265824 0.000948979 -5.52806e-05 -0.0487461 0.00390134 0.0107362 -0.025245 -0.0184841 0.0275621 -0.0287235 0.0136501
internal_weight=673.086 619.818 615.707 612.466 9.68651 53.2681 37.0972 33.0587 24.8357 8.22297 16.1708 602.78 4.58555 23.0206 598.194 6.00981 9.41514 7.10493 6.75571 5.80521 3.96898 4.15751 3.6767
internal_count=6523 5873 5842 5821 110 650 413 339 289 50 237 5711 41 281 5670 51 91 71 146 141 48 117 59
is_linear=0
shrinkage=0.05


Tree=273
num_leaves=21
num_cat=0
split_feature=4 2 2 1 4 2 4 1 4 2 4 1 5 4 2 1 2 4 2 2
split_gain=0.325756 1.45211 2.3897 2.11934 1.3588 1.27017 1.3563 1.49324 0.377122 3.20109 2.08592 4.5437 1.24734 0.826989 4.05143 1.84965 0.671271 5.40423 2.40803 0.0652612
threshold=0.16200000000000003 23.750000000000004 16.650000000000002 52.95000000000001 0.14595000000000002 37.650000000000013 0.19675000000000004 52.95000000000001 0.077500000000000013 17.350000000000005 0.097850000000000006 52.250000000000007 0.48500000000000004 0.069450000000000026 21.850000000000005 49.95000000000001 21.150000000000002 0.041600000000000005 22.250000000000004 27.250000000000004
decision_type=2 2 2 2 2 2 2 2 2 2 2 2 2 2 2 2 2 2 2 2
left_child=4 2 3 -2 8 6 -3 19 13 -10 11 -11 -12 16 15 -15 17 -1 -18 -8
right_child=1 5 -4 -5 -6 -7 7 -9 9 10 12 -13 -14 14 -16 -17 18 -19 -20 -21
leaf_value=-0.00021800831158592045 -0.041870726599133087 0.045185993812258907 -0.050702292058670266 0.04775231789803952 0.032793442523480265 -0.022785006157187974 0.043872602377109493 -0.047440571080909627 -0.049156713805824009 -0.056019265678739397 -0.018631562699763925 0.0025646658453087681 0.013056855755809012 0 -0.027683031601157256 0.053237859469673521 0.016593934459059392 -0.03461145046204802 0.00036494252788975761 0.0068665407919542834
leaf_weight=310.96028976899106 0.9770012886729077 2.6737244799733162 3.6977536347694695 1.5216987072490153 3.070359729230403 2.2222298122942448 0.55847344431094847 1.07486971700564 3.5776038398034862 4.5855035893619052 3.4184644492343095 10.752725705504416 21.598951452411711 2.3545722346752864 3.6567588821053505 4.8379918467253447 25.1073311525397 11.770621610339729 253.48691985500045 0.69936783658340573
leaf_count=2803 108 39 173 27 24 25 18 21 143 71 35 93 142 25 19 41 204 288 2186 38
internal_value=-1.22685e-05 -0.00770026 -0.0254444 0.0105226 0.000137869 0.00696755 0.0213407 -0.00466913 -1.23027e-05 -0.00448884 -0.000293637 -0.0148751 0.00847084 0.000301474 0.0139209 0.0358479 4.51599e-05 -0.00149822 0.00185089 0.0290003
internal_weight=672.603 13.4251 6.19645 2.4987 659.178 7.22867 5.00644 2.33271 656.108 43.9332 40.3556 15.3382 25.0174 612.174 10.8493 7.19256 601.325 322.731 278.594 1.25784
internal_count=6523 449 308 135 6074 141 116 77 6050 484 341 164 177 5566 85 66 5481 3091 2390 56
is_linear=0
shrinkage=0.05


Tree=274
num_leaves=31
num_cat=0
split_feature=3 3 3 4 3 4 3 4 0 1 4 1 3 3 4 1 3 3 4 1 4 0 0 4 0 4 1 4 0 4
split_gain=0.352205 2.78415 2.23388 4.42807 4.22234 1.71885 1.60121 3.05536 2.16709 1.64274 1.42602 5.56258 1.75211 1.41295 1.98632 1.23757 1.67688 3.30488 2.62514 1.39991 1.47222 2.02919 0.940088 1.23952 0.853702 0.806666 0.730946 0.623406 0.587553 0.45258
threshold=0.0015787650000000002 0.0013690800000000002 0.0012994950000000001 0.042850000000000006 0.0012167600000000001 0.064150000000000013 0.0018773500000000001 0.069850000000000009 62.500000000000007 50.050000000000004 0.021350000000000004 56.350000000000001 0.00080399000000000019 0.0016859400000000001 0.088000000000000009 46.350000000000001 0.0055077150000000007 0.005319260000000001 0.047550000000000009 46.850000000000001 0.041150000000000006 65.500000000000014 59.500000000000007 0.10755000000000002 57.500000000000007 0.065300000000000011 52.95000000000001 0.030550000000000004 61.500000000000007 0.052300000000000006
decision_type=2 2 2 2 2 2 2 2 2 2 2 2 2 2 2 2 2 2 2 2 2 2 2 2 2 2 2 2 2 2
left_child=1 2 4 -4 10 -5 7 8 9 29 12 -12 -1 14 -9 16 17 18 -8 25 -21 -22 24 -24 -18 -17 27 -3 -15 -2
right_child=6 26 3 5 -6 -7 15 13 -10 -11 11 -13 -14 28 -16 19 22 -19 -20 20 21 -23 23 -25 -26 -27 -28 -29 -30 -31
leaf_value=4.0149927464793167e-06 -0.017045281897282088 -0.02491097526435836 0.058492747250314781 -0.048935438996640962 -0.05331935186187306 0.022084607072667864 0.0014447000372401608 -0.015111721400057189 0.054356738156737278 0.036264710135006435 -0.0019714724053293948 -0.045071069264269431 0.011820894284173657 -0.0064098385355706618 0.047996420403577683 0.0067543637840425906 0.0037561445907233803 -0.056968939476116601 -0.027043146262981727 -0.032024949426016351 0.0017852755071168472 0.039093328004155242 -0.025971562073260342 0.0032896249450240903 0.027172889062789043 0.045037204601567085 0 -0.06701331584797969 -0.051717962411093124 0.010834209499920328
leaf_weight=348.92462666099891 3.1299676857888716 3.2270558699965468 4.4248361289501181 1.8063682019710543 3.6825210079550734 1.3480706065893171 27.611786641180515 3.305180883035062 5.0736461319029322 4.232326477766037 86.932502704672515 8.129926757887004 34.460411421954632 1.5971120651811364 1.8253126256167886 3.0827993452548972 13.952484816312792 3.5242434814572325 11.165279377251862 2.8208881169557563 59.954574097122531 3.8150166766718021 4.9267007037997272 12.131844855495727 5.7079117596149436 3.1442312095314264 1.4591594208031891 1.7913009026087818 1.9211694709956644 2.3699403274804354
leaf_count=3405 16 32 19 33 39 19 142 38 37 25 811 95 228 23 21 24 62 17 139 26 810 39 39 174 25 19 23 78 26 39
internal_value=-1.33717e-05 -0.000701401 -0.000257034 0.0264818 -0.000693153 -0.0173022 0.00190496 0.0140345 0.0278439 0.0131013 -0.000266593 -0.00575347 0.00108201 -0.0090823 0.00687315 0 -0.0043073 -0.0111101 -0.0066778 0.00472222 0.00249996 0.00415323 0.00340281 -0.00497205 0.0109108 0.0272812 -0.0330213 -0.0419319 -0.0332779 -0.00416004
internal_weight=671.479 496.187 489.709 7.57927 482.13 3.15444 175.292 23.4547 14.8059 9.73223 478.447 95.0624 383.385 8.64878 5.13049 151.838 79.0203 42.3013 38.7771 72.8175 66.5905 63.7696 36.7189 17.0585 19.6604 6.22703 6.47752 5.01836 3.51828 5.49991
internal_count=6523 4782 4649 71 4578 52 1741 225 117 80 4539 906 3633 108 59 1516 598 298 281 918 875 849 300 213 87 43 133 110 49 55
is_linear=0
shrinkage=0.05


Tree=275
num_leaves=27
num_cat=0
split_feature=3 3 3 2 3 3 4 2 4 2 2 3 4 3 1 3 2 3 2 1 3 3 3 3 4 1
split_gain=0.320892 2.59831 2.05092 5.31241 3.99191 1.46162 2.79655 2.33196 1.65484 1.44846 1.57997 1.33567 1.75952 1.36606 1.23265 2.68919 1.21561 1.15318 4.66812 4.73005 1.67232 3.65187 3.02569 3.32587 0.923499 0.371148
threshold=0.0015787650000000002 0.0013690800000000002 0.0012994950000000001 29.050000000000004 0.0012167600000000001 0.0018773500000000001 0.069850000000000009 24.750000000000004 0.082650000000000015 20.950000000000003 29.550000000000004 0.0010123650000000001 0.039550000000000009 0.00078857000000000005 50.050000000000004 0.0017153750000000001 27.550000000000004 0.0021089650000000004 25.750000000000004 55.550000000000004 0.0027416850000000002 0.0032026350000000006 0.0025021500000000003 0.0024757600000000005 0.078650000000000012 46.45000000000001
decision_type=2 2 2 2 2 2 2 2 2 2 2 2 2 2 2 2 2 2 2 2 2 2 2 2 2 2
left_child=1 2 4 -4 11 6 9 -8 -9 14 -11 13 -13 -1 15 -2 -3 18 19 -7 22 25 23 -19 -23 -22
right_child=5 16 3 -5 -6 17 7 8 -10 10 -12 12 -14 -15 -16 -17 -18 20 -20 -21 21 24 -24 -25 -26 -27
leaf_value=-0.00063683312689115129 -0.0050101459688459398 -0.044482458840473617 0.053076694987154519 -0.037004952502418337 -0.052895318019847384 -0.059396728167004947 -0.049779918618128888 -0.017689036488898826 0.033016707997601411 -0.023660155605448194 0.029320826249296512 -0.021996205469612395 0.0013378460193629394 0.0074796657192585589 0.067069791314486024 0.057757422494429771 0.0036111379129846635 0.011359258210714637 0.040420173238604612 0.0086031863216017961 -0.052014781247261978 0.0050474486099520979 0.045888458218866113 -0.036098914510421319 -0.0046804810921998374 -0.020655385948223783
leaf_weight=387.07091012899764 3.354017451405527 4.8058835673145941 5.2473486587405196 2.2099291905760765 3.5310765653848639 5.8370234663598222 2.3995191878639144 3.0655690878629684 3.0651969239115715 2.3989172950386992 3.0273011475801468 15.721491135656835 15.717273026704786 59.665973346680403 2.8144569471478462 3.0919658057391644 1.5224111303687093 25.702380911447111 2.8699947968125334 4.252774253487587 3.31247411109507 52.31441936455667 5.159927435219287 4.1819270476698867 45.356137639726512 2.560569953173399
leaf_count=3807 29 116 33 38 39 75 49 18 41 20 28 133 124 475 19 21 17 223 23 19 23 304 26 49 752 22
internal_value=-1.37273e-05 -0.000670871 -0.000245495 0.0255834 -0.000660955 0.00182013 0.0134743 -0.00879662 0.00698285 0.0267198 0.004989 -0.000253798 -0.010205 0.000437444 0.0387297 0.0247563 -0.0322585 0 -0.0141767 -0.0304414 0.00136451 -0.00179125 0.0108095 0.0044531 0.000478697 -0.0397543
internal_weight=670.257 495.492 489.164 7.45728 481.707 174.765 23.2169 8.53029 6.13077 14.6867 5.42622 478.176 31.4388 446.737 9.26044 6.44598 6.32829 151.548 12.9598 10.0898 138.588 103.544 35.0442 29.8843 97.6706 5.87304
internal_count=6523 4782 4649 71 4578 1741 225 108 59 117 48 4539 257 4282 69 50 133 1516 117 94 1399 1101 298 272 1056 45
is_linear=0
shrinkage=0.05


Tree=276
num_leaves=24
num_cat=0
split_feature=4 4 2 1 2 1 4 4 4 1 4 2 1 2 4 1 4 1 0 4 1 2 0
split_gain=0.321498 4.18608 2.40782 2.12425 4.90255 3.41325 3.08569 2.92941 2.05648 1.85835 1.53959 1.37366 6.99136 3.19573 5.60474 2.28653 10.8459 7.23837 8.40339 4.69287 4.07487 1.15772 0.583708
threshold=0.013350000000000002 0.015150000000000002 11.15 47.150000000000013 21.450000000000003 48.850000000000001 0.019050000000000001 0.016650000000000002 0.018100000000000002 46.95000000000001 0.013150000000000002 30.450000000000003 43.95000000000001 31.050000000000004 0.011950000000000002 46.250000000000007 0.0099500000000000022 50.250000000000007 60.500000000000007 0.0098500000000000029 34.250000000000007 12.850000000000003 61.500000000000007
decision_type=2 2 2 2 2 2 2 2 2 2 2 2 2 2 2 2 2 2 2 2 2 2 2
left_child=10 21 -3 4 9 8 -6 -7 -5 -4 11 15 -13 -14 -15 16 20 18 -17 -19 -1 -2 -18
right_child=1 2 3 5 6 7 -8 -9 -10 -11 -12 12 13 14 -16 17 22 19 -20 -21 -22 -23 -24
leaf_value=0.0015153948710249587 0.0092446065891506612 -0.048790417050518987 -0.046674621570939934 0.059712246186629528 -0.029804242024375184 0.021004637583354177 0.00073975650962684262 -0.0012968567822050029 0.014922593482014624 0.023810651382683994 0.027452193355243883 -0.050933221111032413 0.058187775974117166 0.01667415658751957 -0.054926502304810526 0.018522113740190881 0.041216347916890939 0.0071304420327262877 -0.04865988436960695 -0.02530406463803523 -0.037691245278563518 -0.052099703233299849 0.079319944320493829
leaf_weight=200.85744728147984 0.71794555522501369 2.4476889413781455 8.7936660064151475 3.0387236699461964 9.0475014969706518 16.075760705396533 83.491781062446535 162.32709969341522 18.845410405658185 0.88524723052978593 5.3247870504856101 4.2637106701731673 3.9167300872504702 32.539633354172111 2.8607955910265437 6.1432361155748394 2.9769475758075705 57.884260843740776 17.482334975386038 13.695577884092925 6.7518110245000562 4.9440474323928356 3.7846793979406357
leaf_count=1197 25 87 259 22 110 183 723 1765 184 11 24 96 31 242 30 37 23 652 358 183 150 110 21
internal_value=-1.50039e-05 -0.00119957 -0.000385155 5.98239e-06 -0.0058391 0.00301545 -0.00222149 0.000695346 0.0216126 -0.0395391 0.000997495 0.000576808 0.00888441 0.0156109 0.0106087 -0.000579048 0.00226711 -0.00703577 -0.0309757 0.000828255 0.000198723 -0.043428 0.0641179
internal_weight=669.097 310.615 304.953 302.505 102.218 200.287 92.5393 178.403 21.8841 9.67891 358.482 353.157 43.5809 39.3172 35.4004 309.576 214.371 95.2054 23.6256 71.5798 207.609 5.66199 6.76163
internal_count=6523 3479 3344 3257 1103 2154 833 1948 206 270 3044 3020 399 303 272 2621 1391 1230 395 835 1347 135 44
is_linear=0
shrinkage=0.05


Tree=277
num_leaves=13
num_cat=0
split_feature=1 1 4 1 1 4 1 0 1 4 4 1
split_gain=0.326681 0.537241 0.525394 0.505636 0.588465 1.56357 0.79414 3.22774 0.754937 0.457527 0.206841 0.187672
threshold=72.700000000000003 71.250000000000014 0.067950000000000024 68.550000000000011 64.550000000000011 0.011450000000000002 59.750000000000007 61.500000000000007 58.250000000000007 0.0098500000000000029 0.039950000000000006 70.750000000000014
decision_type=2 2 2 2 2 2 2 2 2 2 2 2
left_child=1 3 9 4 6 -6 8 -8 -1 -2 -7 -5
right_child=2 -3 -4 11 5 10 7 -9 -10 -11 -12 -13
leaf_value=-4.7707712630027602e-05 -0.0027095160350640818 0.015368824027306145 0.0073894464503064449 -0.027122902712152661 0.047831030227323844 0.010841281910002597 0.0211899776252082 -0.020121145595893522 0.011257239607204039 -0.045210929482996806 -0.0065354100922509614 -0.0036149551999072171
leaf_weight=603.90156208100962 1.5598719753324979 5.5917434245347968 1.6043399572372434 2.2133214976638547 2.2485861107707006 2.7774347141385078 6.2574837449938085 17.631937830708921 15.019446328282354 1.448734931182116 4.0887195412069559 2.3114530816674232
leaf_count=5880 19 38 7 27 30 26 50 225 107 64 35 15
internal_value=-1.56547e-05 7.02043e-05 -0.0131389 -5.48171e-05 5.44014e-05 0.0126054 -0.000117721 -0.00904865 0.000220328 -0.0255797 0 -0.016533
internal_weight=666.655 662.042 4.61295 656.45 651.925 9.11474 642.81 23.8894 618.921 3.00861 6.86615 4.52477
internal_count=6523 6433 90 6395 6353 91 6262 275 5987 83 61 42
is_linear=0
shrinkage=0.05


Tree=278
num_leaves=17
num_cat=0
split_feature=3 3 3 3 0 0 3 3 3 3 3 5 0 3 3 3
split_gain=0.313625 1.30214 1.82831 2.23597 1.90907 3.21843 0.847946 0.651806 2.08986 1.61592 1.34176 1.2902 1.42786 2.16618 1.22593 1.19176
threshold=8.4935000000000013e-05 8.3300000000000005e-05 8.2565000000000007e-05 8.2010000000000009e-05 59.500000000000007 65.500000000000014 7.5195000000000014e-05 9.5610000000000015e-05 9.8695000000000003e-05 9.1125000000000019e-05 8.8330000000000017e-05 0.47500000000000003 60.500000000000007 0.00068829000000000015 0.0036263200000000002 0.00027722500000000003
decision_type=2 2 2 2 2 2 2 2 2 2 2 2 2 2 2 2
left_child=1 2 3 4 6 -6 -1 9 -9 10 -2 14 13 -13 -10 -14
right_child=7 -3 -4 -5 5 -7 -8 8 11 -11 -12 12 15 -15 -16 -17
leaf_value=-0.0016709229883471466 0.011076892334668272 -0.027575788073479518 0.033554432016459648 -0.044546392169055947 -0.058067075310180176 0.023536407104268325 0.022231554009220351 -0.045432288672872245 -0.02985432261219613 0.027408991202634559 -0.019777518975776065 0.01333375240293227 -0.0055189170260786244 -0.0007695911344099539 1.4515120090408611e-06 0.00055554523060888351
leaf_weight=6.8277306072414046 8.7956561893224734 5.1735543310642234 3.3553646504878989 3.0550380349159232 2.9460777902277178 1.8240755051374433 7.1681705415248871 2.4302356243133536 6.8303709030151349 7.4685558602213851 5.7077690213918677 49.588707435876131 101.51142402552068 58.828829320147634 6.1671619862318039 388.66860868729418
leaf_count=45 40 27 14 13 65 16 30 10 35 41 31 272 1411 348 27 4098
internal_value=-1.49407e-05 -0.00497895 -4.69506e-05 -0.00557133 0.000711119 -0.0259932 0.0102872 0.000214829 -8.05495e-05 0.00865892 -0.000775642 9.88841e-05 0.000446602 0.00564135 -0.0154145 -0.000693086
internal_weight=666.347 30.35 25.1765 21.8211 18.7661 4.77015 13.9959 635.997 614.025 21.972 14.5034 611.595 598.598 108.418 12.9975 490.18
internal_count=6523 210 183 169 156 81 75 6313 6201 112 71 6191 6129 620 62 5509
is_linear=0
shrinkage=0.05


Tree=279
num_leaves=13
num_cat=0
split_feature=1 4 1 1 1 4 1 4 1 4 4 1
split_gain=0.302483 0.493214 0.48371 0.460885 0.540133 1.48338 0.722125 0.782268 0.473574 0.443245 0.187873 0.169041
threshold=72.700000000000003 0.067950000000000024 71.250000000000014 68.550000000000011 64.550000000000011 0.011450000000000002 61.650000000000013 0.0087500000000000026 52.95000000000001 0.0098500000000000029 0.039950000000000006 70.750000000000014
decision_type=2 2 2 2 2 2 2 2 2 2 2 2
left_child=2 9 3 4 6 -6 8 -8 -1 -2 -7 -5
right_child=1 -3 -4 11 5 10 7 -9 -10 -11 -12 -13
leaf_value=-0.00058987780962478609 -0.0026084331253359867 0.0070183880105989501 0.01460332164054514 -0.025973077641759126 0.047099377576030388 0.010310031973091049 0.0069434580617102381 -0.022369633827868322 0.0028103053364520129 -0.044877213875397032 -0.0062615618399859165 -0.0034392010214327699
leaf_weight=503.62477585964371 1.5597925111651414 1.6036586314439771 5.5760136917233458 2.192148368805646 2.1775960735976678 2.7779430188238621 2.9400100670754892 7.128222661325708 128.30475790752098 1.3892884049564598 4.0769555810838938 2.3108473736792803
leaf_count=4799 19 7 38 27 30 26 16 122 1325 64 35 15
internal_value=-1.53474e-05 -0.0127253 6.65295e-05 -5.17038e-05 5.21044e-05 0.0121315 -0.000111921 -0.0133341 9.29079e-05 -0.0249795 0 -0.0158213
internal_weight=665.662 4.55274 661.109 655.533 651.03 9.03249 641.998 10.0682 631.93 2.94908 6.8549 4.503
internal_count=6523 90 6433 6395 6353 91 6262 138 6124 83 61 42
is_linear=0
shrinkage=0.05


Tree=280
num_leaves=22
num_cat=0
split_feature=2 1 2 1 4 2 1 0 1 1 1 2 1 2 2 4 4 4 1 2 1
split_gain=0.352484 2.33679 1.46205 2.26055 1.20579 1.13834 1.64168 1.32806 1.03108 1.85326 0.937811 0.760706 0.661174 0.562621 1.92092 1.37203 2.3893 0.678712 4.79123 2.06557 0.216457
threshold=45.95000000000001 45.350000000000001 46.600000000000009 54.150000000000013 0.047150000000000004 43.70000000000001 49.550000000000004 61.500000000000007 44.45000000000001 43.650000000000013 43.250000000000007 51.100000000000009 47.650000000000013 42.850000000000001 42.650000000000013 0.049150000000000006 0.0073500000000000015 0.013350000000000002 42.750000000000007 36.150000000000013 52.550000000000004
decision_type=2 2 2 2 2 2 2 2 2 2 2 2 2 2 2 2 2 2 2 2 2
left_child=5 8 -3 4 20 13 7 -7 9 -2 -9 -5 -6 14 17 16 -15 19 -19 -1 -4
right_child=1 2 3 11 12 6 -8 10 -10 -11 -12 -13 -14 15 -16 -17 -18 18 -20 -21 -22
leaf_value=0.00035550441470795979 0.028261963212510982 -0.054816760042989215 -0.053410727461430878 0.050287741241791376 -0.020373063636156284 0.028475399489753486 0.043626757827920123 0.013960883445274045 0.033999295829030184 -0.021859114310917159 -0.017008765417271417 0.00023118949376766055 0.0050786674128277488 0.011235422154569991 0.038316221954198752 0.025520257647872385 -0.058032726306637805 -0.03539911648175257 -0.00070450515003233141 0.017835128077347936 -0.024134104308882118
leaf_weight=328.98068395955488 3.3767388761043566 2.0787992402911213 2.2461407929658916 1.5382938832044595 5.1131376475095731 4.1035686358809498 3.3990182802081099 3.7706084325909597 3.737822987139225 3.8027529716491699 6.1830253303050995 1.8031256534159181 4.4674787353724241 1.9819606617093075 3.1592657119035712 1.388962000608444 2.7462060153484344 10.280957143928388 250.89660663058748 17.76263465732336 2.6028473824262619
leaf_count=2787 32 16 23 23 23 25 26 24 30 20 32 27 38 18 31 9 59 163 2983 116 18
internal_value=-1.47865e-05 -0.00523947 -0.015547 -0.0103925 -0.0191713 0.000231407 0.0127886 0.00472331 0.0130188 0.00109194 -0.00475742 0.0255203 -0.00805846 -0.000117663 2.64237e-05 -0.0150846 -0.0283299 -0.000170608 -0.00210238 0.00127023 -0.0395111
internal_weight=665.421 30.7671 19.8498 17.771 14.4296 634.653 17.4562 14.0572 10.9173 7.17949 9.95363 3.34142 9.58062 617.197 611.08 6.11713 4.72817 607.921 261.178 346.743 4.84899
internal_count=6523 250 168 152 102 6273 107 81 82 52 56 50 61 6166 6080 86 77 6049 3146 2903 41
is_linear=0
shrinkage=0.05


Tree=281
num_leaves=19
num_cat=0
split_feature=2 2 4 0 4 2 4 4 2 2 4 4 4 4 2 0 4 2
split_gain=0.322402 1.03947 1.27475 2.18171 1.02593 2.61945 0.969312 0.52376 0.516315 1.79152 1.27478 2.28685 0.614175 3.65339 1.91137 0.196987 0.356483 0.259531
threshold=45.95000000000001 43.70000000000001 0.021050000000000003 62.500000000000007 0.035650000000000008 47.050000000000004 0.0078500000000000011 0.062150000000000004 42.850000000000001 42.650000000000013 0.049150000000000006 0.0073500000000000015 0.013350000000000002 0.015150000000000002 30.450000000000003 63.500000000000007 0.066350000000000006 53.45000000000001
decision_type=2 2 2 2 2 2 2 2 2 2 2 2 2 2 2 2 2 2
left_child=1 8 3 -3 5 -2 -7 -6 9 12 11 -10 14 -14 -1 17 -17 -9
right_child=4 2 -4 -5 7 6 -8 15 10 -11 -12 -13 13 -15 -16 16 -18 -19
leaf_value=-4.5605408020165934e-05 -0.055896549316427617 0.061547479871598434 -0.00046082559659308471 0.0068593818622189415 0.01990992141967653 0.029013433049403528 -0.012903150336205866 -0.012662000326233167 0.010724423979069767 0.037532046260162426 0.024541056512874762 -0.057657858238588433 -0.042580627629945945 -0.0011180630101068356 0.01206167150549425 0.018599223287307128 -0.003730525101647366 0.0023140667049023683
leaf_weight=310.56258102180436 3.0596431493759173 2.801112078130247 8.8927984759211522 5.6755866631865501 3.0345897153019932 1.8847102578729389 4.4203094728291035 6.7283588573336619 1.9774604439735401 3.0684251636266699 1.3764779716730116 2.6294646635651588 5.3378500817343584 255.60393652995117 36.217358209192753 2.5987493842840186 4.5482047311961651 4.1322677955031395
leaf_count=2635 24 22 46 39 26 36 41 32 18 31 9 59 134 3012 268 23 37 31
internal_value=-1.23885e-05 0.000221564 0.0122516 0.0260209 -0.00504016 -0.0187388 0 0.000879612 -0.00011105 2.51395e-05 -0.0146072 -0.0276392 -0.000162153 -0.00200137 0.00120757 -0.00214344 0.0038436 -0.00653858
internal_weight=664.55 634.143 17.3695 8.4767 30.4068 9.36466 6.30502 21.0422 616.774 610.79 5.9834 4.60693 607.722 260.942 346.78 18.0076 7.14695 10.8606
internal_count=6523 6273 107 61 250 101 77 149 6166 6080 86 77 6049 3146 2903 123 60 63
is_linear=0
shrinkage=0.05


Tree=282
num_leaves=21
num_cat=0
split_feature=2 1 2 1 5 2 1 5 1 1 1 5 2 2 4 4 2 1 2 1
split_gain=0.292637 2.13544 1.11497 1.98619 1.33268 0.947817 1.51802 1.13814 0.90401 1.6758 0.85302 0.763458 0.473337 1.67053 1.18402 2.18875 0.631305 7.0836 5.37109 0.121161
threshold=45.95000000000001 45.350000000000001 52.350000000000001 47.650000000000013 0.58500000000000008 43.70000000000001 49.550000000000004 0.55500000000000016 44.45000000000001 43.650000000000013 43.250000000000007 0.55500000000000016 42.850000000000001 42.650000000000013 0.049150000000000006 0.0073500000000000015 34.650000000000013 45.150000000000013 33.650000000000013 46.750000000000007
decision_type=2 2 2 2 2 2 2 2 2 2 2 2 2 2 2 2 2 2 2 2
left_child=5 8 3 -3 11 12 7 -7 9 -2 -9 -5 13 16 15 -14 18 -18 -1 -4
right_child=1 2 19 4 -6 6 -8 10 -10 -11 -12 -13 14 -15 -16 -17 17 -19 -20 -21
leaf_value=-0.00019893410881315825 0.027495144346764422 -0.031347065239872594 -0.016464870791110857 0 -0.02045664108489811 0.026297658498895638 0.04220927269541367 0.013248741821503882 0.03270664261306129 -0.020307938960371651 -0.016242273395090476 0.033409223728681374 0.010235375596641498 0.036753460713700753 0.023593095292592136 -0.057279536156668823 -0.037768971870475607 0.0041210953952309564 0.04333970004724888 -0.048679306218283591
leaf_weight=542.41909125825623 3.3457015380263346 5.9712768122553852 1.1243749707937234 3.1919833645224553 3.2864669859409332 4.0498350560665157 3.2390966042876235 3.7700769528746587 3.6421084254980087 3.7821479737758636 6.2135019451379776 3.512593187391758 1.973235860466956 2.981109991669654 1.3645240962505338 2.5179749596863985 12.842171263881026 45.154687152244151 7.0753302052617064 2.360919501632452
leaf_count=5507 32 36 6 20 28 25 26 24 30 20 32 26 18 31 9 59 146 333 63 52
internal_value=-1.12189e-05 -0.00481713 -0.0148017 -0.00867759 0.00455201 0.000210818 0.0117312 0.00409377 0.0127225 0.00150828 -0.00458884 0.0176661 -0.000105778 2.28948e-05 -0.0141348 -0.0269506 -0.000155141 -0.00511755 0.000360359 -0.0404304
internal_weight=663.818 30.2176 19.4476 15.9623 9.99104 633.601 17.2725 14.0334 10.77 7.12785 9.98358 6.70458 616.328 610.472 5.85573 4.49121 607.491 57.9969 549.494 3.48529
internal_count=6523 250 168 110 74 6273 107 81 82 52 56 46 6166 6080 86 77 6049 479 5570 58
is_linear=0
shrinkage=0.05


Tree=283
num_leaves=23
num_cat=0
split_feature=2 1 2 1 5 2 1 5 1 2 1 5 1 2 2 1 2 5 1 2 1 4
split_gain=0.268683 1.95802 1.07165 1.8054 1.21163 0.865627 1.42997 1.03447 0.837986 1.55887 0.769305 0.697632 0.455224 4.06146 6.69272 2.03875 1.8463 1.48271 1.03625 0.747613 0.12606 0.0415088
threshold=45.95000000000001 45.350000000000001 52.350000000000001 47.650000000000013 0.58500000000000008 43.70000000000001 49.550000000000004 0.55500000000000016 44.45000000000001 53.45000000000001 43.250000000000007 0.55500000000000016 58.750000000000007 13.050000000000002 22.450000000000003 58.250000000000007 33.150000000000013 0.55500000000000016 57.850000000000001 40.550000000000004 46.750000000000007 0.0097500000000000017
decision_type=2 2 2 2 2 2 2 2 2 2 2 2 2 2 2 2 2 2 2 2 2 2
left_child=5 8 3 -3 11 12 7 -7 9 -2 -9 -5 15 -14 17 18 -16 -15 19 -1 -4 -17
right_child=1 2 20 4 -6 6 -8 10 -10 -11 -12 -13 13 14 16 21 -18 -19 -20 -21 -22 -23
leaf_value=-0.00027593118148685146 -0.023952655546171847 -0.029971109128489128 -0.015831178779204449 0 -0.019551543905569142 0.025159807754623089 0.041310238836853003 0.012616283185607549 0.03167794012990071 0.022519746122318433 -0.015353369779624837 0.031973243466816181 0.057306656507080056 0.0033493536372935307 -0.0034904874797068164 0.031512719006647719 0.024983828263344346 -0.051250213870090988 -0.02718514305612283 0.0085174590911676739 -0.048372321507394067 0.016786773792868998
leaf_weight=529.00250541092828 3.1071331128478068 5.9385853633284595 1.1151547282934182 3.1919833645224553 3.2716933861374855 4.0264709666371372 3.148602381348609 3.7662323340773565 3.5772843174636364 3.9846979677677155 6.2494163438677788 3.4918616823852062 2.3973993435502043 1.2347683571279038 31.366653935518116 4.1782659776508799 6.8217928484082213 8.8017422144766879 3.3968040049076071 25.211463293991983 2.2602898441255093 3.4539185166358948
leaf_count=5293 20 36 6 20 28 25 26 24 30 32 32 26 22 11 313 25 49 156 24 249 52 24
internal_value=-9.80724e-06 -0.00463733 -0.0142468 -0.00828711 0.00431981 0.00020184 0.0112381 0.00389714 0.0122253 0.00141369 -0.00432078 0.0168577 -9.98726e-05 -0.0046435 -0.00793889 0.000298953 0.0015174 -0.0440729 -4.56646e-05 0.000116529 -0.0398251 0.0257985
internal_weight=662.995 29.9387 19.2696 15.8941 9.95554 633.056 17.1907 14.0421 10.6691 7.09183 10.0156 6.68385 615.865 50.6224 48.225 565.243 38.1884 10.0365 557.611 554.214 3.37544 7.63218
internal_count=6523 250 168 110 74 6273 107 81 82 52 56 46 6166 551 529 5615 362 167 5566 5542 58 49
is_linear=0
shrinkage=0.05


Tree=284
num_leaves=17
num_cat=0
split_feature=3 0 3 3 3 1 4 2 1 4 3 3 3 0 4 0
split_gain=0.368715 3.06363 2.74455 1.44443 1.38594 1.6005 1.18863 2.8171 2.09528 1.03205 0.923657 0.613976 3.43735 2.30091 1.02474 0.390232
threshold=0.0071393500000000009 51.500000000000007 0.0079890700000000026 0.025800000000000003 0.015314380000000001 50.250000000000007 0.13420000000000001 12.050000000000002 60.150000000000013 0.12865000000000001 0.014450000000000003 0.0067104400000000007 0.005916320000000001 62.500000000000007 0.077500000000000013 60.500000000000007
decision_type=2 2 2 2 2 2 2 2 2 2 2 2 2 2 2 2
left_child=6 -2 15 4 10 -6 9 -8 -9 11 -4 12 14 -13 -1 -3
right_child=1 2 3 -5 5 -7 7 8 -10 -11 -12 13 -14 -15 -16 -17
leaf_value=0.00019065694554125677 -0.045474326532900768 0.042834849521220179 0.0033562909855910147 -0.046101463913625657 0.050715229349188699 -0.006520342189792451 0.050908084323493412 -0.047949711835243602 0.029828846645338383 0.031059565259904089 -0.025210455916272325 -0.038812067955645693 0.055175489491315649 0.0082014179441042435 -0.0098515834037795208 0.015959602518992293
leaf_weight=580.82439804414753 2.6077764779329291 5.3385024219751376 11.992401876952504 1.4478652294492338 2.8438633906189343 1.8142228450160471 1.010152376256882 4.9202117975801229 0.89195033535361279 2.5531634017825118 3.5316945901140562 4.4956937693059427 2.7112705260515204 5.6437404900789261 26.438832737039775 2.9932897500693798
leaf_count=5450 11 27 141 158 86 24 11 111 21 15 41 22 14 36 324 31
internal_value=-8.10912e-06 0.00516315 0.0098734 0.000206507 0.00398607 0.0277039 -0.000284388 -0.0208909 -0.0348652 -4.7264e-05 -0.00294232 -0.000188388 7.24661e-06 -0.0123309 -0.000239877 0.0340764
internal_weight=662.059 32.5696 29.9618 21.63 20.1822 4.65809 629.489 6.82231 5.81216 622.667 15.5241 620.114 609.975 10.1394 607.263 8.33179
internal_count=6523 519 508 450 292 110 6004 143 132 5861 182 5846 5788 58 5774 58
is_linear=0
shrinkage=0.05


Tree=285
num_leaves=13
num_cat=0
split_feature=4 4 4 4 4 1 1 4 4 4 2 4
split_gain=0.26013 0.561586 0.780924 0.437211 0.921466 0.723004 0.563567 0.371564 0.933357 0.376003 2.86199 0.827816
threshold=0.2351 0.32860000000000006 0.35345000000000004 0.18455000000000002 0.17695000000000002 55.550000000000004 45.850000000000001 0.14355000000000004 0.16200000000000003 0.077500000000000013 17.350000000000005 0.069450000000000026
decision_type=2 2 2 2 2 2 2 2 2 2 2 2
left_child=3 -2 -3 4 7 -6 -5 9 -9 11 -11 -1
right_child=1 2 -4 6 5 -7 -8 8 -10 10 -12 -13
leaf_value=5.8901675151402457e-06 -0.042275963974961334 0.018392127633919449 -0.03898137457668107 0.038927782801819702 -0.055742963240953194 0 0 0.028453449387533608 -0.0079907717725892623 -0.048767720533134828 -0.00064125139188102949 0.014078207056378009
leaf_weight=592.43154939613305 1.0480767874978476 1.7428268827497961 0.77455984288826574 1.5520695783197869 1.2224556659348302 0.87873241305351246 2.6149304276332259 3.6940722279250613 2.9052493087947369 3.2801143818069241 38.774527924135327 10.551821928471325
leaf_count=5481 81 27 190 27 31 21 39 35 33 143 330 85
internal_value=-5.97358e-06 -0.0132955 0 6.04587e-05 -3.60327e-05 -0.0323369 0.0160163 6.53945e-05 0.0117833 -4.8548e-05 -0.00462034 0.000262731
internal_weight=661.471 3.56546 2.51739 657.906 653.739 2.10119 4.167 651.637 6.59932 645.038 42.0546 602.983
internal_count=6523 298 217 6225 6159 52 66 6107 68 6039 473 5566
is_linear=0
shrinkage=0.05


Tree=286
num_leaves=12
num_cat=0
split_feature=1 4 1 2 1 1 2 1 2 1 1
split_gain=0.262086 1.19757 1.00544 0.965886 0.647898 0.486668 3.46329 0.641608 3.03969 0.682821 0.592738
threshold=71.750000000000014 0.067750000000000019 70.950000000000017 36.400000000000006 68.550000000000011 64.550000000000011 27.150000000000002 59.750000000000007 33.150000000000013 52.95000000000001 67.15000000000002
decision_type=2 2 2 2 2 2 2 2 2 2 2
left_child=2 3 4 -2 5 7 10 9 -9 -1 -7
right_child=1 -3 -4 -5 -6 6 -8 8 -10 -11 -12
leaf_value=-0.0005733911427801071 -0.048595493513288679 0.015905617467410933 0.027428712148837242 -0.0031319006420937414 -0.022675653014332848 -0.019483132191051633 0.057982851563565453 -0.015027852336730235 0.039801868182825988 0.0037082690968069224 0.012640233450932041
leaf_weight=500.70938525802922 2.1405542558059087 2.8094539195299149 3.248053327202796 3.0188268385827541 3.0463086739182463 4.1888335158582759 2.6987872496247292 20.57864658813924 2.7469685524702063 114.10414973727893 1.8844618946313856
leaf_count=4799 73 14 21 29 33 48 26 256 19 1188 17
internal_value=-6.31955e-06 -0.00896933 9.67282e-05 -0.0235101 -3.63656e-05 6.60033e-05 0.0117003 -8.78995e-05 -0.00821498 0.000213591 -0.00866245
internal_weight=661.174 7.96884 653.206 5.15938 649.958 646.911 8.77208 638.139 23.3256 614.814 6.0733
internal_count=6523 116 6407 102 6386 6353 91 6262 275 5987 65
is_linear=0
shrinkage=0.05


Tree=287
num_leaves=28
num_cat=0
split_feature=3 3 3 3 4 4 3 4 1 3 5 4 4 7 3 3 5 3 1 1 1 1 1 1 3 4 1
split_gain=0.359926 2.55984 1.93454 3.76538 3.74728 2.01313 1.42545 1.17295 5.09156 1.86323 0.866279 1.94433 1.09185 1.11543 1.02493 0.865298 3.71298 2.49626 1.55642 3.04334 2.32778 0.760623 0.732607 0.54985 1.06101 0.498834 0.4951
threshold=0.0015787650000000002 0.0013690800000000002 0.0012994950000000001 0.0012167600000000001 0.042850000000000006 0.066350000000000006 0.0016152750000000002 0.021350000000000004 59.750000000000007 0.00046568000000000005 0.58500000000000008 0.12015000000000002 0.067750000000000019 1.0000000180025095e-35 0.0023876650000000002 0.0071393500000000009 0.45500000000000007 0.0079890700000000026 51.650000000000013 46.350000000000001 58.750000000000007 53.650000000000013 50.250000000000007 52.95000000000001 0.0014430400000000003 0.030550000000000004 44.250000000000007
decision_type=2 2 2 2 2 2 2 2 2 2 2 2 2 2 2 2 2 2 2 2 2 2 2 2 2 2 2
left_child=1 2 3 7 -4 -6 21 9 -9 -1 15 12 13 -12 -14 18 -17 -18 19 -8 -20 22 -2 24 25 -3 -13
right_child=6 23 4 -5 5 -7 10 8 -10 -11 11 26 14 -15 -16 16 17 -19 20 -21 -22 -23 -24 -25 -26 -27 -28
leaf_value=-0.00094650364618248633 0.018289968266802247 0.00042512269472435628 0.054676172285142738 -0.052482835818311341 -0.048520338446311165 0.031754697788958335 -0.0071060448640319481 -0.0025024092381670145 -0.054767706450257359 0.0074375895785358456 -0.0046236428898704897 -0.0021197710585663552 0.0090654546330294072 0.023894296934720713 0.052113614317764581 -0.055659419343604015 0.035020536362061781 0.0017527809251094637 -0.027433325504083696 0.012731719160421066 0.0049468160829033488 0.035643227656199504 -0.012921319730291096 -0.00076062668936431263 -0.065378489136577095 -0.042268335420085124 -0.039124022464766151
leaf_weight=292.95355233410373 5.8797461763024312 1.547328315675258 4.3120047003030768 3.3847360461950293 1.8580842018127444 1.1400588434189556 52.818514280952513 89.016545192338526 4.839511456899344 85.308360616676509 7.59333398379386 2.2362086102366439 2.9245851077139369 5.8099796921014786 3.3746192678809166 2.0951211154460934 8.0199319310486334 19.661808396631386 13.801954848691823 30.355475076241419 8.8123393999412638 4.1965400185436001 2.473008768633008 1.3659334704279897 2.2684289216995239 0.88105072174221266 1.9067406817339358
leaf_count=2890 41 12 19 39 40 12 360 834 72 743 85 13 24 28 30 9 54 410 197 287 78 31 36 23 44 54 58
internal_value=-5.30486e-06 -0.00070492 -0.000285688 -0.000690838 0.025047 -0.0163418 0.00195387 -0.000297904 -0.00530601 0.000932589 0.000638937 0.00942449 0.016116 0.00745325 0.0333626 -0.000875366 0.00658782 0.0116624 -0.00302753 8.0568e-05 -0.0146291 0.0181247 0.00841414 -0.0327332 -0.0407795 -0.0141462 -0.0208496
internal_weight=660.836 488.876 482.813 475.503 7.31015 2.99814 171.96 472.118 93.8561 378.262 159.411 23.8455 19.7025 13.4033 6.2992 135.565 29.7769 27.6817 105.788 83.174 22.6143 12.5493 8.35275 6.06274 4.69681 2.42838 4.14295
internal_count=6523 4782 4649 4578 71 52 1741 4539 906 3633 1633 238 167 113 54 1395 473 464 922 647 275 108 77 133 110 66 71
is_linear=0
shrinkage=0.05


Tree=288
num_leaves=22
num_cat=0
split_feature=2 1 2 1 0 2 1 1 1 1 0 1 2 2 1 4 4 2 1 2 1
split_gain=0.266124 1.86569 0.997334 1.62688 1.09574 0.775887 1.39675 1.68089 0.768244 1.44051 0.605529 0.542043 0.487065 1.54037 1.09987 1.87203 2.46442 0.629045 6.50504 4.8115 0.130293
threshold=45.95000000000001 45.350000000000001 52.350000000000001 47.650000000000013 64.500000000000014 43.70000000000001 46.350000000000001 48.850000000000001 44.45000000000001 43.650000000000013 61.500000000000007 43.250000000000007 42.850000000000001 42.650000000000013 52.650000000000013 0.0073500000000000015 0.066350000000000006 34.650000000000013 45.150000000000013 33.650000000000013 46.750000000000007
decision_type=2 2 2 2 2 2 2 2 2 2 2 2 2 2 2 2 2 2 2 2 2
left_child=5 8 3 -3 10 12 11 -8 9 -2 -5 -7 13 17 15 -14 -17 19 -19 -1 -4
right_child=1 2 20 4 -6 6 7 -9 -10 -11 -12 -13 14 -15 -16 16 -18 18 -20 -21 -22
leaf_value=-0.0001403612498306814 0.026301071555376827 -0.028922612759961719 -0.015214491354886801 0 -0.019003788987064025 0.011756191220271882 0.050229907030011303 0.0027429653039143485 0.030748601801044217 -0.018620675332825215 0.029921282280727421 -0.012425882781982527 0.048960115688517838 0.035881066908143126 -0.051600025779349572 -0.056647747071406553 0.030005321900727168 -0.036854699864515977 0.0036910676992677072 0.040896091098853664 -0.048059270292011513
leaf_weight=539.74435752164572 3.2024360522627848 5.9178434237837818 1.1061884760856622 3.1858431547880155 3.26595688611269 3.7560718134045619 3.6990259438753119 4.1513893157243729 3.5225989371538162 3.7414930909872055 3.4431309476494789 5.4733593240380287 1.2013928219676007 2.8852191716432563 1.3905930146574972 1.9393208939582112 1.2094002664089201 12.522678294219075 45.006930524483323 7.1363752260804167 2.16116195730865
leaf_count=5507 32 36 6 20 28 24 25 31 30 20 26 27 12 31 11 55 8 146 333 63 52
internal_value=-7.56225e-06 -0.00464433 -0.0140461 -0.00831933 0.00366867 0.000202628 0.0106849 0.0260975 0.0119922 0.001466 0.0156984 -0.00202812 -8.29595e-05 4.70316e-05 -0.0144558 -0.000565742 -0.0219268 -0.000121662 -0.00509655 0.000393371 -0.0392063
internal_weight=659.663 29.5467 19.0801 15.8128 9.89493 630.116 17.0798 7.85042 10.4665 6.94393 6.62897 9.22943 613.036 607.296 5.74071 4.35011 3.14872 604.41 57.5296 546.881 3.26735
internal_count=6523 250 168 110 74 6273 107 56 82 52 46 51 6166 6080 86 75 63 6049 479 5570 58
is_linear=0
shrinkage=0.05


Tree=289
num_leaves=31
num_cat=0
split_feature=3 3 3 3 4 4 3 3 0 3 0 4 4 3 3 3 5 3 3 3 3 0 4 4 0 0 4 0 4 4
split_gain=0.331899 2.43651 1.79582 3.56073 3.41784 1.9257 1.28773 1.11102 3.83081 1.43173 0.850153 1.71086 0.981231 1.00946 0.96313 0.831764 3.4066 2.27902 1.22839 5.89067 2.39624 0.463311 0.320877 0.584821 0.196775 0.261953 0.410029 0.747192 0.109468 0.821964
threshold=0.0015787650000000002 0.0013690800000000002 0.0012994950000000001 0.0012167600000000001 0.042850000000000006 0.066350000000000006 0.0016859400000000001 0.0010123650000000001 56.500000000000007 0.00078857000000000005 64.500000000000014 0.12015000000000002 0.067750000000000019 0.0024757600000000005 0.0023876650000000002 0.0071393500000000009 0.45500000000000007 0.0079890700000000026 0.0027416850000000002 0.0025021500000000003 0.0032026350000000006 62.500000000000007 0.038750000000000007 0.069850000000000009 58.500000000000007 61.500000000000007 0.023750000000000004 64.500000000000014 0.14260000000000003 0.18455000000000002
decision_type=2 2 2 2 2 2 2 2 2 2 2 2 2 2 2 2 2 2 2 2 2 2 2 2 2 2 2 2 2 2
left_child=1 2 3 7 -4 -6 21 9 -9 -1 15 12 13 -12 -14 18 -17 -18 19 -8 -20 22 -2 -24 -3 -26 -27 -28 -13 -30
right_child=6 24 4 -5 5 -7 10 8 -10 -11 11 28 14 -15 -16 16 17 -19 20 -21 -22 -23 23 -25 25 26 27 -29 29 -31
leaf_value=-0.00076079191437421981 0.00052356507939404779 -0.0054059117320794979 0.052798509826127632 -0.052083249331790649 -0.048156622617383973 0.031029660937625353 -0.0029278867846787653 0.016632597368119666 -0.021138631321937548 0.0076077750725913502 0.020435388173785294 -0.0064846318845682392 0.008569786343812202 -0.0064928824660313612 0.050564734979890773 -0.053647293492278619 0.033665860383653066 0.0017408993116953633 -0.038311721102324225 0.057761850421650912 -0.0043517103627012726 0.033642998146221216 0.034690173774438497 0.0011883116196850353 -0.052916587603021495 -0.045625661693427542 0.030292681133650419 -0.031600650059827505 -0.054708106767835697 0.0016676774192342322
leaf_weight=381.36568824353162 5.2232606858015043 1.0294970497488964 4.2470587193965903 3.2440518587827674 1.7839245572686198 1.1352290194481609 37.516873572254553 9.4993067011237162 21.573094040155411 58.848944597877562 7.0293341204524094 1.9808179885148991 2.9232357647269955 6.3439292460680008 3.2964135184884071 2.0691575258970287 7.9334447495639351 19.654080751526635 5.7097691241651765 4.3624821826815596 56.063509011641145 3.1673208540305486 2.8059173114597797 2.9687059186398983 2.0093858754262328 1.0949647426605227 0.71088543022051442 1.0502072665840385 1.165467659942806 0.98014577711001027
leaf_count=3807 24 9 19 39 40 12 388 54 203 475 43 12 24 70 30 9 54 410 45 23 459 46 23 22 57 15 24 28 22 37
internal_value=-6.76376e-06 -0.000679325 -0.000274533 -0.000662394 0.0243763 -0.015698 0.0018789 -0.000286864 -0.00941468 0.000348056 0.000538933 0.00926033 0.0155639 0.00733683 0.0320662 -0.000981139 0.00633381 0.0111907 -0.00312634 0.00339746 -0.00762833 0.0162748 0.0105642 0.0186316 -0.0323659 -0.0368398 -0.02243 -0.00364485 -0.019147 -0.0278009
internal_weight=658.786 487.592 481.697 474.531 7.16621 2.91915 171.194 471.287 31.0724 440.215 157.029 23.7193 19.5929 13.3733 6.21965 133.309 29.6567 27.5875 103.653 41.8794 61.7733 14.1652 10.9979 5.77462 5.89494 4.86544 2.85606 1.76109 4.12643 2.14561
internal_count=6523 4782 4649 4578 71 52 1741 4539 257 4282 1626 238 167 113 54 1388 473 464 915 411 504 115 69 45 133 124 67 52 71 59
is_linear=0
shrinkage=0.05


Tree=290
num_leaves=28
num_cat=0
split_feature=3 3 3 3 4 2 3 4 2 0 4 2 2 4 4 3 3 2 3 3 3 3 0 2 0 0 2
split_gain=0.302735 2.27194 1.65313 3.36893 3.14016 2.01471 1.1876 2.49911 2.08067 1.93694 1.51725 1.28412 1.55329 1.07975 3.25933 2.40958 1.02322 4.30334 1.37574 3.06403 2.3754 3.14731 1.67507 0.950048 0.816346 0.725766 0.341699
threshold=0.0015787650000000002 0.0013690800000000002 0.0012994950000000001 0.0012167600000000001 0.042850000000000006 29.050000000000004 0.0018773500000000001 0.069850000000000009 24.750000000000004 62.500000000000007 0.082650000000000015 20.950000000000003 15.050000000000002 0.013350000000000002 0.015150000000000002 0.00046568000000000005 0.0021089650000000004 20.450000000000003 0.0027416850000000002 0.0032026350000000006 0.0025021500000000003 0.0024757600000000005 67.500000000000014 27.550000000000004 58.500000000000007 62.500000000000007 17.850000000000005
decision_type=2 2 2 2 2 2 2 2 2 2 2 2 2 2 2 2 2 2 2 2 2 2 2 2 2 2 2
left_child=1 2 3 13 -4 -6 7 9 -9 11 -10 12 -2 15 -15 -1 17 -8 20 26 21 -18 -21 24 -3 -19 -20
right_child=6 23 4 -5 5 -7 16 8 10 -11 -12 -13 -14 14 -16 -17 18 25 19 22 -22 -23 -24 -25 -26 -27 -28
leaf_value=-2.2012153925653834e-05 -0.0019436836700503707 0 0.051023137179043269 -0.051695454423905142 0.034244105621106934 -0.048092876466051863 -0.058356123908859574 -0.049262576316358581 -0.017779322554647741 0.050692593032505201 0.031014304749866179 -0.011208857806332514 0.047566356450278527 -0.042110373902311253 -0.0021149589538948027 0.014194173954497652 0.011109494028404086 -0.011545126532846469 -0.049133530116805074 -0.00030617233235555666 0.041446914658666907 -0.035786353745561619 0.045702203517699214 0.00095246036556540209 -0.052633615599986854 0.016834976286124778 -0.018485349587229704
leaf_weight=256.05386527860537 2.5763818919658679 0.77263250946998496 4.180285081267356 3.1091343574225894 1.0769594367593529 1.7767690680921076 3.6651601507328442 2.2368614166043681 3.0686995461583138 4.8649606592953196 3.009399076923728 3.6363251656293869 3.3451340487226844 5.1677840668708077 176.37892788089812 33.531033059582114 25.173851627856497 3.5637556910514814 3.1366452872753134 93.600146398879588 5.0707659609615794 4.0416462533175936 1.9178773583844293 1.4018598720431326 3.6060934248380363 5.3547459840774536 2.4807078614830971
leaf_count=2415 11 6 19 39 15 37 62 49 18 37 41 27 42 135 1719 270 223 21 27 1021 26 49 35 17 110 34 18
internal_value=-6.65069e-06 -0.000649322 -0.00026135 -0.000630866 0.0236106 -0.0152198 0.00179665 0.0124117 -0.00891523 0.025028 0.00568112 0.0110574 0.0255202 -0.000272367 -0.00330352 0.00161115 0.000124839 -0.0134179 0.00142913 -0.00146392 0.0100877 0.00435146 0.000612155 -0.0315468 -0.0428568 0.00493785 -0.0370334
internal_weight=657.798 487.055 481.275 474.241 7.03401 2.85373 170.743 22.7378 8.31496 14.4228 6.0781 9.55784 5.92152 471.132 181.547 289.585 148.005 12.5837 135.422 101.135 34.2863 29.2155 95.518 5.78059 4.37873 8.9185 5.61735
internal_count=6523 4782 4649 4578 71 52 1741 225 108 117 59 80 53 4539 1854 2685 1516 117 1399 1101 298 272 1056 133 116 55 45
is_linear=0
shrinkage=0.05


Tree=291
num_leaves=12
num_cat=0
split_feature=4 4 4 4 4 2 4 1 4 2 4
split_gain=0.268288 0.526758 0.713458 0.394418 0.640207 1.6357 1.23741 0.547252 0.364452 2.60507 0.685151
threshold=0.2351 0.32860000000000006 0.35345000000000004 0.18455000000000002 0.16200000000000003 28.950000000000003 0.14595000000000002 45.850000000000001 0.077500000000000013 17.350000000000005 0.074650000000000008
decision_type=2 2 2 2 2 2 2 2 2 2 2
left_child=3 -2 -3 4 6 -6 8 -5 10 -10 -1
right_child=1 2 -4 7 5 -7 -8 -9 9 -11 -12
leaf_value=0.00014696554068786624 -0.042062906110920353 0.017018532364515452 -0.03857590937137953 0.037947485089749919 -0.049242461195946427 0.0066350142928479671 0.031998511326762256 0 -0.048415469561711888 -0.00089170936191113395 0.026949113083252992
leaf_weight=596.91643398499582 1.0222230278886848 1.7144035771489146 0.74546517425915215 1.5358037501573552 2.1933374707587054 2.7065457031130791 2.9258679524064055 2.5613218182697892 3.0367283737286916 39.100150887854397 2.2976392656564704
leaf_count=5552 81 27 190 27 57 28 24 39 143 341 14
internal_value=-9.91669e-06 -0.0136624 0 5.72815e-05 -3.38085e-05 -0.017862 9.67711e-05 0.0153384 -4.59368e-05 -0.00454156 0.000262559
internal_weight=656.756 3.48209 2.45987 653.274 649.177 4.89988 644.277 4.09713 641.351 42.1369 599.214
internal_count=6523 298 217 6225 6159 85 6074 66 6050 484 5566
is_linear=0
shrinkage=0.05


Tree=292
num_leaves=12
num_cat=0
split_feature=1 4 2 1 1 1 4 2 1 4 2
split_gain=0.27283 1.02327 0.911555 0.856606 0.58032 0.444293 2.90166 1.96109 1.29361 0.608808 0.451827
threshold=71.750000000000014 0.067750000000000019 36.400000000000006 70.950000000000017 68.550000000000011 63.650000000000013 0.011450000000000002 22.450000000000003 62.250000000000007 0.0087500000000000026 46.750000000000007
decision_type=2 2 2 2 2 2 2 2 2 2 2
left_child=3 2 -2 4 5 8 -7 -8 10 -10 -1
right_child=1 -3 -4 -5 -6 6 7 -9 9 -11 -12
leaf_value=0.00035431232265899991 -0.048126102266153097 0.013715601670048037 -0.0032326987575066902 0.025573503752214101 -0.021580381017643462 0.053019189850328198 -0.048679437245062053 0.0075777664974992099 -0.0068646430730746975 -0.049464547484430382 -0.0064762791636455127
leaf_weight=601.55233137315372 2.0324921272695056 2.7792958542704582 3.0109028518199921 3.1828562021255484 3.0093590691685668 2.8255059458315364 1.8521849447861294 7.1167174689471722 2.1486056484282012 1.8019055447075514 25.107467727735639
leaf_count=5975 73 14 29 21 33 36 42 47 11 38 204
internal_value=-9.3952e-06 -0.00923851 -0.0228808 9.56159e-05 -2.62247e-05 7.03073e-05 0.00964851 -0.00389735 -0.000102409 -0.0282712 7.16738e-05
internal_weight=656.42 7.82269 5.04339 648.597 645.414 642.405 11.7944 8.9689 630.61 3.95051 626.66
internal_count=6523 116 102 6407 6386 6353 125 89 6228 49 6179
is_linear=0
shrinkage=0.05


Tree=293
num_leaves=11
num_cat=0
split_feature=3 3 0 0 3 0 3 3 3 3
split_gain=0.284758 0.99096 0.935313 3.04061 1.68324 0.805135 0.594324 1.39622 0.943609 3.40452
threshold=8.3725000000000016e-05 8.5515000000000024e-05 59.500000000000007 65.500000000000014 8.2010000000000009e-05 55.500000000000007 8.9260000000000009e-05 9.3030000000000009e-05 9.5085000000000002e-05 9.5610000000000015e-05
decision_type=2 2 2 2 2 2 2 2 2 2
left_child=2 -2 4 -4 5 -1 -3 -8 -9 -10
right_child=1 6 3 -5 -6 -7 7 8 9 -11
leaf_value=-0.00070909624654216406 0.022793343803592853 -0.012395691673359313 -0.057319895134766298 0.022538107006683808 -0.018128913424628482 0.022630659749747786 0.024361135917980253 -0.02722080643430367 0.065474127489575498 -8.318447132165653e-05
leaf_weight=7.4635977447032982 4.7160858362913123 9.3839480429887754 2.8349776926916084 1.8241715878248213 8.5256586372852308 6.5164895951747894 5.8299676775932303 3.0713132321834555 1.8866176903247822 604.05997710919473
leaf_count=38 24 44 65 16 39 37 32 18 9 6201
internal_value=-1.02132e-05 0.000198975 -0.0050199 -0.0251863 -0.00053091 0.00989853 1.66422e-05 0.000216198 -1.06882e-05 0.000123448
internal_weight=656.113 628.948 27.1649 4.65915 22.5057 13.9801 624.232 614.848 609.018 605.947
internal_count=6523 6328 195 81 114 75 6304 6260 6228 6210
is_linear=0
shrinkage=0.05


Tree=294
num_leaves=30
num_cat=0
split_feature=3 3 3 3 4 2 3 1 4 1 2 5 5 2 3 3 3 2 3 4 2 3 1 2 1 1 2 2 4
split_gain=0.285276 2.11077 1.52972 3.18748 2.87615 1.89918 1.15331 1.12232 6.08341 3.29601 0.917465 0.800753 0.743864 4.34292 2.82206 2.22618 2.07167 1.47148 5.60772 5.17857 2.78009 2.51879 1.9507 1.94402 1.26611 0.742105 1.24146 1.29334 0.949681
threshold=0.0015787650000000002 0.0013690800000000002 0.0012994950000000001 0.0012167600000000001 0.042850000000000006 29.050000000000004 0.0016859400000000001 46.250000000000007 0.039550000000000009 50.550000000000004 27.550000000000004 0.52500000000000013 0.58500000000000008 25.550000000000004 0.0032739950000000005 0.0021089650000000004 0.004237035000000001 25.750000000000004 0.0023096600000000003 0.05920000000000001 28.450000000000003 0.0027416850000000002 44.250000000000007 37.150000000000013 52.95000000000001 53.650000000000013 31.650000000000002 16.050000000000004 0.050200000000000009
decision_type=2 2 2 2 2 2 2 2 2 2 2 2 2 2 2 2 2 2 2 2 2 2 2 2 2 2 2 2 2
left_child=1 2 3 7 -4 -6 25 8 -1 -9 11 -3 17 15 24 -14 -16 18 22 23 -21 -20 -8 -19 -15 26 27 -2 -29
right_child=6 10 4 -5 5 -7 12 9 -10 -11 -12 -13 13 14 16 -17 -18 19 21 20 -22 -23 -24 -25 -26 -27 -28 28 -30
leaf_value=0.0010298229935412932 0.020876066197686075 0 0.049323332718312796 -0.051320176143622068 0.032772273163625618 -0.047709414587525319 0 -0.010664461691733879 0.054993040076124211 0.0013653954395738317 0.00095242240693776351 -0.052309500608056628 0.0094878151047835813 -0.061058277610630964 0.037768670335524814 0.058784402519161096 -0.010879735710246075 0.054999377963075358 0.019478037770578494 -0.037272803889961001 0.0025067661363946565 -0.0035414357331069466 -0.043118232039596784 0.013502603832030523 -0.0047944193032486357 0.033345152155907054 0.037123230814242562 0 -0.048236670461965031
leaf_weight=204.86863549705595 3.0870748758316022 0.77284401655197044 4.1115816086530677 2.9805044494569293 1.0795629695057871 1.702710226178169 3.653363123536109 83.498780636815354 5.2681742012500754 176.80802699527703 1.4000000208616254 3.4569903034716845 5.0144083807244915 2.8260045349597922 3.3422520533204061 4.7000082158483565 5.7049767249263823 5.8427010513842088 14.629257879219947 5.195806255098435 24.752713416703045 60.956825406115968 11.052242180099709 6.3151968941092491 1.859203368425369 4.1329176854342213 2.488714687526226 2.5388551503419876 1.7350115943700073
leaf_count=1663 13 6 19 39 15 37 27 983 36 1857 17 110 38 27 25 40 83 49 92 90 189 706 173 62 25 31 21 12 38
internal_value=-9.46096e-06 -0.000633551 -0.000263115 -0.000616199 0.0229316 -0.014693 0.00174622 -0.000273498 0.00243199 -0.00247684 -0.0308091 -0.0422555 0.00047453 0.00868451 -0.00912329 0.0342038 0.0067619 -0.000947125 -0.00457862 0.00671408 -0.00432932 0.000867639 -0.0327266 0.0341385 -0.0403431 0.015461 0.00719451 -0.0026161 -0.0208173
internal_weight=655.775 485.948 480.318 473.424 6.89385 2.78227 169.828 470.444 210.137 260.307 5.62983 4.22983 155.845 23.4469 13.7324 9.71442 9.04723 132.398 90.2917 42.1064 29.9485 75.5861 14.7056 12.1579 4.68521 13.9826 9.84966 7.36094 4.27387
internal_count=6523 4782 4649 4578 71 52 1741 4539 1699 2840 133 116 1626 238 160 78 108 1388 998 390 279 798 200 111 52 115 84 63 50
is_linear=0
shrinkage=0.05


Tree=295
num_leaves=28
num_cat=0
split_feature=1 1 1 1 4 1 4 4 1 4 4 0 4 4 4 4 0 4 4 4 4 4 1 1 4 4 4
split_gain=0.270937 2.54203 2.3411 0.971272 4.14829 1.24286 3.67377 1.7715 1.57304 1.21317 2.1959 1.88817 1.06239 1.05726 0.913974 0.824786 1.21157 0.757159 2.81306 2.71264 2.5823 2.78881 2.64419 2.19656 0.640854 0.606168 0.247845
threshold=52.95000000000001 53.050000000000004 52.650000000000013 53.550000000000004 0.0089500000000000014 54.150000000000013 0.030550000000000004 0.035650000000000008 54.350000000000001 0.018100000000000002 0.049150000000000006 64.500000000000014 0.0117 0.017700000000000004 0.20055000000000003 0.053750000000000006 63.500000000000007 0.039950000000000006 0.047550000000000009 0.047750000000000008 0.028550000000000002 0.028050000000000002 44.050000000000004 45.550000000000004 0.33825000000000011 0.35345000000000004 0.045450000000000011
decision_type=2 2 2 2 2 2 2 2 2 2 2 2 2 2 2 2 2 2 2 2 2 2 2 2 2 2 2
left_child=2 -2 14 4 -3 6 12 -8 26 11 -11 -6 -5 -10 17 16 -4 20 23 -20 21 -1 -22 -19 -16 -26 -7
right_child=1 3 15 5 9 8 7 -9 13 10 -12 -13 -14 -15 24 -17 -18 18 19 -21 22 -23 -24 -25 25 -27 -28
leaf_value=-2.6179911104250633e-05 0.044935107212175016 0.052998377535208731 -0.019978873590698318 -0.0048438512497496877 -0.051959152845127567 0.040592538720614919 0.070857346136805374 0 0.0040795076936998602 0.027241946448553673 -0.018995689638035874 0.0074821317507713014 -0.046238910844556023 -0.0053898101557194808 -0.046340111464728211 0 -0.074221677494015009 0.066500881435171397 -0.051433282439388439 0.0028978713222459099 0.025418479036188581 0.043524343174893898 -0.017742929475096113 0.012462096872170302 0.044834902761943969 -0.03115150609011896 0.0088027754659694007
leaf_weight=366.05172686476726 3.2454508828232056 4.4674899661913541 3.8562680520117274 2.5060907602310163 2.4508406296372405 2.6393566541373721 1.1817432641983021 3.0074087991379201 64.717596873175353 6.2414108663797361 4.1123871698509902 2.5014658197760582 5.9109244346618652 53.887583125382662 1.7151611808221781 1.7357246940955517 1.6290117483586071 2.8531366847455484 2.2748972177505484 67.237969633657485 3.7806671112775794 3.6110843941569319 34.228527331724763 6.2373845092952251 0.4022766351699828 0.42286773660453036 1.4702729638665912
leaf_count=3223 40 34 43 41 29 30 5 66 666 47 67 22 66 589 102 20 25 17 28 767 46 30 275 89 7 127 22
internal_value=-7.83846e-06 0.00178445 -0.000590278 0.000820906 0.011157 -0.000659644 -0.0155665 0.0216293 0.000842417 -0.000995698 0.00839266 -0.0213912 -0.0347025 -0.000181618 -0.000159625 -0.0286593 -0.0380235 0 0.00448966 0.000976659 -0.000866934 0.000397381 -0.0132632 0.0305057 -0.0294979 0.00133104 0.0308864
internal_weight=654.377 158.34 496.037 155.095 19.7736 135.321 12.6062 4.18915 122.715 15.3061 10.3538 4.95231 8.41702 118.605 488.816 7.221 5.48528 486.275 78.6034 69.5129 407.672 369.663 38.0092 9.09052 2.54031 0.825144 4.10963
internal_count=6523 1724 4799 1684 199 1485 178 71 1307 165 114 51 107 1255 4711 88 68 4475 901 795 3574 3253 321 106 236 134 52
is_linear=0
shrinkage=0.05


Tree=296
num_leaves=23
num_cat=0
split_feature=3 5 0 3 2 2 6 2 1 0 0 0 3 3 0 3 3 1 3 0 2 1
split_gain=0.329308 2.972 2.08193 2.32587 1.13519 1.41722 1.2199 0.90125 0.701114 0.702954 0.628229 2.02622 1.38686 0.993843 1.62488 1.48003 1.2919 2.88664 0.857767 0.548082 0.413634 0.0721757
threshold=0.0071393500000000009 0.45500000000000007 61.500000000000007 0.010861495000000002 21.850000000000005 26.350000000000005 0.75000000000000011 29.950000000000003 54.95000000000001 64.500000000000014 51.500000000000007 53.500000000000007 9.5610000000000015e-05 0.0044500000000000008 57.500000000000007 0.0047432550000000009 0.004237035000000001 47.650000000000013 0.0035500000000000006 54.500000000000007 19.150000000000002 52.95000000000001
decision_type=2 2 2 2 2 2 2 2 2 2 2 2 2 2 2 2 2 2 2 2 2 2
left_child=10 -2 3 19 6 -6 -5 8 9 -4 12 -12 -1 16 -15 -16 18 -18 -13 -3 -10 -21
right_child=1 2 7 4 5 -7 -8 -9 20 -11 11 13 -14 14 15 -17 17 -19 -20 21 -22 -23
leaf_value=0.028677125841515778 -0.051635413605363459 0.016601725234768005 -0.049929734895935968 0.0034864838742583466 0.060338965386203029 0 -0.039434541324643788 0.011589449393130422 0.015446075410768173 0 -0.042023764712912894 0.00019986789433607349 -0.0021807943997884135 -0.030965832270777455 -0.02752068152161314 0.0023748847443260156 0.067759604263237669 -0.010477935750050295 -0.0156758682890972 0.034978407848449453 -0.023428398165636539 0.058524989944202882
leaf_weight=5.8274968713521949 2.0400551855564144 3.4734371900558525 2.5108590659219758 4.8407086580991798 1.4697618663776664 2.9634727304801345 2.2790034692152332 2.5933570601046085 1.3843953425530346 0.79941321397200216 2.8286852091550818 558.42220417887438 8.7256038784980756 6.5170718133449546 4.9436916122213033 21.997569600585848 2.1220113784074774 2.269392404705286 8.5383588802069408 3.949225424323231 1.1396111455978823 2.2304428219795227
leaf_count=28 9 15 75 25 40 37 150 32 24 25 15 5500 43 28 62 194 14 27 93 49 22 16
internal_value=-6.60414e-06 0.00495048 0.00917471 0.0176002 0.00194297 0.0218896 -0.0099158 -0.0113974 -0.0224809 -0.0373265 -0.000267743 -0.000522183 0.0099458 -0.0003129 -0.00867832 -0.0030075 0.000169661 0.0268816 -3.31237e-05 0.0356143 -0.00042455 0.04507
internal_weight=653.866 31.6737 29.6337 21.2061 11.5529 4.43323 7.11971 8.42764 5.83428 3.31027 622.192 607.639 14.5531 604.81 33.4583 26.9413 571.352 4.3914 566.961 9.65311 2.52401 6.17967
internal_count=6523 519 510 332 252 77 175 178 146 100 6004 5933 71 5918 284 256 5634 41 5593 80 46 65
is_linear=0
shrinkage=0.05


Tree=297
num_leaves=22
num_cat=0
split_feature=3 3 3 3 2 3 4 3 0 3 3 2 0 0 5 3 4 2 0 4 3
split_gain=0.307983 2.88644 2.18853 1.80103 5.06709 1.16968 2.74668 1.05908 1.01744 1.3783 3.99604 1.2574 1.21522 1.17434 1.13992 2.31757 0.905003 0.657725 0.450131 0.0892981 0.0290348
threshold=0.0055077150000000007 0.005319260000000001 0.0050090800000000008 0.0044500000000000008 28.950000000000003 0.004237035000000001 0.062150000000000004 0.0038262600000000002 61.500000000000007 0.0067104400000000007 0.0067767250000000017 29.950000000000003 64.500000000000014 60.500000000000007 0.45500000000000007 0.0071393500000000009 0.14595000000000002 18.250000000000004 65.500000000000014 0.096950000000000022 0.0046802500000000012
decision_type=2 2 2 2 2 2 2 2 2 2 2 2 2 2 2 2 2 2 2 2 2
left_child=1 2 3 5 20 7 -7 -1 9 13 -11 12 16 -2 -12 -16 -10 -18 -13 -6 -5
right_child=8 -3 -4 4 19 6 -8 -9 11 10 14 18 -14 -15 15 -17 17 -19 -20 -21 -22
leaf_value=9.5212924118651186e-05 0.048488905081958689 -0.042654898107665817 0.040747208311272043 -0.037647164710384984 0.0081152913294961718 0.065462961293411157 -0.010713190813347378 -0.020353344009782524 -0.056477917681892698 -0.06772803987615815 -0.021532325492568678 0.015365875703444463 0.020787636300645947 0.008247058518163132 -0.03760288497783501 0.01699044087549979 0.0082977262684506593 -0.032092076478770305 -0.008067276830835796 0.029946153199311654 -0.06280827801330513
leaf_weight=575.95685501093976 3.4568936973810178 3.9011826715432099 3.1699364194646469 2.4085369259119016 1.7958258762955668 2.1193699426949015 2.2885475680232048 6.2993851769715539 2.2962835840880862 1.7563451826572443 2.685038477182391 5.0788859277963621 1.1510140281170604 4.5563879534602165 1.9987398795783544 20.973453956074081 1.5479066004627386 2.0541413147002459 3.0060840174555779 1.9342274554073808 2.9424107242375612
leaf_count=5626 14 31 21 23 9 17 24 44 30 8 12 45 36 36 11 332 53 50 23 32 46
internal_value=-5.08193e-06 -0.000327339 -3.62059e-05 -0.000268406 -0.0222444 6.69719e-05 0.0254436 -0.00012089 0.0037314 0.00842475 0.00285072 -0.00690993 -0.0223501 0.0266072 0.00812045 0.0118813 -0.0318079 -0.0136295 0.00605017 0.0212275 -0.0532986
internal_weight=653.377 602.816 598.915 595.745 9.081 586.664 4.40792 582.256 50.5612 35.4269 27.4136 15.1343 7.04935 8.01328 25.6572 22.9722 5.89833 3.60205 8.08497 3.73005 5.35095
internal_count=6523 5873 5842 5821 110 5711 41 5670 650 413 363 237 169 50 355 343 133 103 68 41 69
is_linear=0
shrinkage=0.05


Tree=298
num_leaves=29
num_cat=0
split_feature=3 3 3 3 1 3 1 1 2 2 2 2 0 0 2 3 3 3 2 3 0 0 3 2 1 1 0 2
split_gain=0.301626 1.67203 1.40301 3.01279 1.26498 1.17834 1.00106 2.94271 2.30045 0.814325 2.09765 1.10033 0.765592 0.677815 3.84207 2.58421 1.96889 1.92627 1.22232 4.42705 4.31478 3.419 2.22128 2.21916 1.16421 0.744094 0.443808 0.0160165
threshold=0.0015976300000000003 0.0013690800000000002 0.0012994950000000001 0.0012167600000000001 47.150000000000013 0.0016152750000000002 46.250000000000007 50.550000000000004 37.250000000000007 26.150000000000002 20.750000000000004 29.850000000000005 63.500000000000007 64.500000000000014 25.550000000000004 0.0032739950000000005 0.0021089650000000004 0.004237035000000001 25.750000000000004 0.0023096600000000003 63.500000000000007 57.500000000000007 0.0027416850000000002 26.350000000000005 52.95000000000001 51.250000000000007 58.500000000000007 14.350000000000003
decision_type=2 2 2 2 2 2 2 2 2 2 2 2 2 2 2 2 2 2 2 2 2 2 2 2 2 2 2 2
left_child=1 2 3 6 -4 9 8 -8 -1 10 -2 -11 26 18 16 24 -15 -17 19 21 23 -7 -21 -20 -16 -22 -3 -14
right_child=5 12 4 -5 -6 13 7 -9 -10 11 -12 -13 27 14 15 17 -18 -19 20 22 25 -23 -24 -25 -26 -27 -28 -29
leaf_value=0.0039901822331465976 0 -0.0051335003959525477 0 -0.050952066927034537 0.042654210142559927 0.036838768106375826 -0.010136234085060156 0.0012442295150933049 -0.013596299175309549 -0.0088461094622706762 0.072126974200233326 0.030021044171236962 -0.0060032417573879998 0.0090905202399821153 -0.059678152282839438 0.036856833684160394 0.05551272770710472 -0.010277082860013369 0.038774263824288904 0.01849620404042604 0.053436216102181681 -0.035820982765060697 -0.003117749954599154 -0.0048561932958181633 -0.004848029874326934 0.013033349127232231 -0.050206663819426615 0
leaf_weight=189.85509522538632 2.1458646478131396 1.0246587917208665 3.2849222812801591 2.8565661720931521 3.4862422198057175 1.6749886721372629 83.219702315749601 176.61031873244792 20.424893296323717 4.3074978813529015 1.9041889607906339 2.8869307693094015 1.50905042514205 5.0167173780500907 2.677519939839839 3.290153428912161 4.7130624237470329 5.6944184380117804 3.1045298501849166 14.678227934055029 4.7819573096930972 14.365156630519776 60.051312545547262 31.601110274204984 1.8419345468282697 2.0677173882722855 2.802692202385515 1.1029969975352285
leaf_count=1478 38 9 39 39 32 8 983 1857 221 22 12 32 25 38 27 25 40 83 34 92 50 199 706 281 25 25 82 21
internal_value=-6.41214e-06 -0.000643499 -0.000290586 -0.000626614 0.0221209 0.0018198 -0.000299413 -0.00238403 0.00225256 0.0173946 0.0353373 0.00626253 -0.0257645 0.000651411 0.00852534 -0.00843656 0.0324219 0.0066487 -0.000698742 -0.00398332 0.00634811 -0.0277425 0.00107985 -0.000709466 -0.0390028 0.0423223 -0.0398508 -0.00257247
internal_weight=652.98 486.177 479.738 472.967 6.77116 166.803 470.11 259.83 210.28 11.2445 4.05005 7.19443 6.4394 155.559 23.2338 13.504 9.72978 8.98457 132.325 90.7697 41.5553 16.0401 74.7295 34.7056 4.51945 6.84967 3.82735 2.61205
internal_count=6523 4786 4649 4578 71 1737 4539 2840 1699 104 50 54 137 1633 238 160 78 108 1395 1005 390 207 798 315 52 75 91 46
is_linear=0
shrinkage=0.05


Tree=299
num_leaves=13
num_cat=0
split_feature=4 4 4 4 4 4 4 0 4 4 4 4
split_gain=0.262888 0.443516 0.613478 0.392553 0.597445 1.24541 1.10665 0.756533 0.465364 0.274087 1.37835 0.649824
threshold=0.2351 0.32860000000000006 0.35345000000000004 0.18455000000000002 0.16200000000000003 0.17705000000000001 0.14595000000000002 63.500000000000007 0.19675000000000004 0.077500000000000013 0.10755000000000002 0.074650000000000008
decision_type=2 2 2 2 2 2 2 2 2 2 2 2
left_child=3 -2 -3 4 6 7 9 -6 -5 11 -11 -1
right_child=1 2 -4 8 5 -7 -8 -9 -10 10 -12 -13
leaf_value=0.00011330433681625967 -0.041237654090314622 0.014963198175567717 -0.037863553097955242 0.03446527380911614 -0.023237504466211211 -0.053841573178845442 0.030424638539612053 0.023726315326390759 0 -0.01462524483033821 0.003673407726790966 0.026473483640294844
leaf_weight=593.31492330157198 0.93713764403946642 1.637557700276375 0.69842550996690977 1.7070752456784242 1.6157764289528125 1.4874928700737653 2.8938693739473811 1.6139448694884775 2.243023837916553 17.561810488812625 23.906992693431675 2.2504394948482505
leaf_count=5552 81 27 190 28 28 41 24 16 38 247 237 14
internal_value=-4.83153e-06 -0.013934 0 5.98909e-05 -2.98575e-05 -0.0175782 9.44136e-05 0 0.0155802 -4.02741e-05 -0.00397223 0.000225732
internal_weight=651.868 3.27312 2.33598 648.595 644.645 4.71721 639.928 3.22972 3.9501 637.034 41.4688 595.565
internal_count=6523 298 217 6225 6159 85 6074 44 66 6050 484 5566
is_linear=0
shrinkage=0.05


end of trees

feature_importances:
ema20=1577
adx=1557
atr=1468
rsi=1185
score=496
final_probability=180
rejected=3
confidence=2

parameters:
[boosting: gbdt]
[objective: binary]
[metric: binary_logloss]
[tree_learner: serial]
[device_type: cpu]
[data_sample_strategy: bagging]
[data: ]
[valid: ]
[num_iterations: 300]
[learning_rate: 0.05]
[num_leaves: 31]
[num_threads: 6]
[seed: 42]
[deterministic: 0]
[force_col_wise: 0]
[force_row_wise: 0]
[histogram_pool_size: -1]
[max_depth: 6]
[min_data_in_leaf: 20]
[min_sum_hessian_in_leaf: 0.001]
[bagging_fraction: 0.8]
[pos_bagging_fraction: 1]
[neg_bagging_fraction: 1]
[bagging_freq: 0]
[bagging_seed: 400]
[bagging_by_query: 0]
[feature_fraction: 0.8]
[feature_fraction_bynode: 1]
[feature_fraction_seed: 30056]
[extra_trees: 0]
[extra_seed: 12879]
[early_stopping_round: 0]
[early_stopping_min_delta: 0]
[first_metric_only: 0]
[max_delta_step: 0]
[lambda_l1: 0.1]
[lambda_l2: 0.1]
[linear_lambda: 0]
[min_gain_to_split: 0]
[drop_rate: 0.1]
[max_drop: 50]
[skip_drop: 0.5]
[xgboost_dart_mode: 0]
[uniform_drop: 0]
[drop_seed: 17869]
[top_rate: 0.2]
[other_rate: 0.1]
[min_data_per_group: 100]
[max_cat_threshold: 32]
[cat_l2: 10]
[cat_smooth: 10]
[max_cat_to_onehot: 4]
[top_k: 20]
[monotone_constraints: ]
[monotone_constraints_method: basic]
[monotone_penalty: 0]
[feature_contri: ]
[forcedsplits_filename: ]
[refit_decay_rate: 0.9]
[cegb_tradeoff: 1]
[cegb_penalty_split: 0]
[cegb_penalty_feature_lazy: ]
[cegb_penalty_feature_coupled: ]
[path_smooth: 0]
[interaction_constraints: ]
[verbosity: -1]
[saved_feature_importance_type: 0]
[use_quantized_grad: 0]
[num_grad_quant_bins: 4]
[quant_train_renew_leaf: 0]
[stochastic_rounding: 1]
[linear_tree: 0]
[max_bin: 255]
[max_bin_by_feature: ]
[min_data_in_bin: 3]
[bin_construct_sample_cnt: 200000]
[data_random_seed: 175]
[is_enable_sparse: 1]
[enable_bundle: 1]
[use_missing: 1]
[zero_as_missing: 0]
[feature_pre_filter: 1]
[pre_partition: 0]
[two_round: 0]
[header: 0]
[label_column: ]
[weight_column: ]
[group_column: ]
[ignore_column: ]
[categorical_feature: ]
[forcedbins_filename: ]
[precise_float_parser: 0]
[parser_config_file: ]
[objective_seed: 16083]
[num_class: 1]
[is_unbalance: 0]
[scale_pos_weight: 1]
[sigmoid: 1]
[boost_from_average: 1]
[reg_sqrt: 0]
[alpha: 0.9]
[fair_c: 1]
[poisson_max_delta_step: 0.7]
[tweedie_variance_power: 1.5]
[lambdarank_truncation_level: 30]
[lambdarank_norm: 1]
[label_gain: ]
[lambdarank_position_bias_regularization: 0]
[eval_at: ]
[multi_error_top_k: 1]
[auc_mu_weights: ]
[num_machines: 1]
[local_listen_port: 12400]
[time_out: 120]
[machine_list_filename: ]
[machines: ]
[gpu_platform_id: -1]
[gpu_device_id: -1]
[gpu_device_id_list: ]
[gpu_use_dp: 0]
[num_gpu: 1]

end of parameters

pandas_categorical:[]
