tree
version=v4
num_class=1
num_tree_per_iteration=1
label_index=0
max_feature_idx=15
objective=binary sigmoid:1
feature_names=score rsi adx ema20 atr final_probability confidence deriv_funding deriv_oi deriv_buy_ratio deriv_sell_ratio spread_bps imb_10 imb_20 taker_imb n_trades
feature_infos=[54:72] [18.800000000000001:80.299999999999997] [8:72.200000000000003] [0.0035000000000000001:98.935199999999995] [0:1.6645000000000001] [0.47999999999999998:0.66000000000000003] none [-1:0.0016691799999999999] [-1:3220765040] [-1:0.83989999999999998] [-1:0.67479999999999996] [-1:5.3399999999999999] [-64.120000000000005:68.439999999999998] [-57.390000000000001:47.020000000000003] [-100:100] [-1:50]
tree_sizes=3361 3371 3380 3363 3399 3404 3194 3298 3262 3401 3371 3382 3103 2671 3398 3186 3408 3408 3102 3076 3433 3442 3395 3416 3306 3298 3399 3166 3381 3206 2041 2978 3407 3415 2445 1942 3400 3086 3393 2048 3433 3421 2047 2450 1536 3066 1932 1315 2250 3425 2957 3094 2245 2354 2877 1642 1821 1626 1422 2155 3157 3176 1608 2530 2968 1631 3191 2255 2856 1630 1631 2691 2765 2879 1531 2371 3199 1819 2560 1535 2139 3206 2882 1943 2769 2584 2562 2359 2030 1631 1615 3397 1939 1410 1654 3303 3368 1624 2155 1740 3435 2548 1623 3302 2153 3401 2454 1409 2837 1996 2755 2354 2354 3421 2560 1540 3396 2704 3374 2039 1637 1536 3367 1624 3378 1597 3401 2464 1928 3389 2006 2569 2787 3416 3377 2007 3371 1104 2146 1293 2151 1622 2657 2040 2360 3276 3367 2050 2749 3341 2756 3379 1932 3393 3380 2564 3377 2074 3396 1631 2155 3418 2753 2318 2127 2237 3398 3287 2771 2060 1417 1608 2414 3297 1902 3404 1609 1712 1814 1488 1836 3389 1914 3377 2640 2819 2442 3199 2321 3263 3355 2825 2151 3411 3384 1702 3359 2524 1201 1199 1615 1832 1792 3397 2983 1936 1524 2110 3409 3419 2460 3412 2731 2227 2468 2894 2792 1328 2159 2054 3416 2658 1222 3399 1625 2116 3354 3093 2044 1438 2672 1534 2037 3004 3188 3386 2341 3175 2011 3388 2418 1607 3287 2228 3422 2636 3385 2363 1752 2191 3407 1645 3096 3423 3426 3091 3412 2136 3417 3204 2889 2983 2569 3392 3414 2881 3431 2105 2796 2005 2955 3405 3372 1937 1617 3081 2918 1816 3397 1605 1704 1704 1734 3412 1914 2458 1505 2009 1613 3401 3397 3385 2856 3390 3437 1808 2463 2825 3253 3384

Tree=0
num_leaves=31
num_cat=0
split_feature=1 2 1 3 3 3 4 4 0 2 3 7 3 4 2 0 1 2 2 3 1 3 7 3 1 3 1 2 1 1
split_gain=130.509 85.5218 63.9169 84.9307 60.2024 129.67 162.855 58.8152 58.6636 57.5022 55.5069 54.6358 74.0972 41.0235 31.1467 31.1258 20.5697 20.3803 19.96 22.3484 15.9454 17.7716 15.7352 13.5662 7.81793 4.30319 3.76454 1.64793 2.77119 5.50031
threshold=58.95000000000001 46.750000000000007 50.150000000000013 0.0076500000000000014 0.075700000000000017 0.016200000000000003 0.00015000000000000004 0.0021500000000000004 60.500000000000007 28.450000000000003 0.0098500000000000029 -0.0019558949999999996 0.018450000000000005 0.0050500000000000015 33.45000000000001 63.500000000000007 43.050000000000004 25.650000000000002 33.150000000000013 0.041150000000000006 42.050000000000004 0.0049500000000000004 4.8060000000000004e-05 0.0064500000000000009 61.750000000000007 0.096950000000000022 60.750000000000007 53.45000000000001 52.95000000000001 44.850000000000001
decision_type=2 2 2 2 2 2 2 2 2 2 2 2 2 2 2 2 2 2 2 2 2 2 2 2 2 2 2 2 2 2
left_child=1 2 3 20 5 6 -4 10 -7 13 22 12 -5 -6 -13 18 -3 -17 19 -12 21 -1 24 -22 26 -11 -2 -18 29 -29
right_child=7 16 4 11 9 8 -8 -9 -10 25 15 14 -14 -15 -16 17 27 -19 -20 -21 23 -23 -24 -25 -26 -27 -28 28 -30 -31
leaf_value=-0.29865220526348718 -0.14224708397936092 -0.19597310129747467 -0.18270750242621203 -0.18218389026319998 -0.2901431032243918 -0.30835360750518076 -0.26609977840079235 -0.11592823046922424 -0.1659487346262844 -0.11085751646690803 -0.19332013021500088 -0.24240849121975525 -0.22986035764423665 -0.22213253923005771 -0.30763826620933926 -0.20972239746294369 -0.30965999485359275 -0.30913689913751502 -0.11757208397440214 -0.28837996650576891 -0.26329704953337907 -0.18651362779896874 -0.22807304861481337 -0.30301259670427227 -0.11696355835316175 -0.17228499875245701 -0.20107227700563801 -0.30001815239742224 -0.30870278188056899 -0.22807304861481337
leaf_weight=5.4339251220226279 6.1749149113893491 5.1869285255670539 110.90147180855274 109.66648882627487 47.917339712381363 7.4098978936672202 123.74529482424259 32.603550732135773 186.72942692041397 5.186928525567053 34.579523503780365 71.62901297211647 316.15564346313477 41.495428204536438 24.699659645557404 8.397884279489519 24.946656242012978 12.843823015689848 6.6689081043004981 7.4098978936672202 44.953380554914474 9.6328672617673856 4.9399319291114798 43.47140097618103 23.464676663279533 7.9038910865783691 5.4339251220226288 6.1749149113893527 9.1388740688562375 4.9399319291114807
leaf_count=22 25 21 449 444 194 30 501 132 756 21 140 290 1280 168 100 34 101 52 27 30 182 39 20 176 95 32 22 25 37 20
internal_value=-0.220097 -0.22544 -0.222656 -0.233488 -0.209909 -0.201673 -0.226666 -0.174864 -0.171452 -0.244296 -0.19247 -0.225272 -0.217587 -0.258674 -0.259259 -0.219448 -0.289145 -0.269735 -0.197336 -0.210337 -0.27485 -0.226879 -0.145586 -0.28295 -0.133836 -0.146923 -0.168958 -0.299976 -0.287422 -0.268845
internal_weight=1349.84 1207.32 1156.93 625.642 531.29 428.786 234.647 142.517 194.139 102.504 109.913 522.151 425.822 89.4128 96.3287 69.9 50.3873 21.2417 48.6583 41.9894 103.492 15.0668 40.0134 88.4248 35.0735 13.0908 11.6088 45.2004 20.2537 11.1148
internal_count=5465 4888 4684 2533 2151 1736 950 577 786 415 445 2114 1724 362 390 283 204 86 197 170 419 61 162 358 142 53 47 183 82 45
is_linear=0
shrinkage=1


Tree=1
num_leaves=31
num_cat=0
split_feature=1 2 9 2 4 3 8 2 3 1 1 0 3 2 2 3 4 1 1 7 9 3 1 3 3 1 1 4 1 2
split_gain=117.481 78.0723 72.2767 64.3304 52.2527 49.6733 45.3705 67.0651 42.6089 87.0908 40.2198 35.9694 29.7024 41.7813 25.7867 21.4794 25.1811 18.9061 14.0449 14.0416 12.1623 9.4772 9.01108 15.4267 6.92554 6.88283 3.34668 1.67898 1.66416 1.52179
threshold=58.95000000000001 46.750000000000007 0.56490000000000007 11.850000000000003 0.0021500000000000004 0.0098500000000000029 123795455.00000001 14.15 0.0075500000000000003 50.050000000000004 55.150000000000013 65.500000000000014 0.016000000000000004 20.450000000000003 33.150000000000013 0.029650000000000006 0.00085000000000000017 43.050000000000004 50.350000000000001 4.8060000000000004e-05 0.65425000000000011 0.014350000000000002 72.700000000000003 0.013500000000000002 0.023050000000000005 61.750000000000007 60.750000000000007 0.00015000000000000004 61.850000000000001 53.45000000000001
decision_type=2 2 2 2 2 2 2 2 2 2 2 2 2 2 2 2 2 2 2 2 2 2 2 2 2 2 2 2 2 2
left_child=1 2 3 18 5 19 15 20 9 -5 -10 -9 22 -14 -15 -4 -17 -3 21 25 -8 -1 23 -7 -20 26 -2 -27 -6 -19
right_child=4 17 6 8 28 12 7 11 10 -11 -12 -13 13 14 -16 16 -18 29 24 -21 -22 -23 -24 -25 -26 27 -28 -29 -30 -31
leaf_value=-0.013439315878553921 0.073494998409668597 0.022883187786531263 -0.089192945258010595 -0.054148457203297209 0.074229921274295105 0.047716538659771754 0.0065748575960991916 -0.039568360972771117 0.01437471268772493 0.026889838179872651 -0.021436237375361274 0.048892182779028473 0.09830967731591056 -0.025511747259112816 0.08768042168154766 0.068599574073428968 -0.058952407738409679 -0.086132656602059973 -0.053682282346820522 -0.00759156852850417 0.094132419031926373 -0.089260319282184891 -0.086572940795481446 -0.063613548411857193 0.018139605240703401 0.0675708024072708 0.018054693932543772 0.10534977151365398 0.1055153026063223 -0.064594316688791106
leaf_weight=5.204420909285548 6.2184903770685178 5.1999136358499518 38.44105738401413 78.4891457259655 8.2223431617021543 4.9557424932718295 5.6679784208536175 100.03562484681606 699.11101125180721 57.172672584652901 88.116391837596893 12.847263947129248 13.12212687730789 29.063612446188927 5.9742959886789313 5.2120966464281109 13.996221750974653 24.654241919517517 5.9102675318717939 4.935537874698638 14.314184993505476 24.185137361288071 8.8297147601842862 7.9039642065763474 7.3849250376224518 5.4812323153018978 5.4447810649871826 18.187725409865379 24.667029485106468 20.080057576298714
leaf_count=21 25 21 156 320 33 20 23 407 2829 231 357 52 53 118 24 21 57 101 24 20 58 98 36 32 30 22 22 73 99 82
internal_value=-4.32198e-06 -0.00509015 -0.00243902 0.00311041 0.0428248 0.0261978 -0.030578 -0.0144355 0.00589335 -0.0199646 0.0103577 -0.029422 0.000606945 0.0225538 -0.00587451 -0.0676057 -0.0239067 -0.0662424 -0.056816 0.070353 0.0697019 -0.0760943 -0.047775 -0.0202873 -0.0135774 0.0813729 0.0484123 0.0971324 0.0980942 -0.0767418
internal_weight=1349.03 1206.02 1156.09 965.574 143.007 110.117 190.514 132.865 922.889 135.662 787.227 112.883 69.8495 48.16 35.0379 57.6494 19.2083 49.9342 42.6848 40.2678 19.9822 29.3896 21.6894 12.8597 13.2952 35.3322 11.6633 23.669 32.8894 44.7343
internal_count=5465 4888 4684 3910 577 445 774 540 3737 551 3186 459 283 195 142 234 78 204 173 162 81 119 88 52 54 142 47 95 132 183
is_linear=0
shrinkage=0.05


Tree=2
num_leaves=31
num_cat=0
split_feature=1 3 2 3 3 3 7 0 2 0 4 3 9 3 1 4 3 2 1 2 4 2 4 4 1 3 1 3 2 2
split_gain=109.609 61.7072 55.9359 50.822 121.254 117.894 80.9546 71.5635 68.952 55.8606 51.1071 46.1535 61.6031 51.3497 50.606 43.512 43.3042 52.7443 41.996 31.4776 20.093 19.994 19.0477 18.709 14.8322 16.4469 13.9404 12.2775 13.5283 8.347
threshold=50.150000000000013 0.0076500000000000014 48.850000000000001 0.016200000000000003 0.012050000000000002 0.069850000000000009 0.00014694500000000002 61.500000000000007 28.050000000000004 60.500000000000007 0.010900000000000002 0.018450000000000005 0.52500000000000013 0.016000000000000004 43.050000000000004 0.0015500000000000004 0.051500000000000011 44.300000000000004 36.350000000000001 13.850000000000003 0.00035000000000000005 14.850000000000003 0.0011500000000000002 0.00045000000000000004 42.050000000000004 0.0049500000000000004 51.150000000000013 0.0064500000000000009 15.65 21.850000000000005
decision_type=2 2 2 2 2 2 2 2 2 2 2 2 2 2 2 2 2 2 2 2 2 2 2 2 2 2 2 2 2 2
left_child=1 24 3 4 6 9 7 -2 10 -5 -7 12 19 21 18 -11 23 -18 -13 -3 -21 -14 -20 -16 25 -1 -6 28 -26 -30
right_child=2 11 -4 5 26 8 -8 -9 -10 15 -12 14 13 -15 16 -17 17 -19 22 20 -22 -23 -24 -25 27 -27 -28 -29 29 -31
leaf_value=-0.073854005848099702 -0.010803505256172689 -0.052682898549092819 -0.072603677023707403 -0.085419724293168076 0 -0.047111290798180452 -0.079955229089974725 0.04747987524018614 0.071236397495232445 0.043139197214180053 0.026518375743425322 -0.088072587154635062 0.014566632846458018 0.098268250066522289 0.010490324133006965 0.098438485252474658 0.0014827034630544135 -0.081874569282109511 0.084315264270172149 0.023455163896715661 0.06802343712599071 -0.070167640595658762 0.014480788651691841 -0.049131721618828179 0.026910475257020346 0.034681118441333057 -0.07404942155688575 -0.077602281133566209 -0.069172026060043995 -0.020158108932388664
leaf_weight=5.3410795032978049 85.52059331536293 9.4032289385795575 18.098121553659439 7.3402614891529074 7.3735074102878562 78.586616203188896 19.916067019104958 136.37120467424393 22.165003806352615 189.82322235405445 33.473950132727623 6.1780046671628943 8.6135390400886518 6.3724878132343283 14.330593436956404 44.078466832637787 168.02234773337841 21.278325527906418 20.519108429551125 61.008514404296875 43.929359123110771 33.687311142683029 19.023524239659309 140.62251800298691 6.3965157717466345 9.6101758629083616 49.845251992344856 42.615529403090477 23.666707694530487 14.397137254476545
leaf_count=22 346 38 75 30 30 320 82 551 89 765 135 25 35 26 58 177 681 88 83 246 177 138 77 571 26 39 203 176 97 59
internal_value=-7.48223e-06 -0.0146731 0.0138553 0.016193 0.000795283 0.0284392 0.0163047 0.0249993 -0.00908705 0.0493344 -0.0250685 -0.00806605 0.014253 -0.0327599 -0.0174098 0.0536193 -0.023983 -0.00789895 0.0319181 0.0343205 0.042207 -0.052802 0.0509661 -0.0435822 -0.0503912 -0.00399208 -0.0645749 -0.058287 -0.0395284 -0.0508656
internal_weight=1347.61 655.016 692.592 674.494 299.027 375.468 241.808 221.892 134.226 241.242 112.061 552.989 163.014 48.6733 389.974 233.902 344.254 189.301 45.7206 114.341 104.938 42.3009 39.5426 154.953 102.027 14.9513 57.2188 87.0759 44.4604 38.0638
internal_count=5465 2662 2803 2728 1212 1516 979 897 544 972 455 2243 660 199 1583 942 1398 769 185 461 423 173 160 629 419 61 233 358 182 156
is_linear=0
shrinkage=0.05


Tree=3
num_leaves=31
num_cat=0
split_feature=10 10 8 10 4 3 4 0 3 0 4 8 4 8 9 4 3 9 0 4 8 4 8 0 10 13 0 10 4 4
split_gain=55.2702 42.6284 42.1109 40.9214 37.3864 49.5324 40.5313 52.5005 37.2226 36.7994 33.8716 30.5221 28.3335 27.668 30.155 27.4355 11.4032 19.2941 8.20423 7.01917 6.73489 11.1167 5.87478 2.70486 2.40309 0.980432 0.912361 1.95449 0.313315 2.1184
threshold=0.45210000000000006 0.26865000000000006 116193620.00000001 0.66275000000000006 0.035800000000000005 0.053750000000000006 0.0015500000000000004 65.500000000000014 0.065300000000000011 65.500000000000014 0.0019500000000000001 154359110.00000003 0.0010500000000000004 481989614.50000006 0.70595000000000008 0.0010500000000000004 0.029650000000000006 0.59335000000000016 61.500000000000007 0.0013500000000000003 91907323.500000015 0.0021500000000000004 175957224.00000003 62.500000000000007 0.48390000000000005 -9.4899999999999967 62.500000000000007 0.6542 0.036750000000000012 0.073900000000000007
decision_type=2 2 2 2 2 2 2 2 2 2 2 2 2 2 2 2 2 2 2 2 2 2 2 2 2 2 2 2 2 2
left_child=1 4 16 11 5 6 12 -8 15 13 -10 20 -1 14 -4 -7 17 -3 28 -18 21 -2 -11 -15 -23 -21 27 -22 -6 -30
right_child=3 2 9 -5 18 8 7 -9 10 22 -12 -13 -14 23 -16 -17 19 -19 -20 25 26 24 -24 -25 -26 -27 -28 -29 29 -31
leaf_value=0.0065469651772270604 0.0062315119621858261 0.019007842832940474 0.0037380492598825133 -0.086618155186151499 0.096995227890602234 0.050589058979289649 0.061979462136992597 -0.085908649772825418 -0.046995894654799801 0.080103206026573615 0 -0.048340436675195331 -0.030233452304953692 -0.081967966165378062 -0.076816824474724113 -0.069547876947469611 0.021331200844823039 -0.084965462999582061 0.013093071956497594 -0.064307347093295386 0.053528313553250162 0.054720424761994839 0.014587444751915103 -0.040009512408399645 0.10249058904930466 -0.029645314452769779 0.10711293336476574 0.10184248355594282 0.045258248373731033 0.090200606602154745
leaf_weight=656.32427772879601 7.6590305715799358 4.939461186528205 86.520296275615692 4.9197067320346823 4.9582843035459581 5.2029759287834159 54.937945142388344 6.6213172674179068 47.45388574898243 11.684147566556932 198.26099988818169 5.365105837583541 56.769227623939514 14.848551809787752 13.30364255607128 44.130571022629738 5.6771806925535193 37.477669060230255 6.4591996967792502 4.8901813328266135 4.9779295176267642 5.7218584418296796 5.1797480285167685 6.3612433075904837 7.4599143862724304 5.3694801181554785 12.67044775187969 5.7072162330150604 5.4429363608360273 7.6662611067295074
leaf_count=2662 31 20 353 20 20 21 222 27 194 47 805 22 231 61 55 181 23 155 26 20 20 23 21 26 30 22 51 23 22 31
internal_value=-1.56986e-05 -0.0021037 -0.0235573 0.0492638 0.00174127 0.000334292 0.00697905 0.045878 -0.0170911 -0.00843262 -0.00909848 0.063 0.00360804 -0.0181176 -0.00701368 -0.0566997 -0.0591376 -0.072724 0.0626513 -0.0224368 0.0767074 0.055 0.0604794 -0.0698652 0.0826994 -0.0471106 0.0955471 0.0805028 0.0799238 0.072403
internal_weight=1344.96 1290.48 196.252 54.4812 1094.23 1069.7 774.653 61.5593 295.048 137.898 245.715 49.5615 713.094 121.034 99.8239 49.3335 58.354 42.4171 24.5267 15.9368 44.1964 20.8408 16.8639 21.2098 13.1818 10.2597 23.3556 10.6851 18.0675 13.1092
internal_count=5465 5245 803 220 4442 4343 3142 249 1201 563 999 200 2893 495 408 202 240 175 99 65 178 84 68 87 53 42 94 43 73 53
is_linear=0
shrinkage=0.05


Tree=4
num_leaves=31
num_cat=0
split_feature=1 3 2 3 3 3 7 0 2 0 4 9 3 2 9 4 2 2 4 1 3 1 8 8 3 2 2 4 1 1
split_gain=97.7124 55.986 49.8293 45.1316 111.378 102.933 68.4864 62.8309 62.6194 49.1091 45.1455 41.9899 69.2608 48.5727 36.8259 35.8153 33.893 28.2802 19.1211 13.3599 14.9477 12.8346 12.5532 26.7532 11.8125 12.2722 7.6527 6.21944 4.99451 4.24122
threshold=50.150000000000013 0.0076500000000000014 48.850000000000001 0.016200000000000003 0.012050000000000002 0.069850000000000009 0.00014694500000000002 61.500000000000007 28.050000000000004 60.500000000000007 0.0050500000000000015 0.50980000000000014 0.018450000000000005 11.850000000000003 0.76630000000000009 0.0015500000000000004 46.750000000000007 13.850000000000003 0.00095000000000000011 42.050000000000004 0.0049500000000000004 51.150000000000013 356427030.00000006 495969154.00000006 0.0064500000000000009 15.65 21.850000000000005 0.0010500000000000004 58.650000000000013 53.550000000000004
decision_type=2 2 2 2 2 2 2 2 2 2 2 2 2 2 2 2 2 2 2 2 2 2 2 2 2 2 2 2 2 2
left_child=1 19 3 4 6 9 7 -2 10 -5 -7 12 17 -14 22 -11 -15 -3 -19 20 -1 -6 27 -24 25 -21 -27 -13 -23 -10
right_child=2 11 -4 5 21 8 -8 -9 29 15 -12 14 13 16 -16 -17 -18 18 -20 24 -22 28 23 -25 -26 26 -28 -29 -30 -31
leaf_value=-0.071324792517256194 -0.01019061622398397 -0.050661188413761299 -0.06934795745270235 -0.08136863128270945 -4.6447225257818689e-05 -0.052302532425927944 -0.074569549542708821 0.044410300366244215 0.038460987202151575 0.040740013678973196 0.011605329652748495 -0.068490376953066964 -0.084458838435011285 -0.0029855701834794125 0.052569468898904827 0.090884825175039125 -0.060094696524207881 0.032226533713960483 0.10351851723388326 0.02588942644033139 0.032490583985096154 -0.081216763403149955 0.082590449976100586 -0.081638745141475469 -0.07483141275403947 -0.065902232321906493 -0.018747040371654224 -0.030898323446790638 -0.043630230951661998 0.085542259530667533
leaf_weight=5.2706944346427909 85.355245247483253 9.355358347296713 17.744564399123192 7.193972021341323 7.3796684294939032 61.610688328742981 19.268216744065285 136.90058478713036 8.4847940802574175 190.33824168145657 49.798702090978622 49.739412635564804 22.034094393253326 302.62709574401379 9.3763967305421811 44.153048321604729 28.350142270326614 94.577038794755936 10.476190775632857 6.4063895642757407 9.6536902785301191 36.206949606537819 4.894672363996504 4.8237967938184738 41.941653966903687 23.303920328617096 14.323479503393171 15.152317494153975 13.141377732157705 13.726321071386336
leaf_count=22 346 38 75 30 30 254 82 551 34 765 201 206 91 1227 38 177 119 380 42 26 39 149 20 20 176 97 59 62 54 55
internal_value=-1.67578e-05 -0.0139003 0.0130765 0.0152653 0.000728373 0.026801 0.0155577 0.0234237 -0.00838032 0.0462679 -0.0237068 -0.0076193 -0.0017561 -0.0127238 -0.0401501 0.050238 -0.00790908 0.0320231 0.0394752 -0.0481339 -0.00407075 -0.062237 -0.051924 0.000564207 -0.0557111 -0.0372577 -0.0481816 -0.0598506 -0.0714171 0.068034
internal_weight=1343.61 652.306 691.302 673.558 298.252 375.306 241.524 222.256 133.621 241.685 111.409 551.407 467.42 353.011 83.9866 234.491 330.977 114.409 105.053 100.9 14.9244 56.728 74.6102 9.71847 85.9754 44.0338 37.6274 64.8917 49.3483 22.2111
internal_count=5465 2662 2803 2728 1212 1516 979 897 544 972 455 2243 1897 1437 346 942 1346 460 422 419 61 233 308 40 358 182 156 268 203 89
is_linear=0
shrinkage=0.05


Tree=5
num_leaves=31
num_cat=0
split_feature=1 10 10 2 1 10 2 2 2 0 1 4 4 8 2 1 9 2 1 2 8 4 2 2 2 9 10 1 4 1
split_gain=88.4917 84.9237 54.3169 44.0353 55.9391 53.1894 43.8043 45.046 35.5865 39.1109 35.4621 30.5412 28.4743 23.5942 19.6313 19.2606 18.6821 17.3545 14.3329 13.0769 10.6534 7.93625 4.93072 4.58792 15.1181 11.7432 3.5735 13.7841 3.55633 3.40091
threshold=50.150000000000013 0.39870000000000005 0.23370000000000005 42.550000000000004 65.850000000000009 0.36280000000000007 28.150000000000002 25.550000000000004 11.850000000000003 65.500000000000014 42.250000000000007 0.0013500000000000003 0.00025000000000000006 235245922.00000003 14.850000000000003 33.650000000000013 0.65425000000000011 14.350000000000003 47.95000000000001 13.950000000000001 77431664.000000015 0.00025000000000000006 25.550000000000004 33.45000000000001 31.050000000000004 0.69760000000000011 0.43825000000000008 53.350000000000001 0.0014500000000000001 53.250000000000007
decision_type=2 2 2 2 2 2 2 2 2 2 2 2 2 2 2 2 2 2 2 2 2 2 2 2 2 2 2 2 2 2
left_child=2 3 8 5 28 6 7 -2 21 10 15 -8 -12 20 16 -10 17 -4 22 -3 -7 -1 -11 24 25 -16 27 -21 -5 -30
right_child=1 19 14 4 -6 13 11 -9 9 18 12 -13 -14 -15 23 -17 -18 -19 -20 26 -22 -23 -24 -25 -26 -27 -28 -29 29 -31
leaf_value=-0.0039409271933553581 0.013525798741966195 0.0014925534716989553 -0.066379587029508413 -0.084569335324089334 0.09424586931432638 -0.0093074513587477394 0.02540886768361425 -0.033300485659415936 -0.046999876295621704 -0.084362098336706923 -0.030347475036094987 0.08312682561759635 0.0021598908890679697 0.040941740740789906 -0.070079009323188585 0.047441447597953365 0.068269511533537552 0.034429351848081567 0.007514704973116639 0.08941472057121462 -0.078543826631261859 -0.075554807597546611 -0.045919673454386037 -0.075913826503066564 0.018718782699043739 -0.0089201583389952824 0.08475746985431161 -0.0048297397555473673 -0.022052825462216857 -0.074869280242096548
leaf_weight=4.884884342551234 378.62151074409485 6.716300517320632 12.190429061651235 19.592275321483612 5.9923284351825705 7.3646203428506842 79.59515106678009 59.276025116443634 5.9026305824518195 14.156812176108359 84.815467596054077 32.42748336493969 324.85717840492725 6.3917223662137976 42.077850431203842 51.067956179380417 6.1657317727804175 6.3918825834989539 9.5481947362422925 10.442210271954538 25.319876372814178 21.98827588558197 24.268654033541679 24.459295809268951 7.0524162203073493 9.9198279678821546 38.987473323941231 5.9696183651685706 6.6211666315793973 6.4037869721651077
leaf_count=20 1535 27 51 81 24 30 323 241 24 59 351 130 1318 26 176 206 25 26 39 42 108 92 101 104 29 41 157 24 28 27
internal_value=-2.51996e-05 0.0124437 -0.0132688 0.00691012 -0.0447264 0.0103105 0.0143252 0.00716958 -0.00679018 -0.00384478 0.000568323 0.0422205 -0.00456375 -0.0459531 -0.045592 0.0375037 -0.00622036 -0.0314373 -0.0467872 0.0681733 -0.0631717 -0.0627854 -0.0603947 -0.0571786 -0.0492184 -0.058547 0.07615 0.0550099 -0.0706208 -0.0487739
internal_weight=1339.47 689.722 649.747 627.606 38.6096 588.996 549.92 437.898 541.49 514.617 466.643 112.023 409.673 39.0762 108.257 56.9706 24.748 18.5823 47.9737 62.1156 32.6845 26.8732 38.4255 83.5094 59.0501 51.9977 55.3993 16.4118 32.6172 13.025
internal_count=5465 2803 2662 2553 160 2393 2229 1776 2210 2098 1899 453 1669 164 452 230 102 77 199 250 138 112 160 350 246 217 223 66 136 55
is_linear=0
shrinkage=0.05


Tree=6
num_leaves=29
num_cat=0
split_feature=1 2 9 2 4 3 1 4 3 7 7 2 0 2 2 3 1 7 1 3 3 1 1 4 1 2 4 4
split_gain=83.1619 56.776 49.6718 46.9684 39.1889 40.6507 30.4434 68.4819 55.087 28.081 37.3759 39.7392 26.4435 17.2666 15.1809 17.9521 15.0523 12.5719 10.4931 8.14456 6.47555 5.78301 3.00672 1.67968 1.35362 1.29437 2.13622 0.00851256
threshold=58.95000000000001 46.750000000000007 0.56490000000000007 11.850000000000003 0.0021500000000000004 0.0098500000000000029 48.45000000000001 0.016550000000000006 0.053750000000000006 0.00083922500000000008 0.00010059000000000002 13.850000000000003 63.500000000000007 25.650000000000002 33.150000000000013 0.041150000000000006 43.350000000000001 4.8060000000000004e-05 50.350000000000001 0.014350000000000002 0.023050000000000005 61.750000000000007 60.750000000000007 0.00015000000000000004 61.850000000000001 60.95000000000001 0.00075000000000000012 0.00065000000000000008
decision_type=2 2 2 2 2 2 2 2 2 2 2 2 2 2 2 2 2 2 2 2 2 2 2 2 2 2 2 2
left_child=1 2 3 18 5 17 7 -5 -8 10 11 -4 14 -14 15 -7 -3 21 19 -1 -20 22 -2 -23 -6 26 -18 -12
right_child=4 16 9 6 24 12 8 -9 -10 -11 27 -13 13 -15 -16 -17 25 -19 20 -21 -22 23 -24 -25 -26 -27 -28 -29
leaf_value=-0.008702140318691258 0.065533613086249748 0.014310448234295224 0.043460667182761259 -0.011100956149112657 0.062690190562034717 0.022462935111209146 0.02282905335080344 0.087037317207203882 -0.011673923394955547 0.066960552772944021 -0.075594210543021359 -0.029433726283389191 0.0067318249316420707 -0.084948081808589759 0.087933118685149733 -0.063547118855956028 -0.037144990250422907 -0.012155420319059609 -0.05134340621810965 -0.079602221325742295 0.018389218703565864 0.057643185276439149 0.013295096320974132 0.094471658729572097 0.090884112745753545 -0.043679787579473356 -0.077640017450205934 -0.058991453553901986
leaf_weight=5.1420273333787945 6.245713144540785 6.1380911618471137 22.113512843847275 355.46840916574001 8.2002963721752149 34.641438513994217 379.8356801122427 18.605003178119659 166.04195454716682 7.6871224343776694 33.029552310705185 116.91491946578026 8.428188160061838 12.624226495623587 6.7390491813421241 7.2367074787616721 4.5213684290647498 4.9329115301370612 5.8433784991502744 22.976138904690742 7.354650616645813 5.4842762053012875 5.4814737588167191 18.192295715212822 24.403475448489189 6.0079788267612448 30.794604852795601 5.3696779310703269
leaf_count=21 25 25 89 1449 33 140 1537 75 676 31 145 486 34 52 27 30 19 20 24 98 30 22 22 73 99 26 134 23
internal_value=-2.96679e-05 -0.0043452 -0.00211959 0.00244374 0.03604 0.0216695 0.00479313 -0.00618461 0.0123248 -0.0258317 -0.0299155 -0.0177805 -0.00140378 -0.04815 0.0187931 0.00736498 -0.057879 0.0615502 -0.0496327 -0.0668906 -0.0122626 0.071966 0.0418581 0.0864296 0.0841592 -0.0687311 -0.0727163 -0.0735616
internal_weight=1336.45 1193.84 1146.38 961.267 142.61 110.006 919.951 374.073 545.878 185.115 177.428 139.028 69.6696 21.0524 48.6172 41.8781 47.462 40.3367 41.3162 28.1182 13.198 35.4038 11.7272 23.6766 32.6038 41.324 35.316 38.3992
internal_count=5465 4888 4684 3910 577 445 3737 1524 2213 774 743 575 283 86 197 170 204 162 173 119 54 142 47 95 132 179 153 168
is_linear=0
shrinkage=0.05


Tree=7
num_leaves=30
num_cat=0
split_feature=1 9 1 3 3 1 9 3 3 1 3 3 0 7 1 10 7 10 3 3 3 3 7 3 3 7 3 1 0
split_gain=75.5266 36.8757 33.8661 52.8854 71.7218 63.5293 59.4681 42.8256 36.4529 32.7143 31.9296 31.798 26.0049 30.0306 23.9709 21.9968 21.0574 21.8055 15.3023 18.0087 30.9798 15.8505 13.0276 21.0626 5.50164 5.37695 3.62736 1.08014 0.785753
threshold=58.95000000000001 0.56490000000000007 48.45000000000001 0.053750000000000006 0.016550000000000006 51.750000000000007 0.33765000000000006 0.0097500000000000017 0.34235000000000004 76.700000000000003 0.0070500000000000016 0.016350000000000003 65.500000000000014 0.00083922500000000008 55.150000000000013 0.32690000000000002 0.00010059000000000002 0.35080000000000006 0.13900000000000004 0.0117 0.016000000000000004 0.0075500000000000003 4.8060000000000004e-05 0.0064500000000000009 0.0050500000000000015 5.4855000000000009e-05 1.9632000000000003 61.850000000000001 61.500000000000007
decision_type=2 2 2 2 2 2 2 2 2 2 2 2 2 2 2 2 2 2 2 2 2 2 2 2 2 2 2 2 2
left_child=1 2 8 4 7 -6 14 -4 10 15 24 -12 13 16 -5 18 17 -3 19 21 -21 -2 -14 -24 -1 -25 -10 -20 -8
right_child=9 12 3 6 5 -7 28 -9 26 -11 11 -13 22 -15 -16 -17 -18 -19 27 20 -22 -23 23 25 -26 -27 -28 -29 -30
leaf_value=-0.028389740962361954 0.014097986418633791 -0.001699201915020843 0.015089329215557347 -0.013394187933388544 0.010721959296762857 0.070256905709309037 0.065950303005669342 -0.030158302663596221 0.037509676218182075 -0.08110434796339204 0.014752779752841888 -0.018733853668706817 0.079415127971583233 0.063444014329417972 -0.060020317649867407 0.08170236221674361 -0.071212934252946516 -0.045327228622692679 0.055917813915174169 -0.0624958277427227 0.024312871865351412 0.0862657007362478 0.087680756406286586 -0.0074376211709764857 -0.073495273531756763 -0.076520099144722534 0.086728451433815607 0.089849383702611918 0.098103794192810803
leaf_weight=10.211705967783926 14.18784259259701 50.297468811273575 143.97250394523144 136.41598504781723 88.522279486060143 91.207486897706985 5.9436685591936094 81.974709793925285 8.7045189291238803 5.7568145245313636 95.82881398499012 270.35096131265163 7.209965348243716 7.7123424708843222 34.642977997660637 25.13020096719265 34.672823086380959 67.200552299618721 5.7036473453044882 12.650591298937796 52.650420919060707 16.913894206285477 4.7158223688602474 7.1203657537698728 24.141255885362625 4.7978015244007111 7.7472490072250357 8.9016243517398816 7.7257187068462372
leaf_count=43 57 208 584 559 359 367 24 335 35 24 391 1109 29 31 144 103 155 282 23 52 214 68 19 29 102 21 31 36 31
internal_value=-3.11514e-05 -0.00414366 -0.000380633 0.00731817 0.0174207 0.0409842 -0.014838 -0.00131068 -0.0112924 0.0344341 -0.0143042 -0.00995516 -0.024738 -0.0320147 -0.0228957 0.0394125 -0.0369241 -0.0267112 0.0297289 0.0223807 0.00734936 0.0536555 0.0237761 -0.000372156 -0.0603537 -0.0360689 0.0613732 0.0774088 0.0850666
internal_weight=1333.01 1191.12 1007.39 590.405 405.677 179.73 184.728 225.947 416.985 141.895 400.533 366.18 183.727 159.883 171.059 136.138 152.171 117.498 111.008 96.4027 65.301 31.1017 23.844 16.634 34.353 11.9182 16.4518 14.6053 13.6694
internal_count=5465 4888 4114 2403 1645 726 758 919 1711 577 1645 1500 774 676 703 553 645 490 450 391 266 125 98 69 145 50 66 59 55
is_linear=0
shrinkage=0.05


Tree=8
num_leaves=30
num_cat=0
split_feature=1 2 9 2 1 3 1 1 2 9 2 2 10 1 3 2 3 1 3 3 10 1 3 2 1 1 1 2 2
split_gain=68.553 52.036 41.5499 42.3098 29.8772 28.8919 59.3078 33.4216 25.0097 36.9121 23.133 31.5962 20.3173 14.1441 14.0496 17.6438 12.4952 9.88998 8.92724 7.53297 6.32979 6.08911 5.8517 1.70642 2.52828 5.05239 1.00146 0.491884 0.286799
threshold=58.95000000000001 46.750000000000007 0.56490000000000007 11.850000000000003 76.700000000000003 0.0075500000000000003 50.050000000000004 55.150000000000013 13.850000000000003 0.65425000000000011 18.250000000000004 18.850000000000005 0.32690000000000002 43.050000000000004 0.13900000000000004 33.150000000000013 0.0117 50.350000000000001 0.0080500000000000016 0.014350000000000002 0.30050000000000004 53.150000000000013 0.023050000000000005 53.45000000000001 52.95000000000001 44.850000000000001 61.850000000000001 37.250000000000007 20.850000000000005
decision_type=2 2 2 2 2 2 2 2 2 2 2 2 2 2 2 2 2 2 2 2 2 2 2 2 2 2 2 2 2
left_child=1 2 3 17 12 6 -5 -7 9 21 18 -12 14 -3 15 16 -2 19 -10 -1 -11 -4 -19 -15 25 -25 -16 -17 -14
right_child=4 13 8 5 -6 7 -8 -9 10 20 11 -13 28 23 26 27 -18 22 -20 -21 -22 -23 -24 24 -26 -27 -28 -29 -30
leaf_value=-0.0085933618559962104 0.043538250946550006 0.02083357155273835 -0.076039864417138281 -0.046198913878962113 -0.078511998438652003 0.011838303712443668 0.021125369483380594 -0.021000035277639842 -0.073678168687694237 0.025427729158905184 0.11159119048603011 -0.023669715057864537 0.061689499967393924 -0.075540180951074565 0.053448046042220802 0.084384682247822293 0.0001434525429890621 -0.048678550451000793 -0.028633035930119146 -0.077000110645854256 0.095341502169156322 -0.0029316271538359778 0.017830425431680837 -0.066177904554527642 -0.073975530197986139 0.0025334550925028313 0.086324894470587554 0.057644807587360958 0.083187352572426321
leaf_weight=5.1389353722333935 23.062961101531982 5.2125630974769583 6.7445349991321581 75.314501136541367 5.655402958393096 698.49019108712673 57.574006751179695 86.960452124476433 34.348363220691681 5.2353370636701575 4.4049257785081855 99.234321802854538 5.916164472699168 22.673989534378052 5.6741987466812125 7.6918202489614469 59.269929215312004 5.7736106812953931 17.071591570973396 22.420410484075546 9.9779402464628202 5.1441897302865982 7.3510288447141647 5.6900055706501025 8.2571306079626066 4.7095147520303726 8.8081749975681287 6.1942175179719925 18.930843591690063
leaf_count=21 93 21 30 320 24 2829 231 357 153 21 18 420 24 101 23 31 242 24 71 98 40 21 30 25 37 20 36 25 79
internal_value=-3.01909e-05 -0.00395046 -0.00183003 0.00232401 0.032889 0.00454158 -0.0169991 0.00819406 -0.0237165 0.0204279 -0.0314727 -0.0177706 0.0376282 -0.0557183 0.0283385 0.0213077 0.0123979 -0.047498 -0.0589047 -0.0645024 0.0719318 -0.0451117 -0.0111961 -0.0655206 -0.0527391 -0.0348574 0.0742415 0.0733116 0.0785369
internal_weight=1328.93 1187.73 1141.18 959.023 141.204 918.339 132.889 785.451 182.161 27.102 155.059 103.639 135.548 46.5432 110.701 96.2189 82.3329 40.684 51.42 27.5593 15.2133 11.8887 13.1246 41.3306 18.6567 10.3995 14.4824 13.886 24.847
internal_count=5465 4888 4684 3910 577 3737 551 3186 774 112 662 438 553 204 450 391 335 173 224 119 61 51 54 183 82 45 59 56 103
is_linear=0
shrinkage=0.05


Tree=9
num_leaves=31
num_cat=0
split_feature=1 10 3 10 3 2 1 3 3 3 3 3 2 3 2 4 3 2 1 2 10 9 2 3 2 2 3 2 3 4
split_gain=64.0215 71.8119 44.5278 41.3611 67.3818 38.4629 44.5277 41.6565 91.9219 88.8128 40.954 32.6269 28.7973 27.0799 25.9807 25.7262 35.5251 21.1228 19.4535 16.1075 27.6729 17.658 11.2974 8.25099 9.91242 9.61536 6.94446 6.03437 5.3701 8.42184
threshold=50.150000000000013 0.39870000000000005 0.0076500000000000014 0.23370000000000005 0.016350000000000003 42.550000000000004 65.850000000000009 0.0064500000000000009 0.016200000000000003 0.054850000000000003 0.012150000000000003 0.0050500000000000015 11.850000000000003 0.0043500000000000006 46.750000000000007 0.00035000000000000005 0.0094500000000000018 43.45000000000001 46.350000000000001 18.950000000000003 0.35405000000000003 0.52500000000000013 13.950000000000001 0.0064500000000000009 15.550000000000002 21.850000000000005 0.007150000000000001 32.150000000000013 0.012050000000000002 0.00075000000000000012
decision_type=2 2 2 2 2 2 2 2 2 2 2 2 2 2 2 2 2 2 2 2 2 2 2 2 2 2 2 2 2 2
left_child=2 5 17 4 15 7 -7 11 10 -10 -9 13 -6 -2 -14 16 -4 23 -17 20 -5 -22 -3 24 -1 -26 -24 -25 -28 -30
right_child=1 22 3 19 12 6 -8 8 9 -11 -12 -13 14 -15 -16 18 -18 -19 -20 -21 21 -23 26 27 25 -27 28 -29 29 -31
leaf_value=0.023368018958628868 0.052553478581404758 0.0002536136347873669 0.059208837466725298 0.075090755066291509 -0.068081966178630923 -0.067099580733364667 0.082444427892244487 -0.0086646286086165761 0.043096697881809282 -0.0092276259435794539 -0.059724552892478182 0.079886648505753152 -0.002632038384422952 -0.054815086275508518 -0.053827396201583257 0.092273712324864907 -0.015156743816874291 0.06029621787343057 0.01161961698564129 -0.057085044548421199 0.024771409431247875 -0.062879208599142394 0.011434133698400038 -0.074744414907545284 -0.06204065657453961 -0.014831441794491189 0.09873859918395006 -0.026152195024721547 0.026347047788963004 0.08106674789425572
leaf_weight=6.374114826321601 12.718236118555071 6.7096102684736243 28.04287101328373 7.0931237339973441 20.175832882523537 31.535583645105362 5.79173320531845 143.00206576287746 186.69112782180309 143.03817328810692 54.228224456310272 34.365079894661903 313.55006843805313 10.72864308953285 26.839665532112122 26.240439802408218 37.166534811258316 4.6260178387165061 10.692075684666632 48.201131835579872 8.2177189588546771 18.17714786529541 4.8911026269197455 32.292400792241096 26.297300547361374 18.925034314393997 17.170792117714882 8.5703883320093137 11.133290082216261 21.33220537006855
leaf_count=26 51 27 113 29 90 136 24 594 752 589 226 138 1272 43 119 105 150 19 43 210 34 78 20 143 115 79 69 37 45 89
internal_value=-3.17428e-05 0.0106132 -0.0113789 -0.00580169 0 0.00551428 -0.0436044 0.0086651 0.00423026 0.0203871 -0.022752 0.0489255 -0.0101647 0.0031881 -0.00669809 0.0358209 0.0167888 -0.0425633 0.0691536 -0.038579 -0.0117028 -0.035411 0.062238 -0.0478233 -0.034211 -0.0424708 0.0697593 -0.0647637 0.0753715 0.062594
internal_weight=1324.82 683.336 641.482 544.397 462.707 622.099 37.3273 584.772 526.96 329.729 197.23 57.812 360.566 23.4469 340.39 102.142 65.2094 97.0853 36.9325 81.6891 33.488 26.3949 61.237 92.4592 51.5964 45.2223 54.5274 40.8628 49.6363 32.4655
internal_count=5465 2803 2662 2243 1892 2553 160 2393 2161 1341 820 232 1481 94 1391 411 263 419 148 351 141 112 250 400 220 194 223 180 203 134
is_linear=0
shrinkage=0.05


Tree=10
num_leaves=31
num_cat=0
split_feature=1 2 9 2 8 2 1 4 3 1 4 3 1 2 2 1 3 2 1 9 1 2 2 3 3 1 3 2 1 1
split_gain=59.6469 44.0888 36.5674 39.889 38.7867 45.4195 38.8207 32.984 30.8327 26.5162 58.4013 50.8198 19.9763 17.8549 37.9524 16.8319 14.9852 17.6016 13.6552 8.76458 7.78941 7.87985 7.42636 29.2387 6.22944 2.92445 2.73668 1.41782 2.21504 6.75768
threshold=58.95000000000001 46.750000000000007 0.5989000000000001 11.850000000000003 139379309.60000002 14.15 39.95000000000001 0.0021500000000000004 0.0098500000000000029 48.45000000000001 0.016550000000000006 0.47985000000000005 72.15000000000002 25.650000000000002 28.950000000000003 60.750000000000007 0.029650000000000006 23.850000000000005 43.350000000000001 0.60130000000000006 50.350000000000001 11.550000000000002 26.600000000000005 0.0078500000000000011 0.013650000000000001 54.850000000000001 0.0066500000000000005 53.45000000000001 46.750000000000007 53.45000000000001
decision_type=2 2 2 2 2 2 2 2 2 2 2 2 2 2 2 2 2 2 2 2 2 2 2 2 2 2 2 2 2 2
left_child=1 2 3 20 16 25 -7 8 22 10 -5 -11 13 15 -15 -10 19 -18 -3 -4 24 -22 23 -2 -1 -6 -24 -20 -29 -30
right_child=7 18 4 9 5 6 -8 -9 12 11 -12 -13 -14 14 -16 -17 17 -19 27 -21 21 -23 26 -25 -26 -27 -28 28 29 -31
leaf_value=-0.012256388643871323 -0.067076023980210689 0.016454329723273341 -0.018361765942797283 -0.010632187440979242 0.051278906953300223 0.093925992889187515 -0.034334021907848213 0.075888415122355057 -0.034916367266001669 0.013766936876995196 0.07968786374490136 -0.067164380119898878 -0.060388621945756761 -0.068406953269117637 0.052220327739097308 0.056085709565707666 0.067004216010358747 -0.043812880671391115 -0.072531173696994036 -0.074199519074425319 0.01242617496178222 -0.065692813568799399 0.047767416031120113 0.073707864345732135 -0.073709236199942268 0.095796208519513343 0.085424453033092818 -0.073322923684340277 0.010610675577166103 -0.070029370537340721
leaf_weight=5.3786426633596447 5.454018875956538 6.0915431231260291 8.747408524155615 366.69430071115494 11.300060495734217 6.4645388275384894 57.168374061584473 31.429512768983841 6.3308255374431637 536.80231873691082 18.70778214931488 20.008396938443184 12.183395504951475 15.998988002538683 10.829090774059294 23.489641651511192 4.9920465052127865 11.905213728547094 21.688326731324196 44.095221310853958 8.9098363667726499 4.879141926765441 9.373551934957506 10.791321858763693 21.940544337034225 6.7242910861968985 14.045054852962492 6.8791261762380627 4.4745858162641508 5.729764387011528
leaf_count=22 22 25 37 1509 46 26 245 132 26 2185 75 81 51 67 44 95 20 52 101 202 37 20 38 44 100 27 58 31 20 27
internal_value=-3.39481e-05 -0.00369996 -0.0017711 0.00174695 -0.0246398 -0.00117848 -0.0210986 0.0308157 0.017655 0.00385738 -0.00621546 0.0108382 -0.00252189 0.00991988 -0.0195172 0.0365469 -0.0519977 -0.0105778 -0.0522626 -0.0651029 -0.0463956 -0.0151297 0.0527135 0.0260156 -0.0618815 0.0685996 0.0708316 -0.0632021 -0.0507141 -0.0344238
internal_weight=1319.51 1179.58 1134.72 983.321 151.397 81.6573 63.6329 139.925 108.496 942.213 385.402 556.811 68.8319 56.6485 26.8281 29.8205 69.7399 16.8973 44.8633 52.8426 41.1082 13.789 39.6639 16.2453 27.3192 18.0244 23.4186 38.7718 17.0835 10.2044
internal_count=5465 4888 4684 4029 655 344 271 577 445 3850 1584 2266 283 232 111 121 311 72 204 239 179 57 162 66 122 73 96 179 78 47
is_linear=0
shrinkage=0.05


Tree=11
num_leaves=31
num_cat=0
split_feature=1 2 9 2 8 2 1 4 3 1 4 3 0 2 3 2 1 3 4 7 9 1 3 2 0 1 2 2 1 1
split_gain=54.3868 40.7767 33.4286 36.5668 35.982 41.1984 35.3389 30.4894 28.1983 23.9173 52.7643 46.1584 20.2752 14.27 14.0526 16.0306 12.8061 11.5341 20.9837 10.6413 8.40637 7.3852 8.42273 7.20323 5.00492 4.84306 4.04038 1.3813 2.25349 5.37025
threshold=58.95000000000001 46.750000000000007 0.5989000000000001 11.850000000000003 139379309.60000002 14.15 39.95000000000001 0.0021500000000000004 0.0098500000000000029 48.45000000000001 0.016550000000000006 0.47985000000000005 63.500000000000007 25.650000000000002 0.029650000000000006 23.850000000000005 43.350000000000001 0.047750000000000008 0.00045000000000000004 4.8060000000000004e-05 0.60130000000000006 50.350000000000001 0.013350000000000002 11.550000000000002 62.500000000000007 61.850000000000001 26.600000000000005 53.45000000000001 52.95000000000001 44.850000000000001
decision_type=2 2 2 2 2 2 2 2 2 2 2 2 2 2 2 2 2 2 2 2 2 2 2 2 2 2 2 2 2 2
left_child=1 2 3 21 14 24 -7 8 19 10 -5 -11 17 -14 20 -16 -3 18 -10 25 -4 22 -1 -23 -6 26 -2 -18 29 -29
right_child=7 16 4 9 5 6 -8 -9 12 11 -12 -13 13 -15 15 -17 27 -19 -20 -21 -22 23 -24 -25 -26 -27 -28 28 -30 -31
leaf_value=0.0019744030813455948 0.0014676339921336468 0.015612758025751881 -0.017508903290526845 -0.010115758721928486 0.031151723814155471 0.089871318298231584 -0.032887139312203814 0.073299815507712002 -0.0039422542638919257 0.013067463409996477 0.075751412188243675 -0.064371121390952496 0.0055398136210477291 -0.078827639639031485 0.063823760290786111 -0.042185583870348486 -0.070917715432737213 -0.054630976375260487 0.067490827948205587 -0.017250334431995959 -0.072384745412959278 0.011789912535460139 -0.072557559820734766 -0.063096576886899958 0.086993083263260954 0.075644296167808059 0.058364409963103416 -0.069318951984414109 -0.069563329637520405 0.0062245096065108065
leaf_weight=4.3990861475467709 5.4283051043748838 6.1039603352546683 8.7203953713178617 366.16298605501652 7.1411190181970623 6.4238403439521781 56.715446949005127 30.928649887442589 26.204851001501083 537.25265324115753 18.701056689023972 19.841302499175072 8.3437687903642672 12.024512127041815 4.9839167594909695 11.753979101777075 21.090112343430519 5.1320540010929099 16.680875048041344 4.8954816609621039 42.971696555614471 8.9261025637388212 22.330830648541451 4.8312291800975791 10.839318066835402 21.042757883667946 7.895425483584404 4.4546025395393389 7.7018219977617255 4.6087790131568909
leaf_count=18 22 25 37 1509 29 26 245 132 107 2185 75 81 34 52 20 52 101 22 68 20 202 37 104 20 44 88 32 21 37 20
internal_value=-3.60514e-05 -0.00353194 -0.00169044 0.00165794 -0.0237069 -0.00110777 -0.0201962 0.029575 0.0169095 0.00366471 -0.00591178 0.0102894 -0.00242308 -0.0441644 -0.0503832 -0.0101315 -0.0507277 0.0152339 0.0238185 0.0506305 -0.0632755 -0.0448015 -0.0601434 -0.0144131 0.0653866 0.0604672 0.0357398 -0.0615694 -0.0491622 -0.0307103
internal_weight=1314.53 1175.95 1131.99 982.445 149.55 81.1197 63.1393 138.577 107.648 941.958 384.864 557.094 68.3861 20.3683 68.43 16.7379 43.9593 48.0178 42.8857 39.262 51.6921 40.4872 26.7299 13.7573 17.9804 34.3665 13.3237 37.8553 16.7652 9.06338
internal_count=5465 4888 4684 4029 655 344 271 577 445 3850 1584 2266 283 86 311 72 204 197 175 162 239 179 122 57 73 142 54 179 78 41
is_linear=0
shrinkage=0.05


Tree=12
num_leaves=28
num_cat=0
split_feature=1 2 2 4 3 1 3 3 1 2 4 4 3 1 9 3 2 4 3 1 1 3 3 3 4 9 1
split_gain=49.6174 37.16 29.7486 45.2419 48.0222 40.7388 34.2988 76.2917 31.0376 27.3782 27.3067 26.518 24.8491 24.796 24.7847 20.6736 20.137 17.3232 18.1353 14.1085 11.7457 2.18239 2.34944 1.0413 0.776365 0.25872 0.00400837
threshold=60.650000000000013 46.750000000000007 18.450000000000003 0.00015000000000000004 0.0074500000000000009 46.350000000000001 0.013650000000000001 0.018950000000000005 51.45000000000001 17.350000000000005 0.037250000000000005 0.0021500000000000004 0.0089500000000000014 75.550000000000011 0.66345000000000021 0.047750000000000008 42.95000000000001 0.00045000000000000004 0.019150000000000004 45.95000000000001 43.050000000000004 0.13505000000000003 0.016200000000000003 0.020950000000000003 0.00025000000000000006 0.58710000000000007 61.95000000000001
decision_type=2 2 2 2 2 2 2 2 2 2 2 2 2 2 2 2 2 2 2 2 2 2 2 2 2 2 2
left_child=1 2 3 5 24 25 12 16 -9 -7 -6 13 14 15 -4 17 -8 18 -2 -14 -3 22 -22 -19 -5 -1 -13
right_child=11 20 6 4 10 9 7 8 -10 -11 -12 26 19 -15 -16 -17 -18 23 -20 -21 21 -23 -24 -25 -26 -27 -28
leaf_value=-0.074629791618707558 0.035187283912651274 0.020880504913659559 0.0085097903545049911 -0.077634207124286536 -0.016440466079465151 0.039472004392423765 0.062801639351606389 -0.0059608028210349703 0.023959467093251575 -0.059451844375769426 0.06984845547974626 0.060392003880363303 -0.080425533451425529 -0.069677282412067068 -0.045882333015439966 -0.064140692423064069 -0.010592966719218121 0.053999393286234071 -0.031946399134992663 -0.024436012917876518 -0.029232957116512043 -0.020642961710035539 -0.068133769810716366 0.084919088655886391 -0.057879307986555988 -0.050002689657014113 0.077966721347876924
leaf_weight=7.8288925886154157 42.037918776273727 5.2121886610984793 131.87273596227169 28.327129021286964 278.44783659279346 77.077105119824409 78.43035127222538 287.59758065640926 123.88052771985531 7.5651179254055014 9.3636992722749692 5.2019941508770016 14.147273883223532 7.2588653713464728 24.793752238154411 5.7464115172624579 10.44862814247608 6.0106784701347378 13.055028989911078 57.087094008922577 5.2984942048788062 4.0079142898321143 28.750837549567223 12.339355647563933 11.334172531962393 4.4200043380260468 21.614640757441521
leaf_count=35 174 21 547 128 1155 314 317 1180 506 32 38 22 59 32 113 25 42 26 53 237 24 19 141 51 59 20 95
internal_value=-3.75178e-05 -0.00303796 -0.00132379 -0.0118485 -0.0207348 0.0181242 0.004803 0.0121303 0.00303855 0.0305117 -0.0135925 0.0315729 -0.0112605 0.0179788 -9.00901e-05 0.0261546 0.054115 0.0333652 0.0191594 -0.0357229 -0.0484767 -0.0581365 -0.0623301 0.0754097 -0.0722743 -0.0666249 0.0749803
internal_weight=1309.16 1195.89 1152.62 424.364 327.473 96.8911 728.258 500.357 411.478 84.6422 287.812 113.265 227.901 86.4483 156.666 79.1894 88.879 73.443 55.0929 71.2344 43.2694 38.0572 34.0493 18.35 39.6613 12.2489 26.8166
internal_count=5465 4987 4782 1781 1380 401 3001 2045 1686 346 1193 478 956 361 660 329 359 304 227 296 205 184 165 77 187 55 117
is_linear=0
shrinkage=0.05


Tree=13
num_leaves=24
num_cat=0
split_feature=2 10 7 2 4 4 10 10 2 7 3 4 8 4 9 9 2 3 2 3 10 0 2
split_gain=34.6309 27.4942 36.7651 33.2876 31.2986 30.4613 28.9379 24.835 48.4766 33.1317 21.0208 37.5055 19.5365 18.1842 17.2042 14.785 10.743 6.93072 6.51082 8.14265 4.64554 3.76816 0.598284
threshold=48.650000000000006 0.45210000000000006 2.7340000000000003e-05 18.050000000000004 0.037250000000000005 0.00065000000000000008 0.66275000000000006 0.35080000000000006 20.350000000000005 0.00083922500000000008 0.42440000000000005 0.016550000000000006 154359110.00000003 0.044250000000000005 0.71045000000000014 0.56490000000000007 26.950000000000003 0.029650000000000006 53.45000000000001 0.061050000000000007 0.43955000000000005 61.500000000000007 60.45000000000001
decision_type=2 2 2 2 2 2 2 2 2 2 2 2 2 2 2 2 2 2 2 2 2 2 2
left_child=1 2 3 4 5 -1 12 8 14 -10 11 -5 16 -12 -4 20 21 -17 -2 -20 -9 -3 -21
right_child=18 6 7 10 -6 -7 -8 15 9 -11 13 -13 -14 -15 -16 17 -18 -19 19 22 -22 -23 -24
leaf_value=-0.00037230607482545891 -0.06950338123921336 0.039948964466516329 0.062282487197889438 0.0086983377667091844 0.084707880882373021 -0.032197539532947413 -0.080638932061199181 0.038144899273079798 -0.058473023538809149 0.062714638626713309 -0.074346950394848788 0.087176478140001692 -0.042642644424291769 0.023738379666313751 -0.01077539995576801 -0.062014966631667182 -0.0018363700367898033 -0.011169935364784625 0.023090439325643801 -0.065618376566331946 -0.023653687823535101 0.07958981159475384 -0.038595484872314373
leaf_weight=193.74463734030724 17.666207998991013 8.8531337082385999 24.47945274412632 703.41945958137512 8.3461157977581006 123.10945709049702 4.6346785128116599 5.6893503218889219 36.60171440243721 6.5410670340061179 13.582817852497103 15.480542942881582 5.0754414349794379 7.0595805048942557 11.790800154209135 50.70037816464901 5.8775329738855353 8.062528043985365 5.616033777594569 4.1018472611904135 6.2442910820245743 27.369977042078972 10.23670372366905
leaf_count=802 89 36 101 2895 34 519 20 23 167 27 56 62 22 29 50 236 24 35 25 21 26 118 48
internal_value=-4.0597e-05 0.00136138 -0.000157198 0.00310528 -0.0102175 -0.0127596 0.0369967 -0.0233182 -0.00404747 -0.0398811 0.00897108 0.0104071 0.0488054 -0.0406086 0.0384309 -0.044858 0.0600233 -0.0551546 -0.047255 -0.0270603 0.00546537 0.0701757 -0.0470732
internal_weight=1304.28 1266.66 1214.85 1064.74 325.2 316.854 51.8108 150.11 79.413 43.1428 739.542 718.9 47.1761 20.6424 36.2703 70.6965 42.1006 58.7629 37.6208 19.9546 11.9336 36.2231 14.3386
internal_count=5465 5282 5062 4397 1355 1321 220 665 345 194 3042 2957 200 85 151 320 178 271 183 94 49 154 69
is_linear=0
shrinkage=0.05


Tree=14
num_leaves=31
num_cat=0
split_feature=1 10 10 2 1 7 2 4 2 0 2 1 1 10 4 9 0 1 2 10 10 1 1 4 1 4 2 4 4 2
split_gain=45.1612 57.7223 36.6706 31.8905 35.0451 34.1113 26.3371 30.2274 29.6157 17.787 24.1181 16.7426 16.5973 26.8406 23.4772 14.1066 14.039 10.5991 17.3027 7.14525 6.817 4.44947 12.0422 4.11668 3.58612 3.55747 11.8109 2.68856 2.12567 1.73288
threshold=50.150000000000013 0.39870000000000005 0.34730000000000005 42.550000000000004 65.850000000000009 0.00012087500000000001 28.650000000000002 0.0013500000000000003 25.550000000000004 65.500000000000014 11.850000000000003 47.95000000000001 42.250000000000007 0.28690000000000004 0.00025000000000000006 0.50980000000000014 67.500000000000014 52.45000000000001 14.65 0.43825000000000008 0.66195000000000015 47.050000000000004 46.45000000000001 0.0014500000000000001 53.250000000000007 0.0010500000000000004 25.550000000000004 0.00035000000000000005 0.00035000000000000005 27.250000000000004
decision_type=2 2 2 2 2 2 2 2 2 2 2 2 2 2 2 2 2 2 2 2 2 2 2 2 2 2 2 2 2 2
left_child=2 3 9 5 23 6 8 -8 -2 10 28 25 13 -12 -14 20 -13 -3 -19 -20 -4 22 29 -5 -25 26 -11 -21 -1 -17
right_child=1 17 15 4 -6 -7 7 -9 -10 11 12 16 14 -15 -16 21 -18 18 19 27 -22 -23 -24 24 -26 -27 -28 -29 -30 -31
leaf_value=-0.022756826312382565 0.0094824204701029341 0.084528870479927631 0.046386914840353302 -0.078439063480141499 0.074016961421615873 -0.060540981856051418 0.014830869779462503 0.074122991786208237 -0.026491533551107511 -0.065085780238687121 0.034684808270731178 -0.02591205557660857 -0.026100076864172067 -0.065704585818323377 0.0020420918986614497 -0.070203344634885687 0.084137078084942529 -0.054854183023035658 0.0067631183309340651 0.08601565975418031 -0.034198006909387471 -0.071692078107121901 0.02517862278864574 -0.010226130987180115 -0.067079905274112658 -0.066860516023797223 0.0099090602219834862 0.05055282929226862 -0.061634407319430463 -0.032699418329493399
leaf_weight=5.1564341783523586 386.70937958359718 21.25178562104702 5.2116598933935148 18.100679576396946 5.394147962331771 17.877565577626228 75.344812110066414 30.194226816296577 67.000339359045029 13.067112490534784 57.165509402751923 7.125153109431265 94.947975292801857 7.4116909652948371 335.26624608039856 12.958056718111044 4.7051940113306046 4.1625589877367011 7.2364652454853049 9.5094430595636386 5.0508473664522171 26.943142890930176 5.2145097702741614 5.9605838656425458 5.5973125249147415 17.45847299695015 8.5195356309413892 17.13359409570694 17.578191086649895 5.1765896528959265
leaf_count=22 1585 86 21 81 24 92 309 125 282 58 233 31 406 39 1379 59 19 17 30 39 22 126 23 28 27 81 35 78 86 22
internal_value=-4.25042e-05 0.00897089 -0.00967303 0.00439537 -0.0418214 0.00721784 0.00940327 0.0318955 0.00415438 -0.00571836 -0.00293151 -0.0339079 -0.000602597 0.0230018 -0.00416187 -0.0466407 0.0177762 0.0560396 0.0398135 0.051719 0.00629604 -0.0575332 -0.0407455 -0.0632354 -0.0385277 -0.0497009 -0.035348 0.0636715 -0.0531738 -0.06001
internal_weight=1300.43 671.473 628.956 612.179 35.0527 577.126 559.249 105.539 453.71 568.402 517.526 50.8755 494.791 64.5772 430.214 60.5548 11.8303 59.2938 38.0421 33.8795 10.2625 50.2923 23.3492 29.6586 11.5579 39.0451 21.5866 26.643 22.7346 18.1346
internal_count=5465 2803 2662 2553 160 2393 2301 434 1867 2389 2165 224 2057 272 1785 273 50 250 164 147 43 230 104 136 55 174 93 117 108 81
is_linear=0
shrinkage=0.05


Tree=15
num_leaves=29
num_cat=0
split_feature=2 2 4 2 9 4 4 4 8 8 2 0 2 4 8 2 8 4 0 2 2 4 2 4 2 0 0 9
split_gain=30.1326 22.3207 32.5838 27.3457 33.3898 29.2599 23.5933 23.5113 21.5138 37.1176 20.692 20.0085 26.0728 17.9071 15.0777 13.5387 12.5626 12.1497 20.5927 14.151 6.38433 7.49913 2.39395 1.96537 1.45633 0.217067 0.36774 0.174883
threshold=48.650000000000006 18.450000000000003 0.00015000000000000004 19.050000000000004 0.66085000000000005 0.00045000000000000004 0.037250000000000005 0.00085000000000000017 276046919.00000006 134323615.75000003 17.350000000000005 64.500000000000014 13.950000000000001 0.00025000000000000006 172154239.00000003 14.750000000000002 139379309.60000002 0.0021500000000000004 61.500000000000007 18.750000000000004 53.45000000000001 0.0043500000000000006 18.750000000000004 0.014750000000000001 33.250000000000007 62.500000000000007 65.500000000000014 0.62245000000000006
decision_type=2 2 2 2 2 2 2 2 2 2 2 2 2 2 2 2 2 2 2 2 2 2 2 2 2 2 2 2
left_child=1 2 10 17 8 24 11 -7 9 -5 14 13 -13 -4 16 -16 -1 18 22 -20 -2 -22 -3 -19 -6 -23 -27 -10
right_child=20 3 6 4 5 7 -8 -9 27 -11 -12 12 -14 -15 15 -17 -18 23 19 -21 21 25 -24 -25 -26 26 -28 -29
leaf_value=0.023467785202903997 -0.067651257110782528 -0.01021611715051122 -0.051468479862524501 0.0052493732743215541 -0.07783125311738337 0.080163776217273205 0.063026053193451448 -0.030897348138081385 -0.071802528712231903 0.063537254623829642 -0.051358511860097579 0.07765358908257379 -0.0085557367699190812 -0.016966988804736443 0.027834366292227321 -0.071882465718624944 0.074532950124654634 0.055395236720693387 0.097552102536378499 0.0053182547083546619 0.023362715114873395 -0.02946230496659917 -0.059824693729640735 0.090149889033359742 -0.049835843199683628 -0.059488896454711983 -0.033508338368837598 -0.048244122389153099
leaf_weight=58.49430014193058 16.797764033079147 5.4248601049184817 44.909086614847183 689.12060417234898 19.172743961215023 7.3499982357025173 9.2415275573730451 13.072258576750754 6.437074735760687 28.365636110305786 9.6409560590982419 11.542333394289015 35.208687841892242 237.47105087339878 6.4941445142030698 6.8596120178699493 15.339781433343886 10.791192129254343 8.9273363649845141 7.9567274004220954 5.5576843023300198 3.9441327452659598 4.8753107488155365 9.4626816958188993 8.9045253098010999 5.8114179819822294 4.083980917930603 4.3042135387659073
leaf_count=240 89 22 201 2844 85 31 38 60 30 120 42 48 151 1008 27 32 64 45 36 32 25 20 21 38 47 29 20 20
internal_value=-4.54021e-05 0.0012451 -0.00790909 0.00608542 0.0038248 -0.0362871 -0.0152351 0.00902591 0.00650772 0.00756927 0.0176298 -0.0174663 0.012742 -0.022488 0.0253657 -0.0231705 0.0342312 0.0429085 0.0206857 0.0546679 -0.0449646 -0.0248155 -0.0345272 0.0722415 -0.0693385 -0.0445504 -0.0497091 -0.0633556
internal_weight=1295.56 1259.37 435.201 824.165 776.727 48.4995 338.373 20.4223 728.228 717.486 96.8288 329.131 46.751 282.38 87.1878 13.3538 73.8341 47.4381 27.1842 16.8841 36.195 19.3972 10.3002 20.2539 28.0773 13.8395 9.8954 10.7413
internal_count=5465 5282 1851 3431 3237 223 1446 91 3014 2964 405 1408 199 1209 363 59 304 194 111 68 183 94 43 83 132 69 49 50
is_linear=0
shrinkage=0.05


Tree=16
num_leaves=31
num_cat=0
split_feature=1 4 1 1 3 10 3 3 4 5 3 10 1 3 1 4 3 5 3 1 10 4 3 11 1 3 3 1 3 5
split_gain=41.7131 24.4157 22.2029 21.5583 38.6115 38.3764 36.6002 81.9674 73.1357 52.6755 33.7001 47.6617 33.53 40.0397 37.6952 32.957 44.504 20.2 18.5851 16.6471 15.5901 14.9731 16.1602 14.4122 10.5537 11.0973 10.3994 8.91953 3.79029 2.81338
threshold=60.650000000000013 0.0021500000000000004 75.550000000000011 50.150000000000013 0.0076500000000000014 0.39870000000000005 0.054850000000000003 0.016350000000000003 0.00015000000000000004 0.54500000000000015 0.018450000000000005 0.32555000000000006 43.050000000000004 0.051500000000000011 37.300000000000004 0.0134 0.53825000000000012 0.54500000000000015 0.047750000000000008 52.550000000000004 0.43895000000000006 0.00045000000000000004 0.019150000000000004 0.76500000000000001 42.050000000000004 0.0049500000000000004 0.0064500000000000009 45.95000000000001 0.012050000000000002 0.56500000000000006
decision_type=2 2 2 2 2 2 2 2 2 2 2 2 2 2 2 2 2 2 2 2 2 2 2 2 2 2 2 2 2 2
left_child=3 2 18 4 24 6 7 8 -5 -9 11 17 14 -14 -12 23 -17 -6 21 -7 -21 22 -2 -8 25 -1 27 -26 -22 -13
right_child=1 -3 -4 5 10 19 15 9 -10 -11 12 29 13 -15 -16 16 -18 -19 -20 20 28 -23 -24 -25 26 -27 -28 -29 -30 -31
leaf_value=-0.061238789359226699 0.032979663339095654 0.071934929931693287 -0.067671485389283026 0.019193923250827055 0.098958541635531139 0.078654761926747196 -0.042398274449801966 -0.080800606444575249 -0.038198862758693795 0.042352753720792523 -0.074471520275670583 -0.033631220291989748 -0.036868209875403062 -0.0018156805203456894 0.048125677519429526 0.071761238300129565 -0.051816663683326727 0.021526280470504255 -0.062398892777369014 -0.046157614171453372 0.063397960586363697 0.070820234442651259 -0.030528301102904262 0.032171456138072471 -0.069774133629012886 0.031172742228163814 -0.065196582719342921 -0.014926247511761116 0.014302711931214226 -0.070826297900301136
leaf_weight=4.7697006016969672 41.736220300197601 25.700753644108772 7.0926395803689948 103.51831287145615 8.9960447251796705 22.542650505900383 90.121671870350838 9.0928118973970395 119.30734030902386 151.63131460547447 7.3801130354404441 11.831287011504175 148.8803371489048 180.50712686777115 38.148275882005692 18.224384710192684 11.962138578295706 124.96385826170444 5.6389314234256736 6.6047306954860714 10.002602338790895 17.710204422473907 13.007517978549002 6.8322287499904624 9.8292417526245099 9.6568475365638715 37.594258740544319 31.113194420933723 7.0557673424482337 10.622347623109816
leaf_count=22 174 117 32 423 36 92 383 40 521 616 30 54 629 769 155 74 50 519 25 27 42 77 53 28 44 39 176 138 29 51
internal_value=-4.67615e-05 0.0292563 0.0162522 -0.00280412 -0.00918588 0.00434136 0.00037943 0.00809611 -0.0115168 0.0353085 -0.00397097 0.0155041 -0.0121112 -0.0176807 0.0280235 -0.0228486 0.022616 0.0268335 0.0240152 0.0479273 0.0182365 0.0308862 0.0177704 -0.0370642 -0.0389015 6.42358e-05 -0.0461138 -0.0283536 0.0435841 -0.0516851
internal_weight=1292.07 110.886 85.1855 1181.19 624.293 556.896 510.69 383.55 222.826 160.724 531.329 156.414 374.916 329.387 45.5284 127.14 30.1865 133.96 78.0929 46.2058 23.6631 72.4539 54.7437 96.9539 92.9632 14.4265 78.5367 40.9424 17.0584 22.4536
internal_count=5465 478 361 4987 2662 2325 2135 1600 944 656 2243 660 1583 1398 185 535 124 555 329 190 98 304 227 411 419 61 358 182 71 105
is_linear=0
shrinkage=0.05


Tree=17
num_leaves=31
num_cat=0
split_feature=10 7 10 10 8 0 4 3 4 3 8 8 9 3 3 3 3 3 4 0 8 4 13 10 10 4 10 4 4 4
split_gain=22.0369 25.9057 24.47 21.4405 24.9074 29.7402 18.548 31.5668 28.0006 22.2708 15.4689 14.7385 12.1813 11.73 10.3837 7.56029 7.54466 6.30493 6.5973 5.88168 5.16328 6.61536 5.00765 4.33015 3.46626 3.21925 2.38705 1.26652 0.763701 0.65292
threshold=0.45210000000000006 2.7340000000000003e-05 0.66275000000000006 0.35080000000000006 139379309.60000002 61.500000000000007 0.035800000000000005 0.19795000000000004 0.014550000000000002 0.053750000000000006 154359110.00000003 380293375.00000006 0.56490000000000007 0.035650000000000008 0.32860000000000006 0.47985000000000005 0.13845000000000005 0.029650000000000006 0.00015000000000000004 61.500000000000007 91907323.500000015 0.0021500000000000004 -9.4899999999999967 0.31220000000000009 0.43955000000000005 0.012700000000000001 0.48390000000000005 0.00075000000000000012 0.036750000000000012 0.073900000000000007
decision_type=2 2 2 2 2 2 2 2 2 2 2 2 2 2 2 2 2 2 2 2 2 2 2 2 2 2 2 2 2 2
left_child=1 6 10 4 13 23 7 8 9 -1 20 -7 24 -3 25 -16 -10 18 -14 28 21 -2 -15 -6 -5 -9 -23 -22 -8 -30
right_child=2 3 -4 12 5 11 19 14 16 -11 -12 -13 17 22 15 -17 -18 -19 -20 -21 27 26 -24 -25 -26 -27 -28 -29 29 -31
leaf_value=0.0050760709604864397 -0.0016472403347233711 -0.071900649624845395 -0.077307942977725808 0.032605681002033697 -0.016986249081466835 0.058452668536546126 0.078868314202170789 -0.044836968726262569 0.015981152289337105 -0.013475589965301203 -0.039874304061270675 -0.03777957007484381 -0.021819340953137308 -0.048885440034784081 0.011320283933301929 -0.036294104514023019 0.087245727961293595 -0.009372631160472036 -0.068242097929313433 0.001001888084233583 0.053288428078756382 0.027822824997598895 0.016372205253760406 -0.071632021574018864 -0.021386227556808694 -0.083809543665628039 0.077396534013759538 0.0820872081914156 0.034263256987908344 0.061685940988154213
leaf_weight=786.83858893811703 7.5736068785190609 14.60020035505295 4.4852601438760749 5.5951865166425687 10.596035599708559 28.632520094513893 4.9273790121078553 16.597009852528576 5.7209332436323193 203.47965955734253 4.8087713271379462 4.4823305010795584 10.195626273751257 4.3721485733985892 13.955857485532759 20.023751050233841 11.922566667199133 7.9065866917371741 37.494275659322739 5.9514214843511573 8.8578134328126925 4.6503647416830045 8.3673442453145963 5.7765387445688239 6.0560354739427567 9.0582967400550825 6.6993759423494339 12.68332067131996 5.4247679710388166 7.3895823657512665
leaf_count=3283 31 71 20 23 46 123 20 71 23 877 22 20 46 20 57 84 49 35 190 25 38 23 38 27 26 38 30 56 22 31
internal_value=-4.8671e-05 -0.00136776 0.0325373 -0.0212892 -0.00316153 0.0179227 0.00125945 0.000281625 0.00237896 0.00125826 0.0436763 0.0452019 -0.0418894 -0.0414344 -0.035029 -0.0166157 0.0646402 -0.0516226 -0.0584884 0.0449231 0.0538025 0.0339465 -0.00584087 -0.0368876 0.00417327 -0.0590634 0.0579416 0.070777 0.0592879 0.0508193
internal_weight=1285.12 1235.36 49.7585 144.075 76.8271 49.4874 1091.29 1067.6 1007.96 990.318 45.2733 33.1149 67.2477 27.3397 59.6349 33.9796 17.6435 55.5965 47.6899 23.6932 40.4645 18.9233 12.7395 16.3726 11.6512 25.6553 11.3497 21.5411 17.7417 12.8144
internal_count=5465 5245 220 665 345 216 4580 4482 4232 4160 200 143 320 129 250 141 72 271 236 98 178 84 58 73 49 109 53 94 73 53
is_linear=0
shrinkage=0.05


Tree=18
num_leaves=28
num_cat=0
split_feature=1 2 4 2 4 3 1 3 3 3 1 2 1 1 4 4 3 4 3 1 1 3 3 3 4 9 1
split_gain=37.6208 28.107 22.9358 21.05 33.151 39.9145 30.2974 26.6777 64.9598 24.4878 23.7524 21.3436 20.4344 19.8514 18.1942 17.706 16.7137 13.7505 14.7763 12.329 10.2217 2.3445 2.19779 1.06882 0.853993 0.251378 0.033985
threshold=60.650000000000013 46.750000000000007 0.0021500000000000004 18.450000000000003 0.00015000000000000004 0.0074500000000000009 46.350000000000001 0.013650000000000001 0.018950000000000005 0.012050000000000002 51.350000000000001 17.350000000000005 75.550000000000011 50.150000000000013 0.037250000000000005 0.00035000000000000005 0.047750000000000008 0.00045000000000000004 0.019150000000000004 52.050000000000004 43.350000000000001 0.13505000000000003 0.016200000000000003 0.020950000000000003 0.00035000000000000005 0.58610000000000018 61.95000000000001
decision_type=2 2 2 2 2 2 2 2 2 2 2 2 2 2 2 2 2 2 2 2 2 2 2 2 2 2 2
left_child=1 3 12 4 6 24 25 9 15 13 -10 -8 16 -5 -7 -9 17 18 -2 -11 -3 22 -22 -19 -6 -1 -4
right_child=2 20 26 7 5 14 11 8 10 19 -12 -13 -14 -15 -16 -17 -18 23 -20 -21 21 -23 -24 -25 -26 -27 -28
leaf_value=-0.070425673106814524 0.031472758886474203 0.015250506232406516 0.055501105103257953 -0.019424016206958116 -0.072218186229595527 -0.013933505096387952 0.034078847843822709 0.0016888611575067232 -0.0060203876143849772 -0.012614551460121177 0.020101565933181187 -0.054806259544275926 -0.06594887759051353 0.01243353626730072 0.057705079091362313 0.059976025944505351 -0.059913588420430874 0.046261289487923032 -0.029337195225219909 -0.081040375622823096 -0.027292874821496269 -0.0150758562498236 -0.065646499013850293 0.07779761537663557 -0.048833157245163315 -0.046575105245826406 0.073184321124138696
leaf_weight=6.3058090806007367 41.551045328378677 6.0283622443675986 4.9986779838800457 101.51935099065304 28.340348154306412 273.39763510227203 76.014206886291504 16.134696438908577 282.88576892018318 11.160209015011789 125.50868368148804 7.2820148915052405 6.9473277926444998 94.012632131576538 9.0384291410446149 71.84548145532608 5.5261803716421118 5.5769964009523418 12.976106449961661 16.81546476483345 5.2036407142877605 3.7677809149026862 24.871062755584717 11.698617830872534 7.4567361474037162 4.9052323549985886 19.947003915905952
leaf_count=30 174 25 22 452 142 1155 314 67 1168 45 518 32 32 388 38 292 25 26 53 71 24 19 137 51 45 25 95
internal_value=-4.84109e-05 -0.00266768 0.0280003 -0.0012088 -0.010213 -0.0179415 0.0157499 0.00394744 0.0104107 -0.0103824 0.00199818 0.0261919 0.0154183 -0.00408268 -0.0116036 0.0493576 0.0228687 0.0293839 0.0168828 -0.0540638 -0.0438786 -0.0545725 -0.0592886 0.0682295 -0.0676358 -0.0609363 0.0700763
internal_weight=1281.72 1172.49 109.222 1132.62 412.74 318.233 94.5073 719.882 496.375 223.508 408.394 83.2962 84.2763 195.532 282.436 87.9802 77.3289 71.8028 54.5272 27.9757 39.8708 33.8425 30.0747 17.2756 35.7971 11.211 24.9457
internal_count=5465 4987 478 4782 1781 1380 401 3001 2045 956 1686 346 361 840 1193 359 329 304 227 116 205 180 161 77 187 55 117
is_linear=0
shrinkage=0.05


Tree=19
num_leaves=28
num_cat=0
split_feature=1 2 4 9 8 2 2 1 1 1 3 1 3 4 3 3 2 1 1 2 9 3 0 3 3 3 1
split_gain=34.4348 26.0651 21.5704 20.0435 28.9255 30.6083 27.1782 22.2248 21.0601 44.3885 26.3801 18.7991 15.2987 12.907 13.866 12.2793 12.6952 9.62497 6.80773 6.76244 6.63775 4.75887 3.57791 2.26596 2.18445 1.00258 0.0510361
threshold=60.650000000000013 46.750000000000007 0.0021500000000000004 0.5989000000000001 139379309.60000002 14.15 11.850000000000003 39.95000000000001 55.150000000000013 51.750000000000007 0.041250000000000009 75.550000000000011 0.047750000000000008 0.00045000000000000004 0.011950000000000002 0.029650000000000006 23.850000000000005 43.350000000000001 50.350000000000001 11.550000000000002 0.60130000000000006 0.013650000000000001 62.500000000000007 0.13505000000000003 0.016200000000000003 0.020950000000000003 61.95000000000001
decision_type=2 2 2 2 2 2 2 2 2 2 2 2 2 2 2 2 2 2 2 2 2 2 2 2 2 2 2
left_child=1 3 11 6 15 22 18 -7 9 -8 -10 12 13 14 -2 20 -17 -3 21 -20 -5 -1 -6 24 -19 -15 -4
right_child=2 17 26 4 5 7 8 -9 10 -11 -12 -13 -14 25 -16 16 -18 23 19 -21 -22 -23 -24 -25 -26 -27 -28
leaf_value=-0.012435060992360289 0.03967741420084607 0.014476843320856565 0.053684080174823547 -0.016663344289967363 0.030414876352716155 0.076294703593038485 -0.00071083235233104433 -0.025453827721958186 -0.00024590152975250724 0.026177092059807547 -0.049481678707630837 -0.064213303313025924 -0.057989126210485478 0.044728218999844617 -0.010754819550704182 0.059103450499221881 -0.036313976867405534 -0.026188382620718521 0.014494441989712344 -0.058849237474885754 -0.066813919309611267 -0.067234933667509725 0.078841976867542948 -0.014437027846806467 -0.064620816762610098 0.075655746402393254 0.071549531177206624
leaf_weight=5.3420301377773312 29.001391798257828 6.0380853712558737 4.9149972349405315 8.4573738574981672 6.996759012341502 5.8363986313343039 623.29006953537464 54.500757068395615 84.861019253730774 203.40131296217442 40.087275013327599 6.7851753234863272 5.4298756122589102 5.4855201691389111 25.347877696156502 4.94422519207001 11.114195853471754 5.1573670506477383 8.8197381496429426 4.7091467231512061 37.144410669803619 19.274014696478844 10.303958073258398 3.7428525835275641 24.025558426976204 11.437751203775404 19.398808121681213
leaf_count=22 123 25 22 37 29 26 2590 250 351 833 169 32 25 26 104 20 52 24 37 20 202 100 44 19 137 51 95
internal_value=-4.97196e-05 -0.00254995 0.0269716 -0.00115605 -0.0189092 0.00134083 0.00133906 -0.015419 0.00300452 0.00590106 -0.0161092 0.0147859 0.0219138 0.028144 0.016088 -0.0444484 -0.00644252 -0.0427074 -0.0399794 -0.0109127 -0.0576791 -0.0556433 0.0598318 -0.0533575 -0.0581122 0.0662462 0.0683775
internal_weight=1275.85 1168.05 107.801 1129.08 139.298 77.6379 989.785 60.3372 951.64 826.691 124.948 83.4876 76.7024 71.2725 54.3493 61.6602 16.0584 38.9639 38.1449 13.5289 45.6018 24.616 17.3007 32.9258 29.1829 16.9233 24.3138
internal_count=5465 4987 478 4782 660 349 4122 276 3943 3423 520 361 329 304 227 311 72 205 179 57 239 122 73 180 161 77 117
is_linear=0
shrinkage=0.05


Tree=20
num_leaves=31
num_cat=0
split_feature=1 4 3 3 3 3 1 3 3 1 3 3 1 3 3 4 5 3 1 5 3 1 7 1 3 3 1 3 1 8
split_gain=31.9869 22.3709 20.6619 19.288 40.4883 68.5917 39.1593 20.8034 36.7533 40.6599 32.8937 46.3876 30.5523 18.7436 18.7078 17.9491 14.144 13.9432 13.5108 13.4475 12.4008 10.0532 9.41976 7.68073 18.4193 10.7763 4.68799 6.12649 4.15112 3.83986
threshold=58.95000000000001 0.0021500000000000004 0.0098500000000000029 0.0076500000000000014 0.0064500000000000009 0.005850000000000001 42.050000000000004 0.038750000000000007 0.039950000000000006 55.150000000000013 0.029650000000000006 0.028550000000000002 49.95000000000001 0.053750000000000006 0.0053500000000000015 0.00045000000000000004 0.57500000000000007 0.004850000000000001 47.350000000000001 0.55500000000000016 0.0081500000000000027 56.550000000000004 4.8060000000000004e-05 63.650000000000013 0.016550000000000006 0.041150000000000006 72.950000000000017 0.019150000000000004 61.750000000000007 75878192.000000015
decision_type=2 2 2 2 2 2 2 2 2 2 2 2 2 2 2 2 2 2 2 2 2 2 2 2 2 2 2 2 2 2
left_child=3 2 22 4 5 14 -6 10 -9 13 11 20 19 -10 17 -8 23 -1 -7 -12 -5 -11 28 24 -4 -25 27 -18 -2 -14
right_child=1 -3 16 7 6 18 15 8 9 21 12 -13 29 -15 -16 -17 26 -19 -20 -21 -22 -23 -24 25 -26 -27 -28 -29 -30 -31
leaf_value=-0.032412560617863982 0.026727271603446269 0.063677966752623161 -0.034730169532771887 0.027696112094541914 0.10009917112973186 -0.014786017881407796 -0.060552261296558788 -0.069723904307375698 0.023238498530863606 -0.072378300162329587 -0.032177048193207526 -0.073140942727892982 0.081376722019711425 -0.0054236980246551705 -0.073100749381316665 0.045054786650224658 0.023239002987527138 0.018799664355737128 0.073083005644863683 0.043717401852333103 0.0024429009681187553 -0.015341491986708944 -0.022579596096662397 0.0085516838973986424 0.054744986571272171 -0.076628215672732827 -0.071475263486829033 -0.048713465846665305 0.065410076678382473 0.033386922333713896
leaf_weight=32.726165592670441 11.447169736027716 27.246134698390961 8.0684502571821231 54.964534386992455 4.2434414178133002 4.9927439093589774 67.537367671728134 23.026679515838623 71.883832722902298 25.235669627785683 13.983321741223337 19.482347443699837 27.384711280465126 274.49843756854534 16.044972747564316 4.1527579575777045 4.7571877390146273 22.122529253363609 29.431654393672943 9.8642978817224485 421.40627762675285 11.559227645397185 4.703735038638114 14.197590947151186 19.057693511247635 4.8865749835968009 7.3412871509790412 7.2688309699296951 20.991832971572876 5.5987600535154334
leaf_count=144 47 132 34 233 17 23 335 96 305 109 60 84 113 1181 73 18 20 92 121 41 1770 50 20 61 80 22 35 31 95 23
internal_value=-5.04321e-05 0.0234374 0.0126636 -0.00273406 -0.0176876 0.00233876 -0.0454959 8.88287e-05 -0.00849524 -0.00478548 0.00640726 0.00226332 0.042408 0.000515054 -0.0257264 -0.0543109 -0.00415211 -0.0116691 0.0601882 -0.000523915 0.00537236 -0.0546857 0.0424184 0.0108022 0.0279179 -0.0132841 -0.039962 -0.0198816 0.0520373 0.0735074
internal_weight=1270.11 129.966 102.72 1140.14 181.252 105.318 75.9336 958.888 406.204 383.177 552.684 495.853 56.8311 346.382 70.8937 71.6901 65.5776 54.8487 34.4244 23.8476 476.371 36.7949 37.1427 46.2103 27.1261 19.0842 19.3673 12.026 32.439 32.9835
internal_count=5465 577 445 4888 823 453 370 4065 1741 1645 2324 2087 237 1486 309 353 283 236 144 101 2003 159 162 197 114 83 86 51 142 136
is_linear=0
shrinkage=0.05


Tree=21
num_leaves=31
num_cat=0
split_feature=1 10 3 10 3 3 3 3 4 3 0 3 1 3 1 3 7 4 3 4 9 15 1 3 1 10 1 1 3 3
split_gain=29.2739 42.2748 31.7618 29.2249 45.4531 24.7946 66.1408 59.3676 49.0909 31.5046 30.5232 24.1863 22.2269 32.4004 30.4754 18.9237 28.562 18.8601 15.6763 46.3481 11.418 9.95683 9.27671 9.15663 9.00892 9.63808 8.79707 8.04326 9.34827 6.61331
threshold=50.150000000000013 0.39870000000000005 0.0076500000000000014 0.32555000000000006 0.016350000000000003 0.016350000000000003 0.039750000000000008 0.012150000000000003 0.0021500000000000004 0.061050000000000007 65.500000000000014 0.0064500000000000009 43.050000000000004 0.051500000000000011 36.350000000000001 0.029650000000000006 4.8060000000000004e-05 0.00025000000000000006 0.0081500000000000027 0.00025000000000000006 0.50980000000000014 1.0000000180025095e-35 42.050000000000004 0.0064500000000000009 52.45000000000001 0.43825000000000008 51.150000000000013 45.95000000000001 0.0060500000000000007 0.016000000000000004
decision_type=2 2 2 2 2 2 2 2 2 2 2 2 2 2 2 2 2 2 2 2 2 2 2 2 2 2 2 2 2 2
left_child=2 5 22 4 18 7 15 10 21 -10 11 -2 14 -14 -6 16 -7 -12 -4 -20 -5 -8 -1 27 -3 -26 -9 -24 -29 -28
right_child=1 24 3 20 12 6 8 26 9 -11 17 -13 13 -15 -16 -17 -18 -19 19 -21 -22 -23 23 -25 25 -27 29 28 -30 -31
leaf_value=0.0012582339006711636 0.025017555941685282 0.075247901263728892 0.071752825111292273 0.007761976010960802 -0.08126054250684811 0.033969190634048921 -0.043937634513748387 -0.00057900240222192743 0.079774709348823802 0.002944718684644815 0.066090017089993014 -0.015887077217252795 -0.030076320808633858 0.0021841218727055535 0.037971425033834799 0.070378552554400092 -0.072385768504450873 -0.040694610413153934 -0.03522253690842652 0.041888459176415489 -0.051342728621198833 0.025788681251259483 -0.066196068512687903 -0.061267158058698326 -0.011687325111684474 0.048170479303326581 -0.068207161063445182 -0.027136466258092108 0.04118708267266695 -0.012705308393992355
leaf_weight=14.136926010251043 51.064702302217484 20.667443826794624 17.487001597881317 10.043558225035666 6.0018360316753379 105.74269899725914 68.835694834589958 7.0401070266962043 15.378854230046271 97.971497282385826 26.627396285533909 122.69121034443378 146.5945121049881 165.2035495787859 43.105404168367386 33.99860867857933 6.5930529087781897 4.7610337436199179 26.971341267228127 69.109084904193878 40.175736218690872 5.373804345726966 9.344969302415846 35.050058931112289 8.798456743359564 26.424883037805557 42.71614845097065 24.088193371891979 6.1746601909399024 6.4562138319015494
leaf_count=61 211 86 71 43 25 435 292 29 66 430 111 547 620 713 175 142 30 24 111 295 190 22 44 176 38 126 185 111 27 29
internal_value=-5.03365e-05 0.00732918 -0.00789086 -0.00319732 0.00063468 0.00341251 0.0124452 -0.00810835 -0.00718904 0.0134739 0.00435003 -0.00382948 -0.0080366 -0.0129721 0.0231619 0.0376327 0.0276239 0.0496562 0.0282179 0.020176 -0.0394308 -0.0387933 -0.0355341 -0.0425602 0.0488728 0.0330863 -0.0535903 -0.0257674 -0.0129417 -0.061062
internal_weight=1264.63 651.142 613.487 524.692 474.473 595.251 333.894 261.357 187.56 113.35 205.144 173.756 360.905 311.798 49.1072 146.334 112.336 31.3884 113.567 96.0804 50.2193 74.2095 88.7948 74.6579 55.8908 35.2233 56.2125 39.6078 30.2629 49.1724
internal_count=5465 2803 2662 2243 2010 2553 1417 1136 810 496 893 758 1533 1333 200 607 465 135 477 406 233 314 419 358 250 164 243 182 138 214
is_linear=0
shrinkage=0.05


Tree=22
num_leaves=31
num_cat=0
split_feature=1 2 4 2 1 3 3 2 3 2 3 1 8 2 3 2 1 0 1 0 3 3 3 3 3 4 1 4 2 3
split_gain=28.449 25.4197 20.7131 21.3086 19.0472 18.3452 37.2451 59.4053 56.8154 20.0051 18.0678 32.4594 27.4609 16.8547 12.1861 13.4593 11.586 11.2474 9.01196 7.67223 5.34016 2.3957 2.3582 1.26797 1.20622 1.54807 1.01591 0.388349 0.381296 0.210191
threshold=58.95000000000001 46.750000000000007 0.0021500000000000004 33.150000000000013 65.850000000000009 0.0076500000000000014 0.0064500000000000009 32.150000000000013 0.005850000000000001 10.600000000000001 0.0081500000000000027 55.150000000000013 160914465.00000003 13.350000000000003 0.0117 25.650000000000002 47.350000000000001 62.500000000000007 43.350000000000001 64.500000000000014 0.0078500000000000011 0.13505000000000003 0.039950000000000006 0.016200000000000003 0.023050000000000005 0.0019500000000000001 61.850000000000001 0.00025000000000000006 18.750000000000004 0.0068500000000000011
decision_type=2 2 2 2 2 2 2 2 2 2 2 2 2 2 2 2 2 2 2 2 2 2 2 2 2 2 2 2 2 2
left_child=1 5 3 4 14 6 8 28 13 24 12 -12 -11 -1 20 -16 -10 -9 -3 22 -2 23 -6 -20 -7 -26 -4 -21 -8 -5
right_child=2 18 26 29 19 9 7 17 16 10 11 -13 -14 -15 15 -17 -18 -19 21 27 -22 -23 -24 -25 25 -27 -28 -29 -30 -31
leaf_value=0.050659020508587387 0.017231947860391405 0.012252010246136572 0.043011021204496937 0.048464348585089329 0.013496820466114346 -0.078969422720955029 -0.061629957075749836 0.0072288938324246536 -0.013632078799857027 0.046621520779721787 0.004011165895432621 -0.029396992994968136 -0.054237052103204245 -0.031408513547573763 0.022030039055279903 -0.041682073501072447 0.068196977053144356 0.092899600800564641 -0.032040010072802369 -0.080094901576022212 0.065928530907408966 -0.013449027709656692 -0.029467309978307696 -0.063696207083737175 -0.021687238215047817 -0.062369048427860209 0.068611997608637551 -0.053413518544916154 -0.073748530224180694 0.067659744605128594
leaf_weight=6.8417219072580329 10.611685767769815 6.0512604564428321 7.4261430650949505 6.2418022155761745 6.2859683334827423 4.4297603964805594 30.809377953410149 10.193174704909326 4.9279640763998023 44.06664451956749 770.59012362360954 80.171304851770401 7.8367006778717032 60.668640539050102 21.92312428355217 13.18085867166519 29.080889016389847 6.1985699832439414 4.8533005416393342 4.2589597404003143 13.029582619667051 3.7014029026031485 6.1393886506557465 23.203633055090904 5.0122224241495115 5.7056844234466553 18.924439445137978 7.8581187129020691 26.012889713048935 11.524217590689657
leaf_count=28 45 25 33 29 26 19 176 46 23 182 3239 341 39 268 92 57 121 25 23 18 57 19 30 137 26 28 99 38 123 53
internal_value=-5.01678e-05 -0.00257939 0.0223348 0.0119498 0.00125827 -0.00117794 -0.0160248 -0.0431867 0.00353786 0.00164461 0.00260897 0.000853994 0.0312221 -0.0229549 0.0167693 -0.00180103 0.056188 0.0402955 -0.0428339 -0.0355837 0.0444457 -0.0534925 -0.00739841 -0.0585311 -0.0551348 -0.0441828 0.061776 -0.0637797 -0.0673854 0.0615046
internal_weight=1257.76 1130.36 127.404 101.054 83.2877 1092.55 174.733 73.214 101.519 917.812 902.665 850.761 51.9033 67.5104 58.7453 35.104 34.0089 16.3917 37.8096 24.5424 23.6413 31.7583 12.4254 28.0569 15.1477 10.7179 26.3506 12.1171 56.8223 17.766
internal_count=5465 4888 577 445 363 4684 810 370 440 3874 3801 3580 221 296 251 149 144 71 204 112 102 179 56 160 73 54 132 56 299 82
is_linear=0
shrinkage=0.05


Tree=23
num_leaves=31
num_cat=0
split_feature=1 4 3 9 8 8 9 1 1 1 3 3 3 3 3 3 1 0 8 3 9 7 1 1 3 1 3 3 0 1
split_gain=26.0644 19.4602 17.1546 15.6634 23.1354 22.3331 22.8739 21.3087 19.6712 37.424 54.7864 47.2268 43.605 20.0168 14.6837 34.1371 26.1868 12.3103 10.3781 10.0373 10.923 8.19129 7.8714 18.3477 10.3497 7.09633 15.2339 9.06475 6.14673 4.36269
threshold=58.95000000000001 0.0021500000000000004 0.0098500000000000029 0.5989000000000001 139379309.60000002 176451747.00000003 0.70355000000000012 39.95000000000001 55.150000000000013 51.750000000000007 0.016450000000000003 0.0097500000000000017 0.05920000000000001 0.091200000000000017 0.0076500000000000014 0.016350000000000003 50.050000000000004 63.500000000000007 265171017.00000003 0.029650000000000006 0.70230000000000004 4.8060000000000004e-05 56.350000000000001 57.650000000000013 0.041250000000000009 63.650000000000013 0.016550000000000006 0.041150000000000006 65.500000000000014 61.850000000000001
decision_type=2 2 2 2 2 2 2 2 2 2 2 2 2 2 2 2 2 2 2 2 2 2 2 2 2 2 2 2 2 2
left_child=3 2 21 8 19 6 -6 -7 9 14 11 -11 -12 22 16 -16 -1 25 -9 28 -21 29 24 -24 -10 26 -4 -27 -5 -2
right_child=1 -3 17 4 5 7 -8 18 13 10 12 -13 -14 -15 15 -17 -18 -19 -20 20 -22 -23 23 -25 -26 27 -28 -29 -30 -31
leaf_value=-0.036572265197240904 0.024831938551978232 0.060337346328933263 -0.031051029499863794 -0.061084577403661522 0.075105493343817276 0.073402866918891072 -0.037575961736202521 -0.067517648039994813 -0.010561880595934443 0.017094790984918024 0.063104346860001118 -0.063554868144056864 0.0064034728181568829 -0.062294439454931363 0.021561988666600362 -0.007333629903361609 0.028967290817062005 -0.038053282677264252 -0.014279353814508219 0.040496535797078737 -0.043208801673893626 -0.022044192498712534 0.034397600386706938 -0.027860786939355571 -0.072631640584255849 0.0064871873970023895 0.051226184378404406 -0.072984745494333925 0.0010866822800267154 0.063863456791178885
leaf_weight=70.76351335644722 12.786040067672731 25.659159734845161 7.8674374371767071 38.302192337810993 15.438721284270288 5.6046504229307166 6.2037847042083731 12.604182556271551 25.577690333127975 47.377838030457497 79.631739020347595 29.240014582872391 59.408271789550781 22.695114850997925 131.99335466325283 451.55685088038445 19.251380309462547 18.704444363713264 34.389057457447052 6.6285972744226447 9.1052056550979596 4.6099557280540457 24.217463448643684 22.913404762744904 9.1595297157764417 14.09493336081505 18.712424740195274 4.6690909117460242 4.2551260441541663 18.585950687527657
leaf_count=338 54 132 34 216 67 26 28 62 108 193 334 126 254 102 546 1914 79 86 161 29 43 20 102 97 40 61 80 22 23 88
internal_value=-5.06206e-05 0.0215319 0.0114775 -0.00246522 -0.0186052 -1.78601e-05 0.0425513 -0.0176762 -0.000306098 0.00210186 0.0202282 -0.0136614 0.0389354 -0.020814 -0.00369645 -0.000786582 -0.0224833 -0.00397929 -0.0287778 -0.0421521 -0.00759521 0.0390641 -0.00919198 0.00402895 -0.0272335 0.0100191 0.0266602 -0.013305 -0.0547631 0.048244
internal_weight=1252.01 125.689 100.03 1126.32 132.532 74.2404 21.6425 52.5979 993.786 889.223 215.658 76.6179 139.04 104.563 673.565 583.55 90.0149 64.0483 46.9932 58.2911 15.7338 35.9819 81.8681 47.1309 34.7372 45.3439 26.5799 18.764 42.5573 31.372
internal_count=5465 577 445 4888 655 344 95 249 4233 3784 907 319 588 449 2877 2460 417 283 223 311 72 162 347 199 148 197 114 83 239 142
is_linear=0
shrinkage=0.05


Tree=24
num_leaves=30
num_cat=0
split_feature=1 2 4 2 2 3 3 1 1 4 3 1 1 4 0 1 3 2 2 3 1 3 3 3 3 1 4 2 3
split_gain=23.8667 23.6439 18.2659 18.9061 18.0216 24.6953 52.7965 21.7046 30.5621 21.302 29.5636 26.7088 20.6171 20.2685 17.1227 16.2877 15.1308 17.1565 14.5051 11.8732 8.61391 5.25768 3.42238 2.34041 1.25429 1.14799 0.763749 0.558985 0.274056
threshold=58.95000000000001 46.750000000000007 0.0021500000000000004 33.150000000000013 18.250000000000004 0.013650000000000001 0.018950000000000005 53.150000000000013 50.150000000000013 0.00015000000000000004 0.0076500000000000014 46.350000000000001 51.45000000000001 0.00025000000000000006 64.500000000000014 69.800000000000011 0.0117 25.650000000000002 17.350000000000005 0.012050000000000002 43.350000000000001 0.0078500000000000011 0.019150000000000004 0.13505000000000003 0.016200000000000003 61.850000000000001 0.00035000000000000005 26.250000000000004 0.0068500000000000011
decision_type=2 2 2 2 2 2 2 2 2 2 2 2 2 2 2 2 2 2 2 2 2 2 2 2 2 2 2 2 2
left_child=1 4 3 15 9 7 13 8 -6 11 26 -1 -8 -7 -12 16 21 -18 -13 -9 -3 -2 27 24 -22 -4 -11 -17 -5
right_child=2 20 25 28 5 6 12 19 -10 10 14 18 -14 -15 -16 22 17 -19 -20 -21 23 -23 -24 -25 -26 -27 -28 -29 -30
leaf_value=-0.065859188991816239 0.016239214866128469 0.012005431181725097 0.039232607001805975 0.044972039013029132 -0.016051888892124288 -0.043701974786935646 -0.00475839537671819 -0.023132895642828888 0.031208577233384369 -0.067253612806920174 -0.015815553143341956 0.027906878331829733 0.020457926379222439 0.052293181159032136 0.020518641709898873 -0.07678878719165716 0.019218640018476452 -0.046164869135145371 -0.048627443720984757 -0.076084079877853455 -0.031119898640005247 0.064005008214570225 -0.013589426022498591 -0.012716640446140619 -0.062809097199784517 0.066325705800204873 -0.043103451041178104 -0.045549107976199432 0.065180012116088565
leaf_weight=9.7375581264495832 10.711029917001726 6.0536230206489554 7.1882367879152325 5.9816031306982067 107.4997300952673 5.7751930654048911 285.82813507318497 39.535113424062729 50.042703419923782 24.281863741576675 231.02317310869694 72.826976269483566 112.96120393276215 79.593531161546707 37.51851512491703 5.0551466494798643 25.566718459129333 16.334937930107117 6.6308226883411399 14.690601035952566 4.7985846996307435 13.541185811161993 6.0328313410282126 3.6686072647571555 22.33600415289402 17.795139193534851 6.2120857536792746 4.6424139142036438 11.107037633657454
leaf_count=52 46 25 33 29 493 25 1190 163 213 139 996 307 478 329 158 22 110 74 31 65 23 61 25 19 137 99 45 25 53
internal_value=-5.02472e-05 -0.00235694 0.0207554 0.0110221 -0.0010115 0.00379815 0.0100321 -0.0104287 -0.000997805 -0.00964469 -0.0160472 0.0117584 0.00237519 0.0456971 -0.0107149 0.000951618 0.0118971 -0.00620064 0.0214041 -0.0376839 -0.0416885 0.0432678 -0.044548 -0.0524073 -0.0575235 0.0589173 -0.0626543 -0.0629616 0.0587002
internal_weight=1244.97 1121.01 123.956 98.9729 1084.16 695.926 484.158 211.768 157.542 388.231 299.036 89.1954 398.789 85.3687 268.542 81.8843 66.1539 41.9017 79.4578 54.2257 36.8568 24.2522 15.7304 30.8032 27.1346 24.9834 30.4939 9.69756 17.0886
internal_count=5465 4888 577 445 4684 2956 2022 934 706 1728 1338 390 1668 354 1154 363 291 184 338 228 204 107 72 179 160 132 184 47 82
is_linear=0
shrinkage=0.05


Tree=25
num_leaves=30
num_cat=0
split_feature=1 2 2 2 9 3 4 3 4 1 1 3 4 3 2 2 1 3 1 3 4 3 3 3 3 1 1 10 1
split_gain=21.8993 21.3763 17.6735 22.6158 23.3419 25.0781 22.3036 30.6707 35.8795 21.6522 18.9837 18.9378 15.9608 15.2237 14.4755 18.9814 15.8872 12.0888 7.86031 6.24564 5.74641 2.34417 2.25913 2.03505 1.01188 0.688798 0.538158 0.350884 0.338667
threshold=60.750000000000007 46.750000000000007 18.450000000000003 19.050000000000004 0.60925000000000018 0.2351 0.00015000000000000004 0.017350000000000001 0.00055000000000000003 46.350000000000001 47.050000000000004 0.013350000000000002 0.0021500000000000004 0.0050500000000000015 18.850000000000005 33.150000000000013 65.850000000000009 0.0064500000000000009 43.350000000000001 0.013500000000000002 0.00095000000000000011 0.16200000000000003 0.019350000000000003 0.016200000000000003 0.018450000000000005 70.950000000000017 46.050000000000004 0.34075000000000005 61.850000000000001
decision_type=2 2 2 2 2 2 2 2 2 2 2 2 2 2 2 2 2 2 2 2 2 2 2 2 2 2 2 2 2
left_child=1 2 6 10 5 -5 9 11 -9 27 26 -8 14 -11 24 16 19 -6 -3 -16 -12 23 -18 -20 -2 -17 -4 -1 -14
right_child=12 18 3 4 17 -7 7 8 -10 13 20 -13 28 -15 15 25 22 -19 21 -21 -22 -23 -24 -25 -26 -27 -28 -29 -30
leaf_value=-0.065496497308713805 0.040495623382184029 0.011404476237538277 -0.034666034822899865 0.0072385122708133022 0.02319299550650547 -0.038069676359735002 -0.021871954370546783 0.038179629077733028 -0.014582530856135534 -0.027413717143811536 0.025277776429043448 -0.065820662335890442 0.040961775428283186 0.03077835530345251 0.037975913791353712 0.039016316661548159 -0.059480917139898754 -0.036248239840392757 -0.024086365524331427 -0.0081388344271947407 0.071042803348306524 -0.0093879923941883291 -0.024888967453709041 -0.062025176569780682 0.075138364314129624 0.06653528098188298 -0.0088534267547605346 -0.03894045765669997 0.065250870290252769
leaf_weight=6.1256786882877332 4.8164411783218366 6.0591088682413092 4.8075902611017209 566.84395399689674 9.9745177179574949 32.154844045639038 74.548175223171711 40.475461766123772 156.09260705113411 13.2946510463953 10.562793910503386 36.970739036798477 3.6851020157337215 67.880278646945953 12.928886383771898 6.0487276464700681 11.787072718143465 54.199908778071404 4.9912355244159761 16.462556838989258 22.880017906427383 3.4633096903562537 9.321447402238844 21.705112218856812 7.2035086899995804 7.4428634196519852 4.7050239592790604 3.9867468029260635 17.200580596923828
leaf_count=33 22 25 20 2374 46 133 373 169 682 55 43 159 18 292 58 29 57 273 24 71 97 18 42 138 33 39 21 22 99
internal_value=-5.13625e-05 -0.00199297 -0.000748293 0.00400113 0.00171314 0.00479203 -0.0091571 -0.0155952 -0.00367893 0.0125097 0.0391223 -0.0365325 0.0227532 0.0211643 0.0119965 0.00242165 -0.0115921 -0.0269099 -0.03974 0.0120368 0.0568556 -0.0501839 -0.0446304 -0.055235 0.0621181 0.0549433 -0.022644 -0.0560004 0.0614191
internal_weight=1238.62 1141.72 1105.5 706.129 663.173 598.999 399.374 308.087 196.568 91.2874 42.9554 111.519 96.8972 81.1749 76.0115 63.9916 50.5 64.1744 36.2188 29.3914 33.4428 30.1597 21.1085 26.6963 12.0199 13.4916 9.51261 10.1124 20.8857
internal_count=5465 4997 4792 3007 2826 2507 1785 1383 851 402 181 532 468 347 351 296 228 319 205 129 140 180 99 162 55 68 41 55 117
is_linear=0
shrinkage=0.05


Tree=26
num_leaves=31
num_cat=0
split_feature=1 10 2 10 2 3 3 4 1 4 2 3 3 1 3 1 2 3 2 9 3 1 7 1 2 0 2 10 3 1
split_gain=20.534 35.5248 28.8148 26.5403 24.7563 28.4641 60.7136 32.8371 23.2781 23.0573 27.7676 22.8919 35.1284 19.3936 31.9267 27.9456 18.5951 26.9026 14.5801 11.6216 8.89918 13.2843 9.98487 8.654 13.9297 7.9284 6.47631 5.42469 5.01383 3.83344
threshold=50.150000000000013 0.39870000000000005 42.550000000000004 0.34730000000000005 28.650000000000002 0.069850000000000009 0.016350000000000003 0.0050500000000000015 60.350000000000001 0.0013500000000000003 39.750000000000007 0.0076500000000000014 0.016350000000000003 43.050000000000004 0.051500000000000011 36.350000000000001 38.20000000000001 0.0081500000000000027 43.45000000000001 0.50980000000000014 0.0050500000000000015 48.750000000000007 -0.0010800699999999998 52.45000000000001 14.65 65.500000000000014 14.550000000000002 0.43825000000000008 0.041250000000000009 53.250000000000007
decision_type=2 2 2 2 2 2 2 2 2 2 2 2 2 2 2 2 2 2 2 2 2 2 2 2 2 2 2 2 2 2
left_child=3 2 4 11 5 6 -2 -7 28 10 -6 18 16 15 -15 -14 17 -13 20 26 21 -1 -22 -3 -25 -21 -5 -26 -4 -30
right_child=1 23 8 19 9 7 -8 -9 -10 -11 -12 12 13 14 -16 -17 -18 -19 -20 25 22 -23 -24 24 27 -27 -28 -29 29 -31
leaf_value=-0.032911675492791968 -0.01105884667565738 0.071169577115476404 -0.079791667878717443 0.050667831051972471 0.023144494707290263 -0.049374938732928877 0.031363206434293044 0.0071846544057523167 0.056564291445041132 0.066161286549943271 -0.079034480265628468 0.076352944975842052 -0.078682096737272361 -0.02860091788890199 0.0036034989705528079 0.036353174385539137 0.076672248559733369 0.0053777658574148957 0.057346639054265784 -0.057307865746436329 -0.051441710035660337 0.055123106384148246 0.025228815460570195 -0.05698612396966557 0.0010629627930531028 0.016381264692565498 -0.028860152158600605 0.052912852073048626 -0.0031738443709889669 -0.06541054554760882
leaf_weight=13.530953481793405 196.13389753550291 20.179384917020798 16.289155751466758 4.7266396731138212 65.002073690295219 54.533504411578178 147.70311264693737 48.09735831618309 4.7438437193632117 28.056897416710854 7.2921301126480094 15.900127142667769 5.8973746597766867 145.02874252200127 163.29806369543076 43.108314856886864 15.091812193393705 82.005643278360367 4.5116470754146567 40.735172249376774 48.295947462320328 6.1366184651851645 4.504385069012641 3.9910017699003211 6.7490107864141491 3.8530979156494132 5.2956190705299377 22.568014666438103 5.3573929071426374 4.8218026235699654
leaf_count=65 883 86 79 21 280 244 622 208 26 125 31 65 25 620 713 175 62 355 19 214 242 27 21 17 30 16 22 117 28 27
internal_value=-5.02696e-05 0.00624348 0.00262336 -0.00666175 0.00530176 0.000244564 0.00715381 -0.0228388 -0.044008 0.0277291 0.012674 -0.00333192 0.000796835 -0.00687721 -0.0115328 0.0222759 0.0250933 0.0170215 -0.028591 -0.039875 -0.0340818 -0.00505048 -0.0447711 0.0451945 0.0291421 -0.0508057 0.00828244 0.0411908 -0.0623666 -0.0334908
internal_weight=1233.44 631.519 578.031 601.92 546.819 446.468 343.837 102.631 31.2122 100.351 72.2942 547.31 470.33 357.332 308.327 49.0057 112.998 97.9058 76.9796 54.6105 72.4679 19.6676 52.8003 53.4874 33.308 44.5883 10.0223 29.317 26.4684 10.1792
internal_count=5465 2803 2553 2662 2393 1957 1505 452 160 436 311 2389 2015 1533 1333 200 482 420 374 273 355 92 263 250 164 230 43 147 134 55
is_linear=0
shrinkage=0.05


Tree=27
num_leaves=29
num_cat=0
split_feature=1 2 2 2 3 3 1 1 1 10 1 10 2 10 3 3 2 1 2 3 1 8 3 3 3 3 1 1
split_gain=18.8449 19.7045 15.7295 20.2053 20.0536 26.3991 24.1298 16.8032 15.0776 14.599 20.9798 15.4469 12.435 13.4195 10.4138 9.29974 8.19052 9.24677 7.71 7.25711 6.9917 3.65901 2.64824 2.31618 1.94351 0.965025 0.506517 0.250841
threshold=60.750000000000007 46.750000000000007 18.450000000000003 19.050000000000004 0.2351 0.013650000000000001 47.350000000000001 47.050000000000004 45.45000000000001 0.43335000000000007 49.650000000000013 0.34730000000000005 18.850000000000005 0.35080000000000006 0.021150000000000006 0.23665000000000003 35.70000000000001 66.15000000000002 27.550000000000004 0.041150000000000006 43.350000000000001 13341092.250000002 0.016350000000000003 0.16200000000000003 0.016200000000000003 0.018450000000000005 46.050000000000004 63.95000000000001
decision_type=2 2 2 2 2 2 2 2 2 2 2 2 2 2 2 2 2 2 2 2 2 2 2 2 2 2 2 2
left_child=1 2 8 7 5 -5 -6 26 15 11 -11 -10 25 14 16 22 17 -14 19 -16 -3 -9 -1 24 -22 -2 -4 -20
right_child=12 20 3 4 6 -7 -8 21 9 10 -12 -13 13 -15 18 -17 -18 -19 27 -21 23 -23 -24 -25 -26 -27 -28 -29
leaf_value=-0.031724171524661102 0.039354075074543617 0.0092689051183138353 -0.03277444197715048 -0.010715799355707441 0.011106198741311172 0.011133700659185142 -0.068577565988492933 0.060700682739126877 -0.0048128156723193042 -0.041891387785577779 0.052999651083696392 -0.03942785605889821 0.00055564028321966423 0.06277764400609008 0.047832970224919225 0.016926746813770464 0.042532267197699987 -0.051193474985024683 0.069681677774852485 -0.024062134760697976 -0.023435803573184484 0.010683387602874753 -0.064388430513296305 -0.0082496767379047885 -0.061047722938627119 0.071132933923568856 -0.0076676342651379572 0.046466788568995152
leaf_weight=11.398922502994539 4.7796029895544043 6.0663685649633399 4.768761992454527 207.25329673290253 16.818063199520111 413.98746448755264 21.388168185949326 28.492956668138504 294.72191646695137 7.7812659442424801 21.900167033076286 36.183557748794556 21.224546819925308 11.545632921159266 5.7522725313901928 5.762203335762023 5.9694419354200354 14.23405399918556 6.1241543889045698 8.6162846237421018 4.8898425102233949 4.5342426300048819 17.395064160227776 3.416636958718299 20.629181496798992 10.864585876464842 4.6566688418388367 5.3842902332544327
leaf_count=58 22 25 20 924 72 1740 90 120 1283 36 97 210 92 74 25 25 30 68 32 45 24 20 76 18 138 53 21 27
internal_value=-4.91134e-05 -0.0018445 -0.00065987 0.00382726 0.00166426 0.00383585 -0.0334335 0.0372263 -0.00864204 -0.00559672 0.0278981 -0.00862374 0.0213859 0.0131857 0.00452387 -0.0401673 -0.0109279 -0.0201628 0.0294009 0.00450627 -0.0387233 0.0540378 -0.0517849 -0.0489543 -0.0541555 0.0620531 -0.021106 0.059745
internal_weight=1226.54 1132.04 1097.04 701.9 659.447 621.241 38.2062 42.4526 395.143 360.587 29.6814 330.905 94.4949 78.8507 67.305 34.5562 41.428 35.4586 25.877 14.3686 35.002 33.0272 28.794 28.9357 25.519 15.6442 9.42543 11.5084
internal_count=5465 4997 4792 3007 2826 2664 162 181 1785 1626 133 1493 468 393 319 159 190 160 129 70 205 140 134 180 162 75 41 59
is_linear=0
shrinkage=0.05


Tree=28
num_leaves=31
num_cat=0
split_feature=1 4 10 7 10 2 2 4 4 9 2 7 8 1 2 1 11 0 4 1 2 4 2 1 8 4 8 1 7 8
split_gain=18.1296 29.9399 20.4986 26.1813 24.109 27.7758 38.6849 17.0971 22.2724 17.0156 16.7447 20.7149 19.5106 15.9979 15.5008 14.4916 12.8044 8.26929 11.1356 6.93264 6.58599 5.2121 3.0923 4.3925 2.78105 2.49508 1.7212 1.13625 1.11654 0.247112
threshold=48.45000000000001 0.016550000000000006 0.44190000000000007 4.8060000000000004e-05 0.37620000000000003 42.550000000000004 28.150000000000002 0.0057500000000000008 0.0033500000000000001 0.76630000000000009 20.350000000000005 0.00014694500000000002 176451747.00000003 46.350000000000001 25.550000000000004 49.45000000000001 1.0250000000000001 61.500000000000007 0.00175 51.850000000000001 28.150000000000002 0.013800000000000002 19.850000000000005 46.050000000000004 88819100.000000015 0.020750000000000005 150280300.00000003 45.95000000000001 8.983500000000001e-05 108297830.00000001
decision_type=2 2 2 2 2 2 2 2 2 2 2 2 2 2 2 2 2 2 2 2 2 2 2 2 2 2 2 2 2 2
left_child=1 7 3 4 5 6 -2 8 9 14 11 12 -5 20 -1 -7 25 18 -4 -6 -10 22 -9 -24 -19 -3 29 -27 -12 -26
right_child=2 16 17 10 19 15 -8 21 13 -11 28 -13 -14 -15 -16 -17 -18 24 -20 -21 -22 -23 23 -25 26 27 -28 -29 -30 -31
leaf_value=-0.023395123241693697 0.00051810597085300166 0.090746084294611562 -0.044987911152523173 0.025187288636265362 0.010479931304488585 0.042965630589647245 0.031835887665721221 -0.067166759410132434 0.037073635557117568 0.074248277268784316 -0.069202536731958517 -0.060273964647231462 -0.054786977345654353 0.086856039552516709 -0.0027657827419856965 -0.048923667250729101 -0.022761452299630548 0.024015206258634545 0.055238305073116049 0.081916632519290905 -0.036231057222526696 -0.081755063613704659 -0.039346455505307715 0.012683135375210373 0.079761786746664495 0.060822685378480124 0.032866474652688875 0.027216102047571179 -0.041721753789311498 0.058673759739170987
leaf_weight=172.79470080137253 469.60366721451283 6.1989515721798005 5.6544896066188794 34.332136496901512 4.8419800102710751 4.7939041554927817 124.82995496690273 5.5486958175897625 6.2087542712688464 5.6266987025737754 15.105562120676042 15.069109059870241 9.6781151294708234 9.9940491467714292 193.76333403587341 32.97210144251585 5.3789989799261084 6.3660261780023601 5.2350766658782959 13.109603628516195 5.8485338985919952 7.8812511563301078 13.391710177063944 5.5641251355409613 9.5011692643165642 8.9615775644779188 4.4722291827201834 4.7735099643468848 7.306236892938613 7.1258650943636885
leaf_count=784 2033 25 25 154 22 22 537 26 27 27 71 103 47 41 857 173 25 39 23 60 24 34 67 23 41 38 20 20 36 41
internal_value=-4.67686e-05 -0.00799944 0.00461484 0.00273692 0.00609265 0.00445655 0.00710744 -0.0111471 -0.00825637 -0.0111632 -0.023949 -0.00984741 0.00740279 0.0404082 -0.0125078 -0.0370448 0.044689 0.0402069 0.00280431 0.0630902 0.00109949 -0.0460486 -0.0340757 -0.0238254 0.054791 0.0631621 0.0636837 0.0497855 -0.060691 0.0714278
internal_weight=1221.93 451.935 769.997 731.642 650.151 632.2 594.434 426.622 394.236 372.185 81.4912 59.0794 44.0103 22.0513 366.558 37.766 25.313 38.3549 10.8896 17.9516 12.0573 32.3858 24.5045 18.9558 27.4653 19.934 21.0993 13.7351 22.4118 16.627
internal_count=5465 2018 3447 3258 2847 2765 2570 1910 1760 1668 411 304 201 92 1641 195 108 189 48 82 51 150 116 90 141 83 102 58 107 82
is_linear=0
shrinkage=0.05


Tree=29
num_leaves=29
num_cat=0
split_feature=1 4 7 7 1 4 3 4 4 3 3 4 3 3 1 1 3 4 3 1 1 1 3 3 1 0 3 9
split_gain=16.7262 14.4919 11.5277 19.7917 12.2665 26.9861 24.575 41.2118 23.8358 19.4872 18.2182 20.4377 17.1712 13.5003 11.1316 10.5414 9.76718 9.09035 10.0505 5.7349 4.54041 4.49627 3.38681 1.11583 0.451586 0.29586 0.423225 0.0418706
threshold=60.750000000000007 0.0021500000000000004 0.00014694500000000002 0.00083922500000000008 48.45000000000001 0.016550000000000006 0.053750000000000006 0.00125 0.0011500000000000002 0.068950000000000025 0.14355000000000004 0.0033500000000000001 0.47985000000000005 98.225550000000013 49.350000000000001 75.550000000000011 0.047750000000000008 0.00045000000000000004 0.019150000000000004 44.150000000000013 51.95000000000001 46.050000000000004 0.52960000000000007 0.020950000000000003 61.850000000000001 61.500000000000007 0.0084500000000000009 0.70595000000000008
decision_type=2 2 2 2 2 2 2 2 2 2 2 2 2 2 2 2 2 2 2 2 2 2 2 2 2 2 2 2
left_child=2 15 4 25 5 10 7 8 -6 20 11 -1 -11 22 -9 16 17 18 -2 -5 -8 -12 -7 -19 -3 -4 -27 -28
right_child=1 24 3 19 6 13 9 14 -10 12 21 -13 -14 -15 -16 -17 -18 23 -20 -21 -22 -23 -24 -25 -26 26 27 -29
leaf_value=-0.010755786162647621 0.024060506228103781 0.036678112544033609 -0.067749627719787195 0.066113275136032823 0.0069763330681550289 0.088293803404508875 -0.080662020902115078 -0.0091262779237056002 -0.068318970211166327 0.00053555461742546551 -0.066297589204948854 0.035094081513804186 -0.048511682097618629 -0.025469141299520506 0.070845068801902722 -0.054898138591943813 -0.052697560518708476 0.032710636825640335 -0.027366444967310496 -0.0069688629373762844 -0.034418014156098665 -0.022111641288154325 0.043726794789835488 0.067076403629525091 0.063325264558328168 -0.06030066590118608 -0.028734573772573591 -0.046567640642744289
leaf_weight=358.86612749099731 36.466589733958244 3.4541529268026379 7.6886811628937748 4.7386686801910383 429.99420888721943 7.8822589516639772 10.125266507267954 4.8841002136468878 10.665053129196165 134.12719863653183 16.788490325212482 25.931521058082581 20.449872225522995 5.4900058209896079 31.980549797415733 5.6172624528408042 4.7195152193307868 4.5169781148433676 12.669291317462919 5.7505131810903549 12.817138604819773 9.5614983439445478 11.741234868764876 9.3850288987159711 15.730141863226889 7.6094312965869886 3.8756976872682571 3.8849321305751801
leaf_count=1597 166 18 52 24 1864 32 48 23 45 582 73 118 88 26 141 32 25 26 53 25 62 43 50 49 99 57 22 25
internal_value=-4.37794e-05 0.0203712 -0.00172974 -0.0305589 -0.000836196 -0.00733456 0.00348457 0.00939502 0.00512757 -0.0123826 -0.0104212 -0.00764466 -0.00594802 0.0428418 0.0601186 0.0101363 0.0156745 0.0209479 0.0106703 0.0258876 -0.0553056 -0.0505973 0.0622386 0.0565809 0.0590018 -0.0564527 -0.0500769 -0.0387766
internal_weight=1217.41 92.559 1124.85 33.5479 1091.3 436.261 655.043 477.524 440.659 177.519 411.148 384.798 154.577 25.1135 36.8647 73.3747 67.7574 63.0379 49.1359 10.4892 22.9424 26.35 19.6235 13.902 19.1843 23.0587 15.3701 7.76063
internal_count=5465 468 4997 205 4792 1939 2853 2073 1909 780 1831 1715 670 108 164 351 319 294 219 49 110 116 82 75 117 156 104 47
is_linear=0
shrinkage=0.05


Tree=30
num_leaves=18
num_cat=0
split_feature=2 2 8 4 3 3 9 3 4 3 2 1 2 3 0 4 8
split_gain=16.2371 14.9046 17.0644 13.9902 34.7258 28.4778 28.2822 27.7644 31.0026 19.6365 6.75775 7.0503 5.76202 2.91883 0.965196 0.99159 0.411611
threshold=48.650000000000006 10.600000000000001 481989614.50000006 0.0019500000000000001 0.038750000000000007 0.029650000000000006 0.33765000000000006 0.19675000000000004 0.016700000000000003 0.045450000000000011 53.45000000000001 52.95000000000001 60.45000000000001 0.0047500000000000007 61.500000000000007 0.0019500000000000001 662228230.00000012
decision_type=2 2 2 2 2 2 2 2 2 2 2 2 2 2 2 2 2
left_child=1 14 3 4 5 -3 -6 9 -9 -5 -2 12 -12 -4 15 -1 -15
right_child=10 2 13 7 6 -7 -8 8 -10 -11 11 -13 -14 16 -16 -17 -18
leaf_value=-0.021414704531512067 -0.063548027694263903 0.0007928099478234275 -0.011404732128887141 -0.041335881584340352 -0.031067362353665043 0.03816184074790311 0.043302494458595957 -0.04828161897906226 0.013119142693276242 0.028491336870737152 0.056216049369796434 -0.060330834104555024 -0.018440927606598521 -0.042588982962449999 -0.069238642304716436 -0.056061456673307045 -0.069172687811107067
leaf_weight=5.3222490400075895 13.013092093169691 698.68748027831316 4.3255893290042904 10.596561625599859 126.31408643722534 54.925451189279556 14.081715479493139 33.383598908782005 52.989880263805389 161.03666098415852 3.9211562275886553 5.5439910888671866 7.0278555601835251 4.2073920965194693 4.7707495689392081 4.5366562604904175 8.1511598229408246
leaf_count=26 89 3125 25 50 549 238 65 142 233 717 18 37 39 22 24 24 42
internal_value=-4.35746e-05 0.000867272 0.00150124 0.00223444 -0.000720685 0.00352771 -0.023547 0.0124898 -0.010583 0.0241296 -0.0366211 -0.0148193 0.00811016 -0.0485384 -0.0491049 -0.0382626 -0.0609382
internal_weight=1212.84 1183.33 1168.7 1152.02 894.009 753.613 140.396 258.007 86.3735 171.633 29.5061 16.493 10.949 16.6841 14.6297 9.85891 12.3586
internal_count=5465 5282 5208 5119 3977 3363 614 1142 375 767 183 94 57 89 74 50 64
is_linear=0
shrinkage=0.05


Tree=31
num_leaves=27
num_cat=0
split_feature=1 2 2 2 7 3 1 3 1 2 2 2 10 3 2 2 3 2 3 1 7 3 3 3 1 1
split_gain=15.0667 16.2892 13.5288 18.7931 18.5949 20.0203 14.3084 12.7102 22.7279 12.2184 11.9818 11.1467 12.0861 9.29366 7.82423 10.8002 6.89775 6.74959 6.45898 6.07856 3.12665 2.62875 2.01489 0.892621 0.439819 0.293839
threshold=60.750000000000007 46.750000000000007 18.450000000000003 19.050000000000004 -0.00010500999999999999 0.2351 47.050000000000004 1.1536500000000001 45.850000000000001 25.250000000000004 10.600000000000001 18.850000000000005 0.35080000000000006 0.021150000000000006 23.250000000000004 25.850000000000005 0.014700000000000003 27.550000000000004 0.041150000000000006 43.350000000000001 4.8060000000000004e-05 0.16200000000000003 0.016200000000000003 0.018450000000000005 46.050000000000004 63.95000000000001
decision_type=2 2 2 2 2 2 2 2 2 2 2 2 2 2 2 2 2 2 2 2 2 2 2 2 2 2
left_child=1 2 7 6 5 -5 24 8 16 -6 -10 23 13 14 -13 -16 -1 18 -15 -3 -8 22 -21 -2 -4 -19
right_child=11 19 3 4 9 -7 20 -9 10 -11 -12 12 -14 17 15 -17 -18 25 -20 21 -22 -23 -24 -25 -26 -27
leaf_value=-0.01758940433728368 0.03721031663110503 0.0082113881746457354 -0.02895736057034716 0.0067652445030402381 -0.001843844128533579 -0.034383721034982946 0.058004374838051043 0.04975992812393857 -0.050568774813880113 -0.042292694227460681 -0.0036159220132893641 -0.056729968544032741 0.061138907050828917 0.045447818370431624 0.0433062501572435 -0.019025170538941778 -0.064644116055007958 0.067752756742630635 -0.023348105796412791 -0.020693687483005107 0.011106994676149369 -0.0021720069799587753 -0.059707816037767314 0.068370048918391102 -0.0054882838907457541 0.043385204991348784
leaf_weight=12.61027020215988 4.6866348832845679 6.0380321741104117 4.6895896345376951 548.65323247015476 38.115519031882286 31.113502755761147 27.965326622128487 9.1589097380638105 14.096385911107062 37.02984356880188 331.78370856493711 7.5264370143413535 10.533722184598444 5.6256538331508663 9.7765143364667875 23.33672259747982 22.283280104398727 5.7158070057630521 8.2880901247262937 4.6969714462757173 4.4428455233573905 3.1901855766773215 18.88482528179884 10.121013373136519 4.6073833853006363 5.0673171728849411
leaf_count=65 22 25 20 2317 185 132 120 40 73 192 1507 33 74 25 44 113 100 32 45 24 20 18 138 53 21 27
internal_value=-4.64443e-05 -0.00163922 -0.000584808 0.00358434 0.00150139 0.00454279 0.0360922 -0.00804484 -0.00946107 -0.0218722 -0.00555801 0.0195403 0.0116744 0.00354197 -0.0110659 -0.000396614 -0.0478806 0.0277291 0.00423673 -0.0362976 0.051783 -0.0465152 -0.0522684 0.0591591 -0.0180408 0.057265
internal_weight=1210.04 1119.36 1086.55 696.617 654.912 579.767 41.7051 389.933 380.774 75.1454 345.88 90.6779 75.8703 65.3365 40.6397 33.1132 34.8936 24.6969 13.9137 32.81 32.4082 26.772 23.5818 14.8076 9.29697 10.7831
internal_count=5465 4997 4792 3007 2826 2449 181 1785 1745 377 1580 468 393 319 190 157 165 129 70 205 140 180 162 75 41 59
is_linear=0
shrinkage=0.05


Tree=32
num_leaves=31
num_cat=0
split_feature=1 10 10 2 3 3 3 3 3 3 3 3 1 3 1 2 3 2 9 3 2 7 1 2 0 3 2 2 10 1
split_gain=14.009 27.4778 23.1744 22.6997 20.8318 43.0347 57.7402 30.2456 25.2407 22.2956 20.2352 32.2399 19.5431 17.937 22.6665 16.4042 24.7662 13.4558 10.122 8.62962 12.7473 9.91763 8.29325 11.9572 7.26694 5.21173 5.14744 5.10955 4.97545 4.08611
threshold=50.150000000000013 0.39870000000000005 0.34730000000000005 42.550000000000004 0.0064500000000000009 0.016200000000000003 0.039750000000000008 0.012150000000000003 0.0050500000000000015 0.0043500000000000006 0.0076500000000000014 0.016350000000000003 60.350000000000001 0.017350000000000001 43.050000000000004 38.20000000000001 0.0081500000000000027 43.45000000000001 0.50980000000000014 0.0050500000000000015 21.850000000000005 -0.0010800699999999998 52.45000000000001 14.65 65.500000000000014 0.041250000000000009 14.550000000000002 23.350000000000005 0.43825000000000008 53.350000000000001
decision_type=2 2 2 2 2 2 2 2 2 2 2 2 2 2 2 2 2 2 2 2 2 2 2 2 2 2 2 2 2 2
left_child=2 3 10 4 8 7 -7 -6 9 -2 17 15 25 -13 -15 16 -12 19 26 20 -1 -21 -3 -24 -20 -5 -4 -10 -25 -27
right_child=1 22 18 12 5 6 -8 -9 27 -11 11 13 -14 14 -16 -17 -18 -19 24 21 -22 -23 23 28 -26 29 -28 -29 -30 -31
leaf_value=-0.035589414560036753 0.038709717069935763 0.066385545136102481 0.046108625356256122 -0.07676202440251606 -0.0054625516750685353 0.036418281560000453 -0.0073274015229066796 -0.051347935622873431 0.076464751699352296 -0.059411547093181187 0.07434692798479943 -0.08828433663004831 0.054503987598680616 0.028259396075473644 -0.0094458638404655709 0.073466490691940375 0.0059211892756896763 0.055985052953208672 -0.054564355008606784 -0.04948660012116074 0.047457901862750937 0.027677271454590174 -0.055969025297214828 -0.0013616237522798972 0.016170821640068223 -0.0022005263556106325 -0.025480410510254743 0.033849559121449206 0.048142611041049201 -0.071893763478955527
leaf_weight=11.791789308190348 12.380592837929727 19.348378509283066 4.6254714131355268 15.179473116993909 126.07951053977013 137.45897725224495 166.63300658762455 50.306277677416801 20.985426619648933 10.676102504134176 15.760576292872427 6.405398800969123 4.3997411131858817 45.832205414772034 299.63550117611885 14.971205070614813 81.025751307606697 4.5055842846631995 38.426842443645 46.781056419014931 7.4449878334999076 4.4205644577741614 3.9199232161045101 6.4648147523403194 3.8480417281389228 6.0199966654181463 5.1924599707126617 11.730725035071371 20.552612036466599 3.2739898860454559
leaf_count=59 51 86 21 79 594 587 754 226 89 43 65 27 26 189 1317 62 355 19 214 242 33 21 17 30 16 34 22 49 117 21
internal_value=-4.51416e-05 0.00522955 -0.0055492 0.00206539 0.00440211 0.00103089 0.012436 -0.0185993 0.0333015 -0.0065685 -0.00245597 0.00143231 -0.0410264 -0.00598787 -0.00442242 0.0248242 0.0171804 -0.0265468 -0.0373676 -0.0319687 -0.00311078 -0.0426861 0.0406153 0.0241754 -0.0479848 -0.0585558 0.00786766 0.0614867 0.0361514 -0.0277876
internal_weight=1206.08 615.41 590.667 565.124 536.251 480.478 304.092 176.386 55.7728 23.0567 538.575 463.631 28.8732 351.873 345.468 111.758 96.7863 74.944 52.0928 70.4384 19.2368 51.2016 50.2857 30.9374 42.2749 24.4735 9.81793 32.7162 27.0174 9.29399
internal_count=5465 2803 2662 2553 2393 2161 1341 820 232 94 2389 2015 160 1533 1506 482 420 374 273 355 92 263 250 164 230 134 43 138 147 55
is_linear=0
shrinkage=0.05


Tree=33
num_leaves=31
num_cat=0
split_feature=1 4 9 1 1 3 3 3 4 0 4 9 3 3 3 3 3 3 7 7 9 1 3 3 1 3 4 1 1 0
split_gain=13.3816 13.7604 10.6407 18.0667 25.5566 45.2364 37.926 34.5521 17.4244 15.6018 13.7299 16.1669 18.9248 10.6349 21.233 10.3306 9.94597 18.5003 9.80252 9.07176 12.5412 8.72109 10.4778 10.3191 15.4742 7.41016 7.68078 5.84102 2.34152 1.55645
threshold=59.45000000000001 0.0021500000000000004 0.5989000000000001 55.150000000000013 51.750000000000007 0.016450000000000003 0.0097500000000000017 0.05920000000000001 0.00015000000000000004 62.500000000000007 0.00015000000000000004 0.67065000000000008 0.0080500000000000016 1.1536500000000001 0.19795000000000004 0.0078500000000000011 0.014700000000000003 0.041250000000000009 0.00083922500000000008 0.00010059000000000002 0.69070000000000009 75.550000000000011 0.0117 0.016000000000000004 63.650000000000013 0.0078500000000000011 0.00035000000000000005 57.650000000000013 43.650000000000013 62.500000000000007
decision_type=2 2 2 2 2 2 2 2 2 2 2 2 2 2 2 2 2 2 2 2 2 2 2 2 2 2 2 2 2 2
left_child=2 21 3 4 13 6 -6 -7 9 27 11 -4 -13 14 -1 -11 -10 -18 19 20 -12 22 25 29 -25 26 -2 -5 -15 -24
right_child=1 -3 10 8 5 7 -8 -9 16 15 18 12 -14 28 -16 -17 17 -19 -20 -21 -22 -23 23 24 -26 -27 -28 -29 -30 -31
leaf_value=-0.00083432478516818264 -0.0086048524118661485 0.053299198652168062 0.064506960219334913 -0.0019116528908475117 0.014177559958782835 0.057469617719527188 -0.059404099157476055 0.0058104202715948371 -0.0742328740259217 0.004380715550980907 -0.032480431510457798 -0.068089454839128552 0.04643376451552552 0.073303896698717938 -0.037196381517960002 0.072871948046977122 0.0079577813420996738 -0.047947535541092302 0.036359341517099492 -0.055258817292869612 0.014188046024704377 -0.053117779446712254 -0.028020745876590376 0.039821728552360172 -0.022371142090098991 0.061688582751420189 0.057418616723022599 -0.077021110112348995 0.025737462376169331 -0.071739267476647606
leaf_weight=599.53679040819407 12.953282594680788 20.701144203543663 10.483633056282999 5.4002906233072263 46.524705111980438 75.447201803326607 27.891231939196587 57.081472665071487 12.273297637701033 13.099931076169016 49.082844153046608 7.9486512392759305 6.4022879302501678 4.3665276169776899 42.957382246851921 9.6301510334014875 25.173987105488777 35.259237110614777 6.1593043059110633 23.084372237324715 20.112695172429085 5.3569657057523719 5.1690583825111371 19.853291571140289 19.871190831065178 13.797475442290304 6.4881111979484549 5.1438122689723969 7.8574208468198776 4.3523416221141815
leaf_count=2633 58 130 47 24 193 334 126 254 54 55 255 42 29 20 191 45 107 162 31 163 89 32 23 92 94 65 39 25 33 20
internal_value=-4.38438e-05 0.0166863 -0.0017144 4.36142e-05 0.00244556 0.0177602 -0.0133766 0.0352783 -0.0194219 0.0104117 -0.0155434 0.0175104 -0.0166842 -0.00238945 -0.0032787 0.0338098 -0.0331395 -0.0246024 -0.0239423 -0.0280563 -0.0188425 0.00795024 0.0120364 -0.00251803 0.00860768 0.0336926 0.0133541 -0.039402 0.0435914 -0.0490626
internal_weight=1199.46 108.543 1090.92 967.643 861.663 206.945 74.4159 132.529 105.981 33.2742 123.274 24.8346 14.3509 654.718 642.494 22.7301 72.7065 60.4332 98.4392 92.2799 69.1955 87.8417 82.4848 49.2459 39.7245 33.2389 19.4414 10.5441 12.2239 9.5214
internal_count=5465 553 4912 4256 3784 907 319 588 472 149 656 118 71 2877 2824 100 323 269 538 507 344 423 391 229 186 162 97 49 53 43
is_linear=0
shrinkage=0.05


Tree=34
num_leaves=22
num_cat=0
split_feature=2 2 4 4 9 4 2 2 1 0 1 2 2 1 2 2 2 0 1 0 4
split_gain=13.5896 12.2999 13.4916 16.8798 31.8566 20.217 22.351 19.2709 16.3766 18.9994 23.347 15.2816 6.73201 6.28574 4.89081 4.73267 1.89727 1.14611 1.97371 1.00926 0.988207
threshold=48.650000000000006 10.600000000000001 0.0019500000000000001 0.0010500000000000004 0.33765000000000006 0.00095000000000000011 16.650000000000002 12.550000000000002 57.650000000000013 65.500000000000014 55.250000000000007 26.600000000000005 53.45000000000001 52.95000000000001 60.45000000000001 16.050000000000004 28.250000000000004 63.500000000000007 60.550000000000004 61.500000000000007 0.0019500000000000001
decision_type=2 2 2 2 2 2 2 2 2 2 2 2 2 2 2 2 2 2 2 2 2
left_child=1 19 3 5 11 7 -7 -3 9 10 -4 -5 -2 14 -14 -6 -11 18 -10 20 -1
right_child=12 2 8 4 15 6 -8 -9 17 16 -12 -13 13 -15 -16 -17 -18 -19 -20 -21 -22
leaf_value=-0.017963601640803083 -0.062726244736218448 0.032864930917254433 0.014944720985231736 -0.041775524687681392 0.077049516172180768 -0.066777439158386201 0.044837005598781642 -0.002737103700722293 0.0083605855514282332 -0.029086591762212712 -0.050516459862148894 -0.0067780826671116207 0.052991395545962827 -0.058436111235576974 -0.016274357218681711 0.015216401263301147 -0.074941531168483053 0.069088104671212833 0.052846736918009521 -0.066784878581694504 -0.053042310739158764
leaf_weight=5.1706543415784818 12.009388804435732 40.198709800839424 208.67942686378956 66.987674534320831 8.5714249461889249 4.8933555334806433 42.328654453158379 667.30982009321451 3.6169137805700329 4.4775491356849653 14.446021407842634 59.109512507915497 3.9011804908514005 4.976896956562995 6.7916676700115204 5.2563101798295966 6.335801750421524 7.7558792829513541 11.18284487724304 4.480971246957778 4.2442482262849808
leaf_count=26 89 187 897 299 38 22 187 3042 16 21 67 257 18 37 39 22 28 47 78 24 24
internal_value=-4.20875e-05 0.000777737 0.0013483 -0.00154539 -0.017492 0.00140637 0.0330487 -0.000702868 0.0114576 0.00749826 0.0106634 -0.0254281 -0.034608 -0.0124798 0.00879014 0.054182 -0.0568528 0.0520879 0.0424394 -0.0458027 -0.0346939
internal_weight=1192.72 1165.05 1151.15 894.655 139.925 754.731 47.222 707.509 256.494 233.939 223.125 126.097 27.6791 15.6697 10.6928 13.8277 10.8134 22.5556 14.7998 13.8959 9.4149
internal_count=5465 5282 5208 4054 616 3438 209 3229 1154 1013 964 556 183 94 57 60 49 141 94 74 50
is_linear=0
shrinkage=0.05


Tree=35
num_leaves=17
num_cat=0
split_feature=2 2 8 4 3 3 3 4 9 3 2 3 3 3 8 3
split_gain=12.6121 11.3778 14.2662 12.1696 30.0789 23.8428 23.4806 25.5875 22.6842 16.8784 6.46681 5.24396 2.7162 0.987155 0.457205 0.28676
threshold=48.650000000000006 10.600000000000001 481989614.50000006 0.0019500000000000001 0.038750000000000007 0.029650000000000006 0.19675000000000004 0.016700000000000003 0.33765000000000006 0.045450000000000011 53.45000000000001 0.061050000000000007 0.0047500000000000007 0.091200000000000017 662228230.00000012 0.12025000000000001
decision_type=2 2 2 2 2 2 2 2 2 2 2 2 2 2 2 2
left_child=1 13 3 4 5 -3 9 -8 -6 -5 -2 -12 -4 -1 -14 -13
right_child=10 2 12 6 8 -7 7 -9 -10 -11 11 15 14 -15 -16 -17
leaf_value=-0.054316218939109533 -0.062003978090731916 0.000625006653481349 -0.0095673318028730997 -0.039041600781336179 -0.02900682603800385 0.035092471803800845 -0.044570082923129486 0.011805788008562726 0.039022070111400173 0.026453135250793444 0.030256527155205694 -0.03992023480720687 -0.039080258005685632 -0.02238029441885863 -0.066889541119793811 -0.019265938691771477
leaf_weight=9.1825961023569089 11.554514460265638 688.21083104610443 4.1997492015361777 10.341859713196753 124.13908971846104 54.050622537732124 32.560253113508224 52.159846588969231 13.448780626058577 158.3829063475132 4.8212743252515784 6.0876398757100088 3.9471706151962263 4.4300478994846335 7.6378877311944962 4.5341229140758514
leaf_count=49 89 3125 25 50 549 238 142 233 65 717 25 42 22 25 42 27
internal_value=-4.29352e-05 0.000738683 0.0012831 0.00194672 -0.000829141 0.00314601 0.0115995 -0.00982906 -0.0222974 0.0223883 -0.0337676 -0.0120563 -0.0457598 -0.0445267 -0.058258 -0.0318318
internal_weight=1189.69 1162.69 1149.08 1133.29 879.849 742.261 253.445 84.7201 137.588 168.725 26.9976 15.443 15.7848 13.6126 11.5851 10.6218
internal_count=5465 5282 5208 5119 3977 3363 1142 375 614 767 183 94 89 74 64 69
is_linear=0
shrinkage=0.05


Tree=36
num_leaves=31
num_cat=0
split_feature=1 4 10 7 10 4 1 4 4 11 4 4 0 4 10 8 0 4 11 1 4 10 1 1 8 4 8 4 10 8
split_gain=11.9555 21.4327 14.8738 23.6135 20.7944 12.1361 12.1623 26.3008 17.7191 11.006 10.5568 36.4805 26.2475 10.4939 15.9795 20.5277 7.09798 9.28305 7.0648 7.01005 7.71427 6.76184 6.41228 5.40002 2.66818 2.1414 1.62229 1.07988 0.36837 0.0683421
threshold=48.45000000000001 0.016550000000000006 0.44190000000000007 4.8060000000000004e-05 0.37620000000000003 0.013800000000000002 42.250000000000007 0.00055000000000000003 0.0011500000000000002 1.0250000000000001 0.00025000000000000006 0.00055000000000000003 60.500000000000007 0.00015000000000000004 0.30970000000000003 176451747.00000003 61.500000000000007 0.00175 0.91500000000000015 55.050000000000004 0.00055000000000000003 0.28690000000000004 51.850000000000001 55.150000000000013 88819100.000000015 0.020750000000000005 150280300.00000003 0.073900000000000007 0.39660000000000001 108297830.00000001
decision_type=2 2 2 2 2 2 2 2 2 2 2 2 2 2 2 2 2 2 2 2 2 2 2 2 2 2 2 2 2 2
left_child=1 5 3 4 18 6 7 21 -9 25 12 -12 -8 14 -5 -16 17 -4 23 20 -15 -1 -6 -2 -18 -3 29 -27 -24 -26
right_child=2 9 16 13 22 -7 10 8 -10 -11 11 -13 -14 19 15 -17 24 -19 -20 -21 -22 -23 28 -25 26 27 -28 -29 -30 -31
leaf_value=-0.0021880857932212944 0.0064990453795231483 0.082281396883332567 -0.04351546439571561 -0.071821487485733845 0.0084663610581737353 -0.073305620992218254 0.080123676050399467 0.079579765418782797 -0.0090515246262677738 -0.023772403693569213 0.027762885002881838 -0.017035289609986601 -0.03707439864518091 -0.059174626944312886 0.051927111038289134 -0.061101756089559728 0.017660746784528218 0.050006722735769726 0.059585143393020006 0.010344505851405866 -0.014567346408995138 -0.0505660094030492 0.096259801860168762 -0.0036901666612105264 0.07367980435025534 0.023533584278274178 0.028485591764641324 0.055745880300249309 0.067693985631848919 0.055096792671126375
leaf_weight=33.92970284819603 423.25591090321541 6.0082126557827058 5.499643608927725 5.655667349696162 4.7061306536197689 7.1871004253625861 5.0207519084215155 17.398584052920345 8.1513302028179151 5.3409889340400687 57.805959179997444 210.3387413918972 67.953723877668381 29.31556049734354 15.268701463937761 5.3135716915130606 5.5632488876581219 4.9407491683959961 5.5535446405410758 6.5844585299491873 15.077082842588423 9.1670627444982511 4.1715292632579795 186.92504821717739 8.8830205798149127 5.1975128501653654 4.2734771817922583 7.9857081323862076 8.2501686513423902 6.1782257109880439
leaf_count=146 1855 25 25 27 22 34 21 76 34 25 246 950 343 181 71 25 39 23 23 36 71 60 20 887 41 21 20 37 40 41
internal_value=-4.5008e-05 -0.00656893 0.00381255 0.00222697 0.00541935 -0.00925399 -0.00810074 0.011052 0.0511833 0.0387157 -0.0119718 -0.00735242 -0.028844 -0.0238466 0.00166653 0.0223512 0.0354355 0.000322593 0.0038941 -0.0370537 -0.0442038 -0.0126875 0.05962 0.00336936 0.0498991 0.0563984 0.0587792 0.0436953 0.0783786 0.0668004
internal_weight=1186.9 441.485 745.416 710.077 632.862 416.953 409.766 68.6467 25.5499 24.5324 341.119 268.145 72.9745 77.215 26.2379 20.5823 35.3384 10.4404 615.735 50.9771 44.3926 43.0968 17.1278 610.181 24.898 19.1914 19.3347 13.1832 12.4217 15.0612
internal_count=5465 2018 3447 3258 2847 1910 1876 316 110 108 1560 1196 364 411 123 96 189 48 2765 288 252 206 82 2742 141 83 102 58 60 82
is_linear=0
shrinkage=0.05


Tree=37
num_leaves=28
num_cat=0
split_feature=1 4 7 4 3 3 3 3 1 3 3 0 10 1 1 1 3 3 1 0 3 3 10 1 1 10 1
split_gain=11.5391 11.5519 9.70066 15.7884 10.1642 34.5522 37.8431 14.678 13.0862 11.3373 16.6539 11.9178 8.22568 7.85864 7.76057 18.2541 7.54315 11.5945 6.79744 5.60581 5.22593 4.99379 2.35293 1.39437 0.583183 0.119302 0.0498669
threshold=59.45000000000001 0.0021500000000000004 0.00010059000000000002 0.00055000000000000003 0.005850000000000001 0.0064500000000000009 0.0070500000000000016 0.0053500000000000015 55.150000000000013 0.004850000000000001 0.0043500000000000006 62.500000000000007 0.35080000000000006 66.350000000000009 50.150000000000013 43.95000000000001 0.0117 0.016000000000000004 47.350000000000001 64.500000000000014 0.0078500000000000011 0.028950000000000004 0.32360000000000005 61.850000000000001 72.950000000000017 0.38110000000000005 49.550000000000004
decision_type=2 2 2 2 2 2 2 2 2 2 2 2 2 2 2 2 2 2 2 2 2 2 2 2 2 2 2
left_child=2 12 4 -4 7 18 -7 9 -8 10 -1 -11 13 16 15 -5 20 -18 -6 21 -2 -15 -20 -3 -21 -14 -9
right_child=1 23 3 14 5 6 8 26 -10 11 -12 -13 25 19 -16 -17 17 -19 22 24 -22 -23 -24 -25 -26 -27 -28
leaf_value=0.0099323827536251762 0.0048178954362769946 0.028305271885281515 -0.056490122659064418 0.062822754462672922 -0.004446224916985075 -0.066156152683628483 0.0024292158398800038 -0.070044025530161411 -0.017122211937745477 0.041575241098380594 -0.063302726479045016 -0.044272304328642487 0.039201725130666214 0.01975617818112136 0.055712841928921022 -0.067998851450009334 -0.054164217607733947 0.014691673985196232 0.0715343069876518 -0.03166458994670384 0.058506201019293214 -0.044902469562339946 0.038035825152462212 0.060234350108946504 -0.061796915991893533 0.060787358416788298 -0.048657076816407824
leaf_weight=15.217411875724794 7.693374007940295 5.9601175040006664 20.143305838108063 4.3252526521682757 4.4677922129631069 21.765274442732334 824.7748841792345 10.342683151364325 95.379951380193233 16.218781307339672 15.489113360643385 5.2353715747594824 4.0903376191854459 9.2961961030960065 5.7399266809225074 6.5607068836688995 7.8406300097703925 26.430750116705894 18.483742445707325 4.0499219000339508 11.813899323344229 4.2742546647787103 9.0064848214387876 13.219304129481314 5.7465282827615738 5.1180550456047058 3.4006199091672888
leaf_count=68 33 31 152 24 23 125 3663 52 434 70 77 22 23 44 26 34 36 120 79 18 57 23 42 99 35 34 21
internal_value=-4.09268e-05 0.0157247 -0.00159238 -0.0268002 -0.000693672 0.000588193 -0.00114387 -0.019684 0.000395511 -0.00741374 -0.0269324 0.020286 0.00783357 0.00240509 0.00899474 -0.0154665 0.0129786 -0.00102751 0.0516388 -0.0216682 0.0377199 -0.00042295 0.0609182 0.0507698 -0.0502911 0.0522604 -0.065503
internal_weight=1182.08 105.533 1076.55 36.7692 1039.78 973.878 941.92 65.904 920.155 52.1607 30.7065 21.4542 86.3539 77.1456 16.6259 10.886 53.7787 34.2714 31.958 23.3669 19.5073 13.5705 27.4902 19.1794 9.79645 9.20839 13.7433
internal_count=5465 553 4912 236 4676 4366 4222 310 4097 237 145 92 423 366 84 58 246 156 144 120 90 67 121 130 53 57 73
is_linear=0
shrinkage=0.05


Tree=38
num_leaves=31
num_cat=0
split_feature=2 1 3 3 3 0 2 1 1 9 2 2 0 11 2 9 2 3 1 7 1 3 3 1 2 2 1 0 10 1
split_gain=11.6233 10.9972 30.4202 48.9228 42.3738 28.769 16.7986 15.6703 30.1885 13.341 12.6237 11.6561 21.5622 21.5747 13.6425 12.8446 24.9439 15.5539 20.848 14.0283 12.1949 10.1882 7.30763 7.20999 6.635 6.13119 5.86238 7.20998 5.32994 1.22006
threshold=48.650000000000006 51.750000000000007 0.016350000000000003 0.012050000000000002 0.019150000000000004 61.500000000000007 26.600000000000005 55.150000000000013 56.45000000000001 0.59335000000000016 12.550000000000002 18.250000000000004 60.500000000000007 1.0000000180025095e-35 17.350000000000005 0.59740000000000004 20.350000000000005 0.40495000000000009 48.45000000000001 0.00083922500000000008 48.95000000000001 0.54385000000000006 0.016550000000000006 58.150000000000013 21.550000000000004 53.45000000000001 52.95000000000001 62.500000000000007 0.34925000000000006 52.45000000000001
decision_type=2 2 2 2 2 2 2 2 2 2 2 2 2 2 2 2 2 2 2 2 2 2 2 2 2 2 2 2 2 2
left_child=1 11 3 5 22 10 -7 9 -9 -6 -3 12 20 14 -14 17 28 18 -13 -18 -1 -19 -4 -5 -25 -2 27 -27 -17 -24
right_child=25 2 4 23 7 6 -8 8 -10 -11 -12 15 13 -15 -16 16 19 21 -20 -21 -22 -23 29 24 -26 26 -28 -29 -30 -31
leaf_value=0.083991877158424585 -0.061160008478432407 0.065042418643748032 0.010093426230522706 -0.070467404039738543 0.027956700663482256 0.0089079867118838883 0.05510288132785688 -0.052601112878162229 0.011349706932706899 -0.029296676757966756 -0.029483913774962435 -0.0014126984465012314 -0.014454861457070254 0.089776607369764547 -0.056402421253718416 0.074156458603805722 -0.047657456418125563 -0.076971785792523006 0.023132794643642873 0.040938334623394156 -0.013196710698100975 0.01129309403694095 0.05298739189568711 -0.07216355208968038 -0.00092656748537684017 0.065026002864701324 -0.057556584589416142 -0.020975659191470469 0.0010987946375667459 0.077276458743931686
leaf_weight=8.6043806672096235 11.055011890828611 3.6578645557165137 5.8439460247755042 27.585467904806137 96.584832683205605 76.616876110434532 26.584628835320473 25.260227531194687 67.475819818675518 11.206281736493109 53.579243913292885 285.54404976963997 185.60358988493681 4.5578615069389334 21.701049029827118 6.5868629366159421 39.951412305235863 9.4285384565591794 123.79767487943172 4.8911878019571295 4.9634168148040763 4.8032984584569922 9.6254637688398343 4.9922765493392935 9.5442969352006894 3.6384206861257535 4.7059768810868254 6.8098560720682144 4.213639110326767 28.185828879475594
leaf_count=37 89 16 24 132 425 368 131 117 362 52 249 1220 884 19 110 29 223 42 522 27 21 20 42 23 42 17 37 40 23 122
internal_value=-4.02486e-05 0.000706302 0.00684602 -0.00745974 0.018732 0.00511116 0.020898 0.00897058 -0.0060538 0.0219365 -0.0232529 -0.00317958 -0.0125549 -0.0164925 -0.0188952 0.00122197 -0.0213265 0.0042002 0.00600225 -0.0378131 0.0482358 -0.0469622 0.063333 -0.0553582 -0.0260589 -0.0329048 -0.011699 0.00883137 0.0463845 0.0713813
internal_weight=1177.6 1151.39 446.743 202.561 244.182 160.439 103.202 200.527 92.736 107.791 57.2371 704.647 225.43 211.863 207.305 479.217 55.6431 423.574 409.342 44.8426 13.5678 14.2318 43.6552 42.122 14.5366 26.2093 15.1543 10.4483 10.8005 37.8113
internal_count=5465 5282 2105 961 1144 764 499 956 479 477 265 3177 1071 1013 994 2106 302 1804 1742 250 58 62 188 197 65 183 94 57 52 164
is_linear=0
shrinkage=0.05


Tree=39
num_leaves=18
num_cat=0
split_feature=2 2 8 4 3 3 3 4 1 8 2 1 5 3 5 4 10
split_gain=10.7922 10.2591 11.6126 10.7245 27.6435 21.9298 20.4682 22.6466 15.8655 11.3715 5.89661 5.52696 6.49395 2.97517 0.994842 1.02371 0.483391
threshold=48.650000000000006 10.600000000000001 481989614.50000006 0.0019500000000000001 0.038750000000000007 0.029650000000000006 0.19675000000000004 0.020750000000000005 46.250000000000007 91907323.500000015 53.45000000000001 52.95000000000001 0.56500000000000006 0.0047500000000000007 0.55500000000000016 0.0019500000000000001 0.31945000000000007
decision_type=2 2 2 2 2 2 2 2 2 2 2 2 2 2 2 2 2
left_child=1 14 3 4 5 -3 8 -8 -5 -6 -2 12 -12 -4 15 -1 -15
right_child=10 2 13 6 9 -7 7 -9 -10 -11 11 -13 -14 16 -16 -17 -18
leaf_value=-0.014830048088737417 -0.060519709090397458 0.00055433349038822672 -0.0037781596168227393 -0.007700604059741354 -0.026856206037250693 0.033790089849474507 -0.036812970956118699 0.015283915384897016 0.029248408330390108 0.017791169568337369 0.06142807242694253 -0.056942428669037884 -0.020131472945053026 -0.036724025227190475 -0.064406365961313036 -0.050893088626253906 -0.06520776547696755
leaf_weight=5.0099335163831693 10.625321887433531 678.02884454280138 3.9337917491793624 37.117424130439758 119.83565174043179 53.484145060181618 39.392763808369637 43.975095897912979 129.84336552023888 15.976929634809492 3.6641072034835798 4.5245728492736808 6.746490091085434 3.8765134513378126 4.1854994446039191 4.0335066169500351 7.0307452082633972
leaf_count=26 89 3125 25 155 533 238 175 200 612 81 17 37 40 24 24 24 40
internal_value=-4.01945e-05 0.00067371 0.00119117 0.00178068 -0.000845567 0.00299547 0.0108967 -0.00928748 0.0210046 -0.0215579 -0.032113 -0.011303 0.00840979 -0.0425843 -0.0429262 -0.0318422 -0.0559643
internal_weight=1171.28 1145.72 1132.5 1117.65 867.326 731.513 250.329 83.3679 166.961 135.813 25.5605 14.9352 10.4106 14.8411 13.2289 9.04344 10.9073
internal_count=5465 5282 5208 5119 3977 3363 1142 375 767 614 183 94 57 89 74 50 64
is_linear=0
shrinkage=0.05


Tree=40
num_leaves=31
num_cat=0
split_feature=1 3 3 3 0 8 9 1 1 1 1 4 4 3 3 4 0 1 3 3 3 1 1 3 3 1 3 0 4 1
split_gain=9.71853 26.7898 44.8442 41.1699 24.6308 18.4235 15.8012 14.7789 12.8126 12.6225 27.7568 15.985 12.2065 10.2338 9.09618 11.0751 24.4057 33.8405 19.751 20.7936 33.8384 17.3934 12.9933 8.36906 6.88284 6.86753 5.65695 4.51624 4.11091 3.96394
threshold=51.750000000000007 0.016350000000000003 0.012050000000000002 0.019150000000000004 61.500000000000007 150492975.00000003 0.69555000000000011 74.800000000000026 52.350000000000001 55.150000000000013 56.45000000000001 0.0018500000000000003 0.00045000000000000004 0.029100000000000004 0.004850000000000001 0.00015000000000000004 62.500000000000007 50.250000000000007 0.0084500000000000009 0.016350000000000003 0.017350000000000001 40.250000000000007 34.650000000000013 0.0051500000000000009 0.016550000000000006 58.150000000000013 0.013650000000000001 60.500000000000007 0.00025000000000000006 41.150000000000013
decision_type=2 2 2 2 2 2 2 2 2 2 2 2 2 2 2 2 2 2 2 2 2 2 2 2 2 2 2 2 2 2
left_child=14 2 4 24 5 8 7 -6 -2 12 -11 -12 -5 -14 -1 16 23 29 21 22 -21 -17 -20 -16 -3 -4 -27 -25 -23 -18
right_child=1 3 25 9 6 -7 -8 -9 -10 10 11 -13 13 -15 15 18 17 -19 19 20 -22 28 -24 27 -26 26 -28 -29 -30 -31
leaf_value=-0.041755864577367283 0.031628139104346774 0.0095846378484429652 -0.068582934351786876 0.061154065804783365 0.028824593688923972 0.069777452596921405 -0.050363557555265448 -0.057229830116463924 -0.040654212573862245 -0.050898852331938131 -0.0090646575202294362 0.040813627019595858 0.063448188743497655 0.0069721759707456511 -0.011469098328050832 0.031899794451349349 -0.0051084533172146406 0.058155728108504737 -0.064357615948690411 -0.092264741467250388 -0.0050099140357578644 -0.054729869373241806 0.020863889759332857 0.069802578365148013 0.06920537862205367 -0.068893321047510225 -0.0022385703923825159 0.033882477286545414 -0.0094458630034136883 -0.053033027665754108
leaf_weight=15.252237893640993 6.9345038384199134 5.8351073563098899 27.414375081658363 14.638395965099333 91.717269219458103 4.8550509959459296 7.5473547279834738 5.1482925266027442 45.247889414429665 25.235168121755123 40.615878716111183 26.326291084289551 8.7688748463988286 88.763413965702057 7.1766600012779227 7.9290607869625083 5.6187832951545742 11.190181061625479 4.5529503524303427 11.306322529911993 445.40421486645937 35.768359512090683 103.53486536443233 13.97893315553665 37.065401300787926 4.7891422659158698 9.6192587018012983 27.082441836595535 6.2002231031656256 23.110711276531219
leaf_count=84 32 24 140 66 443 22 36 33 211 122 195 167 43 410 31 33 23 53 26 47 1984 200 465 59 164 23 42 123 39 125
internal_value=-4.25352e-05 0.00570904 -0.0077191 0.0167677 0.00421383 -0.0221456 0.0186684 0.024145 -0.0309109 0.00737862 -0.00628598 0.010508 0.0186478 0.0121608 -0.00365818 -0.00281851 0.0137295 -0.0150816 -0.00520176 -0.00252535 -0.00720066 -0.0353308 0.0171717 0.0376577 0.0612535 -0.0538038 -0.0250604 0.0463725 -0.0481971 -0.0438838
internal_weight=1168.63 450.522 203.273 247.249 161.45 57.0374 104.413 96.8656 52.1824 204.348 92.1773 66.9422 112.171 97.5323 718.106 702.854 88.1577 39.9197 614.696 564.798 456.711 49.8976 108.088 48.238 42.9005 41.8228 14.4084 41.0614 41.9686 28.7295
internal_count=5465 2173 982 1191 777 265 512 476 243 1003 484 362 519 453 3292 3208 414 201 2794 2522 2031 272 491 213 188 205 65 182 239 148
is_linear=0
shrinkage=0.05


Tree=41
num_leaves=31
num_cat=0
split_feature=1 7 7 3 3 3 3 3 3 3 0 10 3 3 1 1 3 3 1 3 0 3 1 3 8 8 0 7 8 1
split_gain=9.38689 9.02044 11.8967 8.09994 29.8345 34.5459 13.8734 11.0238 9.70998 14.7654 10.9627 7.89697 7.64462 7.27587 12.1024 6.44443 5.98311 8.38002 5.9393 5.27473 4.70379 5.77534 4.61996 3.22357 2.37725 1.26198 0.794625 0.441952 1.81172 0.0404976
threshold=59.45000000000001 0.00010059000000000002 0.00083922500000000008 0.005850000000000001 0.0064500000000000009 0.0070500000000000016 0.0053500000000000015 0.038750000000000007 0.004850000000000001 0.0043500000000000006 62.500000000000007 0.32690000000000002 0.021150000000000006 0.011950000000000002 69.800000000000011 61.850000000000001 0.016000000000000004 0.019150000000000004 47.350000000000001 0.041600000000000005 65.500000000000014 0.041150000000000006 44.150000000000013 0.17060000000000003 173002764.50000003 108297830.00000001 62.500000000000007 0.00039127500000000001 136358299.40000004 49.150000000000013
decision_type=2 2 2 2 2 2 2 2 2 2 2 2 2 2 2 2 2 2 2 2 2 2 2 2 2 2 2 2 2 2
left_child=1 3 19 6 18 -6 8 -7 9 -1 -10 12 13 14 15 -2 26 -18 -5 27 21 -14 -4 -23 -20 -13 -15 -3 -29 -8
right_child=11 2 22 4 5 7 29 -9 10 -11 -12 25 20 16 -16 -17 17 -19 24 -21 -22 23 -24 -25 -26 -27 -28 28 -30 -31
leaf_value=0.010240657095421293 0.010223501534089961 -0.065780015841433073 0.060869429243361223 -0.0038384547077234227 -0.064885877215941287 0.0049843019707348311 -0.068517517844930584 -0.0062110910418316494 0.039975024321096668 -0.059514059826896615 -0.042699587814768708 0.018636167850228282 0.069930913862414804 -0.03183066941047448 -0.037375048967077128 0.066640609831794137 0.038774534291163579 -0.030639141138158518 0.066759482783857724 0.0067164357825240332 -0.019881896661309233 0.0085398434302017771 -0.0083734576860830297 0.054617875261957383 0.030621077915737194 0.060865295433413652 -0.066310354426955362 -0.055953176639758198 -0.0085942304949164147 -0.047672603145922643
leaf_weight=15.1033972799778 11.835679918527608 8.0677577406168037 4.0372914075851423 4.4283056408166912 20.618862047791481 537.96979637444019 9.5131238549947721 371.64449685066938 16.220606386661533 14.892416618764399 5.175051122903823 2.7658433169126502 8.5445862710475939 3.9729420244693774 7.7322646379470816 9.1474938094615919 7.0252191573381451 11.010945424437521 19.624320670962337 4.0741899013519278 4.2543202191591254 15.449846282601358 5.4722644537687302 5.1246333941817275 7.0389389991760245 9.5095305219292623 5.392316609621048 10.455321602523325 2.8704028874635688 3.4850203096866599
leaf_count=68 52 46 24 23 125 2390 50 1707 70 77 22 28 41 19 44 48 31 49 89 20 22 89 25 33 32 69 28 102 19 23
internal_value=-4.35249e-05 -0.00144002 -0.026376 -0.000582327 0.000563339 -0.00104414 -0.0177388 0.000404482 -0.00591152 -0.0243079 0.01964 0.01445 0.00919364 -0.00200016 0.0154623 0.0352548 -0.0204715 -0.00326159 0.0486672 -0.044211 0.028115 0.0353425 0.0208309 0.0204673 0.057556 0.0519819 -0.0527024 -0.0541284 -0.0462643 -0.063717
internal_weight=1162.46 1060.69 34.9772 1025.71 961.325 930.233 64.3896 909.614 51.3915 29.9958 21.3957 101.766 89.4902 56.1169 28.7154 20.9832 27.4014 18.0362 31.0916 25.4677 33.3734 29.1191 9.50956 20.5745 26.6633 12.2754 9.36526 21.3935 13.3257 12.9981
internal_count=5465 4912 236 4676 4366 4222 310 4097 237 145 92 553 456 271 144 100 127 80 144 187 185 163 49 122 121 97 47 167 121 73
is_linear=0
shrinkage=0.05


Tree=42
num_leaves=18
num_cat=0
split_feature=2 2 8 4 3 3 3 4 9 3 2 1 0 3 0 4 10
split_gain=9.83277 9.44608 10.2536 10.2673 23.6636 19.5948 18.3743 20.5829 18.3658 14.8293 5.67373 5.19509 5.7571 3.12002 0.94934 0.93813 0.60072
threshold=48.650000000000006 10.600000000000001 481989614.50000006 0.0019500000000000001 0.038750000000000007 0.029650000000000006 0.19675000000000004 0.016700000000000003 0.33765000000000006 0.045450000000000011 53.45000000000001 52.95000000000001 62.500000000000007 0.0047500000000000007 61.500000000000007 0.0019500000000000001 0.31945000000000007
decision_type=2 2 2 2 2 2 2 2 2 2 2 2 2 2 2 2 2
left_child=1 14 3 4 5 -3 9 -8 -6 -5 -2 12 -12 -4 15 -1 -15
right_child=10 2 13 6 8 -7 7 -9 -10 -11 11 -13 -14 16 -16 -17 -18
leaf_value=-0.014550558696025562 -0.059762925059989182 0.00034840051315623627 -0.00051124452106804093 -0.037765626458931195 -0.026183506131324315 0.031935200003182701 -0.040425352496988039 0.010871443260648277 0.036284035921104921 0.02406985073193528 0.057931011336208586 -0.056253121181275345 -0.018939931341074502 -0.033576967564053005 -0.063179941851611229 -0.049533862269287146 -0.064621222160269859
leaf_weight=4.990401163697241 10.15851627290249 670.05883789807558 3.7874764129519454 10.190865755081175 121.75495900213718 52.912078127264977 31.407497078180313 51.243532612919807 12.873402461409567 155.79517123103142 3.6785573661327344 4.3081195354461661 6.6507908999919891 3.6284009367227537 4.0241488814353934 3.9007894545793533 6.8542355448007584
leaf_count=26 89 3125 25 50 549 238 142 233 65 717 17 37 40 24 24 24 40
internal_value=-4.28251e-05 0.000635549 0.00113172 0.00168103 -0.000907576 0.00267116 0.0106265 -0.00858628 -0.0201506 0.0202228 -0.0311301 -0.0106487 0.00824943 -0.0408185 -0.0417051 -0.0308349 -0.054767
internal_weight=1158.22 1133.42 1120.51 1106.24 857.599 722.971 248.637 82.651 134.628 165.986 24.796 14.6375 10.3293 14.2701 12.9153 8.89119 10.4826
internal_count=5465 5282 5208 5119 3977 3363 1142 375 614 767 183 94 57 89 74 50 64
is_linear=0
shrinkage=0.05


Tree=43
num_leaves=22
num_cat=0
split_feature=2 7 4 8 2 4 1 4 3 4 1 1 4 2 1 3 13 2 1 1 1
split_gain=9.13071 9.3932 16.0119 11.3738 11.0571 16.1874 16.9964 17.9029 14.2819 21.6503 16.6282 9.98763 9.70871 5.45825 4.90161 4.65115 4.47873 2.86294 1.05036 0.792071 0.10313
threshold=48.650000000000006 0.00010059000000000002 0.00055000000000000003 116193620.00000001 18.050000000000004 0.037250000000000005 45.850000000000001 0.00015000000000000004 0.42440000000000005 0.016550000000000006 48.45000000000001 50.150000000000013 0.044250000000000005 53.45000000000001 52.95000000000001 0.014700000000000003 -9.4899999999999967 60.45000000000001 50.050000000000004 51.350000000000001 35.550000000000004
decision_type=2 2 2 2 2 2 2 2 2 2 2 2 2 2 2 2 2 2 2 2 2
left_child=1 4 20 11 5 6 15 -8 9 10 -6 -4 19 -2 17 -1 -14 -15 -11 -10 -3
right_child=13 2 3 -5 8 -7 7 -9 12 18 -12 -13 16 14 -16 -17 -18 -19 -20 -21 -22
leaf_value=-0.016366347139885364 -0.059190195082607346 -0.037042084063810043 -0.067500206960495746 0.058226277570635268 -0.004093268912523546 0.067409625259514203 0.016736550961815391 -0.010725114808251102 -0.073524874073471122 0.081952191152997844 0.011516966550121728 0.033067752237632829 -0.043010313716693754 0.041590246306558533 -0.055700347970261591 -0.05729898089221365 0.02040646926091659 -0.012007002305526815 0.050064868639267117 -0.042462294361670365 -0.058454037279746324
leaf_weight=11.447680555284025 9.7551561519503611 2.7750551551580456 5.5982981026172656 7.1733067333698264 293.16305624693632 7.2806680649518958 78.832402244210243 238.30188851803541 7.8512760847806948 7.1402217745780927 406.63707250356674 4.2000110596418381 4.0421364158391944 3.8653102368116361 4.1386172771453849 19.747712835669518 8.3873854428529722 6.4201061129570007 7.3211521655321121 4.9553806483745575 16.307973057031631
leaf_count=63 89 23 29 41 1280 34 359 1123 36 30 1901 24 20 18 37 95 38 39 32 22 132
internal_value=-4.52385e-05 0.000601557 -0.0244659 0.0106055 0.00143359 -0.00580402 -0.00736757 -0.00387988 0.00492109 0.00623475 0.00497067 -0.0239884 -0.03194 -0.0303877 -0.0102906 -0.0425381 0 0.00786019 0.0666071 -0.0623151 -0.0558103
internal_weight=1155.34 1131.16 36.0546 16.9716 1095.11 355.61 348.33 317.134 739.498 714.262 699.8 9.79831 25.2362 24.1792 14.424 31.1954 12.4295 10.2854 14.4614 12.8067 19.083
internal_count=5465 5282 249 94 5033 1674 1640 1482 3359 3243 3181 53 116 183 94 158 58 57 62 58 155
is_linear=0
shrinkage=0.05


Tree=44
num_leaves=13
num_cat=0
split_feature=3 3 3 4 3 3 1 1 3 10 3 1
split_gain=9.21606 20.7835 14.1471 16.9707 8.94395 37.8995 23.9885 10.4116 9.86518 7.87065 5.5856 1.86056
threshold=0.0039500000000000013 0.0041000000000000003 0.004850000000000001 1.0000000180025095e-35 0.0064500000000000009 0.0069500000000000004 50.250000000000007 70.750000000000014 0.0050500000000000015 0.45210000000000006 0.0055500000000000002 51.050000000000004
decision_type=2 2 2 2 2 2 2 2 2 2 2 2
left_child=-1 -2 3 -3 6 7 8 -6 -4 -7 -8 -5
right_child=1 2 4 11 5 9 10 -9 -10 -11 -12 -13
leaf_value=-0.071604455107625767 0.083390030550896721 0.022752809028193315 0.029557320754428976 -0.050896591496379623 -0.064054243954574028 0.00015006585399988864 0.014309262833182007 0.032648200278872247 -0.031023691986290777 0.023470737479946376 0.059383433628444775 -0.089826499027642115
leaf_weight=4.3824772834777823 7.3646207600831977 7.2673415690660486 9.3920138478279132 8.3860322684049589 28.395579025149349 981.39465522766113 10.009998880326746 2.9522431939840308 22.552164748311043 37.484972946345806 25.026619762182236 6.9028929471969613
leaf_count=18 31 31 41 57 209 4540 48 20 116 208 118 28
internal_value=-4.63859e-05 0.000228853 -0.000311377 -0.0394296 0.000477397 -0.000648537 0.0181807 -0.0547132 -0.0130194 0.00101517 0.0467254 -0.0692677
internal_weight=1151.51 1147.13 1139.76 22.5563 1117.21 1050.23 66.9808 31.3478 31.9442 1018.88 35.0366 15.2889
internal_count=5465 5447 5416 116 5300 4977 323 229 157 4748 166 85
is_linear=0
shrinkage=0.05


Tree=45
num_leaves=28
num_cat=0
split_feature=2 2 2 2 1 1 0 3 3 3 3 1 4 4 3 1 0 1 3 2 1 2 1 0 3 2 1
split_gain=8.50524 8.92367 30.4719 22.719 22.4785 22.3828 20.4867 19.1339 18.3025 37.7907 20.1796 15.6179 12.5549 16.4593 13.2521 15.5566 12.3138 12.2548 9.95996 7.26791 6.10939 5.24 4.64756 4.95726 4.06513 1.19289 0.259015
threshold=48.650000000000006 28.650000000000002 31.650000000000002 27.150000000000002 38.650000000000013 72.950000000000017 59.000000000000007 0.0062500000000000012 0.0078500000000000011 0.0064500000000000009 0.0094500000000000018 37.300000000000004 0.00085000000000000017 0.00055000000000000003 0.096950000000000022 52.050000000000004 61.500000000000007 55.250000000000007 0.012050000000000002 37.650000000000013 44.95000000000001 53.45000000000001 52.95000000000001 62.500000000000007 0.013650000000000001 24.900000000000002 50.550000000000004
decision_type=2 2 2 2 2 2 2 2 2 2 2 2 2 2 2 2 2 2 2 2 2 2 2 2 2 2 2
left_child=1 3 12 4 25 16 19 -8 9 -6 -10 -9 13 17 20 -16 24 -3 -18 -4 -14 -2 23 -23 -5 -1 -21
right_child=21 2 6 5 8 -7 7 11 10 -11 -12 -13 14 -15 15 -17 18 -19 -20 26 -22 22 -24 -25 -26 -27 -28
leaf_value=0.050695341178816702 -0.058645874104132169 0.057373972989773772 -0.0093209080721989891 -0.034460348481165061 0.0048859014580467375 0.074515206441564674 -0.070107838818557353 -0.058368467521510529 0.026473967736181866 -0.052653257532842945 -0.0010045579498550257 0.0095263587981983863 0.11599618334312843 -0.048713521353488665 -0.055236594086648688 0.068053489816713039 0 -0.0015413809955223314 -0.06739621645712944 -0.050731749995468547 0.056919026034247082 0.053402110669573746 -0.055229383409600652 -0.018034858806135728 0.025216425396898657 0.087010644751378236 -0.074419851762942774
leaf_weight=7.9609749317169172 9.3654357492923754 18.088502705097198 8.7256254553794879 4.54081943631172 67.790704809129238 4.3211284577846518 8.4179270267486555 8.7589711770415288 75.880425557494164 48.98877327889204 551.65428051352501 186.30451518297195 5.5581808984279624 8.3518865257501584 5.4268432855606061 4.6604695245623589 6.5446995645761481 16.825838506221771 32.422973096370697 4.5035681277513495 27.571849301457405 3.689650282263754 3.9908760711550704 6.5545730292797089 7.2739523500204086 4.8697201013565063 10.033904314041136
leaf_count=42 89 79 39 25 334 26 38 53 346 316 2536 845 23 34 23 29 34 75 147 21 121 17 37 40 31 20 45
internal_value=-4.44966e-05 0.000575305 0.00774691 -0.00218475 6.64647e-05 -0.0331519 -0.00186681 0.00320019 -0.00106223 -0.0192333 0.00231382 0.0064237 0.0329832 0.0137373 0.0520592 0.0013431 -0.0425402 0.0289155 -0.0560711 -0.0462256 0.0673 -0.0296906 -0.0100157 0.00747867 0.00176424 0.0654313 -0.0678198
internal_weight=1149.08 1125.48 313.228 812.248 757.145 55.1036 226.745 203.481 744.314 116.779 627.535 195.063 86.4836 43.2662 43.2173 10.0873 50.7824 34.9143 38.9677 23.2631 33.13 23.6005 14.2351 10.2442 11.8148 12.8307 14.5375
internal_count=5465 5282 1425 3857 3594 263 1041 936 3532 650 2882 898 384 188 196 52 237 154 181 105 144 183 94 57 56 62 66
is_linear=0
shrinkage=0.05


Tree=46
num_leaves=17
num_cat=0
split_feature=2 8 7 4 8 9 11 8 8 9 2 7 0 0 0 4
split_gain=8.34403 9.08581 8.45107 14.299 11.3693 14.4044 11.1063 10.3075 8.46949 12.8298 7.3922 6.43386 3.52763 2.99225 0.932564 0.889917
threshold=10.600000000000001 481989614.50000006 0.00010059000000000002 0.00055000000000000003 136482545.10000002 0.5989000000000001 0.76500000000000001 116193620.00000001 154359110.00000003 0.5867500000000001 17.750000000000004 0.00045698500000000008 62.500000000000007 62.500000000000007 61.500000000000007 0.0019500000000000001
decision_type=2 2 2 2 2 2 2 2 2 2 2 2 2 2 2 2
left_child=14 2 4 -4 5 6 -2 11 12 -10 -7 -5 -6 -3 15 -1
right_child=1 13 3 7 8 10 -8 -9 9 -11 -12 -13 -14 -15 -16 -17
leaf_value=-0.013720584346438204 0.00094873322867176566 -0.05684704959969962 -0.05468188609732072 -0.067690467089099954 0.018945620406911192 -0.070841588586589066 0.053977107919942618 0.05598786983412668 -0.035907347121459633 0.023717150061476039 -0.017627946303397115 0.013546460814120099 0.066440698556261626 -0.0067984158882116764 -0.062094036621816055 -0.048191826883101058
leaf_weight=4.9407474398612958 966.25385018065572 8.9456947892904264 17.675539679825306 4.367614150047304 6.4543285220861462 8.5392788425087911 9.8813838511705381 6.9182285964488974 11.404380790889261 41.144757211208344 29.036578923463821 5.1320160329341888 11.920731917023657 4.8658859655261031 3.8686645627021781 3.7690439820289612
leaf_count=26 4437 61 155 24 28 50 41 41 63 225 148 29 61 28 24 24
internal_value=-4.60488e-05 0.000401109 0.00090478 -0.0235602 0.0016805 0.000320513 0.00149613 0.009771 0.0210204 0.0106387 -0.0300096 -0.0235988 0.0502213 -0.0397497 -0.0403873 -0.0295828
internal_weight=1145.12 1132.54 1118.73 34.0934 1084.64 1013.71 976.135 16.4179 70.9242 52.5491 37.5759 9.49963 18.3751 13.8116 12.5785 8.70979
internal_count=5465 5391 5302 249 5053 4676 4478 94 377 288 198 53 89 89 74 50
is_linear=0
shrinkage=0.05


Tree=47
num_leaves=11
num_cat=0
split_feature=3 3 3 4 2 8 3 3 10 3
split_gain=8.06449 18.5229 12.9837 15.6268 9.06218 10.3973 10.8834 1.433 0.721644 0.277404
threshold=0.0039500000000000013 0.0041000000000000003 0.004850000000000001 1.0000000180025095e-35 10.600000000000001 656974312.00000012 0.0064500000000000009 0.091200000000000017 0.31220000000000009 0.023050000000000005
decision_type=2 2 2 2 2 2 2 2 2 2
left_child=-1 -2 3 -3 7 6 -6 9 -5 -4
right_child=1 2 4 8 5 -7 -8 -9 -10 -11
leaf_value=-0.067015935013593583 0.079613614616699649 0.021193983851906139 -0.068524035542074618 -0.074336658527927493 0.021476630159427239 -0.064050079393024179 6.6975259187097012e-05 -0.015702413844382396 -0.041499485321925079 -0.041183635805955195
leaf_weight=4.3782390207052222 7.1984426379203788 7.2855343520641336 3.6266418695449811 11.441073566675184 62.92812929302454 6.0168926194310179 1028.1484474316239 4.0157797485589972 3.4434282034635553 4.430104061961174
leaf_count=18 31 31 19 54 307 36 4884 25 31 29
internal_value=-4.66759e-05 0.000212326 -0.000295459 -0.0380981 0.000459 0.000939407 0.00130822 -0.0424364 -0.0674013 -0.0547928
internal_weight=1142.91 1138.53 1131.34 22.17 1109.17 1097.09 1091.08 12.0725 14.8845 8.05675
internal_count=5465 5447 5416 116 5300 5227 5191 73 85 48
is_linear=0
shrinkage=0.05


Tree=48
num_leaves=20
num_cat=0
split_feature=1 2 2 2 2 1 1 0 3 3 0 4 4 3 2 2 1 0 2
split_gain=8.90316 8.09075 9.54849 25.3444 21.1981 20.7542 20.3014 18.9455 18.2377 16.6813 11.5685 11.452 14.8558 11.6892 7.12057 5.02013 4.41667 4.48419 1.09502
threshold=29.450000000000003 48.650000000000006 28.650000000000002 31.650000000000002 27.150000000000002 72.950000000000017 38.650000000000013 59.000000000000007 0.0062500000000000012 0.0078500000000000011 61.500000000000007 0.00085000000000000017 0.00055000000000000003 0.096950000000000022 39.750000000000007 53.45000000000001 52.95000000000001 62.500000000000007 24.900000000000002
decision_type=2 2 2 2 2 2 2 2 2 2 2 2 2 2 2 2 2 2 2
left_child=-1 2 4 11 6 10 18 14 -9 -8 -6 12 -4 -13 -5 -3 17 -17 -2
right_child=1 15 3 7 5 -7 9 8 -10 -11 -12 13 -14 -15 -16 16 -18 -19 -20
leaf_value=-0.08040384617298979 0.048490557190211357 -0.058134001475390211 0.027394825084847176 -0.0071163754672418401 0.0017498739206500561 0.073123330070763312 -0.018478424251156981 -0.06807050380124928 0.0074424190320815965 0.0022575679728847066 -0.054566847004322266 0.063865638929097232 -0.046466075525131725 0.0013956164766478398 -0.065885432633770599 0.050653206256977834 -0.054813736713831988 -0.01733449877291645 0.083771433374691229
leaf_weight=3.3368785977363578 7.7236063331365568 8.9938125312328356 34.685133129358292 8.4910385608673113 11.730895131826399 4.1856083273887625 114.64172729104757 8.2358466088771802 191.73160832375288 625.82833858579397 38.266519203782082 33.030742570757866 8.332477852702139 9.894024729728697 13.988055467605589 3.6969072520732862 3.8582701720297328 6.5029362142086029 4.8075902312994003
leaf_count=14 42 89 154 38 56 26 650 38 886 2882 181 144 34 52 65 17 37 40 20
internal_value=-4.67033e-05 0.000191442 0.000802888 0.00828848 -0.0020515 -0.0322285 0.00011727 -0.00060243 0.00427489 -0.000948149 -0.0412763 0.0313331 0.0128975 0.0496194 -0.0440378 -0.0290585 -0.0098248 0.00707457 0.062978
internal_weight=1141.96 1138.63 1115.57 308.389 807.184 54.183 753.001 222.447 199.967 740.47 49.9974 85.9424 43.0176 42.9248 22.4791 23.0519 14.0581 10.1998 12.5312
internal_count=5465 5451 5268 1411 3857 263 3594 1027 924 3532 237 384 188 196 103 183 94 57 62
is_linear=0
shrinkage=0.05


Tree=49
num_leaves=31
num_cat=0
split_feature=1 3 3 3 0 2 2 3 1 1 2 2 2 4 10 10 1 3 3 3 10 1 2 1 2 3 2 7 3 1
split_gain=7.86422 24.778 40.9519 36.8897 21.6058 14.6116 32.4308 19.4426 12.5978 24.2606 13.7332 24.5497 22.2959 13.2913 9.18 14.559 16.4418 10.4306 30.9881 24.3685 19.8246 19.0309 37.4437 28.0311 13.4022 20.8846 9.85061 7.41042 6.55999 6.48997
threshold=51.750000000000007 0.016350000000000003 0.012050000000000002 0.019150000000000004 54.500000000000007 26.600000000000005 17.350000000000005 0.0039500000000000013 55.150000000000013 56.45000000000001 23.950000000000003 17.250000000000004 29.050000000000004 0.0018500000000000003 0.35320000000000007 0.40150000000000002 50.050000000000004 0.016350000000000003 0.017350000000000001 0.0076500000000000014 0.33655000000000007 43.050000000000004 32.650000000000013 37.300000000000004 38.20000000000001 0.0081500000000000027 43.45000000000001 2.7340000000000003e-05 0.016550000000000006 58.150000000000013
decision_type=2 2 2 2 2 2 2 2 2 2 2 2 2 2 2 2 2 2 2 2 2 2 2 2 2 2 2 2 2 2
left_child=14 2 4 28 -2 6 -6 -7 10 -10 11 -5 -12 -11 17 -16 27 19 -19 20 26 23 -23 -20 25 -21 -1 -17 -3 -4
right_child=1 3 29 8 5 7 -8 -9 9 13 12 -13 -14 -15 15 16 -18 18 21 24 -22 22 -24 -25 -26 -27 -28 -29 -30 -31
leaf_value=-0.023322370285810291 -0.060957156275668237 0.0082045588968887098 -0.067253977643758164 0.00099648740384221325 0.02580627211044291 -0.06398362776870424 -0.030444452365143388 0.046481988429846854 -0.049140869613319253 -0.008740548294237014 -0.053655007168013302 0.061003453900073515 0.022843598124563217 0.03771940223348947 -0.057682343534242335 0.024891849015112495 0.055143077905746851 -0.088173379365961924 -0.065428894091713569 0.058526579065599306 0.070853289257823693 0.0018743617754803578 -0.034495846859657439 0.043578069803539149 0.065049320514977305 0.0048628816619485579 0.055345503603211492 -0.034355921713802397 0.066624770449282361 -0.024465839187587986
leaf_weight=80.410636708140373 11.802253320813177 5.809632569551467 26.507348239421844 33.216427311301231 53.774450704455376 4.3484613001346579 48.753937043249607 36.362802810966969 24.592758897691965 39.802996814250946 14.706989064812658 35.292587235569954 26.543383248150349 24.861349575221539 19.31554139778018 6.5166760236024883 8.7855356335639936 11.142880499362944 6.8558139950036994 22.243203148245811 6.4364954531192771 265.13608549535275 96.316612519323826 37.962593361735344 15.004736974835394 97.745304986834526 4.0582254230976096 24.831053458154202 35.938871487975121 14.193898305296896
leaf_count=433 51 24 140 150 259 18 260 189 122 195 66 162 141 167 129 28 42 47 30 96 34 1162 467 159 65 442 18 140 164 65
internal_value=-4.64317e-05 0.00521942 -0.00797315 0.0159647 0.00372352 0.00912659 -0.000896756 0.0344325 0.00695955 -0.00694596 0.0183091 0.032026 -0.00437332 0.00907526 -0.00332461 -0.0221127 -0.0047685 -0.00157746 -0.00626701 0.00706467 -0.012905 -0.0039871 -0.00781027 0.0266836 0.020549 0.014893 -0.0194227 -0.0218403 0.0586536 -0.0525514
internal_weight=1139.27 436.508 195.743 240.765 155.042 143.24 102.528 40.7113 199.016 89.2571 109.759 68.509 41.2504 64.6643 702.761 59.4488 40.1333 643.313 417.414 225.899 90.9054 406.271 361.453 44.8184 134.993 119.989 84.4689 31.3477 41.7485 40.7012
internal_count=5465 2173 982 1191 777 726 519 207 1003 484 519 312 207 362 3292 339 210 2953 1865 1088 485 1818 1629 189 603 538 451 168 188 205
is_linear=0
shrinkage=0.05


Tree=50
num_leaves=27
num_cat=0
split_feature=2 2 3 1 1 2 3 3 3 3 1 2 1 9 3 3 3 13 2 1 0 1 3 1 3 1
split_gain=7.5396 7.82736 12.913 15.7301 12.0755 12.5705 11.1838 13.7767 36.6944 21.7328 16.2331 14.1714 13.9868 9.99586 7.62909 5.22402 9.72221 5.19553 4.74226 4.23765 3.83797 2.10159 1.57909 1.2242 0.830999 0.729576
threshold=48.650000000000006 18.050000000000004 1.1536500000000001 45.850000000000001 60.750000000000007 17.350000000000005 0.42440000000000005 0.013650000000000001 0.018950000000000005 0.0089500000000000014 48.45000000000001 42.95000000000001 45.95000000000001 0.66345000000000021 0.54740000000000011 0.014700000000000003 0.0089500000000000014 -9.4899999999999967 53.45000000000001 52.95000000000001 62.500000000000007 43.95000000000001 0.032350000000000011 45.95000000000001 0.018450000000000005 51.250000000000007
decision_type=2 2 2 2 2 2 2 2 2 2 2 2 2 2 2 2 2 2 2 2 2 2 2 2 2 2
left_child=1 2 3 15 5 -5 7 9 11 13 -10 -9 -11 -3 25 16 -1 -16 -2 20 -20 -22 -17 -19 -6 -8
right_child=18 6 -4 4 24 -7 14 8 10 12 -12 -13 -14 -15 17 22 -18 23 19 -21 21 -23 -24 -25 -26 -27
leaf_value=-0.058093535292561942 -0.057904732621381072 0.0098164552828509093 0.058789833513000982 -0.0017831030696543676 0.028421466367546128 -0.033076791342728083 -0.071378011172090194 0.045256253865162084 -0.0072586246990924853 -0.075119016282703288 0.012757764824576032 -0.01651050551601187 -0.017647334120471144 -0.028795020218190078 -0.047226461365503444 -0.073854789033740126 0.035421616119108337 0.036429719128497566 0.047029984944083864 -0.054592347847135639 0.013135603579180175 -0.042875148030299876 -0.042007697525749649 0 0.062310710285891552 -0.040026079507043365
leaf_weight=5.7071353420615214 8.5485574156045931 137.35299996286631 7.5205536037683478 274.93911679834127 3.9520098119974119 36.304848074913025 6.7312560081481951 79.817826732993126 200.37262070178986 12.817018099129198 204.35460028797388 10.328174859285353 62.005969941616058 18.947934813797474 4.3942661732435218 8.8700341731309909 5.1820462495088577 4.5408553779125196 3.6677720695734006 3.7729274854063979 2.9530878141522408 3.4004936590790749 10.12490391731262 4.1745965778827667 6.1080230250954628 4.6707266420125961
leaf_count=42 89 692 36 1315 21 181 32 360 860 59 984 42 298 122 22 40 21 19 17 37 15 25 54 21 39 22
internal_value=-4.4224e-05 0.000531822 -0.00553733 -0.00694544 -0.003695 -0.00545885 0.00343961 0.00456872 0.00927896 -0.00549469 0.00283634 0.0381137 -0.027646 0.0050883 -0.0296823 -0.0415975 -0.0132183 -0.00317775 -0.02874 -0.0100195 0.00664123 -0.0162669 -0.05745 0.0187479 0.0499005 -0.0594293
internal_weight=1131.56 1109.22 358.709 351.188 321.304 311.244 750.509 725.997 494.873 231.124 404.727 90.146 74.823 156.301 24.5117 29.8841 10.8892 13.1097 22.3428 13.7943 10.0214 6.35358 18.9949 8.71545 10.06 11.402
internal_count=5465 5282 1749 1713 1556 1496 3533 3417 2246 1171 1844 402 357 814 116 157 63 62 183 94 57 40 94 40 60 54
is_linear=0
shrinkage=0.05


Tree=51
num_leaves=28
num_cat=0
split_feature=7 4 8 1 1 4 3 4 4 1 9 3 0 1 3 3 3 4 1 3 4 3 4 10 1 4 1
split_gain=7.4216 13.0295 8.91697 8.3596 6.61109 16.7821 12.6414 24.7301 18.3447 14.1793 13.8743 12.4265 10.8541 21.1839 10.5542 10.2557 15.7345 23.3403 16.6263 9.21629 6.53791 3.50099 4.28788 3.46413 3.43653 0.474861 0.164245
threshold=0.00010059000000000002 0.00055000000000000003 116193620.00000001 50.150000000000013 48.45000000000001 0.016550000000000006 0.054850000000000003 0.0015500000000000004 0.0013500000000000003 49.250000000000007 0.33655000000000007 0.13695000000000004 54.500000000000007 50.750000000000007 0.016200000000000003 0.0070500000000000016 0.016350000000000003 0.00035000000000000005 43.050000000000004 98.225550000000013 0.0044500000000000008 0.52960000000000007 0.073900000000000007 0.31865000000000004 39.250000000000007 0.0010500000000000004 35.550000000000004
decision_type=2 2 2 2 2 2 2 2 2 2 2 2 2 2 2 2 2 2 2 2 2 2 2 2 2 2 2
left_child=4 26 3 -3 5 15 7 12 25 -9 11 -10 13 -6 -14 23 17 -17 -18 21 -12 -7 -23 24 -1 -8 -2
right_child=1 2 -4 -5 6 19 8 9 10 -11 20 -13 14 -15 -16 16 18 -19 -20 -21 -22 22 -24 -25 -26 -27 -28
leaf_value=0 -0.033181736543599995 -0.064222247725288659 0.05363828985793339 0.03061965645849617 0.066758611221709799 0.079946053752549831 -0.044079100704086459 -0.024170402781755466 -0.021239530206863432 0.068264706315096124 0.061526627719850381 0.0072160286515311357 0.00022949333558402028 -0.055064797088369005 0.01574451264241249 -0.0024450570086350445 0.017238037539902058 0.051483605417597167 -0.016812210391594966 -0.021039422828156674 -0.017379442325114194 -0.0053532830072553564 0.058374536858503079 0.0043400349566080588 -0.048167249674285428 -0.071190897587991075 -0.057060327018014438
leaf_weight=4.1712576746940639 2.4545203819870975 5.1548875272274 6.4823220074176779 4.0030032843351364 4.3855048716068294 7.516874283552176 4.3328021317720404 4.8651039451360729 79.527332283556461 24.091638907790184 11.234426006674765 73.622450321912766 266.54497770965099 17.023124687373638 186.87456779181957 72.744736760854721 42.962479844689369 27.519344642758369 210.98048650473356 5.2149576097726813 3.2499076277017585 4.1030988395214063 6.6109937876462936 4.7975585237145415 23.269473247230053 9.2658292353153211 14.335779208689926
leaf_count=19 23 29 41 24 19 32 20 24 391 122 80 353 1291 78 849 349 181 120 975 26 17 17 33 33 143 44 132
internal_value=-4.65415e-05 -0.0235858 0.00897169 -0.0223429 0.0006482 -0.00436827 0.00365738 0.00773591 -0.00765041 0.0525326 -0.00307102 -0.00753191 0.00498303 -0.0296828 0.00663702 -0.00687453 -0.00439614 0.0123434 -0.0110273 0.0365824 0.0434816 0.0533627 0.033683 -0.0338526 -0.0407031 -0.0633024 -0.0540827
internal_weight=1127.34 32.4305 15.6402 9.15789 1094.91 409.891 685.018 503.785 181.233 28.9567 167.634 153.15 474.828 21.4086 453.42 386.445 354.207 100.264 253.943 23.4459 14.4843 18.231 10.7141 32.2383 27.4407 13.5986 16.7903
internal_count=5465 249 94 53 5216 1928 3288 2383 905 146 841 744 2237 97 2140 1820 1625 469 1156 108 97 82 50 195 162 64 155
is_linear=0
shrinkage=0.05


Tree=52
num_leaves=20
num_cat=0
split_feature=2 2 4 4 4 9 4 2 2 2 1 0 2 2 1 0 1 0 4
split_gain=7.01809 7.12107 8.6487 12.5421 11.2841 20.8915 16.2143 18.3487 16.5085 12.6769 11.0986 9.94695 4.55755 4.10786 4.01844 3.45106 1.92377 0.945574 0.926517
threshold=10.600000000000001 48.650000000000006 0.0019500000000000001 0.0020500000000000002 0.0010500000000000004 0.33765000000000006 0.00095000000000000011 16.650000000000002 12.550000000000002 26.600000000000005 61.850000000000001 65.500000000000014 53.45000000000001 16.050000000000004 52.95000000000001 62.500000000000007 43.95000000000001 61.500000000000007 0.0019500000000000001
decision_type=2 2 2 2 2 2 2 2 2 2 2 2 2 2 2 2 2 2 2
left_child=17 2 4 -4 6 9 8 -8 -2 -6 11 -5 -3 -7 15 -14 -17 18 -1
right_child=1 12 3 10 5 13 7 -9 -10 -11 -12 -13 14 -15 -16 16 -18 -19 -20
leaf_value=-0.010925429718029303 0.030945212249496493 -0.057463026966195721 0.093872128052104958 0.0076964451428604272 -0.036670832089766361 0.069005971382816486 -0.063069859907372974 0.04104064280786681 -0.0028660363579362243 -0.0039744799355893477 0.057375980518963123 -0.040646524576142908 0.044871609475028024 0.010206104791031243 -0.054106503478860715 0.012383440575373871 -0.041665520606524883 -0.060452491254596744 -0.046390268094210207
leaf_weight=4.8128849565982801 38.190598145127296 8.122730955481531 4.2102581411600104 218.10426929593086 63.53884069621563 7.5453512966632825 4.604358881711959 40.206598430871964 628.89959160611033 56.253059595823288 10.653126291930674 11.062127128243445 3.6514872610568982 5.284650981426239 3.6080861315131179 2.9505399391055107 3.2692604884505272 3.6047886162996283 3.596348375082016
leaf_count=26 187 89 17 985 299 38 22 187 3042 257 99 53 17 22 37 15 25 24 24
internal_value=-4.4277e-05 0.000364261 0.000934024 0.00922575 -0.00145681 -0.0148441 0.00103185 0.0301153 -0.000918516 -0.0213748 0.00768035 0.00532435 -0.0279883 0.0454394 -0.00956613 0.00659187 -0.0154444 -0.0378994 -0.0270471
internal_weight=1122.17 1110.15 1088.55 244.03 844.523 132.622 711.901 44.811 667.09 119.792 239.82 229.166 21.6021 12.83 13.4794 9.87129 6.2198 12.014 8.40923
internal_count=5465 5391 5208 1154 4054 616 3438 209 3229 556 1137 1038 183 60 94 57 40 74 50
is_linear=0
shrinkage=0.05


Tree=53
num_leaves=21
num_cat=0
split_feature=1 2 2 0 2 3 3 3 1 2 2 10 2 0 3 3 1 2 3 3
split_gain=7.65289 6.85531 24.1104 21.2937 16.1667 12.0036 21.5143 13.0663 9.65448 15.6741 14.3669 14.3316 13.7816 13.2727 9.53253 10.9203 10.3824 2.61334 0.990227 0.703229
threshold=29.450000000000003 16.050000000000004 15.250000000000002 67.500000000000014 16.150000000000002 0.14260000000000003 0.013350000000000002 0.16200000000000003 42.250000000000007 41.550000000000004 40.750000000000007 0.38345000000000001 42.650000000000013 61.500000000000007 0.0054500000000000009 0.017700000000000004 50.150000000000013 44.300000000000004 0.017000000000000005 0.030550000000000004
decision_type=2 2 2 2 2 2 2 2 2 2 2 2 2 2 2 2 2 2 2 2
left_child=-1 2 3 5 19 6 -2 -7 12 10 -10 -11 13 -6 -4 18 -17 -14 -16 -3
right_child=1 4 14 -5 8 7 -8 -9 9 11 -12 -13 17 -15 15 16 -18 -19 -20 -21
leaf_value=-0.075718249102032398 0.013291927833383116 0.069841528030424302 0.011561557152546828 0.089299829493995619 0.062736073292699548 0.10210639924299501 -0.024104518718022199 0.010647809950235695 0.001460052742239884 -0.026011873497429325 0.063110911013437992 0.064216401719207922 0.083530309351407372 -0.0063006857964476269 -0.069724729118847403 -0.077395689096848436 0.018638987866892137 0.035924756601426688 -0.10073819482564224 0.039745301525043755
leaf_weight=3.231273114681243 64.855278261005878 7.4928703159093839 6.0240627899765959 6.2831896990537635 8.5629760324954969 4.7261842191219356 93.842481650412083 21.567522644996643 728.58373142406344 76.848978791385889 9.4802383035421354 4.5451351553201667 8.0851273983716947 34.993161231279373 12.474440008401876 4.4334552586078626 7.2117462754249573 5.5726919621229163 5.9271590411663047 4.7651802152395248
leaf_count=14 338 39 34 28 35 19 461 109 3452 446 47 29 33 182 73 19 33 25 24 25
internal_value=-4.35027e-05 0.000177836 -0.00756331 -0.000457447 0.0021639 -0.00357964 -0.00879142 0.0276011 0.00135737 -2.41093e-05 0.00226716 -0.0208395 0.0211967 0.00726977 -0.0450002 -0.0565069 -0.0178444 0.0648719 -0.0804749 0.0589628
internal_weight=1119.51 1116.28 227.346 191.275 888.93 184.991 158.698 26.2937 876.672 819.458 738.064 81.3941 57.214 43.5561 36.0709 30.0468 11.6452 13.6578 18.4016 12.2581
internal_count=5465 5451 1138 955 4313 927 799 128 4249 3974 3499 475 275 217 183 149 52 58 97 64
is_linear=0
shrinkage=0.05


Tree=54
num_leaves=26
num_cat=0
split_feature=7 4 8 1 2 4 2 0 4 2 1 8 8 9 1 1 2 1 2 1 2 1 8 1 2
split_gain=6.86338 12.1173 8.15392 7.62325 6.94139 12.8352 14.047 20.8571 13.3369 12.2775 13.3919 11.4687 16.1736 9.64602 7.80822 7.85627 6.02107 10.2858 4.84795 2.58634 2.04267 0.163814 0.0174794 0.00980635 0.00426691
threshold=0.00010059000000000002 0.00055000000000000003 116193620.00000001 50.150000000000013 18.050000000000004 0.037250000000000005 17.350000000000005 67.500000000000014 0.00065000000000000008 19.050000000000004 45.45000000000001 276046919.00000006 134323615.75000003 0.60925000000000018 56.250000000000007 52.050000000000004 17.450000000000003 50.750000000000007 21.550000000000004 52.850000000000001 32.250000000000007 35.550000000000004 193568228.00000003 53.250000000000007 20.950000000000003
decision_type=2 2 2 2 2 2 2 2 2 2 2 2 2 2 2 2 2 2 2 2 2 2 2 2 2
left_child=4 21 3 -3 5 6 7 8 -1 10 -6 12 13 -11 15 -12 23 -18 -14 -9 24 -2 -4 -8 -13
right_child=1 2 22 -5 9 -7 16 19 -10 11 14 20 18 -15 -16 -17 17 -19 -20 -21 -22 -23 -24 -25 -26
leaf_value=0.0028035840824795506 -0.032159244797250901 -0.06290956689137861 0.06070051166068631 0.029084025352742265 -0.053811025947783565 0.062674601531611127 -0.072176561699595063 0.090674565588218889 -0.01939862670757447 0.0020537455414913618 0.022785794580155602 -0.042584314766979006 0.076481283764413072 -0.036279413764637329 -0.020017184534055561 0.066999846601485488 -0.047428685926532217 0.014748929131732251 0.026777758349680592 0.036692440319861547 -0.016500801380638058 -0.056244064030364693 0.038305803519437603 -0.052825526258072797 -0.063206942893304502
leaf_weight=181.5560447499156 2.3767009899020257 4.9396634846925718 3.3845628201961508 3.9053811579942703 4.5687580630183211 6.7077455073595038 6.7845825701951963 5.5092001408338529 107.40219822525978 634.72703328356147 23.902954757213593 3.1555248796939832 7.5669666081666973 16.739130422472954 5.5799997448921195 18.10142982006073 15.832352451980116 11.189691632986067 15.650306783616541 4.7351058572530746 5.4918339550495139 13.723857525736092 2.9422951489686966 4.909110814332962 5.8461052253842354
leaf_count=871 23 29 21 24 21 34 33 24 524 2990 107 24 37 88 30 89 90 50 89 24 32 132 20 24 35
internal_value=-3.84604e-05 -0.0230985 0.00867619 -0.0218613 0.000623065 -0.00523333 -0.00661425 -0.00292374 -0.00543526 0.00335264 0.0267255 0.00157304 0.00252821 0.0010557 0.0346596 0.0420721 -0.0349254 -0.0215375 0.0434501 0.0668023 -0.0422613 -0.0532178 0.0518219 -0.0649936 -0.0570743
internal_weight=1117.23 31.2725 15.1719 8.84504 1085.96 344.626 337.918 299.203 288.958 741.33 52.1531 689.177 674.683 651.466 47.5844 42.0044 38.7157 27.022 23.2173 10.2443 14.4935 16.1006 6.32686 11.6937 9.00163
internal_count=5465 249 94 53 5216 1674 1640 1443 1395 3542 247 3295 3204 3078 226 196 197 140 126 48 91 155 41 57 59
is_linear=0
shrinkage=0.05


Tree=55
num_leaves=14
num_cat=0
split_feature=7 4 8 3 3 3 4 3 3 2 7 7 8
split_gain=6.39177 11.4211 7.56244 6.79825 16.6568 11.2509 14.5107 7.78423 25.2926 20.5942 5.7045 0.582596 0.0420405
threshold=0.00010059000000000002 0.00055000000000000003 116193620.00000001 0.0039500000000000013 0.0041000000000000003 0.004850000000000001 1.0000000180025095e-35 0.0064500000000000009 0.0069500000000000004 29.850000000000005 0.00045698500000000008 4.8060000000000004e-05 193568228.00000003
decision_type=2 2 2 2 2 2 2 2 2 2 2 2 2
left_child=3 -2 10 -1 -5 6 -6 9 -9 -7 -3 -8 -4
right_child=1 2 12 4 5 7 11 8 -10 -11 -12 -13 -14
leaf_value=-0.061201995298311773 -0.052504653031286153 -0.065478977880410988 0.059810152139911643 0.077063359970157744 0.021235596522678191 0.031034812571633198 -0.072198720566642532 -0.052751714365416306 0.0011920621204907945 -0.043270835676748075 0.014795642557082126 -0.041570378899890237 0.036723878137147829
leaf_weight=4.3303462266921988 15.527496531605722 3.9044560343027097 3.2676551789045325 7.0226446241140357 7.2260435223579416 52.897367313504219 10.495859563350676 22.130242817103863 964.4544395506382 11.176586627960203 4.7183354496955872 3.5080711171031007 2.9204645752906799
leaf_count=18 155 24 21 31 31 260 51 151 4577 63 29 34 20
internal_value=-3.75544e-05 -0.0226388 0.00847875 0.000592857 0.000851162 0.000340039 -0.0356036 0.00107441 -1.81158e-05 0.0179483 -0.021314 -0.0652298 0.0504671
internal_weight=1113.58 30.3384 14.8109 1083.24 1078.91 1071.89 21.23 1050.66 986.585 64.074 8.62279 14.0039 6.18812
internal_count=5465 249 94 5216 5198 5167 116 5051 4728 323 53 85 41
is_linear=0
shrinkage=0.05


Tree=56
num_leaves=16
num_cat=0
split_feature=11 2 1 4 2 1 2 1 8 9 2 1 1 2 1
split_gain=6.3167 9.37679 6.4099 8.71482 9.64823 8.58799 8.2518 7.44079 18.0165 11.771 4.91171 4.27698 1.02605 0.836554 0.449392
threshold=1.0550000000000004 10.600000000000001 59.45000000000001 0.0021500000000000004 33.150000000000013 65.850000000000009 46.750000000000007 55.150000000000013 139379309.60000002 0.5989000000000001 53.45000000000001 43.350000000000001 61.850000000000001 37.250000000000007 49.650000000000013
decision_type=2 2 2 2 2 2 2 2 2 2 2 2 2 2 2
left_child=1 14 6 4 5 -4 7 9 -9 -3 -8 -12 -5 -6 -1
right_child=-2 2 3 12 13 -7 10 8 -10 -11 11 -13 -14 -15 -16
leaf_value=-0.058833471216099699 0.043954028644368016 0.0031648964881926729 0.0097966608055645339 0.025942817908784645 0.060799654050638308 -0.029179339319793964 -0.054128990104795729 -0.021206264195107905 0.039700771023554529 -0.015611253877738729 0.038127159120770096 -0.025856342123474929 0.056779382948352976 0.030988052238127995 -0.033144611885663276
leaf_weight=5.281673848628996 7.9986533373594275 775.63074132055044 48.356435164809227 5.0338013023138037 6.0455319136381132 19.832825034856796 11.173587303608658 90.181932747364044 13.887424498796461 93.397004872560501 3.4382265359163275 9.6007505133748037 10.145933497697113 6.2002697959542274 5.4307766407728195
leaf_count=39 35 3505 236 30 31 112 110 429 72 598 16 78 99 44 31
internal_value=-3.77274e-05 -0.000365043 8.8769e-05 0.0124527 0.00579827 -0.00149241 -0.00109271 -0.000368609 -0.0130003 0.00113965 -0.0298673 -0.00844232 0.0471175 0.0464838 -0.0466997
internal_weight=1111.64 1103.64 1092.92 95.6148 80.4351 68.1893 997.31 973.097 104.069 869.028 24.2126 13.039 15.1797 12.2458 10.7125
internal_count=5465 5430 5360 552 423 348 4808 4604 501 4103 204 94 129 75 70
is_linear=0
shrinkage=0.05


Tree=57
num_leaves=14
num_cat=0
split_feature=3 3 3 4 3 3 1 1 2 2 2 1 2
split_gain=6.05614 15.6614 10.0471 13.4533 7.72146 29.3919 19.4207 12.3836 9.84593 9.18864 7.88902 1.31262 0.55065
threshold=0.0039500000000000013 0.0041000000000000003 0.004850000000000001 1.0000000180025095e-35 0.0064500000000000009 0.0069500000000000004 50.250000000000007 71.250000000000014 40.550000000000004 23.350000000000005 16.050000000000004 51.050000000000004 19.550000000000004
decision_type=2 2 2 2 2 2 2 2 2 2 2 2 2
left_child=-1 -2 3 -3 6 7 8 -6 -4 -8 -7 12 -5
right_child=1 2 4 11 5 10 9 -9 -10 -11 -12 -13 -14
leaf_value=-0.05851476825732508 0.074995440153243817 0.0199183147142123 0.0022752132900644788 -0.057063739939781769 -0.062954852099537023 -0.0082618579422121651 0.068056295024418151 0.0558183575997298 -0.069526310192803573 0.01458082251256302 0.0029523005260504954 -0.080988821941135464 -0.022206909906583919
leaf_weight=4.3101498484611502 6.8540272265672675 7.2261517494916925 25.110716059803966 4.4784248396754265 24.357393834739927 195.41434685885906 17.916879326105118 2.2895870506763449 5.7606495618820182 15.127875983715056 791.07367718964815 6.6415273696184158 2.5294220373034477
leaf_count=18 31 31 129 39 211 951 87 18 28 79 3797 28 18
internal_value=-3.51845e-05 0.000193716 -0.000275483 -0.0345506 0.000387345 -0.000671965 0.0172314 -0.052392 -0.0111429 0.043844 0.000725197 -0.0636859 -0.0456753
internal_weight=1109.09 1104.78 1097.93 20.8755 1077.05 1013.14 63.9161 26.647 30.8714 33.0448 986.488 13.6494 7.00785
internal_count=5465 5447 5416 116 5300 4977 323 229 157 166 4748 85 57
is_linear=0
shrinkage=0.05


Tree=58
num_leaves=12
num_cat=0
split_feature=14 3 1 1 9 1 3 3 0 1 3
split_gain=5.85515 7.66563 7.07764 6.03824 9.1468 8.69554 13.2891 12.4826 7.39224 12.8206 7.58716
threshold=1.0000000180025095e-35 0.22465000000000004 29.450000000000003 39.95000000000001 0.75365000000000004 48.45000000000001 0.47985000000000005 0.0078500000000000011 65.500000000000014 39.250000000000007 0.0086500000000000014
decision_type=2 2 2 2 2 2 2 2 2 2 2
left_child=2 -2 -1 8 5 7 -7 -5 9 10 -4
right_child=1 -3 3 4 -6 6 -8 -9 -10 -11 -12
leaf_value=-0.073828377138924317 0.077738170387654015 -0.0047168990290908349 0.052075612169206177 -0.03230701676518024 -0.056283204468644071 0.0040728846250858118 -0.036763501446836398 -0.0033602421551219906 -0.033788455267137106 0.080416057029680743 -0.0094295137426170031
leaf_weight=3.1726354658603659 5.443337216973303 5.4958567172288895 7.0761179104447391 42.098679967224598 7.300443783402442 662.08775130659342 20.422744438052177 323.33431477099657 5.3893726617097846 8.6552474647760373 16.302241511642933
leaf_count=14 23 27 32 270 43 3302 101 1486 29 36 102
internal_value=-3.48587e-05 0.0361923 -0.000404327 -0.000179823 -0.000885138 -0.000489106 0.00283841 -0.00671658 0.0195246 0.0287269 0.00911629
internal_weight=1106.78 10.9392 1095.84 1092.67 1055.24 1047.94 682.51 365.433 37.423 32.0336 23.3784
internal_count=5465 50 5415 5401 5202 5159 3403 1756 199 170 134
is_linear=0
shrinkage=0.05


Tree=59
num_leaves=19
num_cat=0
split_feature=2 8 8 8 1 4 1 1 3 3 3 7 3 10 10 3 1 3
split_gain=5.78012 6.03224 7.01758 10.8544 9.46558 8.44422 10.5559 9.78655 7.44804 22.14 15.0819 6.17579 4.60983 1.70287 1.31991 1.06811 0.213671 0.0289297
threshold=10.600000000000001 481989614.50000006 136482545.10000002 132454429.60000001 54.95000000000001 0.00015000000000000004 47.150000000000013 45.45000000000001 0.0075500000000000003 0.0064500000000000009 0.0094500000000000018 4.8060000000000004e-05 0.0069500000000000004 0.46195000000000003 0.40025000000000005 0.091200000000000017 49.650000000000013 0.004850000000000001
decision_type=2 2 2 2 2 2 2 2 2 2 2 2 2 2 2 2 2 2
left_child=15 2 3 8 5 7 -7 -4 9 -2 -10 -3 -6 -14 -5 16 -1 -13
right_child=1 11 4 14 12 6 -8 -9 10 -11 -12 17 13 -15 -16 -17 -18 -19
leaf_value=-0.058278538514157277 0.0054378783095991833 0.031437002496679738 -0.042325132572024519 -0.062468923142811453 -0.0073529475446981506 0.025261175889867166 -0.027104927030015304 0.054387849659598086 0.024408933597267993 -0.037111005939237683 -9.9223991739115115e-05 -0.039415206458382722 0.063134437063003521 0.023977114233426661 -0.02247244664453028 -0.011362776897335947 -0.033381528766593262 -0.059588678385049471
leaf_weight=3.5704495310783368 78.35122887045145 2.5950520783662787 3.1342295482754734 7.2357496917247754 3.4972872734069851 15.171926274895666 25.733642242848873 12.938286840915678 68.006789267063141 49.850038673728704 796.66942790523171 3.2320887148380262 13.337977826595308 4.3017119616270056 3.7414471358060837 3.7511661499738693 4.0041748285293579 6.1800199151039124
leaf_count=26 383 12 23 51 24 89 150 66 305 339 3753 34 78 23 18 25 23 43
internal_value=-3.4851e-05 0.000330093 0.000727288 -0.000391766 0.0151543 0.00442907 -0.0075461 0.035074 0.000152337 -0.011084 0.00182516 -0.0347587 0.0436733 0.0540562 -0.0496139 -0.0354174 -0.0463752 -0.053674
internal_weight=1105.3 1093.98 1081.97 1003.85 78.1151 56.9781 40.9056 16.0725 992.877 128.201 864.676 12.0072 21.137 17.6397 10.9772 11.3258 7.57462 9.41211
internal_count=5465 5391 5302 4849 453 328 239 89 4780 722 4058 89 125 101 69 74 49 77
is_linear=0
shrinkage=0.05


Tree=60
num_leaves=29
num_cat=0
split_feature=2 2 2 2 1 0 1 3 9 3 3 3 0 4 4 3 1 1 3 2 1 2 1 3 1 1 2 1
split_gain=5.78381 7.13232 22.0282 18.5905 16.7429 16.3601 14.7649 13.8889 13.9771 13.0259 27.4368 17.8409 10.9557 9.7001 13.0985 10.5888 13.8625 10.1128 7.98533 5.97976 5.13378 4.28728 3.88871 2.94199 2.7214 5.25403 0.850456 0.288755
threshold=48.650000000000006 28.650000000000002 31.650000000000002 27.150000000000002 38.650000000000013 59.000000000000007 72.700000000000003 0.0062500000000000012 0.60080000000000011 0.016200000000000003 0.020950000000000003 0.015500000000000002 61.500000000000007 0.00085000000000000017 0.00055000000000000003 0.096950000000000022 52.050000000000004 55.250000000000007 0.012050000000000002 37.650000000000013 44.95000000000001 53.45000000000001 43.350000000000001 0.013650000000000001 46.750000000000007 53.150000000000013 24.750000000000004 50.550000000000004
decision_type=2 2 2 2 2 2 2 2 2 2 2 2 2 2 2 2 2 2 2 2 2 2 2 2 2 2 2 2
left_child=1 3 13 4 26 19 12 -7 -9 11 -11 -6 23 14 17 20 -17 -3 -14 -4 -15 -2 -23 -5 -24 -26 -1 -21
right_child=21 2 5 6 9 7 -8 8 -10 10 -12 -13 18 15 -16 16 -18 -19 -20 27 -22 22 24 -25 25 -27 -28 -29
leaf_value=0.036596772488276225 -0.056612860432380556 0.05225241085107038 -0.0085142429751202432 -0.029711687027563091 -0.0060337281410420864 -0.06270106326462474 0.055068627220400103 0.010467940650254968 -0.034625448937771579 0.033664003617484888 -0.00094263943678226313 -0.058699747829504191 0 0.10365940352482959 -0.044171109511603662 -0.053350954626283226 0.06614744031895696 -0.0020506430508631206 -0.063225393372253011 -0.045402263016451352 0.049634305499838216 0.03604621549914605 -0.056640275258148222 0.022439859254811085 0.043465729402302727 -0.05180959237305325 0.069942796773857757 -0.069618982349690148
leaf_weight=4.1728260368108732 7.3979418352246311 17.218338057398796 8.518468379974367 4.1340350136160833 272.54132645204663 7.5716698318719855 4.4248629957437506 169.97085216641426 18.981935441493988 68.004059076309204 358.60865436121821 17.028925865888596 6.0523278266191474 5.6395632624626151 8.2864882349967939 5.3556956350803357 4.2715602517127991 16.628270208835602 29.979591190814972 4.2226514965295783 26.521363139152527 3.4184473305940619 3.9087946712970716 7.2966510057449341 2.8962481468915939 2.6902409978210926 7.580840028822422 9.27419865131378
leaf_count=18 89 79 39 25 1435 38 29 758 140 309 1708 80 34 23 34 23 29 75 144 21 121 16 31 31 15 32 44 45
internal_value=-3.59991e-05 0.000456717 0.00697665 -0.00206625 0 -0.00136622 -0.0309522 0.0031967 0.00589555 -0.000978642 0.0045687 -0.00916735 -0.0391758 0.0287377 0.0116066 0.0458218 0 0.0254995 -0.0526815 -0.0421545 0.0595548 -0.0264084 -0.00841877 0.00305094 -0.0251568 -0.00164023 0.0589346 -0.0627999
internal_weight=1102.6 1082.29 302.461 779.824 727.937 218.54 51.8875 196.524 188.953 716.183 426.613 289.57 47.4626 83.9213 42.1331 41.7882 9.62726 33.8466 36.0319 22.0153 32.1609 20.3117 12.9137 11.4307 9.49528 5.58649 11.7537 13.4969
internal_count=5465 5282 1425 3857 3594 1041 263 936 898 3532 2017 1515 234 384 188 196 52 154 178 105 144 183 94 56 78 47 62 66
is_linear=0
shrinkage=0.05


Tree=61
num_leaves=29
num_cat=0
split_feature=1 2 10 2 2 2 1 4 3 0 1 2 9 3 1 3 4 2 2 2 1 0 2 1 4 1 3 2
split_gain=5.477 7.91885 7.81894 6.88434 7.30996 10.8848 11.3017 10.3116 17.1744 13.0425 12.475 10.2336 10.093 11.7611 9.09352 7.73858 6.38722 7.56073 7.08027 3.97696 3.59509 2.93394 1.55054 1.49059 1.48222 1.02029 0.736117 0.118111
threshold=60.750000000000007 18.850000000000005 0.35080000000000006 46.750000000000007 18.250000000000004 19.050000000000004 45.45000000000001 0.00015000000000000004 0.0076500000000000014 64.500000000000014 46.350000000000001 16.150000000000002 0.60925000000000018 0.2351 54.750000000000007 0.0064500000000000009 0.0022500000000000007 33.150000000000013 25.650000000000002 53.45000000000001 52.95000000000001 62.500000000000007 36.250000000000007 43.95000000000001 0.00035000000000000005 62.500000000000007 0.018450000000000005 48.650000000000006
decision_type=2 2 2 2 2 2 2 2 2 2 2 2 2 2 2 2 2 2 2 2 2 2 2 2 2 2 2 2
left_child=3 26 16 4 7 6 -6 10 24 -10 -1 -12 13 -7 -8 -14 17 18 -3 27 21 -21 -19 -23 -9 -18 -2 -5
right_child=1 2 -4 19 5 12 14 8 9 -11 11 -13 15 -15 -16 -17 25 22 -20 20 -22 23 -24 -25 -26 -27 -28 -29
leaf_value=-0.057098402115494842 0.029350421539155791 0.0050680384479329203 0.055996703333985924 -0.035691043888872009 -0.051180422077204427 0.0045856647766106193 0.043089571552520051 -0.061779911094138412 -0.01199207247437635 0.021063002160713246 0.033028216613967924 -0.0043587474287306409 0.026067854312083097 -0.027964350721577283 -0.031326426999908029 -0.02940299364321354 0.012781418736953199 0.062509275694590347 -0.035428948506904152 0.042664123753875141 -0.053003509816827776 0.0099312803893088341 0.014578396888758489 -0.038733670873790017 -0.019614394676285285 0.056744714610227114 0.060655523605696642 -0.056181566252255059
leaf_weight=6.326229251921176 3.925363361835478 21.737259164452553 6.8547600731253615 3.6634237170219439 4.1010646671056739 531.30427769571543 35.992438316345215 16.716412477195266 212.64597884565592 34.52632087469101 38.769026383757591 34.159748628735542 7.2483132034540168 29.151233419775963 4.4800969064235678 40.991358555853367 2.3407406210899344 3.686125621199607 20.942723482847214 3.5516132712364179 3.2335225418210021 2.9277878254652023 3.8013631552457809 2.9601656720042229 2.934720166027545 4.8696330040693283 7.6663433164358139 7.0905471742153168
leaf_count=52 22 106 74 22 19 2374 173 142 1010 159 190 156 46 133 20 273 22 21 110 17 37 15 21 25 45 39 53 89
internal_value=-3.73556e-05 0.0129149 0.00592754 -0.00100364 -0.000369145 0.00273798 0.0265642 -0.0062478 -0.0109596 -0.0073479 0.00954593 0.0154658 0.000980947 0.00287902 0.034672 -0.020928 -5.40969e-05 -0.00649139 -0.014723 -0.0277406 -0.00817008 0.0070581 0.0393468 -0.0139383 -0.0558672 0.0435267 0.0508239 -0.0500551
internal_weight=1098.6 75.8243 64.2326 1022.77 999.347 653.269 44.5736 346.078 266.823 247.172 79.255 72.9288 608.695 560.456 40.4725 48.2397 57.3778 50.1675 42.68 23.4271 12.6731 9.43957 7.48749 5.88795 19.6511 7.21037 11.5917 10.754
internal_count=5465 468 393 4997 4792 3038 212 1754 1356 1169 398 346 2826 2507 193 319 319 258 216 205 94 57 42 40 187 61 75 111
is_linear=0
shrinkage=0.05


Tree=62
num_leaves=14
num_cat=0
split_feature=14 2 3 10 10 7 9 9 3 2 1 1 1
split_gain=5.65651 8.06656 6.72778 5.25876 17.1039 7.5069 8.62992 7.35214 6.34943 5.49634 1.59826 0.470666 0.095921
threshold=1.0000000180025095e-35 10.600000000000001 0.22465000000000004 0.4835000000000001 0.66275000000000006 0.00014694500000000002 0.82720000000000005 0.75365000000000004 0.053750000000000006 19.050000000000004 58.750000000000007 49.650000000000013 50.250000000000007
decision_type=2 2 2 2 2 2 2 2 2 2 2 2 2
left_child=1 11 -2 5 9 7 10 8 -3 12 -7 -1 -5
right_child=2 3 -4 4 -6 6 -8 -9 -10 -11 -12 -13 -14
leaf_value=-0.057447110280286387 0.074592533180880397 0.0027442335762617423 -0.0029700059467078575 0.079775647227312563 -0.068107908480228629 -0.048704223864487001 0.043750324505130563 -0.058590714360866325 -0.0062952629178499586 0.0023831360614601938 0 -0.030923996503858461 0.057327423284264649
leaf_weight=4.8685829266905767 5.4244894683361036 767.83236575871706 5.4059375822544098 4.8873860388994235 3.7575931996107093 15.99234619364143 3.2235779836773863 5.1990669369697562 259.84439311921597 4.6376566700637332 1.978389799594878 5.2548053190112114 5.987895593047142
leaf_count=39 23 3693 27 22 20 165 27 33 1298 39 15 31 33
internal_value=-3.63995e-05 -0.000401978 0.0357473 1.4397e-05 0.0258348 -0.000455314 -0.0298423 0.000145687 0.000453374 0.0492006 -0.043489 -0.0446058 0.0685062
internal_weight=1094.29 1083.46 10.8304 1073.34 19.2705 1054.07 21.1943 1032.88 1027.68 15.5129 17.9707 10.1234 10.8753
internal_count=5465 5415 50 5345 114 5231 207 5024 4991 94 180 70 55
is_linear=0
shrinkage=0.05


Tree=63
num_leaves=23
num_cat=0
split_feature=4 3 3 11 1 1 3 2 5 2 3 2 13 2 2 5 1 3 4 5 1 1
split_gain=5.4838 26.0014 16.0748 12.9773 12.842 13.2983 9.71534 19.8909 18.1051 11.9326 22.899 12.476 6.78566 4.01138 3.54439 8.78812 3.99704 3.29902 1.79302 0.470676 0.264 0.351827
threshold=0.016550000000000006 0.47985000000000005 0.18300000000000002 0.91500000000000015 48.050000000000004 55.750000000000007 0.13695000000000004 14.15 0.54500000000000015 16.050000000000004 0.0097500000000000017 16.150000000000002 -9.4899999999999967 17.950000000000003 21.150000000000002 0.56500000000000006 47.350000000000001 0.24245000000000003 0.073900000000000007 0.55500000000000016 50.050000000000004 53.45000000000001
decision_type=2 2 2 2 2 2 2 2 2 2 2 2 2 2 2 2 2 2 2 2 2 2
left_child=2 20 3 6 12 13 9 -8 -9 10 -1 -11 -3 -6 17 16 -16 19 -14 -4 -2 -22
right_child=1 4 14 -5 5 -7 7 8 -10 11 -12 -13 18 -15 15 -17 -18 -19 -20 -21 21 -23
leaf_value=0.011512214889440181 0.078576943373397407 -0.029502188974732776 -0.070587243423801613 0.075744291503688374 -0.019005821250850541 0.050321424708812734 0.1029834632350994 0.069043809659501229 -0.019795208917728631 0.055967050989268102 -0.024886763051474338 0.00097772130173911782 0.016960508648517718 -0.070587651371124688 0.042688329594887865 -0.057030938970303015 -0.018508592652416722 -0.0098287065594205494 0.060587473055786149 -0.043207798600399847 0.042367954787466883 0.069539838655816352
leaf_weight=65.923399575054646 7.1011766940355328 3.8701208829879752 8.8706043660640734 5.5720987617969504 6.3534974902868333 3.7485727593302718 6.6655254065990439 8.098109960556032 18.898077398538589 10.361754313111303 124.26936250925064 764.31192566454411 4.1119782179594022 10.879977405071257 5.241419121623041 8.0091736614704114 5.117889329791069 4.1904803514480582 7.432625412940979 4.2140189707279196 4.4854757934808713 4.976376086473465
leaf_count=384 31 21 45 24 28 24 27 34 108 55 606 3793 17 54 23 38 25 24 38 23 19 24
internal_value=-3.55789e-05 0.0156387 -0.000840192 0.000327768 -0.0079006 -0.0333952 -9.5616e-05 0.0262633 0.00682597 -0.00102302 -0.0122447 0.00172682 0.0264712 -0.0520787 -0.033791 -0.0179242 0.0120888 -0.0501741 0.0457568 -0.0625433 0.0674028 0.0577595
internal_weight=1092.7 52.9598 1039.74 1004.1 36.3968 20.982 998.528 33.6617 26.9962 964.866 190.193 774.674 15.4147 17.2335 35.6436 18.3685 10.3593 17.2751 11.5446 13.0846 16.563 9.46185
internal_count=5465 256 5209 5031 182 106 5007 169 142 4838 990 3848 76 82 178 86 48 92 55 68 74 43
is_linear=0
shrinkage=0.05


Tree=64
num_leaves=27
num_cat=0
split_feature=1 4 4 1 2 0 3 3 3 4 3 4 2 1 3 1 1 3 3 3 2 0 13 3 1 4
split_gain=5.1252 14.9893 9.19532 9.03036 19.0384 13.4693 10.4316 24.7803 8.96291 17.2587 13.4388 24.7481 17.4275 15.8052 15.5796 12.2874 11.3556 8.17728 7.01162 6.63904 5.80227 4.5381 4.12061 4.21548 0.711648 0.631087
threshold=48.45000000000001 0.016550000000000006 0.013800000000000002 42.250000000000007 42.650000000000013 61.500000000000007 0.0077500000000000008 0.016350000000000003 0.47985000000000005 0.014550000000000002 0.075700000000000017 0.0015500000000000004 27.550000000000004 49.150000000000013 0.039750000000000008 52.150000000000013 59.45000000000001 0.13845000000000005 0.52960000000000007 0.053750000000000006 17.950000000000003 62.500000000000007 -9.4899999999999967 1.9632000000000003 39.750000000000007 0.035800000000000005
decision_type=2 2 2 2 2 2 2 2 2 2 2 2 2 2 2 2 2 2 2 2 2 2 2 2 2 2
left_child=1 2 3 4 5 -1 21 -8 9 10 11 14 13 -12 -2 -14 20 -11 -3 -13 -10 -5 -20 -24 -6 -19
right_child=8 18 -4 6 24 -7 7 -9 16 17 12 19 15 -15 -16 -17 -18 25 22 -21 -22 -23 23 -25 -26 -27
leaf_value=0.052820232399186096 0.0046829532305196582 0.075679067506246242 -0.067270285899659374 -0.019952665449367191 0.085196954444874642 -0.014913369594183446 0.019859112500133416 -0.014337145647387481 -0.0067550749089069911 0 0.061535366769373739 0.055407568387909827 -0.056933937580177868 -0.032807435825685904 -0.024294191140544808 0.049092088595840501 0.049776261093789284 0.082792564907709906 -0.028457497278850715 0.019717695206699262 -0.06917211889009782 -0.05791128330213742 -0.010670722774875564 0.052294683248966981 0.054026802995863633 0.05420110805752424
leaf_weight=8.9153425842523557 446.39918925240636 7.1996515989303616 6.0956580489873877 20.579360440373421 4.8202781826257688 39.251522772014141 69.902160622179508 216.91710669547319 5.987040698528296 5.5958531945943859 4.6265335828065863 26.316388636827469 3.2498781010508564 67.450742065906525 51.639160759747028 14.20597258210182 3.5326729714870444 7.6055525839328748 3.8166410773992565 27.230953395366669 10.761413142085074 13.497681863605974 3.8607709109783119 7.5065100491046906 7.4440218210220337 5.9958712160587311
leaf_count=37 2236 32 34 136 20 225 316 1015 27 23 20 141 14 329 252 80 23 34 21 184 55 93 16 39 34 29
internal_value=-3.19085e-05 -0.00445342 -0.00676598 -0.00576831 0.0119129 -0.00218931 -0.00911628 -0.00598156 0.00262333 0.00363755 0.00222672 0.00515066 -0.0157166 -0.0266056 0.00166414 0.0288558 -0.0300084 0.0502392 0.035203 0.0374216 -0.0473293 -0.0352596 0.015314 0.0305666 0.0672721 0.0710412
internal_weight=1090.4 409.807 387.423 381.327 60.4312 48.1669 320.896 286.819 680.597 660.316 641.119 551.586 89.5331 72.0773 498.038 17.4559 20.2811 19.1973 22.3836 53.5473 16.7485 34.077 15.1839 11.3673 12.2643 13.6014
internal_count=5465 2018 1910 1876 316 262 1560 1331 3447 3342 3256 2813 443 349 2488 94 105 86 108 325 82 229 76 55 54 63
is_linear=0
shrinkage=0.05


Tree=65
num_leaves=14
num_cat=0
split_feature=10 10 3 3 3 0 1 3 3 3 2 1 1
split_gain=5.10395 15.582 5.36594 14.0664 9.29865 9.1869 8.37661 7.17126 25.4604 17.0464 5.23582 0.631975 0.0933261
threshold=0.4835000000000001 0.66275000000000006 0.0039500000000000013 0.0041000000000000003 0.004850000000000001 62.500000000000007 50.050000000000004 0.0064500000000000009 0.0069500000000000004 0.005850000000000001 19.050000000000004 51.150000000000013 50.150000000000013
decision_type=2 2 2 2 2 2 2 2 2 2 2 2 2
left_child=2 10 -1 -4 5 11 -7 9 -9 -6 12 -5 -2
right_child=1 -3 3 4 7 6 -8 8 -10 -11 -12 -13 -14
leaf_value=-0.055774597453291941 0.079192479981313985 -0.066414816920116984 0.072028835900537616 -0.045396311771978455 -0.0086418853248737167 -0.050701416870980343 0.038842686364336743 -0.05146871452806772 0.00017872015406206147 0.043681117847476914 0.0020425703566884644 -0.079691899724397774 0.056635998472554329
leaf_weight=4.2720527350902548 4.3513345122337359 3.5782956331968299 6.5860924422740927 3.5114111527800578 32.230568304657936 4.6256801933050138 5.7324437499046326 24.372633997350931 949.73627289384604 29.734396703541279 4.603171605616807 6.3385452330112457 6.3288130015134811
leaf_count=18 19 20 31 31 167 34 24 229 4634 156 39 27 36
internal_value=-2.89506e-05 0.0256797 -0.000490397 -0.000258259 -0.00072049 -0.0342275 -0.000769822 -5.88872e-05 -0.00111354 0.0164151 0.0478584 -0.0685475 0.0669392
internal_weight=1086 18.8616 1067.14 1062.87 1056.28 20.2081 10.3581 1036.07 974.109 61.965 15.2833 9.84996 10.6801
internal_count=5465 114 5351 5333 5302 116 58 5186 4863 323 94 58 55
is_linear=0
shrinkage=0.05


Tree=66
num_leaves=29
num_cat=0
split_feature=2 4 3 3 2 3 15 9 4 2 3 1 3 4 3 4 4 4 3 3 0 1 2 1 0 1 1 2
split_gain=5.00747 7.04773 16.5137 18.0082 28.99 23.7909 17.2386 14.9851 13.9091 13.363 20.1823 18.5591 28.4774 16.9701 22.9133 10.6563 10.1771 8.80824 8.39454 12.6032 7.86339 5.78442 3.94485 3.43464 2.60889 2.37599 1.36281 0.517461
threshold=48.650000000000006 0.0019500000000000001 0.038750000000000007 0.029650000000000006 33.45000000000001 0.028950000000000004 1.0000000180025095e-35 0.33765000000000006 0.0010500000000000004 12.850000000000003 0.14595000000000002 46.250000000000007 0.10340000000000001 0.016700000000000003 0.47985000000000005 0.0021500000000000004 0.00035000000000000005 0.0013500000000000003 0.14775000000000002 0.23915000000000003 61.500000000000007 56.650000000000013 53.45000000000001 52.95000000000001 62.500000000000007 53.250000000000007 43.95000000000001 11.65
decision_type=2 2 2 2 2 2 2 2 2 2 2 2 2 2 2 2 2 2 2 2 2 2 2 2 2 2 2 2
left_child=1 2 3 5 20 16 7 8 -4 18 11 12 -11 21 -15 -13 -1 -9 27 -20 -5 -12 -2 24 -24 -7 -26 -3
right_child=22 9 6 4 -6 25 -8 17 -10 10 13 15 -14 14 -16 -17 -18 -19 19 -21 -22 -23 23 -25 26 -27 -28 -29
leaf_value=-0.0046974794294391406 -0.055879612666066197 -0.045007756199943273 0.0045547597562593514 0.020146519691172881 -0.06803143290070339 -0.072489100476852045 0.082502486909745265 -0.032523261765411385 -0.036542430202923082 -0.033758007292285841 -0.035370223267397076 0.081480512577346079 0.085519679758609315 0.068222544320323805 -0.0073729196230786125 0.028985238968628781 0.0082309387384676552 0.062060015967774551 0.081692434121819799 -0.050442297412822051 0.063295238079253122 0.019002202814813934 0.040744226439344965 -0.052616894957168585 0.0095889971637960428 -0.025968018530581227 -0.037469487044133575 -0.073263586867250138
leaf_weight=372.70421436056495 6.7562354356050518 5.5041253864765185 26.606963589787483 19.332314744591713 6.4435768350958815 11.864491783082487 4.0030880719423285 3.4060885906219465 87.580607451498508 24.501250818371776 38.983531631529331 11.013505309820173 6.1723215579986563 13.859957233071325 35.18744421005249 85.699985902756453 257.06890597939491 7.8893449902534485 3.1889517977833739 3.8754549622535706 24.744430243968964 5.4011445790529242 3.5056638568639737 3.1176051422953597 2.9059333652257919 4.2542744725942603 2.839628592133522 5.5523084253072739
leaf_count=1889 89 33 114 86 34 60 18 24 434 105 185 45 25 65 182 436 1262 41 16 25 118 39 17 37 15 20 25 26
internal_value=-2.80484e-05 0.000423903 -0.00175923 0.00128353 0.0300049 -0.000959557 -0.018151 -0.0214649 -0.026927 0.00798842 0.0113966 0.0243427 -0.00939385 -0.006208 0.0139827 0.0350929 0.00057234 0.0330649 -0.0331042 0.0088146 0.0445716 -0.0286134 -0.025323 -0.00791677 0.00701379 -0.0607548 -0.0130565 -0.0601749
internal_weight=1083.96 1064.84 825.898 696.412 50.5203 645.892 129.486 125.483 114.188 238.94 220.819 127.387 30.6736 93.4321 49.0474 96.7135 629.773 11.2954 18.1208 7.06441 44.0767 44.3847 19.1251 12.3688 9.25123 16.1188 5.74556 11.0564
internal_count=5465 5282 4100 3469 238 3231 631 613 548 1182 1082 611 130 471 247 481 3151 65 100 41 204 224 183 94 57 80 40 59
is_linear=0
shrinkage=0.05


Tree=67
num_leaves=20
num_cat=0
split_feature=2 8 8 4 8 10 4 2 4 4 8 2 7 4 10 2 0 4 7
split_gain=4.69285 5.37839 6.73719 10.648 8.5593 14.7849 5.77985 9.23114 8.63112 15.2178 10.4129 8.48741 5.71896 3.37288 2.99239 2.57134 0.984394 0.755695 0.0235694
threshold=10.600000000000001 481989614.50000006 209559025.00000003 0.00055000000000000003 286111107.00000006 0.31945000000000007 0.0019500000000000001 48.850000000000001 0.0010500000000000004 0.00095000000000000011 91907323.500000015 12.850000000000003 2.7340000000000003e-05 0.010150000000000001 0.34730000000000005 22.050000000000004 61.500000000000007 0.0019500000000000001 9.9695000000000014e-05
decision_type=2 2 2 2 2 2 2 2 2 2 2 2 2 2 2 2 2 2 2
left_child=16 2 6 4 15 -6 8 11 9 -2 -10 -8 -3 -9 -5 -4 17 -1 -14
right_child=1 12 3 14 5 -7 7 13 10 -11 -12 -13 18 -15 -16 -17 -18 -19 -20
leaf_value=-0.0069065609331500745 -0.0017927312617817043 0.031458050003583794 0.10302705654497474 0.0034247955788590614 0.081601222706583876 -0.039794649977626273 -0.02822257268718328 -0.046781316632464522 -0.019102405524114404 0.028812251715330885 0.02566813817784035 0.011542136474836796 -0.057648343587417772 0.018763453167431113 -0.059227405079339539 0.050330122744288108 -0.057622748052133278 -0.040884525982355487 -0.036450771423965952
leaf_weight=4.4679161757230741 615.09170202165842 2.4632775783538809 4.362352862954145 3.6242194622755042 4.055925250053404 6.1930485665798187 14.150337696075438 10.354000657796858 113.26849584281445 43.385475434362888 14.491360418498514 215.50025703758001 6.317657418549059 2.2369349896907798 3.5954722315073013 7.0831968858838081 3.0718358755111694 3.0345733687281609 2.5766981542110443
leaf_count=26 3053 11 18 20 17 38 72 107 546 209 75 1057 54 18 23 49 24 24 24
internal_value=-2.82114e-05 0.000296601 0.000670379 0.0244313 0.0419818 0.00808765 0 0.00675123 -0.00208058 0.000220234 -0.013969 0.00905898 -0.0337678 -0.0346864 -0.0274764 0.0715665 -0.0330207 -0.0216645 -0.0525368
internal_weight=1079.32 1068.75 1057.39 28.9142 21.6945 10.249 1028.48 242.242 786.237 658.477 127.76 229.651 11.3576 12.5909 7.21969 11.4455 10.5743 7.50249 8.89436
internal_count=5465 5391 5302 165 122 55 5137 1254 3883 3262 621 1129 89 125 43 67 74 50 78
is_linear=0
shrinkage=0.05


Tree=68
num_leaves=26
num_cat=0
split_feature=1 2 10 1 1 2 2 3 3 10 2 3 2 1 3 2 2 2 1 1 3 1 3 3 2
split_gain=4.72972 7.3682 7.10999 6.39428 6.43852 14.4868 14.1963 14.5713 13.1103 10.7108 10.5809 16.7471 15.0472 6.98636 7.17505 5.67678 6.98503 12.5487 11.4799 2.8493 2.70535 4.59925 0.80609 0.728232 0.223911
threshold=60.750000000000007 18.850000000000005 0.35080000000000006 29.450000000000003 42.250000000000007 41.800000000000004 21.750000000000004 0.028950000000000004 0.017350000000000001 0.28690000000000004 28.650000000000002 0.018950000000000005 26.950000000000003 53.250000000000007 0.029650000000000006 28.050000000000004 25.650000000000002 22.950000000000003 72.950000000000017 37.300000000000004 0.020950000000000003 64.750000000000014 0.047750000000000008 0.018450000000000005 47.70000000000001
decision_type=2 2 2 2 2 2 2 2 2 2 2 2 2 2 2 2 2 2 2 2 2 2 2 2 2
left_child=3 23 15 -1 6 10 8 9 -5 -8 12 -12 -6 14 -7 16 17 -3 -18 -9 21 -17 -22 -2 -15
right_child=1 2 -4 4 5 13 7 19 -10 -11 11 -13 -14 24 -16 20 18 -19 -20 -21 22 -23 -24 -25 -26
leaf_value=-0.071668412247355762 0.028192613512691159 -0.023271628707024525 0.055179420051815024 -0.068078391328910304 -0.0011405478542021368 -0.029663013769397908 0.053571109887583283 -0.053916957370121282 0.028870928182588185 -0.031313403147836656 0.027603250084936578 -0.0021920968134429317 -0.034619534016560413 -0.067375172887315135 0.006395013736204793 -0.030623647450494958 -0.070889402533865192 0.049503254420324314 0.013883153910354194 0 0.064353528163687473 0.039051233460065372 0.024570528520881915 0.059713227794732732 -0.041495039650761095
leaf_weight=3.0861344486474982 3.8507761359214765 14.253122851252558 6.3397820293903342 8.3849660381674749 642.17502110823989 38.109878871589899 31.687075890600681 4.331727981567381 5.7579968720674506 4.0645161867141715 81.389835648238659 111.26152951270342 35.342260226607323 7.5891560763120633 21.231408029794693 4.278643727302553 9.4733988493680972 9.9520795196294767 6.6583810597658148 5.8081216812133789 3.8778595477342597 4.9991265684366226 2.9311535879969597 7.2530974671244621 3.1335202567279339
leaf_count=14 22 73 74 53 3167 191 151 20 27 42 379 513 184 36 154 20 50 52 50 25 22 27 25 53 41
internal_value=-2.84933e-05 0.0121685 0.00540237 -0.000932548 -0.000702166 -0.00172121 0.0151508 0.0286924 -0.028331 0.0437209 3.53099e-05 0.0103775 -0.00289919 -0.0235768 -0.0166888 -0.000189855 -0.0102934 0.00652494 -0.0357216 -0.0237172 0.0247426 0.00640207 0.0485549 0.0495775 -0.0607274
internal_weight=1077.22 73.8674 62.7635 1003.35 1000.27 940.233 60.0344 45.8914 14.143 35.7516 870.169 192.651 677.517 70.064 59.3413 56.4238 40.337 24.2052 16.1318 10.1398 16.0868 9.27777 6.80901 11.1039 10.7227
internal_count=5465 468 393 4997 4983 4665 318 238 80 193 4243 892 3351 422 345 319 225 125 100 45 94 47 47 75 77
is_linear=0
shrinkage=0.05


Tree=69
num_leaves=14
num_cat=0
split_feature=3 3 3 4 3 3 2 1 1 3 2 1 2
split_gain=4.81599 12.9314 8.41439 11.1444 6.20442 24.5834 16.7139 10.8194 10.251 7.16967 3.97841 1.16949 0.592162
threshold=0.0039500000000000013 0.0041000000000000003 0.004850000000000001 1.0000000180025095e-35 0.0064500000000000009 0.0069500000000000004 29.850000000000005 71.250000000000014 50.250000000000007 0.0094500000000000018 42.550000000000004 51.050000000000004 19.550000000000004
decision_type=2 2 2 2 2 2 2 2 2 2 2 2 2
left_child=-1 -2 3 -3 6 7 8 -6 -4 -7 -8 12 -5
right_child=1 2 4 11 5 9 10 -9 -10 -11 -12 -13 -14
leaf_value=-0.052775856509672973 0.070383731332632454 0.016792518853436366 0.0027292809994029117 -0.05515236846918771 -0.06167689514869467 0.011160185765661346 -0.062912229077964441 0.054622481862773437 0.047961240714485182 -0.0011344564916203786 0.0014766292125039002 -0.077118188736477356 -0.017922053984095545
leaf_weight=4.2105734944343558 6.4199326932430258 7.0739455670118341 23.137992411851883 3.7043992429971695 21.44602153077722 138.45000025629997 6.9935894310474378 2.0819749087095252 27.893975540995598 820.5286250449717 3.3927253931760788 6.432354137301445 2.3471305295825005
leaf_count=18 31 31 121 39 211 722 36 18 139 4026 27 28 18
internal_value=-2.79914e-05 0.000179836 -0.000245841 -0.0326574 0.000359668 -0.000599864 0.0157666 -0.0509864 0.0275962 0.000636315 -0.0415891 -0.0609861 -0.0420512
internal_weight=1074.11 1069.9 1063.48 19.5578 1043.92 982.507 61.4183 23.528 51.032 958.979 10.3863 12.4839 6.05153
internal_count=5465 5447 5416 116 5300 4977 323 229 260 4748 63 85 57
is_linear=0
shrinkage=0.05


Tree=70
num_leaves=14
num_cat=0
split_feature=14 2 4 4 1 4 1 10 7 0 4 1 2
split_gain=4.60132 6.80417 5.44148 5.22577 6.01038 10.6037 8.23533 6.86074 10.4039 7.08509 5.11322 1.28774 0.435638
threshold=1.0000000180025095e-35 10.600000000000001 0.0055500000000000002 0.037250000000000005 47.750000000000007 0.016550000000000006 42.250000000000007 0.44190000000000007 4.8060000000000004e-05 61.500000000000007 0.095200000000000021 50.550000000000004 17.650000000000002
decision_type=2 2 2 2 2 2 2 2 2 2 2 2 2
left_child=1 11 -2 4 5 6 -3 8 -6 -9 12 -1 -5
right_child=2 3 -4 10 7 -7 -8 9 -10 -11 -12 -13 -14
leaf_value=-0.05410811015233518 0.068003644655047935 0.0097956376204056533 -0.0023533071400315048 0.064833916372415534 0.0032925503169618669 0.054237174078747445 -0.010509723106136641 -0.0082060459421566551 -0.018253429693397043 0.042623610089611935 -0.012234744969492948 -0.0099967221608264628 0.03633397105184076
leaf_weight=6.7634893506765348 5.292779862880705 60.193453840911388 5.322277769446373 4.7215630412101728 593.84921169281006 7.1125001758337012 285.29380206018686 10.081754550337793 61.731022637337446 20.210610404610634 4.4041037410497657 2.6451395004987717 4.3256542980670929
leaf_count=54 23 322 27 27 2915 33 1389 55 419 142 21 16 22
internal_value=-2.80034e-05 -0.000361765 0.032568 1.40905e-05 -0.000383673 -0.00569213 -0.00695569 0.00233849 0.00125363 0.0255709 0.0308675 -0.042468 0.0523003
internal_weight=1071.95 1061.33 10.6151 1051.92 1038.47 352.6 345.487 685.873 655.58 30.2924 13.4513 9.40863 9.04722
internal_count=5465 5415 50 5345 5275 1744 1711 3531 3334 197 70 70 49
is_linear=0
shrinkage=0.05


Tree=71
num_leaves=24
num_cat=0
split_feature=1 4 1 1 1 8 1 3 1 3 3 3 10 10 3 1 3 4 3 3 3 1 10
split_gain=4.22087 6.50823 5.9962 5.93714 5.56146 16.2124 10.0693 8.3798 8.37896 33.0802 20.7722 18.3589 8.19171 12.2114 9.92701 7.8713 5.39416 5.79366 5.94961 5.04836 1.85713 0.978289 0.080851
threshold=60.750000000000007 0.0021500000000000004 29.450000000000003 74.800000000000026 55.150000000000013 139379309.60000002 56.350000000000001 0.0078500000000000011 51.750000000000007 0.016450000000000003 0.029100000000000004 0.012050000000000002 0.35320000000000007 0.40150000000000002 0.016350000000000003 57.150000000000013 0.047750000000000008 0.00045000000000000004 0.019150000000000004 0.041250000000000009 0.020950000000000003 61.850000000000001 0.35320000000000007
decision_type=2 2 2 2 2 2 2 2 2 2 2 2 2 2 2 2 2 2 2 2 2 2 2
left_child=2 3 -1 16 8 6 19 -7 12 11 -11 -10 14 -14 -4 -8 17 18 -2 -6 -19 -3 -9
right_child=1 21 4 -5 5 7 15 22 9 10 -12 -13 13 -15 -16 -17 -18 20 -20 -21 -22 -23 -24
leaf_value=-0.070092256488471602 0.017554129678067569 0.014714613821335291 0.0084050140471938935 -0.04718349042597092 -0.020220303990758349 -0.016349721314586708 0.022280941453513899 0.048165141430974522 -0.0036794954592646993 0.05684012082408102 0.012421300526717324 -0.063789687761441088 -0.056109481582072844 -0.0043975998877655359 -0.005034827978527898 -0.016195543000851818 -0.046616174258416423 0.01120138794999153 -0.023826263403793138 -0.056025580832442246 0.061329876127327501 0.055230721793897299 0.071819237223657351
leaf_weight=3.0205314308404914 30.655931659042835 2.3487271517515174 209.51880900934339 4.8466065153479567 22.150882836431265 4.5032769888639441 18.448699291795492 3.3217314481735212 70.208597797900438 37.307244971394539 90.570143274962902 15.472643196582792 16.729276083409786 36.318173840641975 398.48097915947437 46.392855063080788 3.8043327629566184 2.8835338205099088 11.942821249365805 18.860726464539766 7.2911872416734695 8.5272133052349073 6.4600618258118629
leaf_count=14 165 18 1079 34 111 20 92 20 363 185 461 90 129 210 1860 219 25 25 53 104 49 99 40
internal_value=-2.53408e-05 0.0116269 -0.000875784 0.00518941 -0.000653558 -0.0107388 -0.0175257 0.0389768 0.000727132 0.00933919 0.0254535 -0.0146544 -0.00204852 -0.0208747 -0.00039457 -0.00515378 0.00983936 0.0140842 0.00580715 -0.0369045 0.0478573 0.0471503 0.0648614
internal_weight=1070.06 72.3004 997.765 61.4244 994.744 120.138 105.853 14.2851 874.606 213.559 127.877 85.6812 661.047 53.0474 608 64.8416 56.5778 52.7735 42.5988 41.0116 10.1747 10.8759 9.78179
internal_count=5465 468 4997 351 4983 606 526 80 4377 1099 646 453 3278 339 2939 311 317 292 218 215 74 117 60
is_linear=0
shrinkage=0.05


Tree=72
num_leaves=25
num_cat=0
split_feature=2 4 2 4 2 0 15 4 9 4 2 4 2 4 0 2 2 4 2 2 4 2 0 0
split_gain=4.23345 6.03713 11.112 11.2232 15.9502 16.1754 10.4577 10.8115 16.3599 13.6135 15.0313 12.1156 8.62359 11.0035 10.0904 8.54303 5.91336 8.75553 4.13499 3.83734 2.69806 0.372302 0.11596 0.145401
threshold=48.650000000000006 0.0019500000000000001 12.850000000000003 0.0036500000000000005 14.050000000000002 65.500000000000014 1.0000000180025095e-35 0.0010500000000000004 0.33765000000000006 0.00095000000000000011 16.650000000000002 0.00055000000000000003 29.950000000000003 0.0056500000000000014 62.500000000000007 17.650000000000002 12.050000000000002 0.0026500000000000004 16.050000000000004 53.45000000000001 0.0043500000000000006 11.65 62.500000000000007 65.500000000000014
decision_type=2 2 2 2 2 2 2 2 2 2 2 2 2 2 2 2 2 2 2 2 2 2 2 2
left_child=1 6 16 4 -4 -6 7 9 15 11 -11 -1 13 -5 -14 -9 17 -3 -10 -2 -21 -19 -22 -24
right_child=19 2 3 12 5 -7 -8 8 18 10 -12 -13 14 -15 -16 -17 -18 21 -20 20 22 -23 23 -25
leaf_value=0.0016266297193476655 -0.055220670050314558 -0.060139739884944136 0.087605009243064608 -0.030677081051458433 0.023507887821082426 -0.068743508789472316 0.079054144125709561 -0.050814891800535868 0.064821759665167053 -0.059589799119088842 0.037655130734334248 -0.016885162518298458 0.053245631183646738 0.005180782172006783 -0.030419996414194864 -0.014973959376210478 -0.072205389891037433 0.038526810279760203 0.0048199106632713434 0.028719496568462517 -0.0096919745101256612 0.011653924614305373 -0.036758621666853376 -0.015011734343551117
leaf_weight=536.25184235163033 6.2985548786819008 4.9257599562406558 8.9923983514308912 28.226084262132645 69.492560964077711 4.9806238412857047 3.8913402408361426 20.51843823492527 6.8062694370746595 4.302869699895381 38.55008415132761 105.66759206354618 14.446084737777712 86.87898251414299 4.6352529525756827 91.513725779950619 5.7085223793983451 3.4719813540577888 5.2718314677476883 3.5686920359730712 2.5957589186727983 3.2997160106897354 2.8299374580383301 2.8742260932922363
leaf_count=2747 89 32 37 154 350 24 18 117 38 22 187 511 63 431 23 438 27 24 22 25 20 17 29 20
internal_value=-2.474e-05 0.000386542 0.0074459 0.0105413 0.0249296 0.0171873 -0.00164957 -0.00205372 -0.0156265 0.000400879 0.0276584 -0.001415 0.00154242 -0.00358788 0.0326082 -0.0216222 -0.0308133 -0.00974878 0.0392974 -0.0238923 -0.00652649 0.02652 -0.0224378 -0.0271096
internal_weight=1066 1047.83 235.058 217.652 83.4656 74.4732 812.774 808.883 124.11 684.772 42.853 641.919 134.186 115.105 19.0813 112.032 17.406 11.6975 12.0781 18.1672 11.8686 6.7717 8.29992 5.70416
internal_count=5465 5282 1182 1082 411 374 4100 4082 615 3467 209 3258 671 585 86 555 100 73 60 183 94 41 69 49
is_linear=0
shrinkage=0.05


Tree=73
num_leaves=26
num_cat=0
split_feature=2 2 0 2 3 3 3 3 3 3 2 3 3 3 3 3 3 3 3 0 3 3 3 3 3
split_gain=4.01227 21.0756 15.6301 12.0891 10.3643 16.3773 14.3604 13.9341 9.12243 10.4363 8.93462 21.397 8.35393 11.2608 6.61306 5.83038 10.0306 8.89757 7.39756 3.56726 1.80236 0.800406 0.665874 0.377175 0.0994224
threshold=16.050000000000004 15.250000000000002 67.500000000000014 16.150000000000002 0.14260000000000003 0.013350000000000002 0.0078500000000000011 0.017350000000000001 0.0054500000000000009 0.017700000000000004 16.250000000000004 0.012250000000000002 0.20560000000000003 0.32860000000000006 0.047150000000000004 0.42440000000000005 0.34235000000000004 0.14775000000000002 1.1077000000000001 62.500000000000007 0.16200000000000003 0.017000000000000005 0.030550000000000004 0.54375000000000007 0.39185000000000009
decision_type=2 2 2 2 2 2 2 2 2 2 2 2 2 2 2 2 2 2 2 2 2 2 2 2 2
left_child=1 2 4 22 5 6 -1 -7 -3 21 11 -5 20 -14 -11 16 17 -12 23 -20 -6 -10 -2 -17 -18
right_child=3 8 -4 10 12 7 -8 -9 9 14 15 -13 13 -15 -16 18 24 -19 19 -21 -22 -23 -24 -25 -26
leaf_value=-0.015437471807407503 0.065352624275700308 0.016662318290364415 0.080446280552487745 -0.092822195274861949 0.087047837185620397 -0.067473264092562185 0.03336333368824905 -0.012291491968642161 -0.067243950855010726 0.025500321206168981 0.0027526877056636072 0.03947581796662003 -0.046534906847293708 0.04091712836987059 -0.050470247797673153 -0.034993320403906243 0.037429302064571172 -0.022497741324567336 0.03759957170678873 -0.017084549151138408 0.040048366649721584 -0.096590263058731959 0.034588997375133337 -0.055573428098697024 0.056638491613504739
leaf_weight=25.915809951722622 6.4582220613956434 5.33721949905157 5.8346725255250922 7.6545214802026731 4.6353138536214846 13.533214658498762 35.482682734727859 74.342038027942181 11.256670935079461 5.1336679160594922 752.4521106518805 4.9067979156970978 6.2584269344806662 8.6145061999559385 6.117720752954483 8.3911616057157534 4.3890579491853696 36.457022458314896 5.4210613220930082 6.2686558365821838 5.2068334221839905 5.906524345278739 4.2819223701953888 6.5794281661510459 6.477794349193573
leaf_count=169 39 34 28 33 19 70 169 391 73 22 3824 20 42 44 30 42 20 198 27 32 23 24 25 34 33
internal_value=-2.53527e-05 -0.00615466 0.000630781 0.00150986 -0.00206176 -0.00705842 0.012692 -0.0209136 -0.0423491 -0.0536283 0.000825859 -0.0408444 0.0278223 0.00371896 -0.0154474 0.00147014 0.00224368 0.00157678 -0.0214702 0.00795472 0.0633393 -0.0781338 0.0539811 -0.0446786 0.049748
internal_weight=1063.31 213.575 179.823 849.738 173.989 149.274 61.3985 87.8753 33.7518 28.4146 838.998 12.5613 24.7151 14.8729 11.2514 826.436 799.776 788.909 26.6603 11.6897 9.84215 17.1632 10.7401 14.9706 10.8669
internal_count=5465 1138 955 4327 927 799 338 461 183 149 4263 53 128 86 52 4210 4075 4022 135 59 42 97 64 76 53
is_linear=0
shrinkage=0.05


Tree=74
num_leaves=13
num_cat=0
split_feature=3 3 3 4 3 3 2 2 3 2 2 9
split_gain=4.41856 12.0804 7.86567 10.4458 5.55085 22.9507 15.6435 8.0176 5.70977 4.13151 3.66362 0.443561
threshold=0.0039500000000000013 0.0041000000000000003 0.004850000000000001 1.0000000180025095e-35 0.0064500000000000009 0.0069500000000000004 29.850000000000005 28.650000000000002 0.0094500000000000018 37.250000000000007 42.550000000000004 0.57535000000000014
decision_type=2 2 2 2 2 2 2 2 2 2 2 2
left_child=-1 -2 3 -3 6 9 7 -4 -7 -6 -8 -5
right_child=1 2 4 11 5 8 10 -9 -10 -11 -12 -13
leaf_value=-0.050733655965878456 0.069002399526575747 0.015845790311970739 0.019068899397897125 -0.065570764038280924 -0.058558473739208722 0.010045150915989043 -0.061513295808635793 0.08133226312988473 -0.00097212784865428762 0.0052121053105530571 0.00035925874577646217 -0.034426432917801071
leaf_weight=4.1791842579841605 6.2377665787935248 7.0880516171455392 44.481433399021626 9.6233654879033548 19.603889700025324 137.37634424120188 6.8726607561111432 5.859459474682807 810.89532997086644 2.7349680587649337 3.39804507791996 2.6040090061724195
leaf_count=18 31 31 230 53 207 722 36 30 4026 22 27 32
internal_value=-2.43612e-05 0.000176227 -0.000234211 -0.0317664 0.00035458 -0.000557812 0.0150245 0.0265621 0.000619567 -0.0505397 -0.0407547 -0.0596768
internal_weight=1060.95 1056.78 1050.54 19.3154 1031.22 970.611 60.6116 50.3409 948.272 22.3389 10.2707 12.2274
internal_count=5465 5447 5416 116 5300 4977 323 260 4748 229 63 85
is_linear=0
shrinkage=0.05


Tree=75
num_leaves=21
num_cat=0
split_feature=1 1 5 1 1 8 4 3 3 9 4 3 1 3 10 5 3 4 3 1
split_gain=5.69934 5.0463 11.4205 8.30757 20.1258 14.2961 8.87093 18.3584 27.3452 12.5248 11.0393 16.3477 10.7497 8.61367 7.02405 11.2544 8.26397 4.49166 3.83479 1.98756
threshold=29.450000000000003 42.250000000000007 0.55500000000000016 45.45000000000001 44.95000000000001 6504353.5500000017 0.0019500000000000001 0.038750000000000007 0.030550000000000004 0.33765000000000006 0.0035500000000000006 0.045450000000000011 47.350000000000001 0.012450000000000001 0.28690000000000004 0.59500000000000008 0.028050000000000002 0.00045000000000000004 0.047550000000000009 41.150000000000013
decision_type=2 2 2 2 2 2 2 2 2 2 2 2 2 2 2 2 2 2 2 2
left_child=-1 2 19 4 5 13 7 8 -5 -9 11 -8 -12 -3 15 16 -4 -6 -19 -2
right_child=1 3 14 6 17 -7 10 9 -10 -11 12 -13 -14 -15 -16 -17 -18 18 -20 -21
leaf_value=-0.068442086732330168 0.072722623264400918 -0.034518106014069933 0.038514351419404201 -0.00043283022991133383 -0.077694140265139322 -0.061940337180282572 -0.033474689518620065 -0.026112775827597745 0.049275798278566194 0.030976653736265625 0.036065175271086346 0.036345742299292244 -0.0049260478313286043 0.0067909594828021325 -0.047256821438151013 -0.049962051487483332 -0.015696353669154471 0.0013642367383476573 -0.050465330701897765 0.031763768749499197
leaf_weight=2.9355145543813697 7.2640023380517942 14.279338777065275 22.876272305846214 520.02416794747114 10.157618612051012 9.4485871493816358 9.5881877243518812 96.408678654581308 29.111336931586266 10.507834911346434 18.89874067902565 60.015337731689215 100.66397700831294 102.35783049464226 6.0875327736139289 6.3876544535160056 9.9084583669900876 5.0159160643815985 10.836080536246298 6.4123088121414185
leaf_count=14 32 76 118 2676 48 64 52 486 146 65 90 335 535 478 61 35 44 24 58 28
internal_value=-2.43003e-05 0.000167573 0.0143753 -0.000668378 -0.0114253 -0.00310656 0.00126251 -0.00148171 0.00220176 -0.0204316 0.010802 0.0266217 0.00153619 0.00166562 0.00212258 0.0100244 0.0219804 -0.0513937 -0.0338461 0.0542515
internal_weight=1059.19 1056.25 58.9362 997.314 152.095 126.086 845.218 656.052 549.136 106.917 189.166 69.6035 119.563 116.637 45.2599 39.1724 32.7847 26.0096 15.852 13.6763
internal_count=5465 5451 318 5133 748 618 4385 3373 2822 551 1012 387 625 554 258 197 162 130 82 60
is_linear=0
shrinkage=0.05


Tree=76
num_leaves=29
num_cat=0
split_feature=2 2 2 0 2 1 3 3 3 1 3 3 0 4 4 3 1 1 3 2 1 2 1 3 0 1 2 1
split_gain=4.05368 5.51176 18.6313 13.6661 13.3866 13.9674 12.2632 23.6212 15.6714 12.0846 11.3118 13.6377 9.96639 9.77482 11.4614 8.95084 11.6909 7.95589 6.21998 4.91118 4.7312 3.70254 3.23888 2.28052 2.14608 1.20107 0.840639 0.35623
threshold=48.650000000000006 28.650000000000002 31.650000000000002 59.000000000000007 27.150000000000002 38.650000000000013 0.016200000000000003 0.020950000000000003 0.015500000000000002 72.700000000000003 0.0062500000000000012 0.0094500000000000018 61.500000000000007 0.00085000000000000017 0.00055000000000000003 0.096950000000000022 52.050000000000004 53.550000000000004 0.012050000000000002 37.650000000000013 44.95000000000001 53.45000000000001 52.95000000000001 0.013650000000000001 62.500000000000007 43.95000000000001 24.750000000000004 50.550000000000004
decision_type=2 2 2 2 2 2 2 2 2 2 2 2 2 2 2 2 2 2 2 2 2 2 2 2 2 2 2 2
left_child=1 4 13 19 5 26 8 -8 -7 12 -5 -12 23 14 17 20 -17 -3 -14 -4 -15 -2 24 -6 -23 -26 -1 -21
right_child=21 2 3 10 9 6 7 -9 -10 -11 11 -13 18 15 -16 16 -18 -19 -20 27 -22 22 -24 -25 25 -27 -28 -29
leaf_value=0.033353323618579726 -0.054983184878314266 0.048515340808936908 -0.0087725773992301317 -0.059170796273702121 -0.02487312210732363 -0.0061213038523567301 0.031845592559926465 -0.00079878943600828411 -0.056250871902138781 0.054063437527393156 0.034701233280650175 -0.00123807062300456 -9.3844566750665026e-05 0.098991671034720757 -0.043057282514276068 -0.048133601282332156 0.06416409959057498 -0.00052134922854765264 -0.058637857361865532 -0.041044344068972109 0.046908636064440672 0.038862624826164191 -0.05195369522281558 0.022448067866833253 0.010415639376520083 -0.03499233911854948 0.066745590377448663 -0.066747481833387648
leaf_weight=4.1176616847515088 6.0983093716204193 15.410217598080633 8.0950912982225436 7.0287419557571402 3.7453785091638547 262.46330453455448 65.959575101733208 342.25023343414068 16.519372656941414 4.0286449268460265 31.82047200948 151.2007739469409 5.6410313099622718 5.639997377991679 8.2339298129081708 5.2260777056217176 4.0019923895597458 17.293171554803848 27.350075453519821 3.9444692730903617 25.458666503429413 3.4139350056648237 2.8722396567463866 7.2199984788894653 2.8279752284288406 2.6140995472669601 6.9915933981537819 8.6958193331956846
leaf_count=18 89 75 39 38 25 1435 309 1708 80 29 200 698 34 23 34 23 29 79 144 21 121 17 37 31 15 25 44 45
internal_value=-2.56967e-05 0.000376522 0.00620266 -0.00161912 -0.00189728 -0.000132929 -0.001043 0.00447023 -0.00912663 -0.0274153 0.00256926 0.00499865 -0.0351022 0.0265295 0.00912777 0.0440048 0.00019697 0.0225103 -0.0488093 -0.0400757 0.0568016 -0.0236039 -0.00653808 0.00575428 0.00804876 -0.0107317 0.0552227 -0.0595043
internal_weight=1056.16 1038.34 292.049 210.785 746.287 698.302 687.192 408.21 278.983 47.9851 190.05 183.021 43.9565 81.2641 40.9373 40.3267 9.22807 32.7034 32.9911 20.7354 31.0987 17.8266 11.7282 10.9654 8.85601 5.44207 11.1093 12.6403
internal_count=5465 5282 1425 1041 3857 3594 3532 2017 1515 263 936 898 234 384 188 196 52 154 178 105 144 183 94 56 57 40 62 66
is_linear=0
shrinkage=0.05


Tree=77
num_leaves=16
num_cat=0
split_feature=14 4 1 4 4 4 10 0 4 9 9 4 4 4 8
split_gain=4.13483 4.52907 5.40866 9.6953 7.75204 8.19947 5.68212 6.28094 6.50579 4.81673 8.82597 5.94337 4.48983 4.47158 2.12575
threshold=1.0000000180025095e-35 0.037250000000000005 47.750000000000007 0.016550000000000006 0.013800000000000002 0.00035000000000000005 0.44190000000000007 61.500000000000007 0.00175 0.69030000000000002 0.68135000000000012 0.00025000000000000006 0.0055500000000000002 0.095200000000000021 153820080.00000003
decision_type=2 2 2 2 2 2 2 2 2 2 2 2 2 2 2
left_child=1 2 3 4 5 -1 9 8 -8 10 -4 -11 -2 -3 -9
right_child=12 13 6 -5 -6 -7 7 14 -10 11 -12 -13 -14 -15 -16
leaf_value=-0.018688791161632842 0.063566236363366599 0.04966538991364261 0.0010517854000341178 0.052208992658952215 -0.064584626911941778 -0.0011771401124459771 -0.042761110079016951 0.047124022568651926 0.038656942417891277 -0.053262769372048706 0.064045522896846216 0.0052594308358029336 -0.00088859047800181237 -0.011449107305369277 0
leaf_weight=92.130534216761589 5.2044077068567258 8.6199999898672086 627.74451892822981 6.9462051838636389 5.6599658802151671 245.50988756492734 5.7439211159944552 16.286990426480774 4.0943337827920914 8.9054536968469638 5.5143136307597151 8.0680000185966474 5.1959955096244812 4.3307013958692542 2.6070760190486899
leaf_count=503 23 49 3247 33 34 1197 32 129 23 60 33 41 27 21 13
internal_value=-2.69156e-05 -0.000346178 -0.000722 -0.00577121 -0.00697378 -0.00597439 0.00187576 0.023603 -0.00832666 0.000904511 0.00161824 -0.0252847 0.0311869 0.0289145 0.0404485
internal_weight=1052.56 1042.16 1029.21 350.247 343.3 337.64 678.965 28.7323 9.83825 650.232 633.259 16.9735 10.4004 12.9507 18.8941
internal_count=5465 5415 5345 1767 1734 1700 3578 197 55 3381 3280 101 50 70 142
is_linear=0
shrinkage=0.05


Tree=78
num_leaves=23
num_cat=0
split_feature=7 4 8 2 2 3 4 2 0 3 4 4 8 8 3 2 0 3 7 2 2 2
split_gain=4.06491 8.16456 6.15747 4.69095 9.2482 10.118 8.98452 11.7972 15.8626 10.6346 9.17005 8.52974 7.62334 11.8068 7.61916 7.1614 4.85915 5.81776 4.29573 4.15414 2.59491 2.17834
threshold=0.00010059000000000002 0.00055000000000000003 116193620.00000001 18.050000000000004 19.350000000000005 0.40615000000000007 0.037250000000000005 17.350000000000005 65.500000000000014 0.017700000000000004 0.00065000000000000008 0.0013500000000000003 276046919.00000006 134323615.75000003 0.013650000000000001 15.65 60.500000000000007 0.050200000000000009 0.00045698500000000008 21.550000000000004 17.550000000000004 32.250000000000007
decision_type=2 2 2 2 2 2 2 2 2 2 2 2 2 2 2 2 2 2 2 2 2 2
left_child=3 -2 18 6 5 16 7 8 10 20 -1 -11 13 14 -6 -10 -5 -18 -3 -15 -9 -14
right_child=1 2 -4 4 12 -7 -8 9 15 11 -12 -13 21 19 -16 -17 17 -19 -20 -21 -22 -23
leaf_value=0.0013045245274559054 -0.048939803149342286 -0.06224574162818957 0.047816948843210444 0.071653687054025847 -0.0086277356024686679 -0.044448124552747936 0.05661191769461741 -0.067723420416817684 0.017921121440851031 0.035471296216512391 -0.018231716265272237 -0.040725988681704947 -0.054484523429929183 0.071191275114368333 0.0039236078151806721 0.077105669081306644 0.034134276592614025 -0.0028166584525149054 0.012692174019185763 0.022554378785031901 -0.029104775955420194 -0.0098929954601937424
leaf_weight=161.47867251932621 12.256993673741819 3.3980156332254392 5.4485087469220161 5.7118888199329367 166.18632171303034 5.1555460691452017 5.7878109067678443 14.079524099826815 17.785270340740684 7.8870718479156476 95.138162694871426 6.6979178935289383 7.5416027829051 6.6877103000879314 442.58597418293357 7.3279832974076262 33.77264691144228 15.167757160961626 3.9741488844156265 14.312095887959002 7.4235606975853434 4.8302109986543655
leaf_count=809 155 24 41 24 836 29 34 71 99 39 499 33 56 37 2187 36 175 77 29 89 54 32
internal_value=-2.45354e-05 -0.0198773 0.00768427 0.000457933 0.0027583 0.0215507 -0.00451578 -0.00566217 -0.00219036 -0.0325466 -0.00592315 9.9412e-05 0.000997144 0.00177105 0.0004882 0.0356266 0.0279378 0.022598 -0.0215502 0.0385445 -0.0548189 -0.0376949
internal_weight=1050.64 25.0777 12.8207 1025.56 701.952 59.8078 323.606 317.818 281.73 36.0881 256.617 14.585 642.144 629.772 608.772 25.1133 54.6523 48.9404 7.37216 20.9998 21.5031 12.3718
internal_count=5465 249 94 5216 3542 305 1674 1640 1443 197 1308 72 3237 3149 3023 135 276 252 53 126 125 88
is_linear=0
shrinkage=0.05


Tree=79
num_leaves=13
num_cat=0
split_feature=3 3 3 4 3 3 3 3 1 3 8 1
split_gain=3.86588 11.0944 6.93169 9.81614 5.56684 21.1917 13.9756 13.3805 9.52289 5.67055 3.65451 0.954077
threshold=0.0039500000000000013 0.0041000000000000003 0.004850000000000001 1.0000000180025095e-35 0.0064500000000000009 0.0069500000000000004 0.005850000000000001 0.0053500000000000015 71.250000000000014 0.0094500000000000018 175749878.00000003 51.050000000000004
decision_type=2 2 2 2 2 2 2 2 2 2 2 2
left_child=-1 -2 3 -3 6 8 7 -4 -6 -7 -8 -5
right_child=1 2 4 11 5 9 10 -9 -10 -11 -12 -13
leaf_value=-0.047869614215068024 0.067326360875239147 0.015677077355717165 0.015928127536519371 -0.03984835915313599 -0.060797116531045171 0.0099762407463941296 0.04761490508898613 -0.052476636800263321 0.053209845780376276 -0.0010723427502356629 -0.0041361942720518708 -0.073112803421430742
leaf_weight=4.1055345088243476 6.0134179443120948 7.0601772964000711 20.383179321885113 5.5894879475235939 19.16325277462602 135.61622457206249 24.518057294189934 10.845293261110781 1.9006678089499462 802.64345593750477 3.7392988651990882 6.1493711620569229
leaf_count=18 31 31 92 57 211 722 135 75 18 4026 21 28
internal_value=-2.33615e-05 0.00016464 -0.000226225 -0.030233 0.000325465 -0.000590535 0.0151578 -0.00776014 -0.0500708 0.000520186 0.0405999 -0.0581666
internal_weight=1047.73 1043.62 1037.61 18.799 1018.81 959.324 59.4858 31.2285 21.0639 938.26 28.2574 11.7389
internal_count=5465 5447 5416 116 5300 4977 323 167 229 4748 156 85
is_linear=0
shrinkage=0.05


Tree=80
num_leaves=19
num_cat=0
split_feature=11 2 1 1 1 1 8 2 8 8 3 4 2 1 2 1 3 1
split_gain=3.84496 5.69497 5.5554 4.34307 4.05308 6.62327 12.8612 9.50133 7.8644 8.11479 6.91234 6.17199 7.1198 6.09973 1.63759 1.55154 1.32201 1.10916
threshold=1.0000000180025095e-35 10.600000000000001 45.95000000000001 52.45000000000001 59.45000000000001 55.150000000000013 139379309.60000002 22.150000000000002 384561000.00000006 356427030.00000006 0.0078500000000000011 0.0021500000000000004 33.150000000000013 65.850000000000009 23.950000000000003 50.550000000000004 0.0066500000000000005 61.850000000000001
decision_type=2 2 2 2 2 2 2 2 2 2 2 2 2 2 2 2 2 2
left_child=1 15 -2 -4 5 8 7 -7 9 -3 -8 12 13 -6 -10 -1 -14 -13
right_child=2 4 3 -5 11 6 10 -9 14 -11 -12 17 16 -15 -16 -17 -18 -19
leaf_value=-0.053365604107088883 -0.015324494483053636 0.0006140255153324703 0.075746307439496563 0.012012969698548636 0.0081337655505899914 -0.033505033013256878 -0.014327539276403635 0.00014482862103862713 -0.051531568564179814 0.069728361882963719 0.062657840553707461 0.020574821889193969 0.0098197637226681428 -0.02599551669716349 -0.0020319586627648234 -0.0035479851237077338 0.052591355783770215 0.054616901865273654
leaf_weight=6.311909504234789 5.7985154986381557 819.01312894932926 5.4712341576814634 5.6439155638217926 45.505154356360435 52.207924112677574 4.4315786212682706 34.530373435467482 8.5977653600275499 4.1712075769901267 7.7841582968831062 4.5023685842752439 2.7930985391139966 18.236311793327332 2.3432577326893798 2.3801704198122025 7.9734854847192764 7.8546909540891647
leaf_count=54 31 4132 24 27 236 267 20 180 78 19 52 29 17 112 15 15 58 99
internal_value=-2.37224e-05 -0.000418392 0.0235464 0.0442261 -6.80759e-05 -0.00103504 -0.0132603 -0.0200668 0.000410688 0.000978739 0.0344338 0.0102505 0.00472181 -0.00157766 -0.0414974 -0.0404881 0.042148 0.0428796
internal_weight=1045.55 1028.64 16.9137 11.1151 1019.94 933.079 98.954 86.7383 834.125 823.184 12.2157 86.8651 74.5081 63.7415 10.941 8.69208 10.7666 12.3571
internal_count=5465 5383 82 51 5314 4763 519 447 4244 4151 72 551 423 348 93 69 75 128
is_linear=0
shrinkage=0.05


Tree=81
num_leaves=29
num_cat=0
split_feature=2 2 2 0 2 3 3 3 3 2 3 2 0 0 2 0 3 2 2 2 3 3 9 2 3 3 3 2
split_gain=3.72407 4.74116 16.861 12.7247 12.6076 9.90188 12.762 9.10617 21.0589 30.6309 19.5798 10.8152 10.5627 6.33952 5.81315 10.9044 10.5309 5.37751 5.089 3.57492 3.47442 3.27391 2.56652 2.49799 2.48323 1.88496 0.666715 0.241336
threshold=48.650000000000006 28.650000000000002 31.650000000000002 60.500000000000007 27.150000000000002 0.0062500000000000012 0.0094500000000000018 0.015850000000000006 0.020950000000000003 16.050000000000004 0.015500000000000002 14.850000000000003 64.500000000000014 61.500000000000007 29.950000000000003 62.500000000000007 0.0081500000000000027 37.650000000000013 29.300000000000001 53.45000000000001 0.013500000000000002 0.012050000000000002 0.59505000000000008 27.950000000000003 0.061050000000000007 0.013650000000000001 0.12025000000000001 41.800000000000004
decision_type=2 2 2 2 2 2 2 2 2 2 2 2 2 2 2 2 2 2 2 2 2 2 2 2 2 2 2 2
left_child=1 4 14 17 7 -5 -7 10 9 -9 11 -1 -10 25 15 18 -16 -4 -3 -2 -17 -15 -18 -23 -21 -6 -26 -19
right_child=19 2 3 5 13 6 -8 8 12 -11 -12 -13 -14 21 16 20 22 27 -20 24 -22 23 -24 -25 26 -27 -28 -29
leaf_value=0.014217903781063083 -0.054591102554897721 0.014709777372256372 -0.0063322847192623577 -0.056980241453145265 -0.022294279430928658 0.03370672105547709 -0.0013492527348293233 -0.032828852350969238 -0.0033817371761725359 0.04645298553407657 -0.068998911273177449 -0.0097476440472719673 0.026481296146662853 -0.00054106738311857582 -0.017395769904881946 0.072895692514580446 0.057108348657832056 -0.06628521369358184 -0.032042524255660197 0.028524884384517848 0.024899615911369376 -0.03038792191636433 0.016614757618223019 -0.060704545904489204 -0.033311024864461962 0.02136575683000605 -0.0023526106151017445 -0.043781303639917613
leaf_weight=61.022550944238901 5.8310688547790077 10.474530778825285 8.2967546582222003 6.6481445878744116 3.5622276738286001 31.229484122246504 150.2038007080555 15.398546040058134 309.11180354654789 56.135094903409481 12.1130204051733 203.43088668398559 32.639287628233433 5.5334199517965308 6.6512330472469321 5.8279751390218761 27.232271671295166 8.0491930544376356 12.631969526410101 3.4082505628466597 12.375017762184141 17.898683927953247 5.1156866997480384 12.658343389630316 4.8007099851965886 7.2096135020256042 3.2941240072250366 4.690259985625743
leaf_count=328 89 55 40 38 25 200 695 69 1555 281 63 1136 162 34 33 31 125 42 53 25 65 108 22 65 42 31 27 26
internal_value=-2.07089e-05 0.000363787 0.00578907 -0.00166984 -0.00176131 0.00243757 0.00467251 -4.75438e-05 0.00464409 0.0292947 -0.00707566 -0.00419542 -0.000508099 -0.026829 0.0252516 0.0119618 0.0391342 -0.0384679 -0.0106615 -0.0229403 0.0408538 -0.0368738 0.0509295 -0.0432668 -0.00613288 0.0063953 -0.0215053 -0.0587949
internal_weight=1043.47 1026.14 289.426 209.118 736.713 188.081 181.433 689.851 413.285 71.5336 276.566 264.453 341.751 46.8623 80.3087 41.3095 38.9992 21.0362 23.1065 17.3342 18.203 36.0904 32.348 30.557 11.5031 10.7718 8.09483 12.7395
internal_count=5465 5282 1425 1041 3857 933 895 3594 2067 350 1527 1464 1717 263 384 204 180 108 108 183 96 207 147 173 94 56 69 68
is_linear=0
shrinkage=0.05


Tree=82
num_leaves=26
num_cat=0
split_feature=1 4 3 4 1 3 4 4 10 3 1 3 4 10 0 1 3 10 10 1 2 1 1 4 4
split_gain=3.70206 10.461 7.57143 13.1484 10.4101 10.217 22.0966 12.2104 9.96798 9.29787 9.1492 7.57439 7.56628 7.5573 7.44607 9.86393 6.00719 5.56543 7.27208 5.15568 5.05587 3.40826 3.21194 0.662259 0.228366
threshold=48.45000000000001 0.016550000000000006 0.47985000000000005 0.014550000000000002 59.650000000000013 0.054850000000000003 0.00125 0.0013500000000000003 0.46605000000000002 0.016200000000000003 49.250000000000007 0.13845000000000005 0.013800000000000002 0.34730000000000005 65.500000000000014 42.250000000000007 0.52960000000000007 0.40260000000000001 0.41325000000000006 47.750000000000007 17.950000000000003 43.050000000000004 45.45000000000001 0.035800000000000005 0.0010500000000000004
decision_type=2 2 2 2 2 2 2 2 2 2 2 2 2 2 2 2 2 2 2 2 2 2 2 2 2
left_child=1 12 3 5 20 6 9 24 -9 -2 -8 -5 13 14 15 -1 -3 -15 -19 -16 -4 -18 -23 -13 -7
right_child=2 16 4 11 -6 7 10 8 -10 -11 -12 23 -14 17 19 -17 21 18 -20 -21 -22 22 -24 -25 -26
leaf_value=0.020312906393777364 -0.0033472147288715957 0.069893452984954293 -0.0058551331420679956 -0.0030583930814865445 0.059909696657325887 -0.041455573305554182 -0.019067700034419686 -0.01046672421288823 0.037455844302208489 0.011350743577167198 0.056639887576892749 0.077830134053472291 -0.063799329914048186 -0.059649645506470186 -0.034940570404623977 -0.0043839078053781247 0.050098131974151028 0.035227039881156871 -0.034618981347241472 0.030869046799677519 -0.065203231887012422 -0.032130860486232378 0.023191354163179911 0.048429973898678508 -0.064265244328725588
leaf_weight=47.587069913744926 271.00628555007279 6.5597075223922756 5.811916232109076 5.529964059591296 2.6887809336185446 4.1427093148231497 4.5165082216262844 103.4213650599122 11.993563719093798 178.00038964301348 27.13343445956707 7.2556304633617383 5.4508627355098715 10.093754012137653 25.305753987282518 265.15827049314976 4.0383995547890654 5.3213851898908642 11.596419263631104 3.2122982740402213 10.292805299162863 4.9836090654134733 5.2753623425960541 5.4776116013526917 8.2984785884618741
leaf_count=256 1483 32 27 23 21 20 24 562 98 873 152 34 34 68 156 1269 23 29 78 20 57 27 26 29 44
internal_value=-2.31013e-05 -0.00384274 0.00230402 0.00325075 -0.0288557 0.0019839 0.00533241 -0.0105596 -0.00541536 0.00246962 0.0456528 0.0449483 -0.00578019 -0.00489078 -0.00285517 -0.000604787 0.0304965 -0.0303189 -0.0122777 -0.027271 -0.0442624 0.0117138 -0.00325117 0.0660483 -0.0574598
internal_weight=1040.15 394.583 645.569 626.776 18.7935 608.513 480.657 127.856 115.415 449.007 31.6499 18.2632 373.726 368.275 341.263 312.745 20.8571 27.0116 16.9178 28.5181 16.1047 14.2974 10.259 12.7332 12.4412
internal_count=5465 2018 3447 3342 105 3256 2532 724 660 2356 176 86 1910 1876 1701 1525 108 175 107 176 84 76 53 63 64
is_linear=0
shrinkage=0.05


Tree=83
num_leaves=17
num_cat=0
split_feature=7 4 8 1 14 8 8 9 3 1 3 9 3 1 1 8
split_gain=3.90872 7.54212 5.30694 4.64511 3.55994 3.50502 5.27479 7.6493 9.50452 7.48085 6.89507 5.0166 2.6779 0.769467 0.16564 0.0880375
threshold=0.00010059000000000002 0.00055000000000000003 116193620.00000001 50.150000000000013 44.520000000000003 656974312.00000012 136482545.10000002 0.58060000000000012 0.029650000000000006 45.45000000000001 0.0099500000000000022 0.33765000000000006 0.0054500000000000009 42.050000000000004 35.550000000000004 193568228.00000003
decision_type=2 2 2 2 2 2 2 2 2 2 2 2 2 2 2 2
left_child=4 14 3 -3 5 6 7 11 -9 13 -11 -1 -7 -8 -2 -4
right_child=1 2 15 -5 -6 12 9 8 -10 10 -12 -13 -14 -15 -16 -17
leaf_value=-0.00020961123126034427 -0.026513912087583753 -0.057395732255976807 0.056142811189695843 0.021490586917136324 0.035619082033799342 0.0040606491270728223 -0.015654489937348377 -0.039998586044089388 0.016934073805637963 0.029765044706569228 -0.008796858870388443 0.023939434117620662 -0.060401563779128066 -0.057531406509558403 -0.052016302885846799 0.030714166130066618
leaf_weight=877.13974418491125 1.9941520094871545 3.8383975550532323 2.6588622257113457 3.3536126613616943 7.0455492138862601 2.3760231211781493 2.4374119043350211 24.940538190305233 10.154915809631346 43.464389309287071 15.499107852578161 21.93915780633688 4.0835186317563057 3.0936465784907341 9.7840327806770784 2.5056619793176651
leaf_count=4360 23 29 21 24 35 20 21 157 54 282 89 142 32 24 132 20
internal_value=-2.20636e-05 -0.0198707 0.00707211 -0.0201353 0.000448193 0.000193166 0.000437351 -0.000512915 -0.0233817 0.0142584 0.0195463 0.000376706 -0.0362277 -0.0405709 -0.048379 0.0455732
internal_weight=1036.31 24.1347 12.3565 7.19201 1012.17 1005.13 998.669 934.174 35.0955 64.4946 58.9635 899.079 6.45954 5.53106 11.7782 5.16452
internal_count=5465 249 94 53 5216 5181 5129 4713 211 416 371 4502 52 45 155 41
is_linear=0
shrinkage=0.05


Tree=84
num_leaves=25
num_cat=0
split_feature=7 4 8 2 1 2 0 3 2 2 3 1 1 1 8 8 8 2 2 2 7 2 1 2
split_gain=3.63793 7.11049 4.96596 3.95812 8.3403 9.1445 13.4054 10.5861 10.1159 8.16943 9.01754 7.64679 6.54815 8.31084 6.30166 10.0949 7.05451 3.90641 2.40441 2.09889 1.93376 1.57006 0.16518 0.0263867
threshold=0.00010059000000000002 0.00055000000000000003 108297830.00000001 18.050000000000004 61.45000000000001 17.350000000000005 67.500000000000014 0.017700000000000004 16.650000000000002 19.350000000000005 0.40615000000000007 52.150000000000013 45.45000000000001 55.650000000000013 276046919.00000006 134323615.75000003 132602184.20000002 21.550000000000004 17.550000000000004 32.250000000000007 0.00039127500000000001 15.050000000000002 35.550000000000004 21.150000000000002
decision_type=2 2 2 2 2 2 2 2 2 2 2 2 2 2 2 2 2 2 2 2 2 2 2 2
left_child=3 22 -3 4 5 6 8 18 -1 10 12 -9 -5 -14 15 16 -11 -17 -7 23 -4 -8 -2 -16
right_child=1 2 20 9 -6 7 21 11 -10 14 -12 -13 13 -15 19 17 -18 -19 -20 -21 -22 -23 -24 -25
leaf_value=-0.0078519720141066573 -0.025784740031581585 -0.026174615834062966 0.0048027931726751412 -0.0229646391535527 0.057971977691248705 -0.065267802723400395 0.08231009716617263 -0.020539485946461079 0.021416838324857874 0.00095983665294583232 -0.043100578130927422 0.057295683676765102 0.04037866012911432 -0.02244606445494254 -0.037654703549664416 0.069043565837095408 -0.053510148210668899 0.020665558502375152 -0.027301079141946068 -0.0079613166456107675 0.062108700203688111 0.035444851173296328 -0.051424926206912372 -0.060033278441452009
leaf_weight=235.89136489480734 1.9519339054822946 5.7097895070910436 2.8804346695542336 5.79027335345745 5.1950461566448203 13.299903422594072 4.0562897175550443 10.235497042536734 33.581019304692745 596.45511034876108 4.9637901335954657 4.4322427511215201 41.981048598885536 5.844160594046115 2.7101489529013616 6.3051462471485165 5.9025927633047095 13.783639531582592 7.1875621676444998 4.6956866458058357 3.4728968441486359 4.5964511185884476 9.4123107269406301 4.2622375935316086
leaf_count=1229 23 38 20 29 40 71 18 52 167 2989 29 20 213 34 25 37 34 89 54 32 36 23 132 31
internal_value=-2.25136e-05 -0.0194635 0.00691873 0.000424843 -0.00418197 -0.00524677 -0.00218559 -0.0292481 -0.00417942 0.0025504 0.020403 0.00287059 0.0264446 0.0325664 0.000890343 0.00158308 0.000408984 0.0363641 -0.0523882 -0.0353392 0.0373795 0.0586753 -0.0477204 -0.0526972
internal_weight=1034.6 23.4274 12.0631 1011.17 318.475 313.28 278.125 35.1552 269.472 692.694 58.5793 14.6677 53.6155 47.8252 634.115 622.446 602.358 20.0888 20.4875 11.6681 6.35333 8.65274 11.3642 6.97239
internal_count=5465 249 94 5216 1674 1634 1437 197 1396 3542 305 72 276 247 3237 3149 3023 126 125 88 56 41 155 56
is_linear=0
shrinkage=0.05


Tree=85
num_leaves=23
num_cat=0
split_feature=11 1 1 8 3 4 3 1 3 3 3 3 3 0 4 1 3 3 3 4 1 1
split_gain=3.47576 3.59102 5.90811 11.1202 7.70495 9.56038 6.55463 6.46371 26.0806 20.3091 15.8262 6.60658 25.1643 16.8178 5.89466 4.8916 6.35161 7.14406 5.35774 2.88309 1.07652 0.0251025
threshold=1.0550000000000004 59.45000000000001 55.150000000000013 139379309.60000002 0.091200000000000017 0.0013500000000000003 0.0078500000000000011 51.750000000000007 0.016450000000000003 0.05920000000000001 0.012050000000000002 0.016350000000000003 0.017350000000000001 60.500000000000007 0.0021500000000000004 74.800000000000026 0.012950000000000001 0.016000000000000004 0.0078500000000000011 0.0051500000000000009 61.850000000000001 56.250000000000007
decision_type=2 2 2 2 2 2 2 2 2 2 2 2 2 2 2 2 2 2 2 2 2 2
left_child=1 2 7 4 5 -4 -5 11 10 -10 -9 13 -13 -1 15 16 18 -18 -3 -6 -16 -8
right_child=-2 14 3 6 19 -7 21 8 9 -11 -12 12 -14 -15 20 -17 17 -19 -20 -21 -22 -23
leaf_value=0.059804171736872129 0.034246544128650837 0.0051647428850285677 -0.018438630501822883 -0.014813545233691248 -0.063365303570175641 0.039241406913527371 0.045376809138445988 -0.0034561797153856372 0.039729665551861602 -0.0024038803402292204 -0.061374769722003779 -0.081564666793610491 -0.0040025292451849343 0.0011992820329582705 0.020432550403228625 -0.04558318766696539 -0.048339870313213129 0.0050346346416381112 0.050295074927323193 -0.017226181218295025 0.05422409007866489 0.068972993431954441
leaf_weight=12.901786997914312 7.2443499267101279 14.366098750382664 60.310736186802387 4.4327690899372083 11.642696723341944 8.0139474608004075 3.0073892623186111 67.62188308313489 71.665123879909515 47.176143761724234 14.249589458107947 10.645964488387106 404.62569314613938 213.44459467381239 4.5646499842405301 4.5106043368577948 7.5416362285614005 34.335966631770134 12.518584154546259 5.3637135028839102 7.3812736645340919 4.4098856970667839
leaf_count=59 35 96 303 20 69 43 19 363 385 245 90 47 1968 1202 30 34 38 186 69 32 99 33
internal_value=-2.23411e-05 -0.000272802 -0.00116934 -0.0128367 -0.0191814 -0.0115527 0.0322105 0.000172169 0.00800645 0.022974 -0.0136604 -0.00227165 -0.00602212 0.00458679 0.00954248 0.004132 0.00752724 -0.0045506 0.026473 -0.0492914 0.0420039 0.0608018
internal_weight=1031.98 1024.73 939.512 97.1811 85.3311 68.3247 11.85 842.331 200.713 118.841 81.8715 641.618 415.272 226.346 85.2188 73.2729 68.7623 41.8776 26.8847 17.0064 11.9459 7.41727
internal_count=5465 5430 4878 519 447 346 72 4359 1083 630 453 3276 2015 1261 552 423 389 224 165 101 129 52
is_linear=0
shrinkage=0.05


Tree=86
num_leaves=23
num_cat=0
split_feature=2 2 2 2 5 2 1 1 1 3 5 2 5 3 2 2 1 5 1 5 2 3
split_gain=3.51683 3.3908 3.96404 15.5042 12.0159 11.5646 12.1751 10.7164 9.81988 9.20993 9.04991 5.33002 9.9767 9.59476 4.92761 3.52195 3.07165 1.83561 1.17084 0.940618 0.873754 0.210773
threshold=10.600000000000001 48.650000000000006 28.650000000000002 31.650000000000002 0.54500000000000015 27.150000000000002 38.650000000000013 72.700000000000003 41.850000000000001 0.0062500000000000012 0.55500000000000016 29.950000000000003 0.56500000000000006 0.018100000000000002 37.650000000000013 53.45000000000001 52.95000000000001 0.56500000000000006 43.95000000000001 0.55500000000000016 24.750000000000004 0.080250000000000016
decision_type=2 2 2 2 2 2 2 2 2 2 2 2 2 2 2 2 2 2 2 2 2 2
left_child=19 2 5 11 14 6 20 10 -8 -6 -7 12 -4 -13 -5 -3 17 -17 -19 21 -2 -1
right_child=1 15 3 4 9 7 8 -9 -10 -11 -12 13 -14 -15 -16 16 -18 18 -20 -21 -22 -23
leaf_value=-0.027534722737983592 0.03174341195520803 -0.05427314018131351 -0.010110696310444129 -0.0068506269759555294 -0.055828163694144117 0.006371312924853087 -0.052089944852944305 0.053187411748919222 0.00018093124338010039 0.0045576801725590076 -0.046483225892571797 0.0038427271829820052 0.039511094340153811 0.056290138385996925 -0.057586380572867774 0.037492448096836162 -0.051295860587023838 0.012145636006680557 -0.033570148536423768 -0.055965113544372037 0.066014071900236046 -0.0070325606997234643
leaf_weight=3.6100601926445943 4.1039382219314557 5.5445851311087635 22.891541890799999 8.2031708061695117 6.4369110912084571 10.659697674214838 9.0090557485818845 3.8151308447122565 650.16797303594649 179.88194590434432 31.391497522592545 13.769761651754377 17.87374921143055 24.805140614509583 12.381922118365763 3.3595722913742048 2.6758871972560874 2.7653725743293762 2.4910373464226723 2.6530500650405884 6.3857357278466225 3.2742580026388168
leaf_count=25 18 89 108 40 38 56 56 29 3402 895 178 62 96 118 68 17 37 15 25 24 44 25
internal_value=-2.02771e-05 0.000259258 0.000639123 0.00561422 -0.00157154 -0.00134465 0.000313185 -0.0256065 -0.00053367 0.00241583 -0.032983 0.0243946 0.0115673 0.037756 -0.0377407 -0.021918 -0.00525493 0.00889494 -0.00880809 -0.030087 0.0535047 -0.0187399
internal_weight=1028.15 1018.61 1001.78 286.244 206.904 715.533 669.667 45.8663 659.177 186.319 42.0512 79.3402 40.7653 38.5749 20.5851 16.8365 11.2919 8.61598 5.25641 9.53737 10.4897 6.88432
internal_count=5465 5391 5208 1425 1041 3783 3520 263 3458 933 234 384 204 180 108 183 94 57 40 74 62 50
is_linear=0
shrinkage=0.05


Tree=87
num_leaves=21
num_cat=0
split_feature=14 7 7 1 3 3 3 0 3 3 9 3 3 3 3 0 0 3 1 9
split_gain=3.91675 3.39238 5.44239 3.33702 8.71937 15.3908 22.9514 16.4017 9.80567 21.4749 10.6901 7.53161 27.8601 12.4153 17.4838 6.82062 1.41405 4.15907 1.39418 0.31175
threshold=-81.524999999999991 0.00014694500000000002 0.00083922500000000008 48.45000000000001 0.054850000000000003 0.016200000000000003 0.012050000000000002 60.500000000000007 0.13695000000000004 0.14595000000000002 0.33655000000000007 0.10340000000000001 0.11565000000000002 0.087550000000000003 0.080250000000000016 62.500000000000007 61.500000000000007 0.0087500000000000026 44.150000000000013 0.72105000000000008
decision_type=2 2 2 2 2 2 2 2 2 2 2 2 2 2 2 2 2 2 2 2
left_child=-1 3 16 11 5 6 -5 -7 10 -10 -6 13 -13 14 -2 -14 -3 19 -4 -18
right_child=1 2 18 4 8 7 -8 -9 9 -11 -12 12 15 -15 -16 -17 17 -19 -20 -21
leaf_value=0.058090436508991428 -0.0062924835398659937 -0.065606533968970301 0.050064454535357641 0.0053634737061642448 -0.024421846984922061 -0.062439183793702939 -0.031536922201271127 0.018803956520493503 0.065120834833150662 -0.0067480563401689508 0.030754988615483193 0.1024647560592777 0.012443565995335958 -0.065712114842926606 0.091542575003649651 -0.02627910726658041 -0.053097012748794241 0.03223135032410529 0 -0.018885709209351023
leaf_weight=2.7908733934164038 310.07896330580115 3.917920749634507 2.0018429532647124 207.45981398969889 80.797050723806024 6.2925036661326876 52.750026762485504 197.04479162767529 12.671908393502234 55.384856604039669 9.6846089996397478 7.4733294099569312 34.558173112571239 8.5249505639076215 4.5298010259866706 16.822290625423193 5.1805826313793641 2.0720884501934052 4.0557366460561752 1.514042757451534
leaf_count=13 1563 52 24 1103 444 43 276 982 60 309 85 30 179 35 19 107 84 17 25 15
internal_value=-2.13275e-05 -0.000190444 -0.0212123 0.000199048 0.00246236 0.0059301 -0.00210705 0.0162358 -0.00764271 0.00663621 -0.0184334 -0.00347347 0.012935 -0.00648056 -0.00483931 -0.000163779 -0.0398492 -0.0271641 0.0170151 -0.0464876
internal_weight=1025.61 1022.82 18.7422 1004.07 622.086 463.547 260.21 203.337 158.538 68.0568 90.4817 381.988 58.8538 323.134 314.609 51.3805 12.6846 8.76671 6.05758 6.69463
internal_count=5465 5452 217 5235 3302 2404 1379 1025 898 369 529 1933 316 1617 1582 286 168 116 49 99
is_linear=0
shrinkage=0.05


Tree=88
num_leaves=18
num_cat=0
split_feature=11 1 2 2 3 2 2 3 3 9 1 10 1 1 0 3 2
split_gain=3.29597 4.9323 4.89327 4.02007 12.072 12.1836 9.8811 9.18734 8.98771 5.41025 8.70048 4.36926 3.4837 1.58347 1.51867 0.889615 0.14686
threshold=1.0000000180025095e-35 45.95000000000001 10.600000000000001 12.550000000000002 0.040650000000000006 12.050000000000002 12.850000000000003 0.14775000000000002 0.0099500000000000022 0.60130000000000006 56.250000000000007 0.4835000000000001 52.45000000000001 50.550000000000004 61.500000000000007 0.020350000000000004 11.550000000000002
decision_type=2 2 2 2 2 2 2 2 2 2 2 2 2 2 2 2 2
left_child=2 -2 13 4 5 8 14 16 -4 11 -11 -8 -3 -1 -5 -7 -6
right_child=1 12 3 6 7 15 9 -9 -10 10 -12 -13 -14 -15 -16 -17 -18
leaf_value=-0.05203733688145408 -0.0149517376104136 0.069328842888778719 0.040108664858061485 -0.078771166196713843 -0.041176070972742035 0.054085950390955068 0.00025545244600813763 0.032101850242469525 -0.021258020023617995 -0.020498608971919435 0.033425278005334139 0.027294845487335524 0.011866385781283536 -0.00088598355820050103 -0.030895374023840169 0.087714213922108097 -0.062550839447771858
leaf_weight=5.9344950392842275 5.7316203266382244 5.5233861654996854 11.43501800298691 3.948345221579074 5.5681528225541097 6.5179356560111028 854.85743912868202 4.7189996540546408 12.172440841794012 60.42694753780961 8.3818059451878053 15.11628609895706 5.5272527933120728 2.2932782024145126 3.9795605316758156 5.4450338631868362 4.3489231392741203
leaf_count=54 31 24 58 20 42 45 4328 23 61 497 66 105 27 15 20 23 26
internal_value=-2.05537e-05 0.0218836 -0.000393388 -6.95195e-05 0.0136981 0.0294665 -0.000806304 -0.0242247 0.00829977 -0.000328565 -0.0138184 0.000734107 0.0414001 -0.0385625 -0.0560461 0.0704068 -0.0515795
internal_weight=1021.93 16.7823 1005.14 996.917 50.2065 35.5704 946.71 14.6361 23.6075 938.782 68.8088 869.974 11.0506 8.22777 7.92791 11.963 9.91708
internal_count=5465 82 5383 5314 278 187 5036 91 119 4996 563 4433 51 69 40 68 68
is_linear=0
shrinkage=0.05


Tree=89
num_leaves=14
num_cat=0
split_feature=3 3 3 4 3 3 2 1 1 2 2 1 2
split_gain=3.27382 10.6231 5.87821 9.09888 5.38142 19.7412 12.2319 8.30423 8.14839 4.99646 3.39754 0.886256 0.748937
threshold=0.0039500000000000013 0.0041000000000000003 0.004850000000000001 1.0000000180025095e-35 0.0064500000000000009 0.0069500000000000004 29.850000000000005 48.750000000000007 71.250000000000014 16.050000000000004 44.750000000000007 51.050000000000004 19.550000000000004
decision_type=2 2 2 2 2 2 2 2 2 2 2 2 2
left_child=-1 -2 3 -3 6 8 7 -4 -6 -7 -8 12 -5
right_child=1 2 4 11 5 9 10 -9 -10 -11 -12 -13 -14
leaf_value=-0.044636266922926021 0.066624358345824128 0.015401604697224873 -0.0030565494162577869 -0.053503924021080243 -0.060532635297676163 -0.0070504383275043969 -0.057481147705771986 0.040223586539517298 0.05153062713346232 0.0022527583515127136 0.0062893470895915311 -0.070904215008452023 -0.010543865965831215
leaf_weight=3.995805859565734 5.8762672841548911 7.0512180775403985 16.677063904702663 3.0845833793282509 17.708906788378957 179.3429326787591 6.3389798030257207 31.696625657379627 1.6606210097670544 736.04927171766758 2.8670969754457474 5.9577505141496658 2.0643312484025955
leaf_count=18 31 31 90 39 211 951 37 170 18 3797 26 28 18
internal_value=-1.9685e-05 0.000155177 -0.000232962 -0.0283487 0.000279267 -0.000630124 0.0151047 0.0252239 -0.0504529 0.000424051 -0.0372293 -0.05646 -0.0377617
internal_weight=1020.37 1016.38 1010.5 18.1579 992.341 934.762 57.5798 48.3737 19.3695 915.392 9.20608 11.1067 5.14891
internal_count=5465 5447 5416 116 5300 4977 323 260 229 4748 63 85 57
is_linear=0
shrinkage=0.05


Tree=90
num_leaves=14
num_cat=0
split_feature=14 2 3 4 3 4 3 4 1 1 2 1 4
split_gain=3.26181 4.73853 4.19648 3.48429 7.28512 11.5238 8.51485 3.81891 2.35723 1.34695 1.1089 0.539226 0.472303
threshold=1.0000000180025095e-35 10.600000000000001 0.22465000000000004 0.037250000000000005 0.52960000000000007 0.020750000000000005 0.22465000000000004 0.095200000000000021 50.850000000000001 50.550000000000004 19.150000000000002 51.650000000000013 0.035800000000000005
decision_type=2 2 2 2 2 2 2 2 2 2 2 2 2
left_child=1 9 -2 4 5 6 -3 10 -6 -1 -5 -10 -7
right_child=2 3 -4 7 8 12 -8 -9 11 -11 -12 -13 -14
leaf_value=-0.051260062423285915 0.059788093701293281 0.00043244726749667078 -0.0030424368805120898 0.061962273556700975 -0.078029116727387493 0.074304736262845159 -0.027548871948433903 -0.010594984621255332 -0.0077350433689115415 -0.0044110735258012365 0.020468893757866889 -0.035741191453659553 0.042781573445191318
leaf_weight=5.7084652706980687 5.0752250701189023 939.91169250942767 5.1511330753564835 4.8537823110818845 3.0069807171821585 3.7839567363262159 27.892941944301128 4.3400248289108267 3.5283111333847028 2.4442743808031082 3.2488138377666473 4.9203776270151138 4.5052439421415329
leaf_count=54 23 5025 27 31 14 20 141 21 22 16 18 28 25
internal_value=-2.06775e-05 -0.000311928 0.0279325 0 -0.000333101 0.000129019 -0.000371595 0.0261869 -0.0398016 -0.0380438 0.046387 -0.0248575 0.0584818
internal_weight=1018.37 1008.14 10.2264 999.992 987.55 976.094 967.805 12.4426 11.4557 8.15274 8.1026 8.44869 8.2892
internal_count=5465 5415 50 5345 5275 5211 5166 70 64 70 49 50 45
is_linear=0
shrinkage=0.05


Tree=91
num_leaves=31
num_cat=0
split_feature=4 3 3 2 3 9 1 0 2 4 2 2 4 3 1 3 2 1 1 2 3 3 1 2 1 0 1 1 1 3
split_gain=3.20289 11.2317 13.2106 24.9376 20.1101 10.529 8.9334 17.083 9.57606 15.4386 9.46909 9.6685 8.88794 16.3448 14.8269 8.80529 15.4035 8.25096 7.82128 10.8427 7.80965 10.6621 7.74445 7.13293 8.75789 6.89226 11.3747 5.91278 11.0996 5.71509
threshold=0.0019500000000000001 0.038750000000000007 0.029650000000000006 33.45000000000001 0.028950000000000004 0.33765000000000006 45.45000000000001 62.500000000000007 12.850000000000003 0.0021500000000000004 26.800000000000001 19.650000000000002 0.00035000000000000005 0.012700000000000001 42.750000000000007 0.12025000000000001 44.300000000000004 47.350000000000001 46.350000000000001 22.450000000000003 0.14775000000000002 0.23915000000000003 44.95000000000001 46.600000000000009 43.050000000000004 61.500000000000007 49.95000000000001 51.150000000000013 53.350000000000001 0.11565000000000002
decision_type=2 2 2 2 2 2 2 2 2 2 2 2 2 2 2 2 2 2 2 2 2 2 2 2 2 2 2 2 2 2
left_child=1 2 4 25 12 18 7 10 20 -10 11 -2 13 -1 -14 16 -11 -17 19 -3 -8 -22 -21 24 -9 26 -4 -20 -29 -25
right_child=6 5 3 -5 -6 -7 8 23 9 15 -12 -13 14 -15 -16 17 -18 -19 27 22 21 -23 -24 29 -26 -27 -28 28 -30 -31
leaf_value=0.0010530779234322568 -0.015511088861878852 -0.045200287657020721 -0.033783543415787466 -0.064644818262671433 -0.058161569502899857 0.032353768621486534 -0.055101125655942933 0.0037495050830239152 0.072137623362255321 0.030350157141565706 -0.033636161233658347 0.063068765489268472 0.044592532070672701 -0.024904220795849544 0.0036116309701331793 0.033977234687776414 -0.06762567139426677 -0.0069527201081210875 -0.043711378543220443 0.065155619316764196 0.08135631269187113 -0.045191112224261351 -7.0580611017373815e-05 0.070731243778358252 -0.067325594728727192 0.058593461204999947 0.046275656228360884 0.02134837835444682 -0.031619727218587496 -0.026011948395172513
leaf_weight=274.49930758774281 5.626428470015532 8.1347986981272715 6.7864969670772579 6.4307445436716071 14.909446209669111 10.284699387848375 9.4968658387660962 5.5079615712165895 10.611014261841772 61.000092800706625 6.1852089166641226 11.899528339505194 24.464566111564636 77.627290435135365 222.24044922739267 14.62777818739414 4.1718156691640607 74.948681570589542 34.578104890882969 6.9306637644767788 3.1039677858352652 3.3284733146429062 12.470297947525976 2.2745347991585723 18.058051869273186 23.082090057432652 12.195470809936522 13.730666399002073 34.025234207510948 4.1100244633853436
leaf_count=1527 38 44 28 39 80 68 58 26 45 339 30 55 148 381 1143 71 53 405 191 29 16 25 54 21 89 118 58 65 185 36
internal_value=-1.96857e-05 -0.00156204 0.000983402 0.0260824 -0.000995581 -0.0156221 0.00509361 -0.0127687 0.0104126 0.0140022 0.0187543 0.0376134 0.000428838 -0.00466053 0.00771219 0.00993959 0.0239079 -0.000182693 -0.0201838 0.00271332 -0.0263936 0.0154194 0.0231886 -0.0378705 -0.0505567 0.0401918 0.0173636 -0.0278962 -0.0162732 0.00824156
internal_weight=1017.34 782.39 662.236 48.4948 613.741 120.154 234.95 53.6617 181.289 165.359 23.7112 17.526 598.832 352.127 246.705 154.748 65.1719 89.5765 109.87 27.5358 15.9293 6.43244 19.401 29.9506 23.566 42.0641 18.982 82.334 47.7559 6.38456
internal_count=5465 4158 3522 243 3279 636 1307 295 1012 913 123 93 3199 1908 1291 868 392 476 568 127 99 41 83 172 115 204 86 441 250 57
is_linear=0
shrinkage=0.05


Tree=92
num_leaves=17
num_cat=0
split_feature=7 7 1 1 2 2 2 10 1 2 2 2 2 4 1 10
split_gain=3.24199 5.04712 3.0564 5.75964 10.2737 7.98124 9.6668 8.62547 7.54965 5.81331 11.9968 5.70319 3.55076 1.69597 0.517777 0.342515
threshold=0.00014694500000000002 0.00083922500000000008 33.650000000000013 39.95000000000001 42.650000000000013 41.800000000000004 40.750000000000007 0.38345000000000001 49.45000000000001 28.450000000000003 23.150000000000002 28.650000000000002 41.350000000000001 0.00065000000000000008 44.250000000000007 0.28690000000000004
decision_type=2 2 2 2 2 2 2 2 2 2 2 2 2 2 2 2
left_child=2 13 -1 4 9 6 11 8 -7 10 -4 -5 -8 15 -3 -2
right_child=1 14 3 5 -6 7 12 -9 -10 -11 -12 -13 -14 -15 -16 -17
leaf_value=-0.039004341339308857 -0.022902702746118962 0.035508626799899017 -0.025472805642770959 -0.0015252906039916584 0.067730462237350533 -0.0081418284262260061 0.060993659647125192 0.059493451318682646 -0.043219847853327761 -0.036391749817173795 0.078865720298754147 0.0082205159854782054 0.0019789237988430508 -0.0059639603848919195 0.0031745972592585967 -0.056059604765520549
leaf_weight=4.8044685870409003 1.7249808982014672 2.1656824797391883 5.7053447961807304 686.03096627257764 8.69991686940193 47.177184704691172 9.0605299025773984 3.4854274727404109 23.028666755184531 6.3440277427434912 5.0834130346775055 191.9511970281601 3.7879886329174033 3.1782877445220938 3.6622095704078674 7.224882123991847
leaf_count=24 18 26 32 3609 39 276 51 29 174 34 23 933 24 27 23 123
internal_value=-2.07684e-05 -0.0210225 0.000355225 0.000555135 0.0238089 -6.48872e-05 0.00123875 -0.0158722 -0.0197642 0.000952007 0.0235027 0.000600412 0.0441308 -0.0394155 0.0164299 -0.0505452
internal_weight=1013.12 17.956 995.159 990.355 25.8327 964.522 890.831 73.6913 70.2059 17.1328 10.7888 877.982 12.8485 12.1282 5.82789 8.94986
internal_count=5465 217 5248 5224 128 5096 4617 479 450 89 55 4542 75 168 49 141
is_linear=0
shrinkage=0.05


Tree=93
num_leaves=12
num_cat=0
split_feature=14 2 1 1 2 3 4 2 10 2 1
split_gain=3.18059 4.62981 4.93088 3.95125 11.5274 11.6672 11.4037 8.56855 8.50511 7.15898 1.06335
threshold=51.440000000000005 10.600000000000001 29.450000000000003 42.250000000000007 21.750000000000004 0.028950000000000004 0.00035000000000000005 41.800000000000004 0.38345000000000001 40.750000000000007 50.550000000000004
decision_type=2 2 2 2 2 2 2 2 2 2 2
left_child=1 10 -3 4 6 -6 -4 9 -9 -5 -1
right_child=-2 2 3 7 5 -7 -8 8 -10 -11 -12
leaf_value=-0.050346758454351749 0.03516891992590318 -0.065386341681253152 -0.065352015742507499 0.00033700122082693266 0.040336811033480982 -0.022461779393118771 0.031363626873735687 -0.021429409627937528 0.058724392055536895 0.04231669407633247 -0.0086404762322698902
leaf_weight=5.4582848846912366 6.2793556600809088 2.7696306407451621 7.8135651201009733 860.39773930422962 32.342221587896347 9.3983614295721036 4.7998482808470726 66.06198414042592 3.3590360656380644 10.181948333978651 2.6100498139858246
leaf_count=54 32 14 55 4509 193 45 24 430 29 63 17
internal_value=-1.91363e-05 -0.000247403 5.46968e-05 0.000248558 0.0133466 0.0260576 -0.0281978 -0.000504835 -0.0174002 0.000838525 -0.0377381
internal_weight=1011.47 1005.19 997.124 994.355 54.354 41.7406 12.6134 940.001 69.421 870.58 8.06833
internal_count=5465 5433 5362 5348 317 238 79 5031 459 4572 71
is_linear=0
shrinkage=0.05


Tree=94
num_leaves=14
num_cat=0
split_feature=7 7 7 3 3 3 4 3 3 3 4 2 9
split_gain=3.15857 4.65605 5.40785 3.01002 9.83207 5.4639 8.45398 4.54123 16.1844 11.778 1.66082 0.401925 0.33684
threshold=0.00014694500000000002 0.00083922500000000008 0.00092265499999999998 0.0039500000000000013 0.0041000000000000003 0.004850000000000001 1.0000000180025095e-35 0.0064500000000000009 0.0069500000000000004 0.005850000000000001 0.00065000000000000008 23.500000000000004 0.72105000000000008
decision_type=2 2 2 2 2 2 2 2 2 2 2 2 2
left_child=3 10 -3 -1 -5 6 -6 9 -9 -7 12 -8 -2
right_child=1 2 -4 4 5 7 11 8 -10 -11 -12 -13 -14
leaf_value=-0.042798815226189918 -0.055526410495872786 0.056338321536800608 -0.040032028878520753 0.065582989868767511 0.014601126251690445 -0.007008440051598442 -0.062929684252689189 -0.050201910592165611 0.00068640395071832116 0.038344531820660437 -0.0056994269645002198 -0.034778848330967456 -0.022383515290449282
leaf_weight=3.9225411713123313 7.0450631175190228 3.3380939811468116 2.3822742402553558 5.6748744845390311 7.0489949733018884 30.105278931558132 7.4211726635694504 15.801901221275328 892.2506647836417 26.896581448614597 3.1736675947904578 3.2862964421510696 1.7014205604791639
leaf_count=18 123 34 15 31 31 167 67 151 4609 156 27 18 18
internal_value=-1.86377e-05 -0.0209348 0.0153471 0.000350191 0.000530786 0.000143445 -0.0272559 0.000655529 -0.000199078 0.0143337 -0.0387449 -0.0551541 -0.0499703
internal_weight=1010.05 17.6405 5.72037 992.408 988.486 982.811 17.7565 965.054 908.053 57.0019 11.9202 10.7075 8.74648
internal_count=5465 217 49 5248 5230 5199 116 5083 4760 323 168 85 141
is_linear=0
shrinkage=0.05


Tree=95
num_leaves=30
num_cat=0
split_feature=1 4 0 4 1 2 4 2 1 2 10 2 2 2 4 2 2 0 4 2 13 2 2 1 4 4 1 4 7
split_gain=3.15511 8.55397 7.87295 6.54065 6.89222 13.641 8.43907 5.78122 14.1395 8.72162 10.7285 9.16483 8.30613 13.8773 12.9253 10.5804 8.13794 11.5467 10.0493 7.64488 5.1883 5.15318 2.61845 2.67793 2.05303 1.89791 0.910845 0.768548 0.105222
threshold=48.45000000000001 0.016550000000000006 54.500000000000007 0.013800000000000002 42.250000000000007 42.650000000000013 0.00025000000000000006 16.650000000000002 48.95000000000001 42.550000000000004 0.36045000000000005 40.750000000000007 16.150000000000002 16.250000000000004 0.00065000000000000008 16.050000000000004 15.250000000000002 64.500000000000014 0.00015000000000000004 16.750000000000004 -9.4899999999999967 47.70000000000001 29.750000000000004 48.650000000000013 0.020750000000000005 0.073900000000000007 51.45000000000001 0.00035000000000000005 -0.00024013499999999996
decision_type=2 2 2 2 2 2 2 2 2 2 2 2 2 2 2 2 2 2 2 2 2 2 2 2 2 2 2 2 2
left_child=1 2 -1 4 5 -4 -6 12 22 11 21 19 15 -14 26 16 17 -2 -18 -10 -3 -11 23 -9 -22 -26 -15 -17 -12
right_child=7 20 3 -5 6 -7 -8 8 9 10 28 -13 13 14 -16 27 18 -19 -20 -21 24 -23 -24 -25 25 -27 -28 -29 -30
leaf_value=0.052428617804106098 -0.0046886142211009551 -0.02532632657663781 -0.0017625041412539727 -0.062228658592234733 -0.02555237651417885 0.06044661849507571 -0.0042854559894046846 0.060745675683416628 0.070918065838198527 -0.053001210135851212 0.05996318726452704 0.063612399620194354 -0.091488594634379111 0.036744957577571367 -0.062574466065686937 0.062420643963466693 0.038736808812658563 0.041941550672621938 -0.044941761490383765 0.0035792837629976936 0.067765273499951442 -0.0018764427060700061 0.06921659692071723 0.0061043412250404534 0.0029270775476234819 0.044625713598350103 0.0059857337781257253 0.028651424482758581 0.031103655337652386
leaf_weight=5.684966877102851 111.36495892331004 3.5677442550659206 42.281376041471958 5.069120902568101 57.941037934273481 10.984698139131067 242.83969955518842 3.9032411910593527 4.1720971167087546 15.983736649155622 2.1310185492038718 6.5501878708600989 6.9642972499132183 6.4991585463285464 6.7233779877424231 5.6917604655027372 4.1983486860990551 14.96595576405525 20.547290345653892 381.48502724431455 4.8492261916399029 7.4157957807183257 8.4615479260683042 5.6898871846497059 5.0194565206766111 6.7335656955838203 4.5476239174604416 3.8012736290693283 2.195549950003624
leaf_count=28 600 21 261 34 353 54 1180 22 21 77 12 41 30 29 33 39 18 82 118 2084 25 97 37 32 23 39 21 25 29
internal_value=-1.98939e-05 -0.00358322 -0.00535002 -0.00629295 -0.00546061 0.011062 -0.00840597 0.00217317 0.00531068 0.00342931 -0.0235887 0.00535755 -0.00521462 -0.0321314 -0.0082072 -0.00101977 -0.00428074 0.000824746 -0.0304448 0.00433892 0.0279937 -0.0370884 0.0485343 0.0292499 0.0398344 0.0274139 0.0246982 0.0498594 0.0474812
internal_weight=1008.26 384.971 364.801 359.116 354.047 53.2661 300.781 623.292 437.988 419.933 27.7261 392.207 185.304 24.7345 17.7702 160.57 151.077 126.331 24.7456 385.657 20.17 23.3995 18.0547 9.59313 16.6022 11.753 11.0468 9.49303 4.32657
internal_count=5465 2018 1910 1882 1848 315 1533 3447 2452 2361 215 2146 995 113 83 882 818 682 136 2105 108 174 91 54 87 62 50 64 41
is_linear=0
shrinkage=0.05


Tree=96
num_leaves=31
num_cat=0
split_feature=7 7 7 1 3 3 2 2 2 2 2 1 3 3 3 1 2 2 2 3 2 2 3 2 3 1 2 1 8 3
split_gain=2.9234 4.31373 5.07673 2.84723 7.23596 23.5847 11.4687 26.9304 17.6172 12.263 11.8141 10.311 6.85466 14.5084 20.3275 23.7002 19.6145 22.6516 14.2626 9.29412 9.95517 9.29169 6.882 6.45677 10.9029 2.97689 2.5968 1.01397 1.33015 1.00413
threshold=0.00014694500000000002 0.00083922500000000008 0.00092265499999999998 48.45000000000001 0.10340000000000001 0.11565000000000002 25.550000000000004 20.850000000000005 20.550000000000004 26.050000000000004 22.450000000000003 37.300000000000004 0.054850000000000003 0.016200000000000003 0.012050000000000002 49.350000000000001 15.550000000000002 25.850000000000005 12.550000000000002 0.067300000000000013 29.950000000000003 13.350000000000003 0.075700000000000017 34.650000000000013 0.13900000000000004 51.95000000000001 35.20000000000001 58.750000000000007 253207961.00000003 0.14595000000000002
decision_type=2 2 2 2 2 2 2 2 2 2 2 2 2 2 2 2 2 2 2 2 2 2 2 2 2 2 2 2 2 2
left_child=3 27 -3 4 6 -6 7 8 -1 -8 -9 -11 13 14 21 -16 18 -18 -15 25 22 -5 -21 24 -7 -14 -27 28 -2 -22
right_child=1 2 -4 12 5 23 9 10 -10 11 -12 -13 19 16 15 -17 17 -19 -20 20 29 -23 -24 -25 -26 26 -28 -29 -30 -31
leaf_value=-0.0060009464100565773 -0.050828361647098523 0.055751408471868769 -0.038975820456526832 0.035342491420949286 0.095364349123256545 0.084537007735474456 0.056725284517422252 -0.076482868793526254 0.08932813864805389 -0.067690550604112873 -0.026114270151917425 0.0017001153060955195 -0.073547864975365126 0.024488667322075483 0.064672279832354199 -0.042277793469184137 0.038390795100147375 0.00027827270371019481 -0.040184835652096962 0.01713482781593624 0.052283912290847639 0.0010128692267278255 -0.0121479042457359 -0.036885605009377993 0.00040303578808446785 -0.0043056098063030818 -0.06078663811033367 0 0 0.017862011458041813
leaf_weight=90.83894519507885 8.6351033020764607 3.2067135870456687 2.3277350068092346 22.06659597158432 7.4775207340717307 4.2067728638648978 9.7774893194437009 19.642469435930252 5.0182142257690421 5.4400572776794425 29.907881692051888 157.72256458923221 5.5429853163659564 13.058920159935949 5.7114533483982077 46.054486490786076 97.418116733431816 65.396942801773548 23.834494188427925 24.544520523399115 7.7466223947703821 181.2957939170301 105.8180485367775 9.1910310201346856 37.554775640368462 5.8265671730041486 3.2327973116189241 1.5402520671486843 1.400916427373885 3.8108359277248383
leaf_count=525 145 34 15 115 30 17 43 101 21 28 128 771 38 69 25 251 487 354 115 163 43 988 572 66 209 35 31 15 8 23
internal_value=-1.44753e-05 -0.0204491 0.015038 0.000336347 -0.00307613 0.0130562 -0.00605595 -0.0164054 -0.00087038 0.00262142 -0.0462956 -0.00062288 0.00244778 0.00555934 -0.00232465 -0.0302794 0.0156523 0.0231226 -0.0171533 -0.00655993 -0.0026003 0.00477805 -0.00658735 0.00071598 0.00917926 -0.044424 -0.0254501 -0.0378267 -0.0435704 0.0416135
internal_weight=1005.25 17.1107 5.53445 988.137 376.778 58.4301 318.348 145.408 95.8572 172.94 49.5504 163.163 611.359 454.837 255.128 51.7659 199.708 162.815 36.8934 156.522 141.92 203.362 130.363 50.9526 41.7615 14.6023 9.05936 11.5763 10.036 11.5575
internal_count=5465 217 49 5248 1939 322 1617 775 546 842 229 799 3309 2404 1379 276 1025 841 184 905 801 1103 735 292 226 104 66 168 153 66
is_linear=0
shrinkage=0.05


Tree=97
num_leaves=14
num_cat=0
split_feature=14 9 1 9 1 0 3 1 3 3 9 7 3
split_gain=2.79205 2.87933 4.34182 3.97845 3.27766 8.64812 6.56699 4.93981 11.8091 6.96032 3.17721 3.60379 1.77959
threshold=51.440000000000005 0.70850000000000013 29.450000000000003 0.72105000000000008 42.250000000000007 61.500000000000007 0.0077500000000000008 48.45000000000001 0.10340000000000001 0.47985000000000005 0.75365000000000004 0.00083922500000000008 0.027500000000000004
decision_type=2 2 2 2 2 2 2 2 2 2 2 2 2
left_child=1 2 -1 -3 5 12 -7 8 -6 -9 -5 -12 -4
right_child=-2 3 4 10 7 6 -8 9 -10 -11 11 -13 -14
leaf_value=-0.062954512206737229 0.033053697768718381 -0.062234063863859684 0.019741810743389862 0.029485371162378562 -0.0094620300337305233 0.029919237857810338 -0.014494032984031591 0.003182322677411132 0.017415672962920604 -0.02923035210673874 -0.051553552169897154 0.018548873674740222 0.061781931156068087
leaf_weight=2.6211741864681235 6.2410160750150672 4.2494265362620345 4.3375258296728125 4.0062142014503461 271.66875709593296 12.464027866721151 24.537537708878517 589.78434147126973 47.901768889278173 16.919155851006508 4.691630095243454 2.770247757434845 8.4085138365626317
leaf_count=14 32 33 19 31 1376 74 141 3269 267 101 37 31 40
internal_value=-1.379e-05 -0.000229666 0.000107282 -0.0213937 0.000288193 0.0127807 0.000372191 -0.000378653 -0.00541339 0.00226552 -0.00542116 -0.0249655 0.0481298
internal_weight=1000.6 994.36 978.643 15.7175 976.022 49.7476 37.0016 926.274 319.571 606.703 11.4681 7.46188 12.746
internal_count=5465 5433 5301 132 5287 274 215 5013 1643 3370 99 68 59
is_linear=0
shrinkage=0.05


Tree=98
num_leaves=19
num_cat=0
split_feature=4 4 4 1 1 13 0 2 4 4 1 4 1 1 2 4 4 1
split_gain=2.79693 5.32876 7.28309 4.7546 10.0107 5.93655 5.80439 7.73907 4.32287 4.57879 9.96393 6.60006 3.15629 4.87669 1.59917 0.864475 1.13559 0.621854
threshold=0.016550000000000006 0.015350000000000001 0.014550000000000002 48.050000000000004 50.750000000000007 -9.4899999999999967 61.500000000000007 27.850000000000005 0.0062500000000000012 0.0019500000000000001 46.250000000000007 0.00055000000000000003 43.350000000000001 46.050000000000004 17.950000000000003 0.020750000000000005 0.073900000000000007 44.850000000000001
decision_type=2 2 2 2 2 2 2 2 2 2 2 2 2 2 2 2 2 2
left_child=1 2 8 5 14 -2 -6 -8 9 11 -11 -1 -10 -14 -5 -7 -17 -3
right_child=3 17 -4 4 6 15 7 -9 12 10 -12 -13 13 -15 -16 16 -18 -19
leaf_value=0.0018861801535618877 -0.025429786321315481 -0.059719710701614151 0.054237856200396187 -0.014843390345981278 0.050596088929420469 0.065151023566376601 0.035726788326905026 -0.058221594644410436 0.025017451045144107 -0.014991815025135087 0.016232860311873331 -0.0078700831411299688 -0.063852288935889706 -0.013184866541751793 -0.058451090962267173 0.014281009258256995 0.049361047039920621 -0.025761950363550935
leaf_weight=505.21463028900325 3.5705243498086956 3.4032092988491049 5.988547582179307 3.9625369757413882 8.5208083242177981 4.4249357283115378 4.6530364230275136 3.9422810077667236 3.6546499878168097 33.739382080733776 102.87030362710357 263.42092692479491 5.8961574956774738 25.51433353126049 5.8112385869026184 4.5043029934167844 6.3904258832335472 3.9060767590999603
leaf_count=2774 21 22 32 18 45 24 31 27 18 172 601 1384 46 142 31 21 38 18
internal_value=-1.30649e-05 -0.000598162 -0.000262106 0.0120404 -0.00130339 0.0312052 0.0215288 -0.00696206 -0.000620247 4.23834e-05 0.0084792 -0.0014515 -0.0178204 -0.0230269 -0.0416072 0.0448085 0.0355742 -0.0428402
internal_weight=999.388 953.608 946.299 45.7801 26.8899 18.8902 17.1161 8.59532 940.31 905.245 136.61 768.636 35.0651 31.4105 9.77378 15.3197 10.8947 7.30929
internal_count=5465 5209 5169 256 152 104 103 58 5137 4931 773 4158 206 188 49 83 59 40
is_linear=0
shrinkage=0.05


Tree=99
num_leaves=15
num_cat=0
split_feature=7 7 7 3 3 3 0 2 3 3 2 0 3 9
split_gain=2.71076 3.91499 4.7377 2.73735 9.09945 5.31964 6.65637 4.82137 4.11461 15.0154 10.9393 1.44379 3.74586 0.329171
threshold=0.00014694500000000002 0.00083922500000000008 0.00092265499999999998 0.0039500000000000013 0.0041000000000000003 0.004850000000000001 62.500000000000007 15.550000000000002 0.0064500000000000009 0.0069500000000000004 29.850000000000005 61.500000000000007 0.0087500000000000026 0.72105000000000008
decision_type=2 2 2 2 2 2 2 2 2 2 2 2 2 2
left_child=3 11 -3 -1 -5 6 -6 -8 10 -10 -7 -2 13 -13
right_child=1 2 -4 4 5 8 7 -9 9 -11 -12 12 -14 -15
leaf_value=-0.041158650241935539 -0.064363194753260952 0.055038210158423306 -0.038021433950797386 0.064265934785977155 -0.059651894481221907 0.023472412942113278 0.033940581544700213 -0.037907517621403083 -0.049259516158096171 0.00066030138148511538 -0.036179841446450811 -0.05181597953600893 0.032565148898611271 -0.01601515175778433
leaf_weight=3.8585252016782752 3.4425161499530095 3.0490000844001761 2.2728174403309822 5.4621578305959693 8.205644004046917 47.147159308195114 5.1470523327589035 4.0963280983269215 15.224320605397223 883.10739898867905 9.0310159027576429 4.3008625451475382 2.0266391038894653 1.4169368892908094
leaf_count=18 52 34 15 31 58 260 22 36 151 4609 63 84 17 15
internal_value=-1.29537e-05 -0.0200487 0.0144043 0.000321036 0.000494093 0.000123993 -0.0271486 0.00150006 0.000630583 -0.000185529 0.0137468 -0.036864 -0.0233381 -0.0442313
internal_weight=997.788 16.5088 5.32182 981.28 977.421 971.959 17.449 9.24338 954.51 898.332 56.1782 11.187 7.74444 5.7178
internal_count=5465 217 49 5248 5230 5199 116 58 5083 4760 323 168 116 99
is_linear=0
shrinkage=0.05


Tree=100
num_leaves=31
num_cat=0
split_feature=2 2 2 1 1 3 3 1 3 3 4 3 1 4 3 1 3 3 3 4 4 4 4 1 4 1 3 2 3 1
split_gain=2.60041 14.4815 9.10006 12.4268 9.66547 9.16309 22.444 11.0535 10.4595 15.4535 13.6831 9.06405 24.8088 21.3351 14.4812 13.9895 13.1583 9.47395 10.2257 7.5865 10.5415 8.42061 6.66736 6.35765 11.1965 4.30869 10.4097 4.02033 3.4879 13.3158
threshold=28.650000000000002 31.650000000000002 27.150000000000002 72.950000000000017 38.650000000000013 0.0078500000000000011 0.0064500000000000009 48.95000000000001 0.0094500000000000018 0.015850000000000006 0.00025000000000000006 0.016450000000000003 43.050000000000004 0.0013500000000000003 0.097850000000000006 45.95000000000001 0.0062500000000000012 0.013650000000000001 0.0074500000000000009 0.00085000000000000017 0.00055000000000000003 0.0010500000000000004 0.00065000000000000008 53.550000000000004 0.00015000000000000004 52.050000000000004 0.096950000000000022 30.450000000000003 0.019150000000000004 53.95000000000001
decision_type=2 2 2 2 2 2 2 2 2 2 2 2 2 2 2 2 2 2 2 2 2 2 2 2 2 2 2 2 2 2
left_child=2 19 4 28 -1 6 7 -6 10 -10 -7 16 14 22 -13 -15 -3 18 -18 20 23 -21 -14 27 -25 26 -23 -2 29 -4
right_child=1 11 3 -5 5 8 -8 -9 9 -11 -12 12 13 15 -16 -17 17 -19 -20 21 -22 25 -24 24 -26 -27 -28 -29 -30 -31
leaf_value=0.049991808580313116 0.069228395810847929 -0.053268133450308487 -0.042845048456368745 0.071612998669281655 -0.029370640911962138 0.010833193693858965 -0.046972914708613499 0.018416809160360297 -0.01875547003250131 0.0033754688321622145 0.076501627504213895 0.057505324401644367 -0.015744514423906751 -0.034319041137485497 -0.038605766620641586 0.024582221772148458 0.047541431112846699 0.060535053411043274 -0.0025973076909769602 0.073458346166254559 -0.043345549657552052 0.031907411228477088 -0.047535872403626701 -0.042176304245772039 0.039256775796642579 0.062106822791709738 -0.048419534845187073 0.014548100345765334 -0.039871045272329014 0.078498777385511975
leaf_weight=9.3518019840121251 7.6618855893611926 6.8868359327316275 7.3693445622920972 3.0478025227785102 17.28045342117548 58.678671836853027 35.056753729470074 39.560909025371075 98.638468492776155 391.57048252783716 9.1436758786439878 18.384475588798527 26.622540831565857 14.273651175200937 4.833105891942977 33.446750327944756 13.436752509325741 11.200585417449473 40.206183366477489 11.787870168685911 8.1376529932022077 16.04048532247544 46.447647478431463 8.1941240876913088 8.4918142706155759 5.3640201315283766 5.2481563538312903 6.5301865115761757 30.079000070691109 3.1343814432621002
leaf_count=62 41 51 51 26 124 300 316 210 502 2034 46 82 118 101 23 208 96 58 236 58 34 74 251 41 38 41 23 34 168 18
internal_value=-1.47793e-05 0.00393495 -0.0016697 -0.0237586 -0.000196924 -0.000934359 -0.0155597 0.00377498 0.00146758 -0.00107038 0.0198597 -0.00270465 -0.00995463 -0.0190838 0.0372041 0.00682478 0.0117746 0.018831 0.00993375 0.0224723 0.00675446 0.0382367 -0.0360586 0.0202166 -0.000448505 0.0222557 0.0117373 0.0446961 -0.0312024 -0.0057649
internal_weight=996.106 293.195 702.912 43.6305 659.281 649.929 91.8981 56.8414 558.031 490.209 67.8223 215.739 144.008 120.791 23.2176 47.7204 71.7304 64.8435 53.6429 77.4562 39.0157 38.4405 73.0702 30.878 16.6859 26.6527 21.2886 14.1921 40.5827 10.5037
internal_count=5465 1608 3857 263 3594 3532 650 334 2882 2536 346 1224 783 678 105 309 441 390 332 384 188 196 369 154 79 138 97 75 237 69
is_linear=0
shrinkage=0.05


Tree=101
num_leaves=23
num_cat=0
split_feature=4 3 3 3 3 3 2 2 3 4 3 2 2 2 2 2 2 5 4 13 3 4
split_gain=2.66178 15.1464 8.55931 13.3856 8.08546 12.1121 7.83477 6.96166 6.57983 4.35315 3.13463 4.80315 2.50802 1.86654 1.93139 1.44752 1.39438 0.663997 0.378865 0.359722 0.152731 0.0148419
threshold=0.016550000000000006 0.47985000000000005 0.18300000000000002 0.17785000000000004 0.16200000000000003 0.13695000000000004 16.350000000000005 20.150000000000002 1.1536500000000001 0.095200000000000021 0.32860000000000006 21.350000000000005 22.550000000000004 16.350000000000005 19.150000000000002 24.150000000000002 25.550000000000004 0.55500000000000016 0.049250000000000009 -6.4949999999999992 0.54385000000000006 0.035800000000000005
decision_type=2 2 2 2 2 2 2 2 2 2 2 2 2 2 2 2 2 2 2 2 2 2
left_child=2 21 3 4 5 6 -1 -7 13 18 11 17 -6 -3 -15 -13 -12 -4 -10 -11 -16 -2
right_child=1 8 10 -5 12 7 -8 -9 9 19 16 15 -14 14 20 -17 -18 -19 -20 -21 -22 -23
leaf_value=-0.0091996540578868913 0.060672115179020103 -0.00042102715421583718 -0.06446093169727396 0.093017654654993842 -0.067013939842133816 0.068085459518761771 0.0020868552479524592 0.0042913624441748245 0.055738315068197479 -0.02126093834878523 0.018967167801257151 0.0077910941423864292 -0.010532432981495594 -0.067036498821579846 -0.030243383151695641 -0.029610984788998651 -0.019606314393142033 -0.033197750223302368 0.027182186246570594 0 -0.011361638975511104 0.044143223186727337
leaf_weight=198.07571453321725 8.7321984618902189 4.2781293466687229 9.113884270191198 3.7763221114873877 5.6834789514541608 10.147089108824732 685.2898429390043 7.6660166159272185 3.8333907872438413 3.533905491232872 4.3333117067813856 5.2971927076578122 3.3925791159272194 4.3283358216285688 4.0856912210583687 4.6460036486387253 4.8359903693199158 3.5101167708635321 3.5927727296948433 4.2428899258375168 3.1865911781787872 5.0499987304210654
leaf_count=1126 45 26 59 16 31 50 3736 38 18 21 20 24 34 24 27 27 24 24 26 19 21 29
internal_value=-1.20224e-05 0.0118689 -0.000582093 0.000300147 -8.91885e-05 0.000380755 -0.000438997 0.0410875 -0.00736116 0.0158858 -0.0260693 -0.0360551 -0.0467912 -0.0298918 -0.0402364 -0.00930817 -0.000829535 -0.0564904 0.043132 -0.00971434 -0.0229143 0.0553375
internal_weight=990.631 44.8639 945.768 914.031 910.255 901.179 883.366 17.8131 31.0817 15.203 31.7365 22.5672 9.07606 15.8787 11.6006 9.9432 9.1693 12.624 7.42616 7.7768 7.27228 13.7822
internal_count=5465 256 5209 5031 5015 4950 4862 88 182 84 178 134 65 98 72 51 44 83 44 40 48 74
is_linear=0
shrinkage=0.05


Tree=102
num_leaves=14
num_cat=0
split_feature=14 2 8 8 4 8 9 3 9 9 2 0 3
split_gain=2.6204 4.26487 3.00384 3.97026 11.304 5.78719 5.11117 7.00158 4.22855 2.54347 2.39326 0.228812 0.161797
threshold=51.440000000000005 10.600000000000001 656974312.00000012 209559025.00000003 0.00055000000000000003 286111107.00000006 0.56490000000000007 0.0064500000000000009 0.33765000000000006 0.66145000000000009 17.350000000000005 61.500000000000007 0.040650000000000006
decision_type=2 2 2 2 2 2 2 2 2 2 2 2 2
left_child=1 11 3 6 5 -5 8 -8 -3 -6 -4 12 -1
right_child=-2 2 10 4 9 -7 7 -9 -10 -11 -12 -13 -14
leaf_value=-0.014756949523250809 0.032185358781972005 7.7073766306198129e-05 0.0040266115098238414 0.065118884388374057 -0.056746398129249545 0.0117449055263068 0.03717620721866377 -0.018078587801051156 0.018002115113804288 0.0019693759804949511 -0.059085529691352771 -0.053744643075707768 -0.037820529375686557
leaf_weight=2.5904066413640967 6.1770408600568762 836.00480396673083 2.2195426262915126 9.9354602694511467 4.540225312113761 10.948301050812004 6.1447392255067816 64.679450716823339 34.175619468092918 2.7856387794017792 3.7317212745547295 2.2441659644246101 2.9243631139397621
leaf_count=15 32 4295 16 67 36 80 41 534 240 17 36 24 32
internal_value=-1.20966e-05 -0.000222777 6.77526e-05 0.000292099 0.0187437 0.0375652 -0.000257665 -0.0131685 0.000788798 -0.0340207 -0.0350438 -0.0369098 -0.0283333
internal_weight=989.101 982.924 975.166 969.214 28.2096 20.8838 941.005 70.8242 870.18 7.32586 5.95126 7.75894 5.51477
internal_count=5465 5433 5362 5310 200 147 5110 575 4535 53 52 71 47
is_linear=0
shrinkage=0.05


Tree=103
num_leaves=30
num_cat=0
split_feature=7 7 7 2 2 0 3 1 3 2 1 0 1 1 3 2 3 0 1 1 2 3 2 2 1 0 3 1 1
split_gain=2.47251 3.5349 4.33666 2.44957 13.5006 9.72974 9.34244 21.3213 14.6889 7.727 8.45112 8.76628 7.07323 8.03481 7.16633 5.44103 9.47677 8.32831 4.87627 4.30339 4.13374 4.10968 4.09414 2.07918 1.84399 1.4201 3.43978 0.884432 0.294339
threshold=0.00014694500000000002 0.00083922500000000008 0.00092265499999999998 28.650000000000002 31.650000000000002 60.500000000000007 0.016450000000000003 43.050000000000004 0.0062500000000000012 27.150000000000002 72.700000000000003 61.500000000000007 38.650000000000013 41.850000000000001 0.0078500000000000011 29.950000000000003 0.0081500000000000027 62.500000000000007 56.350000000000001 47.650000000000013 29.300000000000001 0.012050000000000002 37.650000000000013 19.150000000000002 48.95000000000001 61.500000000000007 0.0087500000000000026 49.650000000000013 35.550000000000004
decision_type=2 2 2 2 2 2 2 2 2 2 2 2 2 2 2 2 2 2 2 2 2 2 2 2 2 2 2 2 2
left_child=3 25 -3 9 15 22 8 -8 -7 12 11 24 -1 23 -15 17 -17 20 -19 -18 -5 -13 -6 -14 -11 -2 28 -24 -27
right_child=1 2 -4 4 5 6 7 -9 -10 10 -12 21 13 14 -16 16 19 18 -20 -21 -22 -23 27 -25 -26 26 -28 -29 -30
leaf_value=0.047241667277107748 -0.064129122069763872 0.054286733695808255 -0.036668756802602773 0.012894067010983071 -0.0069148414307105199 -0.052437350654972584 0.037287367811653274 -0.016182484254962461 0.025368148432850443 -0.012048262753465089 0.050027878776879378 -0.0017421802236444279 -0.022539933999450694 -0.013242078908700007 0.0022345097743301421 -0.019292718051109731 0.02427118712135529 0.048909555567484983 -0.016851179052722289 0.063594160644213152 -0.029857704419497252 -0.052774703670842804 -0.023183365633031493 -0.075899913420181028 0.029463148547724551 -0.017893365414082051 0.031169899900522532 -0.06181180743074103 -0.05178107049417318
leaf_weight=7.7399146854877463 3.2446217555552703 2.8640045225620261 2.2022959291934967 10.003556303679945 7.8678394854068783 6.6727808117866507 22.550113394856453 104.61661235615611 55.967440567910671 4.8214175030589086 3.5638314187526694 5.023890949785712 4.1939338967204076 86.652668338268995 542.44569059275091 6.2143425568938246 12.521176636219026 13.604330390691759 3.3654185831546775 17.852128922939301 12.47283862531185 22.752032451331615 2.5014041364192954 3.9419372379779816 5.5188596770167351 1.5648853480815885 1.9982534348964689 9.2949766106903535 3.815940136089921
leaf_count=38 52 34 15 55 40 51 103 587 318 27 29 34 38 549 2791 33 54 72 24 91 53 136 14 18 29 23 17 64 76
internal_value=-1.13879e-05 -0.019643 0.0138366 0.000302299 0.00419796 -0.00233313 0.00111722 -0.00663969 0.0169298 -0.00131058 -0.022149 -0.0291416 3.15327e-05 -0.000541364 9.30358e-05 0.0222361 0.0361473 0.0091477 0.0355527 0.0476805 -0.0106359 -0.0437631 -0.0357275 -0.0496083 0.00969847 -0.0360554 -0.0223503 -0.0543047 -0.0433442
internal_weight=987.849 15.69 5.0663 972.159 285.505 209.471 189.807 127.167 62.6402 686.654 41.68 38.1162 644.974 637.234 629.098 76.0338 36.5876 39.4461 16.9697 30.3733 22.4764 27.7759 19.6642 8.13587 10.3403 10.6237 7.37908 11.7964 5.38083
internal_count=5465 217 49 5248 1559 1177 1059 690 369 3689 255 226 3434 3396 3340 382 178 204 96 145 108 170 118 56 56 168 116 78 99
is_linear=0
shrinkage=0.05


Tree=104
num_leaves=19
num_cat=0
split_feature=11 2 4 3 2 2 2 1 0 3 1 2 3 3 3 3 1 1
split_gain=2.43995 3.65677 2.89627 17.9733 7.57538 14.7073 10.3922 7.21449 9.90091 10.5684 3.56691 4.41362 3.87957 2.35798 1.59855 3.3937 1.34982 0.333803
threshold=1.0550000000000004 10.600000000000001 0.0019500000000000001 0.069850000000000009 12.550000000000002 12.050000000000002 13.850000000000003 57.650000000000013 65.500000000000014 0.055550000000000009 56.650000000000013 16.050000000000004 0.082650000000000015 0.071350000000000011 0.072750000000000009 0.17060000000000003 50.550000000000004 61.550000000000004
decision_type=2 2 2 2 2 2 2 2 2 2 2 2 2 2 2 2 2 2
left_child=1 16 3 4 5 -3 -6 8 9 -4 11 -5 -12 -10 17 -16 -1 -9
right_child=-2 2 7 10 6 -7 -8 14 13 -11 12 -13 -14 -15 15 -17 -18 -19
leaf_value=-0.049417407318425484 0.029556455213200584 0.00069805455768133593 0.033359407558762377 -0.0082689388935549921 -0.033511992694317289 0.06868253293598639 6.3313353785642758e-05 0.095009307023824263 -0.063772737118995879 0.00064612465451000846 0.034022967058082366 -0.062245000961113642 -0.043495114700428987 -0.018152680979330618 -0.003811507580836454 0.058183823278275704 -0.0011741465178445702 0.050694457437171839
leaf_weight=5.0443820655345908 6.8243955671787253 25.656466647982597 28.971262261271477 5.2036936432123246 23.768982358276844 11.532035782933233 660.86005629133433 1.2368294298648823 5.8255285099148733 166.11040150932968 2.9558951854705802 16.895036056637764 3.27687007188797 6.4172652773559093 4.2549993917345983 4.1717719435691833 2.3277121484279633 3.3416498713195324
leaf_count=54 35 145 157 27 125 68 3597 5 45 876 20 94 22 45 29 41 16 64
internal_value=-1.39632e-05 -0.000228448 3.46817e-05 -0.00144055 8.84416e-05 0.0220416 -0.00109978 0.00507841 0.00277691 0.00554454 -0.0404347 -0.0498547 -0.00598581 -0.0406061 0.0410853 0.026616 -0.0350735 0.0655093
internal_weight=984.675 977.851 970.479 750.149 721.818 37.1885 684.629 220.33 207.324 195.082 28.3315 22.0987 6.23277 12.2428 13.0053 8.42677 7.37209 4.57848
internal_count=5465 5430 5360 4098 3935 213 3722 1262 1123 1033 163 121 42 90 139 70 70 69
is_linear=0
shrinkage=0.05


Tree=105
num_leaves=31
num_cat=0
split_feature=1 1 8 1 1 3 0 1 3 3 0 3 8 3 3 3 0 3 1 3 10 3 3 0 3 1 1 3 3 3
split_gain=2.31978 5.26296 10.0902 6.63433 9.96143 7.79558 7.67673 5.82287 23.9538 15.4558 13.5541 17.3551 11.4114 8.82761 6.95891 21.7415 14.6243 19.48 10.291 5.34146 4.78028 3.83159 15.6345 3.78429 2.7638 7.25724 4.23296 2.55598 1.89157 4.79809
threshold=59.45000000000001 55.150000000000013 139379309.60000002 56.350000000000001 57.150000000000013 0.093500000000000014 65.500000000000014 51.750000000000007 0.016450000000000003 0.029100000000000004 62.500000000000007 0.012050000000000002 152024040.00000003 0.029650000000000006 0.016350000000000003 0.017350000000000001 60.500000000000007 0.0117 43.050000000000004 0.0078500000000000011 0.32690000000000002 0.041250000000000009 0.016550000000000006 62.500000000000007 0.022650000000000003 65.000000000000014 63.550000000000004 0.012950000000000001 0.020950000000000003 0.041150000000000006
decision_type=2 2 2 2 2 2 2 2 2 2 2 2 2 2 2 2 2 2 2 2 2 2 2 2 2 2 2 2 2 2
left_child=1 7 3 21 5 -5 -6 14 10 -10 12 -12 -9 -11 16 -16 -1 -18 -17 -4 23 22 -3 28 25 27 -26 -25 -2 -30
right_child=20 2 19 4 6 -7 -8 8 9 13 11 -13 -14 -15 15 18 17 -19 -20 -21 -22 -23 -24 24 26 -27 -28 -29 29 -31
leaf_value=0.057583606166308511 0.0047134756926032152 -0.044430061988984394 -0.010834681547671888 0.045101570488826716 -0.035710917887615018 -0.03190196321316946 0.031448663089045342 -0.041944545821411154 0.051400805477910608 -0.045018073873627829 0.025577730221668496 -0.059924951003891308 0.047395394083204014 0.015701786576991627 -0.077444153995418347 0.020217563419236886 -0.0084762774864560065 0.024732595870331511 -0.0065424477261242092 0.059009064302828151 0.048563119587408811 -0.052119851080820567 0.055724784330398784 0.025100152743433864 -0.012119191681727053 -0.054442781911552676 0.057107844754467368 -0.016183246159679008 0.059555392704119761 0.0060259790441411125
leaf_weight=12.55845110118389 23.95260214060545 15.235067833215 4.2612106353044492 12.515438769012691 23.073120795190338 4.2868884429335585 5.0524495095014563 36.62312582693994 33.222805198282003 6.3732880949974051 29.709163190796971 7.2934850454330435 3.8255526497960082 74.990351803600788 10.198157742619513 39.843364045023918 137.61316834017634 64.861530125141144 352.23973694257438 6.9381581917405128 6.615770122036337 16.330991011112928 5.0963475555181494 7.040227338671686 5.4449204131960851 8.4167735502123815 3.4968874529004097 7.7102731168270111 6.7607913911342647 11.432098034769295
leaf_count=59 123 88 20 65 118 27 24 206 185 37 167 57 23 424 47 193 885 317 1791 52 97 104 23 39 37 59 34 42 38 84
internal_value=-1.30995e-05 -0.000745739 -0.0120203 -0.0181738 -0.00514059 0.0250868 -0.0234006 0.000542001 0.00814817 0.0226745 -0.01328 0.00847369 -0.0332756 0.0108347 -0.00181701 -0.00570389 0.00543055 0.00214426 -0.00380589 0.0321312 0.00808887 -0.0339519 -0.0189303 0.00435507 -0.00846473 -0.0176579 0.0147327 0.00322045 0.0142373 0.0264086
internal_weight=983.012 902.142 92.7897 81.5903 44.9279 16.8023 28.1256 809.352 192.038 114.586 77.4513 37.0026 40.4487 81.3636 617.314 402.281 215.033 202.475 392.083 11.1994 80.8703 36.6624 20.3314 74.2546 32.1091 23.1673 8.94181 14.7505 42.1455 18.1929
internal_count=5465 4912 521 449 234 92 142 4391 1099 646 453 224 229 461 3292 2031 1261 1202 1984 72 553 215 111 456 211 140 71 81 245 122
is_linear=0
shrinkage=0.05


Tree=106
num_leaves=22
num_cat=0
split_feature=4 3 3 3 3 3 2 2 3 4 3 2 2 2 2 2 2 0 4 3 4
split_gain=2.33838 14.089 7.84286 12.0278 7.45333 11.083 6.96798 6.62459 6.06517 4.02179 2.81972 4.55621 2.72475 2.20509 1.73082 1.7691 1.3669 0.6781 0.324544 0.108364 0.0187279
threshold=0.016550000000000006 0.47985000000000005 0.18300000000000002 0.17785000000000004 0.16200000000000003 0.13695000000000004 16.350000000000005 20.150000000000002 1.1536500000000001 0.095200000000000021 0.32860000000000006 21.350000000000005 25.050000000000004 22.550000000000004 16.350000000000005 19.150000000000002 24.150000000000002 61.500000000000007 0.049250000000000009 0.54385000000000006 0.035800000000000005
decision_type=2 2 2 2 2 2 2 2 2 2 2 2 2 2 2 2 2 2 2 2 2
left_child=2 20 3 4 5 6 -1 -7 14 18 11 17 -12 -6 -3 -16 -13 -4 -10 -17 -2
right_child=1 8 10 -5 13 7 -8 -9 9 -11 12 16 -14 -15 15 19 -18 -19 -20 -21 -22
leaf_value=-0.0087277137660572816 0.059090488022084879 -0.0008479794094680079 -0.063549970607932452 0.087760219606942039 -0.065463704939440273 0.066321110189179688 0.0019812646723291793 0.0037238974288497173 0.053309031293391609 -0.0096720324544323413 0.029322781029673995 0.0076281435579918138 -0.025122578024512943 -0.01139665299154128 -0.065860877269311766 -0.029481314640783275 -0.028812811584744608 -0.031692047423591586 0.02611529179460766 -0.012022236457296333 0.042532262919791827
leaf_weight=195.65377170220017 8.5295181572437269 4.1953337863087681 8.7176171690225654 3.814181685447692 5.4027394950389844 9.93441239744425 677.1788826175034 7.6302283182740203 3.7717946469783765 7.753799632191658 3.9148338288068754 5.3017802089452726 5.2463481873273849 3.3241495676338673 4.1828019022941572 3.9083740189671516 4.5920798182487488 3.4058504924178115 3.5282676517963409 3.1023831963539124 4.8836284577846518
leaf_count=1126 45 26 59 16 31 50 3736 38 18 40 18 24 26 34 24 27 27 24 26 21 29
internal_value=-1.06566e-05 0.0112544 -0.00054604 0.000301119 -7.40503e-05 0.000373573 -0.000414252 0.0395864 -0.00743845 0.0148604 -0.0251624 -0.0348348 -0.00125124 -0.045798 -0.0295298 -0.0397342 -0.00890411 -0.0553417 0.0413719 -0.0227362 0.0537911
internal_weight=977.973 43.8559 934.117 902.938 899.124 890.397 872.833 17.5646 30.4428 15.0539 31.1785 22.0173 9.16118 8.72689 15.3889 11.1936 9.89386 12.1235 7.30006 7.01076 13.4131
internal_count=5465 256 5209 5031 5015 4950 4862 88 182 84 178 134 44 65 98 72 51 83 44 48 74
is_linear=0
shrinkage=0.05


Tree=107
num_leaves=12
num_cat=0
split_feature=14 2 2 4 3 1 0 4 4 1 1
split_gain=2.32745 3.57396 2.89486 2.63369 13.8594 6.27347 12.0316 7.58926 6.04972 2.62087 1.01827
threshold=51.440000000000005 10.600000000000001 10.850000000000003 0.0019500000000000001 0.069850000000000009 45.45000000000001 62.500000000000007 0.0035500000000000006 0.00175 56.650000000000013 50.550000000000004
decision_type=2 2 2 2 2 2 2 2 2 2 2
left_child=1 10 -3 4 8 6 -5 -7 -4 -6 -1
right_child=-2 2 3 5 9 7 -8 -9 -10 -11 -12
leaf_value=-0.048309374772121542 0.030427917782219645 0.039998978293972788 0.0002242146534619725 0.015806697606022706 -0.043479236166020063 0.023119100662991089 -0.034043209214337705 0.0010980333708295337 -0.052458743097656871 -0.0057465739061459253 -0.0063155314031093403
leaf_weight=4.7921737581491461 6.1377878040075293 4.414236180484294 707.49333952460438 22.183562956750393 22.52261291444302 62.308602198958397 26.206672541797161 106.28699332289398 5.3908729255199423 6.2177482321858397 2.5152804180979729
leaf_count=54 32 24 3885 122 127 374 160 602 26 42 17
internal_value=-1.07362e-05 -0.000211542 4.93884e-05 -0.00013351 -0.00155625 0.00470465 -0.0111019 0.00927497 -0.000174466 -0.0355377 -0.0348102
internal_weight=976.47 970.332 963.025 958.61 741.625 216.986 48.3902 168.596 712.884 28.7404 7.30745
internal_count=5465 5433 5362 5338 4080 1258 282 976 3911 169 71
is_linear=0
shrinkage=0.05


Tree=108
num_leaves=26
num_cat=0
split_feature=1 4 0 2 9 2 0 4 1 11 2 2 10 1 2 2 2 2 4 0 1 2 8 4 4
split_gain=2.23929 7.25799 5.73349 5.61019 12.384 11.8929 12.0165 10.1759 8.96399 5.15836 4.41003 9.86074 6.8928 8.88581 7.09636 6.25418 12.6879 16.4786 6.58511 5.5155 3.68629 1.85059 1.02916 0.515802 0.447972
threshold=47.750000000000007 0.016550000000000006 57.500000000000007 25.550000000000004 0.69070000000000009 26.950000000000003 61.500000000000007 0.0033500000000000001 37.300000000000004 1.0250000000000001 42.550000000000004 40.750000000000007 0.38345000000000001 49.45000000000001 47.050000000000004 39.750000000000007 35.20000000000001 34.100000000000009 0.00125 61.500000000000007 60.350000000000001 42.850000000000001 359476160.00000006 0.020750000000000005 0.073900000000000007
decision_type=2 2 2 2 2 2 2 2 2 2 2 2 2 2 2 2 2 2 2 2 2 2 2 2 2
left_child=1 2 -1 4 7 6 -5 -4 -7 23 11 15 13 -12 21 16 17 -2 -18 -17 -16 -15 -6 -3 -25
right_child=10 9 3 5 22 8 -8 -9 -10 -11 12 -13 -14 14 20 19 18 -19 -20 -21 -22 -23 -24 24 -26
leaf_value=0.044366514678516822 0.002072799639779202 0.061346562703846655 -0.021998690145612666 -0.014822421985256183 0.029039918730417471 -0.056203361304639855 0.065259022058609728 0.0146988792618585 -0.0016357158579837696 -0.018620024800579404 0.026399817284224587 0.062755210102613077 0.055492409255244596 -0.035460603126631816 -0.021948732481194277 -0.062960408894215961 0.055867632941875127 -0.083156671995591236 -0.0028087087291226928 0.014146586568354139 0.054562042752968082 -0.075719384908934192 0.074387562389470294 0.019371561651673933 0.045236095513352163
leaf_weight=5.660435438156127 556.19164059776813 3.7786179333925274 118.71948646008968 7.1565510630607632 3.0684824325144282 7.857294298708438 12.832293920218943 22.218882009387016 144.37794662639499 4.2925385832786551 6.487290855497128 6.6651194989681235 2.8726695105433455 5.645094349980357 5.5413502082228652 6.6859243065118772 16.424662664532665 5.6280121356248847 6.4925110638141623 3.3336704522371292 2.0827276445925236 8.5158691778779012 3.3424434661865234 4.0329317152500135 5.4646199569106102
leaf_count=28 3137 23 641 34 33 65 59 114 755 25 36 44 29 29 85 40 83 25 32 19 20 40 15 19 35
internal_value=-1.13217e-05 -0.00327026 -0.0049774 -0.00588064 -0.0130399 0.000219573 0.0364077 -0.0161716 -0.00451998 0.0278987 0.00174711 0.00270533 -0.0165459 -0.0242115 -0.0395631 0.00201354 0.00269551 0.00119547 0.0390872 -0.0369254 0 -0.0603825 0.05423 0.04334 0.0350905
internal_weight=975.369 342.803 325.234 319.573 147.349 172.224 19.9888 140.938 152.235 17.5687 632.567 601.422 31.145 28.2723 21.785 594.756 584.737 561.82 22.9172 10.0196 7.62408 14.161 6.41093 13.2762 9.49755
internal_count=5465 1846 1744 1716 803 913 93 755 820 102 3619 3380 239 210 174 3336 3277 3162 115 59 105 69 48 77 54
is_linear=0
shrinkage=0.05


Tree=109
num_leaves=18
num_cat=0
split_feature=7 10 9 1 1 2 3 3 2 2 1 1 3 8 1 1 1
split_gain=2.31677 3.51257 2.88855 2.56697 4.45147 7.57089 5.93477 10.6294 5.56499 9.03181 4.5679 7.09954 4.54353 1.39081 1.24571 0.975103 0.486102
threshold=0.00014694500000000002 0.53315000000000012 0.82720000000000005 33.650000000000013 39.95000000000001 42.650000000000013 0.032350000000000011 0.011450000000000002 41.550000000000004 40.750000000000007 60.350000000000001 53.350000000000001 0.0043500000000000006 206869185.50000003 58.750000000000007 34.650000000000013 48.750000000000007
decision_type=2 2 2 2 2 2 2 2 2 2 2 2 2 2 2 2 2
left_child=3 2 13 -1 5 6 7 -5 9 12 11 -10 -6 14 15 -2 -11
right_child=1 -3 -4 4 8 -7 -8 -9 10 16 -12 -13 -14 -15 -16 -17 -18
leaf_value=-0.037576268554043557 -3.0073290070161814e-05 0.054223779346972679 0.0339693661516823 0.027559433793123436 0.03058342334535237 0.061319596655515091 0.054414852953512866 -0.066636929593912625 -0.01058310525089437 0.031261493205361326 0.043733690918598127 -0.063150885967943091 5.2093995406128106e-05 0 0 -0.057307346159646881 0.060454406949484146
leaf_weight=4.3510033041238776 1.0198332890868167 1.3295492082834233 1.5352072604000557 6.2847153693437594 12.271191813051699 7.9425582587718955 3.8781939446926108 5.48670494556427 61.539530880749226 3.7284250408411008 3.1959012486040583 7.1548166517168275 836.2164681237191 2.2143521383404723 1.432518534362315 7.4063462866470218 5.5867443084716797
leaf_count=24 16 10 27 42 63 39 17 30 391 19 38 66 4479 14 15 135 40
internal_value=-8.13944e-06 -0.0194862 -0.0273956 0.000292474 0.000474483 0.0218772 0.00127947 -0.0161162 -6.55547e-05 0.00104953 -0.0134233 -0.0162148 0.000503095 -0.0358244 -0.0437939 -0.0510431 0.049757
internal_weight=972.574 14.9378 13.6083 957.636 953.285 23.5922 15.6496 11.7714 929.693 857.803 71.8902 68.6943 848.488 12.0731 9.8587 8.42618 9.31517
internal_count=5465 217 207 5248 5224 128 89 72 5096 4601 495 457 4542 180 166 151 59
is_linear=0
shrinkage=0.05


Tree=110
num_leaves=25
num_cat=0
split_feature=1 1 2 2 4 2 2 1 8 2 4 2 1 1 4 10 9 9 10 8 2 4 1 4
split_gain=2.15367 3.18848 5.12786 3.8894 6.92522 6.62806 6.5041 3.5573 10.1277 12.2074 13.7983 7.34149 5.23921 9.80773 8.00315 6.2501 9.87763 6.11568 4.60061 7.45474 4.57624 1.00362 0.536145 0.0735539
threshold=76.050000000000011 60.750000000000007 18.850000000000005 22.950000000000003 0.00045000000000000004 25.650000000000002 28.050000000000004 55.150000000000013 139379309.60000002 22.150000000000002 0.00015000000000000004 38.050000000000004 51.750000000000007 52.750000000000007 0.0134 0.35320000000000007 0.5989000000000001 0.60190000000000021 0.43255000000000005 154359110.00000003 16.350000000000005 0.00075000000000000012 64.550000000000011 0.00035000000000000005
decision_type=2 2 2 2 2 2 2 2 2 2 2 2 2 2 2 2 2 2 2 2 2 2 2 2
left_child=1 7 23 4 -4 22 -7 12 9 10 -9 -11 15 17 -15 20 -17 -14 -10 -20 -1 -6 -5 -3
right_child=-2 2 3 5 21 6 -8 8 18 11 -12 -13 13 14 -16 16 -18 -19 19 -21 -22 -23 -24 -25
leaf_value=-0.0089291399623294375 -0.035997895797549806 0.033199256342303508 -0.0456907179914436 0.062904997680152022 0.056722927037841708 -0.025650118286806869 0.022790805486858964 0.032156103285264873 0.065771749294680881 0.013469906621899414 -0.040966003166495367 -0.047327147050039056 0.030276108139243824 -0.0034601602699147376 0.044938870477192222 -0.003931696902593945 -0.054492498199206207 -0.017986943796376532 0.054111847107371658 -0.053219730843851371 0.0020851450499048694 0.0087059273665493868 0.031777141927008416 0.053318804676843148
leaf_weight=119.46568745002151 4.0397264137864104 3.3520538583397848 8.3760959655046445 5.2031183540821058 1.7786853611469258 12.177244938910009 15.773794028908013 7.3604795485734931 5.7465971261262876 36.884356118738651 45.517789874225855 5.6174557954072943 53.385001715272665 119.3247398994863 9.0993201285600644 32.090029362589121 13.886095967143772 7.2792766261845818 3.35365229845047 2.9327944219112396 445.83719049952924 3.4638945702463388 3.5792904421687126 5.3743460476398468
leaf_count=652 35 23 38 30 11 83 120 34 33 188 257 47 292 687 52 210 129 68 32 15 2301 54 22 52
internal_value=-5.99996e-06 0.000142918 0.0113923 0.00510754 -0.0174716 0.0136391 0.00149241 -0.000584859 -0.00912701 -0.0146239 -0.0306518 0.00522478 0.00055629 0.00783222 0 -0.00168713 -0.0193961 0.0243825 0.0337937 0.00320663 -0.000234833 0.0266896 0.0512823 0.0466205
internal_weight=970.899 966.859 59.0785 50.3521 13.6187 36.7334 27.951 907.78 107.413 95.3801 52.8783 42.5018 800.367 189.088 128.424 611.279 45.9761 60.6643 12.033 6.28645 565.303 5.24258 8.78241 8.7264
internal_count=5465 5430 433 358 103 255 203 4997 606 526 291 235 4391 1099 739 3292 339 360 80 47 2953 65 52 75
is_linear=0
shrinkage=0.05


Tree=111
num_leaves=21
num_cat=0
split_feature=12 1 4 4 5 4 4 2 2 2 2 5 2 4 2 10 2 2 2 1
split_gain=2.12054 2.20448 6.30652 5.69501 5.64023 5.59612 18.5253 8.7337 3.7344 11.4414 15.0094 9.94796 9.14761 6.01156 4.83404 5.35352 3.32712 2.17758 0.752914 0.137603
threshold=-0.95499999999999996 47.750000000000007 0.016550000000000006 0.013800000000000002 0.55500000000000016 0.00035000000000000005 0.00045000000000000004 25.050000000000004 39.750000000000007 35.20000000000001 34.100000000000009 0.54500000000000015 29.750000000000004 0.00125 42.650000000000013 0.38345000000000001 41.150000000000013 37.150000000000013 23.750000000000004 50.150000000000013
decision_type=2 2 2 2 2 2 2 2 2 2 2 2 2 2 2 2 2 2 2 2
left_child=1 2 3 5 18 7 -7 -1 9 10 12 19 -3 17 16 -16 -13 -11 -4 -10
right_child=-2 8 4 -5 -6 6 -8 -9 11 13 -12 14 -14 -15 15 -17 -18 -19 -20 -21
leaf_value=-0.027727423284410097 0.026547712984801033 0.00026979815463873381 0.032359677635463276 -0.059955372677525855 -0.011539142737331497 0.048974790786815561 -0.0042004550282331646 0.0053748923076214743 -0.032229889307801372 0.071151904051953138 -0.079228635901515757 -0.0040444619719869511 0.025599458812860382 -0.0025677131950939697 -0.01799070005115163 0.05484949961055996 0.059645590024159735 0.031626508137674494 0.065283826587011054 -0.060077445308214829
leaf_weight=52.41391784325242 7.3589017391204825 513.13428041618317 4.4562753438949567 4.5561790429055682 5.5085239559411994 17.624595209956169 215.54350977018476 31.705268457531929 1.8099165484309185 8.7641528397798556 5.6387357860803595 3.2282169014215452 38.2418422549963 6.4174367040395728 23.298411803320054 2.7058356739580622 4.8813578709959984 7.2275425046682349 5.1407354176044464 8.2326936759054643
leaf_count=326 37 2929 31 34 29 107 1095 177 12 48 25 17 198 32 175 29 37 35 31 61
internal_value=-3.80327e-06 -0.00021517 -0.00347776 -0.00497613 0.027941 -0.00415224 -0.000140364 -0.0151999 0.00154001 0.00261601 0.00119424 -0.0124403 0.00203998 0.0375719 0.000339046 -0.0100388 0.0339427 0.0539064 0.0510028 -0.0559189
internal_weight=967.888 960.529 336.949 321.843 15.1055 317.287 233.168 84.1192 623.58 579.424 557.015 44.1564 551.376 22.4091 34.1138 26.0042 8.10957 15.9917 9.59701 10.0426
internal_count=5465 5428 1830 1739 91 1705 1202 503 3598 3267 3152 331 3127 115 258 204 54 83 62 73
is_linear=0
shrinkage=0.05


Tree=112
num_leaves=21
num_cat=0
split_feature=1 1 4 3 3 1 1 8 3 4 3 0 4 1 3 3 4 3 3 1
split_gain=3.89824 3.22717 5.58427 9.54465 5.55353 3.49741 19.036 14.3701 9.508 4.86259 15.2866 15.9336 14.5599 17.4064 11.5335 10.0942 3.85446 3.56412 2.63039 4.66844
threshold=29.450000000000003 39.95000000000001 0.00065000000000000008 0.0086500000000000014 0.0074500000000000009 45.45000000000001 44.95000000000001 6504353.5500000017 0.021050000000000003 0.0015500000000000004 0.053750000000000006 65.500000000000014 0.00055000000000000003 50.650000000000013 0.064150000000000013 0.026550000000000001 0.00045000000000000004 0.047550000000000009 0.016000000000000004 36.050000000000004
decision_type=2 2 2 2 2 2 2 2 2 2 2 2 2 2 2 2 2 2 2 2
left_child=-1 2 3 4 -2 6 7 8 -3 12 11 -11 15 -14 -12 -7 -8 -18 -5 -20
right_child=1 5 -4 18 -6 9 16 -9 -10 10 14 -13 13 -15 -16 -17 17 -19 19 -21
leaf_value=-0.061296600565272301 0 0.022151375709502794 0.053309040247018658 -0.058348342335996173 0.073966954791272355 0.0010436233861730825 -0.072969424053681148 -0.058349294736651416 -0.005865576961433255 0.048721797677059635 -0.055761677599656549 -0.062805009822387167 -0.027796159943487726 0.0063868189391856761 0.0043810001242090254 0.027829420153107749 0.0033290211253458159 -0.047866086498906675 -0.042662256377110089 0.038966688370977678
leaf_weight=2.4874554872512809 4.6929178014397674 48.231363840401173 7.546533375978469 4.3161133974790555 5.2124712541699409 371.20503508858383 9.4783067628741282 9.6532432064414007 80.58784756064415 31.819415345788002 8.2782288584858161 3.4364180266857138 94.539351213723421 61.019368465989828 162.45300027355552 38.815967097878456 4.8482623249292365 9.9722348451614362 4.0486650094389915 2.8980032950639725
leaf_count=14 33 238 37 47 29 2118 48 88 410 190 73 19 495 359 932 199 24 58 33 21
internal_value=-2.20611e-06 0.000157267 0.0166416 0.0031453 0.0389527 -0.000345718 -0.00700761 0.00013156 0.00459455 0.00105393 0.00763283 0.0375629 -0.00133422 -0.01436 0.00140466 0.00359775 -0.0477306 -0.0308733 -0.0279722 -0.00782911
internal_weight=965.54 963.053 28.7147 21.1682 9.90539 934.338 162.771 138.472 128.819 771.567 205.987 35.2558 565.58 155.559 170.731 410.021 24.2988 14.8205 11.2628 6.94667
internal_count=5465 5451 200 163 62 5251 866 736 648 4385 1214 209 3171 854 1005 2317 130 82 101 54
is_linear=0
shrinkage=0.05


Tree=113
num_leaves=31
num_cat=0
split_feature=3 3 2 3 3 0 4 9 2 2 3 10 3 2 3 8 2 0 3 2 0 2 8 3 0 2 3 2 4 10
split_gain=2.37259 13.3428 24.8013 13.7851 10.1816 10.8243 11.0194 10.3602 9.22035 12.119 9.16282 8.57394 7.84009 7.07715 13.2365 10.6154 8.69496 8.50084 6.72999 6.46783 12.314 6.01705 5.83769 8.09943 4.23603 4.05386 4.0291 5.28051 3.84711 3.38785
threshold=0.0075500000000000003 0.0064500000000000009 32.150000000000013 0.005850000000000001 0.0094500000000000018 61.500000000000007 0.00025000000000000006 0.52500000000000013 15.850000000000003 16.250000000000004 0.011050000000000003 0.35320000000000007 0.0053500000000000015 16.050000000000004 0.14260000000000003 116193620.00000001 16.250000000000004 61.500000000000007 0.018950000000000005 37.250000000000007 62.500000000000007 13.350000000000003 136529291.35000002 0.0078500000000000011 67.500000000000014 24.900000000000002 0.0099500000000000022 19.750000000000004 0.00035000000000000005 0.34925000000000006
decision_type=2 2 2 2 2 2 2 2 2 2 2 2 2 2 2 2 2 2 2 2 2 2 2 2 2 2 2 2 2 2
left_child=1 3 28 12 5 6 8 24 -2 -10 11 -6 21 14 15 -12 -15 -16 -18 -4 -21 -1 -9 -24 -7 -23 27 -13 -3 -5
right_child=4 2 19 29 10 7 -8 22 9 -11 13 26 -14 16 17 -17 18 -19 -20 20 -22 25 23 -25 -26 -27 -28 -29 -30 -31
leaf_value=0.049780927430091229 0.027924223106438491 -0.056886219232750834 0.083195140822634281 0.043634028457024847 -0.043932636581819728 0.063485199363204403 0.074532786100263274 -0.056323878523937582 -0.097143388294179372 -0.0097662163011255493 -0.021531311704932891 -0.0051257591752951644 -0.049288938339562473 0.045384599813972477 0.0030369891990004467 0.042549923116375538 0.011413089141322663 0.06773809319009387 -0.0013230820309019049 -0.037344080605657325 0.064188000623606897 -0.019356736370125749 -0.032370822565847467 0.039008792885966224 0.0065403976911984803 0.013079612418509877 -0.033642248362780923 0.077123092206699467 0.00095489655569327416 -0.0085491743084145071
leaf_weight=5.3897105753421775 11.544897392392157 30.01051586959511 3.5549490153789511 22.094439096748832 22.735053844749928 21.635504059493545 4.2347980737686148 2.9499090947210815 4.7241159379482296 23.613806121051311 102.76529698818922 4.3946347869932634 9.3903739191591722 11.571100495755671 16.38951970636845 6.7559349909424773 136.68211006186903 7.3795927986502639 427.24094426259398 6.741863511502741 5.1802192106842995 23.466877318918705 5.4699958711862591 13.42309422791004 4.1075652092695227 16.035991348326206 3.5581656247377396 3.2532385587692261 2.9871909618377677 3.4026138186454764
leaf_count=26 58 266 19 134 115 114 20 37 19 117 559 29 75 62 100 40 708 39 2332 41 42 143 37 101 18 88 25 17 62 22
internal_value=-4.53891e-06 -0.00633831 -0.0270187 0.00618272 0.000963636 0.0166754 -0.00106215 0.0331928 -0.00938029 -0.0247988 -0.000971541 -0.0263123 -0.00799171 0.000238423 -0.010131 -0.0174976 0.00265011 0.0235338 0.00175649 0.0248762 0.0065233 0.000625827 0.00753915 0.0180178 0.054653 -0.00606333 0.00906638 0.0297596 -0.0515119 0.0364686
internal_weight=962.684 128.255 48.4747 79.78 834.429 91.7037 44.1176 47.5861 39.8828 28.3379 742.726 33.9411 54.283 708.784 133.29 109.521 575.494 23.7691 563.923 15.477 11.9221 44.8926 21.843 18.8931 25.7431 39.5029 11.206 7.64787 32.9977 25.4971
internal_count=5465 918 430 488 4547 521 214 307 194 136 4026 186 332 3840 738 599 3102 139 3040 102 83 257 175 138 132 231 71 46 328 156
is_linear=0
shrinkage=0.05


Tree=114
num_leaves=23
num_cat=0
split_feature=1 1 2 3 3 2 2 3 3 3 1 3 1 10 3 3 3 0 1 1 1 3
split_gain=3.68175 2.97746 7.55397 8.37426 7.6702 5.55983 6.2608 4.48873 6.77298 6.44237 10.8335 6.15385 4.98365 4.16155 4.15362 9.13479 3.65483 3.47848 3.20855 1.22586 0.598952 0.138047
threshold=29.450000000000003 42.250000000000007 21.750000000000004 0.028950000000000004 0.017350000000000001 41.550000000000004 40.750000000000007 0.029650000000000006 0.0074500000000000009 0.047750000000000008 47.050000000000004 0.0062500000000000012 50.150000000000013 0.28690000000000004 0.0043500000000000006 0.004850000000000001 0.007150000000000001 61.500000000000007 46.550000000000004 36.350000000000001 39.95000000000001 0.032350000000000011
decision_type=2 2 2 2 2 2 2 2 2 2 2 2 2 2 2 2 2 2 2 2 2 2
left_child=-1 2 4 13 -2 6 14 8 11 10 -9 -7 -10 16 17 -16 -4 -3 -11 -15 -5 -8
right_child=1 5 3 20 -6 7 21 9 12 18 -12 -13 -14 19 15 -17 -18 -19 -20 -21 -22 -23
leaf_value=-0.060407966428347754 -0.06056551654056315 0.0032300959796576095 -0.0005378867216608615 -0.0070478341252712493 0.020904621680390544 -0.051132065920151674 0.061946645565176352 0.092946667249899875 -0.022469516543082768 -0.04124265053475179 -0.017869168996236542 0.055870660711372144 -0.069024925631159223 -0.047245496441634213 -0.045947141866040417 0.00040313832475197503 0.050612398690541086 0.058355600492822672 0.0055998670761006368 0.0149817145472327 -0.035563676482338651 0.036322459828060968
leaf_weight=2.4163760840892783 6.1697927266359311 6.315206900238989 3.9240051358938279 5.0226073712110502 5.1660422831773758 1.7815575636923302 2.9150513708591452 4.2943315356969851 30.340993709862232 6.8946114256978017 4.2513150498270988 4.4101785160601139 7.2812372930347911 1.6327920444309705 10.669968761503695 812.42021492496133 21.775893315672874 5.4858811348676682 7.2802797518670559 1.2237061932682989 3.5287020653486252 3.4595374390482903
leaf_count=14 53 31 22 28 27 21 16 24 155 76 23 49 55 29 77 4474 129 29 72 13 17 31
internal_value=-2.63525e-06 0.000151078 0.0122197 0.0231898 -0.023142 -0.000488718 0.000606706 -0.0143945 -0.0237443 0.00344148 0.0376703 0.0239646 -0.0317713 0.036222 0.000220838 -0.000197149 0.0426369 0.029551 -0.0169632 -0.0192915 -0.0196679 0.0495882
internal_weight=958.66 956.244 48.4435 37.1077 11.3358 907.8 841.266 66.5345 43.814 22.7205 8.54565 6.19174 37.6222 28.5564 834.891 823.09 25.6999 11.8011 14.1749 2.8565 8.55131 6.37459
internal_count=5465 5451 318 238 80 5133 4658 475 280 195 47 70 210 193 4611 4551 151 60 148 42 45 47
is_linear=0
shrinkage=0.05


Tree=115
num_leaves=13
num_cat=0
split_feature=3 3 3 4 3 3 3 3 1 3 10 1
split_gain=2.30936 7.76374 4.06404 6.89923 4.04048 15.7675 8.71952 9.94097 5.72365 3.33244 3.13198 0.821367
threshold=0.0039500000000000013 0.0041000000000000003 0.004850000000000001 1.0000000180025095e-35 0.0064500000000000009 0.0069500000000000004 0.005850000000000001 0.0053500000000000015 71.250000000000014 0.0094500000000000018 0.34925000000000006 51.050000000000004
decision_type=2 2 2 2 2 2 2 2 2 2 2 2
left_child=-1 -2 3 -3 6 8 7 -4 -6 -7 -8 -5
right_child=1 2 4 11 5 9 10 -9 -10 -11 -12 -13
leaf_value=-0.039020386409578112 0.06207379460555254 0.013133108166837857 0.014796173191893714 -0.031734249275258426 -0.059966216971192324 0.0079815430235690762 0.042017190942582265 -0.048274364151960021 0.048439459196347845 -0.00092557561136172306 -0.0081412235493104387 -0.066080482532922716
leaf_weight=3.6784980595111838 4.9347651451826087 6.7634460926055917 19.384993724524978 4.1777575500309467 14.037939178757368 122.19676149636507 21.709390349686149 9.0689874924719316 1.2069361470639695 740.67311252467334 3.4077670350670806 5.3826592713594437
leaf_count=18 31 31 92 57 211 722 134 75 18 4026 22 28
internal_value=-3.5008e-06 0.000145942 -0.000177656 -0.0248364 0.000251637 -0.00055683 0.0135732 -0.00522952 -0.0507982 0.000330806 0.0350084 -0.0520731
internal_weight=956.623 952.945 948.01 16.3239 931.686 878.115 53.5711 28.454 15.2449 862.87 25.1172 9.56042
internal_count=5465 5447 5416 116 5300 4977 323 167 229 4748 156 85
is_linear=0
shrinkage=0.05


Tree=116
num_leaves=31
num_cat=0
split_feature=4 4 1 4 3 1 1 3 2 1 2 1 3 1 8 2 3 4 2 2 1 9 2 3 0 3 3 3 9 3
split_gain=2.25289 10.2035 11.2553 19.3206 26.1446 15.8961 12.597 11.2096 9.35775 8.83458 20.6442 14.7249 25.5097 13.8119 10.388 10.3778 10.169 8.77911 8.58626 8.40966 11.8648 7.79039 7.68132 7.12233 18.4205 10.5675 6.36147 5.93145 5.74005 9.76542
threshold=0.00035000000000000005 0.00055000000000000003 43.050000000000004 0.00095000000000000011 0.019950000000000006 50.550000000000004 52.050000000000004 0.038000000000000006 13.350000000000003 49.550000000000004 21.050000000000004 50.850000000000001 0.016350000000000003 48.45000000000001 196165884.00000003 14.65 0.018950000000000005 0.0011500000000000002 13.850000000000003 34.650000000000013 50.550000000000004 0.69030000000000002 12.850000000000003 0.012700000000000001 61.500000000000007 0.0075500000000000003 0.027500000000000004 0.35405000000000003 0.60990000000000022 0.018100000000000002
decision_type=2 2 2 2 2 2 2 2 2 2 2 2 2 2 2 2 2 2 2 2 2 2 2 2 2 2 2 2 2 2
left_child=8 9 17 5 -5 7 -7 -4 28 10 26 19 14 16 -13 -14 -12 -3 -10 20 -11 23 -6 25 -25 -20 -2 -19 29 -1
right_child=1 2 3 4 22 6 -8 -9 18 11 13 12 15 -15 -16 -17 -18 27 21 -21 -22 -23 -24 24 -26 -27 -28 -29 -30 -31
leaf_value=-0.0083738389305159245 0.08508101656203218 0.052288137935643832 -0.048116358208589685 0.067866740151980215 -0.030570836895756449 0.048126289682704271 -0.018740839997760137 0.026359532242837047 -0.076261684887834524 0.034549823984232654 0.017111697544153977 -0.03861687381266888 -0.026501585692162696 0.072165082236923764 0.03311734526539576 0.043479251364813232 -0.047666971929486351 -0.018494432001359709 -0.010705074504452426 -0.083253984103552559 -0.073613845423604038 -0.053086782041249038 0.00048732335878730109 0.026515478440163432 -0.033606128132373493 0.011237920106384108 0.017176966850128442 0.049806788882760238 0.04945777085663932 0.068070631014227806
leaf_weight=20.641537293791774 15.350343227386476 16.34345879778266 50.798163264989853 14.072718471288679 21.119967706501484 10.469177663326265 20.945251969620585 5.4555910378694525 4.2301034927368155 6.0519532207399624 12.864414464682346 23.397774731740359 5.857575148344039 5.8442362993955603 6.2711169086396685 44.184989862143993 11.178827464580534 11.561736166477202 107.08890308532864 6.3225980252027503 4.191056527197361 8.180221810936926 318.02820836007595 16.974178813397884 49.460980273783207 112.26323461160064 4.7694427073001853 4.2696193605661383 11.537356138229368 5.1141865402460089
leaf_count=119 65 96 252 76 156 49 136 27 20 32 91 163 27 25 61 246 55 56 724 26 20 74 1817 82 241 576 22 26 80 25
internal_value=-4.67264e-06 0.00177752 -0.00178249 -0.00387802 0.00132507 -0.0248762 0.00346665 -0.0407709 -0.00330923 0.0133176 0.030362 0.00439044 0.0133587 0.0037743 -0.0232261 0.0351516 -0.0128725 0.0267006 -0.00627679 -0.0382848 -0.00950712 -0.00522713 -0.00144048 -0.00382164 -0.0181531 0.000502451 0.069396 0 0.0202392 0.00681654
internal_weight=954.839 619.348 473.064 440.889 353.221 87.6682 31.4144 56.2538 335.491 146.284 50.0073 96.2771 79.7115 29.8875 29.6689 50.0426 24.0432 32.1748 298.198 16.5656 10.243 293.968 339.148 285.787 66.4352 219.352 20.1198 15.8314 37.2931 25.7557
internal_count=5465 3524 2691 2513 2049 464 185 279 1941 833 258 575 497 171 224 273 146 178 1717 78 52 1697 1973 1623 323 1300 87 82 224 144
is_linear=0
shrinkage=0.05


Tree=117
num_leaves=24
num_cat=0
split_feature=10 10 2 7 8 2 2 0 3 4 4 4 2 3 3 3 3 3 2 8 0 9 9
split_gain=2.12807 10.0777 4.56626 3.55083 2.51182 2.13786 11.6824 7.28077 6.76639 6.72875 8.83434 7.69278 6.42427 4.40201 6.08481 3.47901 20.9848 7.97381 3.2239 0.834963 0.513957 1.19939 0.420643
threshold=0.4835000000000001 0.66275000000000006 19.050000000000004 0.00014694500000000002 187983749.00000003 28.650000000000002 31.650000000000002 60.500000000000007 0.016450000000000003 0.00085000000000000017 0.00055000000000000003 0.0010500000000000004 27.850000000000005 0.021050000000000003 0.05920000000000001 0.0074500000000000009 0.0064500000000000009 0.0094500000000000018 37.650000000000013 208283703.00000003 61.500000000000007 0.54690000000000005 0.72105000000000008
decision_type=2 2 2 2 2 2 2 2 2 2 2 2 2 2 2 2 2 2 2 2 2 2 2
left_child=3 2 -2 5 20 12 9 18 -9 10 -7 -11 15 -14 -15 16 -1 -17 -8 -6 -5 -22 -23
right_child=1 -3 -4 4 19 6 7 8 -10 11 -12 -13 13 14 -16 17 -18 -19 -20 -21 21 22 -24
leaf_value=0.0063306918646785591 0.059209505825743962 -0.062569542347045509 -0.0057760434456804819 -0.063099520300431908 0.030020463500171429 0.018468057057267669 -0.0072745960202162674 0.014524343124552003 -0.0061656981469068823 0.071051102813924599 -0.040450947926521964 0.020561938522062406 0.01037684748016084 -0.067535145428257379 -0.0092415493178749867 0.015979565053670895 -0.049406132117668561 -0.0015105110011757921 -0.050818032813480345 -0.01468252772328185 0.0068499823552534162 -0.051178947007376498 -0.010813531020036141
leaf_weight=56.479787848889828 8.4099817350506765 2.9341125264763823 3.7416823320090762 2.4278828501701337 1.8746909275650971 29.200722426176071 7.7165429592132595 58.254194537177682 122.19580481015146 10.957426354289053 8.0016924887895566 25.648160453885794 5.8040474355220821 9.1418913453817385 9.1931639164686185 75.524350337684155 23.91198418289423 469.58763318136334 10.381488127633927 1.9844190850853918 1.3737033605575559 3.7728898618370295 1.2600372210144994
leaf_count=347 55 20 39 48 28 152 40 369 690 58 34 138 36 55 66 404 209 2468 78 13 16 87 15
internal_value=-2.39208e-06 0.0185594 0.0389075 -0.000309279 -0.0264705 4.83058e-05 0.0037712 -0.00252202 0.000490265 0.0207485 0.00558694 0.0359639 -0.00150513 -0.0267654 -0.0387867 -0.000518178 -0.0102265 0.000906025 -0.032669 0.00598028 -0.0411137 -0.0311716 -0.0424548
internal_weight=949.778 15.0858 12.1517 934.693 12.6936 921.999 272.356 198.548 180.45 73.808 37.2024 36.6056 649.643 24.1391 18.3351 625.504 80.3918 545.112 18.098 3.85911 8.83451 6.40663 5.03293
internal_count=5465 114 94 5351 207 5144 1559 1177 1059 382 186 196 3585 157 121 3428 556 2872 118 41 166 118 102
is_linear=0
shrinkage=0.05


Tree=118
num_leaves=31
num_cat=0
split_feature=4 4 1 4 1 1 2 0 2 2 2 1 2 4 1 1 2 2 1 2 1 0 0 1 2 1 0 2 2 8
split_gain=2.23465 9.41215 10.2843 17.2863 14.7678 12.9087 8.42959 8.41317 9.93944 15.6652 9.793 9.32164 8.30689 8.19384 8.11621 14.3986 7.99587 7.09479 5.82013 9.63929 6.89933 17.9271 15.0951 6.2543 5.70638 4.63644 5.12273 4.06603 3.63498 3.60206
threshold=0.00035000000000000005 0.00055000000000000003 43.050000000000004 0.00095000000000000011 50.650000000000013 52.050000000000004 13.350000000000003 67.500000000000014 25.850000000000005 14.350000000000003 12.65 50.45000000000001 12.850000000000003 0.0011500000000000002 53.550000000000004 49.550000000000004 13.850000000000003 13.950000000000001 45.95000000000001 43.45000000000001 52.350000000000001 60.500000000000007 54.500000000000007 44.95000000000001 12.050000000000002 42.650000000000013 62.500000000000007 37.150000000000013 37.650000000000013 277918313.50000006
decision_type=2 2 2 2 2 2 2 2 2 2 2 2 2 2 2 2 2 2 2 2 2 2 2 2 2 2 2 2 2 2
left_child=6 7 13 4 27 -6 29 8 9 10 -2 -11 24 28 15 -10 -8 -14 19 23 21 -20 -22 -18 -5 26 -15 -4 -3 -1
right_child=1 2 3 12 5 -7 16 -9 14 11 -12 -13 17 25 -16 -17 18 -19 20 -21 22 -23 -24 -25 -26 -27 -28 -29 -30 -31
leaf_value=0.012906887237087359 0.015864033570634564 0.023888602592290684 -0.030459785804954211 -0.010450865108674896 0.052778706471153215 -0.017420003816187132 -0.074477580105419744 -0.05701477973294812 0.010387060449244321 0.062177970181951828 -0.068160113408120587 0.022825547484764917 0.035922275221431425 0.010350575115742149 0.040735668612474546 -0.049574269291773936 -0.017143813808493152 0.0015551981716921623 0.059421392335787582 0.050275143570816527 -0.074857314805773165 -0.00043284167806325474 -0.0055374267458422333 -0.061662719557365603 -0.066769914746427558 0.045344696283068045 -0.056452131128389815 -0.061839625795539067 0.073243704521585226 0.059918207407208379
leaf_weight=32.125517973676324 7.1614655405282956 7.4910888075828614 41.772403158247471 13.949193909764292 9.4185861852020043 20.801219649612904 4.1291487514972678 4.0482820589095345 27.27063325792551 21.416052358224988 6.4438764527440071 53.394804095849395 15.699886351823805 7.0147018879652006 8.9235824476927501 15.61659377068281 35.643654499202967 314.96258198656142 13.978135064244269 4.2463088631629935 8.3935302197933179 110.90594273619354 108.57068193145096 10.313752941787241 6.775591477751731 4.071403592824935 4.6252739876508713 14.577343605458735 8.5473992973566038 4.6997013427317134
leaf_count=199 36 52 195 116 45 136 20 29 160 94 32 336 76 38 69 77 223 1817 71 24 44 662 614 59 40 20 24 88 44 25
internal_value=-5.34153e-06 0.00177806 -0.00164407 -0.00364825 -0.0236506 0.00439578 -0.00330805 0.0129473 0.0150419 0.0252274 -0.0237743 0.0342256 0.00127073 0.0257693 -0.00225881 -0.011395 -0.00612747 0.00321243 -0.00511883 -0.0206031 -0.0018767 0.00626875 -0.0106143 -0.0273555 -0.0293357 0 -0.0160231 -0.0387613 0.0507921 0.019188
internal_weight=946.988 613.982 469.707 437.957 86.5696 30.2198 333.006 144.275 140.227 88.4162 13.6053 74.8109 351.387 31.7499 51.8108 42.8872 296.181 330.662 292.052 50.2037 241.848 124.884 116.964 45.9574 20.7248 15.7114 11.64 56.3497 16.0385 36.8252
internal_count=5465 3524 2691 2513 464 181 1941 833 804 498 68 430 2049 178 306 237 1717 1893 1697 306 1391 733 658 282 156 82 62 283 96 224
is_linear=0
shrinkage=0.05


Tree=119
num_leaves=18
num_cat=0
split_feature=11 3 8 8 3 1 3 2 9 5 9 1 9 1 2 9 5
split_gain=2.13047 4.21359 2.71938 3.56082 6.72867 6.33811 5.41253 11.5243 4.15414 7.65161 7.49662 4.8314 3.67725 6.48092 4.02766 2.37334 1.99555
threshold=1.0000000180025095e-35 0.20560000000000003 656974312.00000012 209559025.00000003 0.0099500000000000022 54.050000000000004 0.0083500000000000015 26.950000000000003 0.56490000000000007 0.59500000000000008 0.64855000000000007 53.350000000000001 0.33765000000000006 49.750000000000007 22.650000000000002 0.70230000000000004 0.56500000000000006
decision_type=2 2 2 2 2 2 2 2 2 2 2 2 2 2 2 2 2
left_child=2 -2 3 8 6 -6 7 -5 12 10 -10 -11 14 -14 -1 -3 -4
right_child=1 15 16 4 5 -7 -8 -9 9 11 -12 -13 13 -15 -16 -17 -18
leaf_value=-0.0038419171420670619 0.044156732179783026 0.017069815305341712 -0.058857196807029832 -0.055519922634521504 -0.05616904567127199 0.02539901521354589 0.071323017527706409 0.060596923585825205 -0.03975870809999868 0.044553743300837528 -0.0016691320629190034 -0.024763939207466279 -0.016790954603057726 0.031844385446039229 0.0032447275946112515 -0.03612500608478466 3.0139217813000614e-05
leaf_weight=407.44725360907614 7.8029421567916861 4.4736760556697828 3.3276865873485795 3.5866895448416489 4.5871203839778882 4.6635915040969849 6.943801835179328 4.9408045411109924 26.476163855753839 8.140872070565818 25.709761269390583 3.4399028886109582 9.6609269827604312 22.209387943148613 394.28282244876027 3.6962571889162064 2.1902935057878494
leaf_count=2158 37 21 36 43 40 25 34 52 252 60 232 22 54 186 2173 24 16
internal_value=-6.01506e-06 0.0180366 -0.000323999 -0.000107246 0.0185673 -0.0146813 0.0387352 0.0111009 -0.000629303 -0.0129209 -0.0211283 0.0235001 0.000306388 0.0169386 -0.00035057 -0.0065379 -0.0350081
internal_weight=943.58 15.9729 927.607 922.089 24.722 9.25071 15.4713 8.52749 897.367 63.7667 52.1859 11.5808 833.6 31.8703 801.73 8.16993 5.51798
internal_count=5465 82 5383 5331 194 65 129 95 5137 566 484 82 4571 240 4331 45 52
is_linear=0
shrinkage=0.05


Tree=120
num_leaves=14
num_cat=0
split_feature=3 3 3 4 3 3 2 1 1 3 1 1 2
split_gain=2.13577 7.07357 3.69835 6.2919 3.86529 14.0579 9.49091 5.53366 5.07843 2.89089 1.13814 0.771476 0.88766
threshold=0.0039500000000000013 0.0041000000000000003 0.004850000000000001 1.0000000180025095e-35 0.0064500000000000009 0.0069500000000000004 29.850000000000005 48.750000000000007 71.250000000000014 0.0075500000000000003 46.850000000000001 51.050000000000004 19.550000000000004
decision_type=2 2 2 2 2 2 2 2 2 2 2 2 2
left_child=-1 -2 3 -3 6 8 7 -4 -6 -7 -8 12 -5
right_child=1 2 4 11 5 9 10 -9 -10 -11 -12 -13 -14
leaf_value=-0.037701218380251991 0.060830885871440865 0.012196952087810863 -0.001212013953772909 -0.050758967416910862 -0.059522442651706031 -0.01469017914123409 -0.057626637967208849 0.035273485564504346 0.047440303808328206 0.00082931452338915737 -0.016952884177089813 -0.064661214481834012 -0.0006338174861183158
leaf_weight=3.643714725971221 4.6768945157527915 6.6793098300695393 15.730526834726332 2.2463007755577564 12.706893995404242 31.034669050946832 3.5939779952168456 29.070880249142647 1.0888291373848904 819.9727731551975 4.3356776088476181 5.1714392304420471 1.7545107863843439
leaf_count=18 31 31 90 39 211 201 27 170 18 4547 36 28 18
internal_value=-5.81214e-06 0.000139281 -0.000165952 -0.0240379 0.000243592 -0.000552865 0.0133767 0.0223773 -0.0504399 0.000255813 -0.0364983 -0.0508106 -0.0305479
internal_weight=941.706 938.063 933.386 15.8516 917.534 864.803 52.7311 44.8014 13.7957 851.007 7.92966 9.17225 4.00081
internal_count=5465 5447 5416 116 5300 4977 323 260 229 4748 63 85 57
is_linear=0
shrinkage=0.05


Tree=121
num_leaves=13
num_cat=0
split_feature=3 3 3 4 3 3 3 0 1 10 3 1
split_gain=1.95354 6.64729 3.41519 5.90976 3.51269 13.2709 7.66075 9.84155 4.82419 2.84369 2.66507 0.726887
threshold=0.0039500000000000013 0.0041000000000000003 0.004850000000000001 1.0000000180025095e-35 0.0064500000000000009 0.0069500000000000004 0.005850000000000001 62.500000000000007 71.250000000000014 0.34925000000000006 0.0094500000000000018 51.050000000000004
decision_type=2 2 2 2 2 2 2 2 2 2 2 2
left_child=-1 -2 3 -3 6 8 7 -4 -6 -8 -7 -5
right_child=1 2 4 11 5 10 9 -9 -10 -11 -12 -13
leaf_value=-0.036245271109632736 0.060046782778411849 0.011606566153799264 0.012721097342877555 -0.029846802474039216 -0.059150507172467573 0.0071660258114214608 0.040049898985110161 -0.054192037298895539 0.046885474500641511 -0.0083295119647970647 -0.00088272898028068654 -0.063568537491122817
leaf_weight=3.6055783629417411 4.5066908150911322 6.6733513027429554 20.488676931709055 3.9081969149410725 12.161877913400529 119.5207512062043 21.054244544357065 7.3760065808892241 1.0488282702863205 3.3179418593645087 731.41320764645934 5.0033001452684402
leaf_count=18 31 31 123 57 211 722 134 44 18 22 4026 28
internal_value=-8.02817e-06 0.000130008 -0.000160777 -0.023298 0.00022976 -0.00052642 0.0128117 -0.004943 -0.0500674 0.0332523 0.00024262 -0.0498298
internal_weight=940.079 936.473 931.966 15.5848 916.382 864.145 52.2369 27.8647 13.2107 24.3722 850.934 8.9115
internal_count=5465 5447 5416 116 5300 4977 323 167 229 156 4748 85
is_linear=0
shrinkage=0.05


Tree=122
num_leaves=31
num_cat=0
split_feature=4 4 1 4 3 1 3 3 0 2 2 3 2 3 4 2 2 1 3 3 0 3 2 0 2 4 3 3 3 1
split_gain=2.02531 8.53287 9.37997 15.5576 23.7132 13.8895 11.7797 9.22049 7.73599 9.45621 14.086 15.0893 9.01181 7.9442 7.57373 7.52362 7.47644 7.23863 6.91748 5.86495 14.1609 11.991 9.33503 12.0736 8.24864 7.24422 5.43191 17.1377 5.31596 5.24534
threshold=0.00035000000000000005 0.00055000000000000003 43.050000000000004 0.00095000000000000011 0.019950000000000006 48.45000000000001 0.044750000000000005 0.036950000000000004 67.500000000000014 25.850000000000005 14.350000000000003 0.016350000000000003 12.65 0.0086500000000000014 0.0011500000000000002 13.350000000000003 13.850000000000003 49.550000000000004 0.041600000000000005 0.012700000000000001 61.500000000000007 0.023650000000000001 25.050000000000004 63.500000000000007 21.450000000000003 0.00015000000000000004 0.018100000000000002 0.012450000000000001 0.35405000000000003 54.95000000000001
decision_type=2 2 2 2 2 2 2 2 2 2 2 2 2 2 2 2 2 2 2 2 2 2 2 2 2 2 2 2 2 2
left_child=15 8 14 5 -5 7 -7 -4 9 10 12 -12 -2 -11 -3 26 -17 -15 -6 22 24 -22 25 -24 -21 -18 27 29 -16 -1
right_child=1 2 3 4 18 6 -8 -9 -10 13 11 -13 -14 17 28 16 19 -19 -20 20 21 -23 23 -25 -26 -27 -28 -29 -30 -31
leaf_value=0.013559992204752173 0.015405704372085322 0.049164842813026556 -0.053435209212307599 0.066226133029860551 -0.016017985176605333 0.0046300732237464053 -0.071792343043393797 0.02657339672189234 -0.055766001727390685 0.062835940371578899 0 0.048399080964786345 -0.06562994800454966 0.0082341921489007854 -0.017600522093603185 -0.073035844078747039 0 -0.03109667749855162 0.0020809092711705519 0.044419739558581868 -0.044575056357646921 0.015836338466838001 0.0038314361284358511 0.056020541009564662 -0.022629020277965345 -0.023256411946168537 0.06654728560898085 -0.062709214928809612 0.047549159137779462 0.064057208504820592
leaf_weight=17.692575417459018 7.1700014770030958 15.721829950809481 34.132329650223255 13.371677070856093 65.348558656871319 41.904386339709163 5.6207491829991332 3.8760568127036086 3.9233037661761037 4.1473418325185767 23.852982181124389 50.365581050515175 6.3023775517940521 27.1475277133286 11.430887565016745 3.9962433874607077 94.614491762593389 20.245447933673859 271.80261021107435 11.811481811106207 38.915701910853386 10.209184333682058 59.688823383301497 13.58897143602371 7.2709180563688269 51.609366735443473 4.9478532373905173 6.2877006381750098 4.1981971934437743 7.4232931807637206
leaf_count=108 36 96 174 76 349 239 30 21 29 51 161 269 32 159 56 20 564 96 1624 60 195 47 366 82 41 342 25 42 26 49
internal_value=-8.77259e-06 0.0016883 -0.00157398 -0.00348533 0.00116829 -0.0225937 -0.00443511 -0.0450965 0.0123684 0.0143628 0.0243489 0.0329097 -0.0223386 -0.00254508 0.0247784 -0.00318206 -0.00586952 -0.00849209 -0.00141601 -0.00489416 -0.017693 -0.0319121 -0.000888081 0.0136409 0.0186269 -0.00820758 0.0182034 0.0102408 0 0.0288782
internal_weight=938.618 610.562 467.407 436.056 350.523 85.5335 47.5251 38.0084 143.155 139.231 87.6909 74.2186 13.4724 51.5403 31.3509 328.057 291.705 47.393 337.151 287.709 68.2073 49.1249 219.502 73.2778 19.0824 146.224 36.3514 31.4036 15.6291 25.1159
internal_count=5465 3524 2691 2513 2049 464 269 195 833 804 498 430 68 306 178 1941 1717 255 1973 1697 343 242 1354 448 101 906 224 199 82 157
is_linear=0
shrinkage=0.05


Tree=123
num_leaves=14
num_cat=0
split_feature=14 2 8 8 4 3 3 8 8 2 3 4 3
split_gain=1.92358 3.1938 2.7078 2.48963 7.92778 9.85046 7.92019 3.54099 3.99799 2.23961 2.07243 0.196356 0.10029
threshold=51.440000000000005 10.600000000000001 656974312.00000012 209559025.00000003 0.00045000000000000004 0.0094500000000000018 0.0083500000000000015 176014774.00000003 136482545.10000002 17.350000000000005 0.015850000000000006 0.00045000000000000004 0.11055000000000001
decision_type=2 2 2 2 2 2 2 2 2 2 2 2 2
left_child=1 11 3 7 6 -6 -5 8 -3 -4 -9 -1 -13
right_child=-2 2 9 4 5 -7 -8 10 -10 -11 -12 12 -14
leaf_value=-0.019372869036273679 0.028021219768328217 -0.00039244284725557853 0.0051959546206150802 -0.0054634682770524192 0.061296960763077814 -0.047615064311310566 0.06929976539597639 -0.040647609329473929 0.019807159584972971 -0.059319882945740567 0.011874624968697305 -0.05169195727606414 -0.022713696115070153
leaf_weight=2.9432254508137694 5.9799541831016532 855.36668453738093 1.9503446258604515 5.6809276267886188 2.7430613450705987 7.4302909672260284 8.7678122222423536 8.193258270621298 25.113398816436529 3.3810071125626564 2.2044112980365744 2.4335307329893117 1.5405889078974722
leaf_count=20 32 4822 16 62 35 60 43 78 179 36 31 32 19
internal_value=-5.3957e-06 -0.000194435 5.6222e-05 0.000270441 0.0159238 -0.0174514 0.0397253 -0.000158313 0.000180204 -0.0351366 -0.029029 -0.0337995 -0.0425189
internal_weight=933.728 927.749 920.831 915.5 24.6221 10.1734 14.4487 890.878 880.48 5.33135 10.3977 6.91735 3.97412
internal_count=5465 5433 5362 5310 200 95 105 5110 5001 52 109 71 51
is_linear=0
shrinkage=0.05


Tree=124
num_leaves=31
num_cat=0
split_feature=1 1 10 4 3 4 0 1 2 3 2 1 4 3 3 1 3 3 1 9 3 3 1 2 3 1 10 1 3 1
split_gain=1.90436 18.4271 7.30038 7.40298 15.5689 11.1979 10.8829 7.03934 4.96971 4.98377 4.65266 7.75012 5.107 10.6915 19.8695 8.94534 12.0601 11.5296 8.71927 7.66673 5.60581 5.46978 4.6605 4.64279 5.36047 4.53764 3.17664 2.50407 3.05436 2.36177
threshold=45.45000000000001 44.95000000000001 0.23370000000000005 0.0013500000000000003 0.039550000000000009 0.0021500000000000004 62.500000000000007 44.150000000000013 29.850000000000005 0.062150000000000004 44.300000000000004 48.650000000000013 0.0019500000000000001 0.038750000000000007 0.030550000000000004 47.250000000000007 0.19675000000000004 0.045450000000000011 53.45000000000001 0.33765000000000006 0.029100000000000004 0.042850000000000006 56.150000000000013 21.150000000000002 0.051500000000000011 43.050000000000004 0.65000000000000013 60.350000000000001 0.18300000000000002 49.95000000000001
decision_type=2 2 2 2 2 2 2 2 2 2 2 2 2 2 2 2 2 2 2 2 2 2 2 2 2 2 2 2 2 2
left_child=1 2 3 4 7 -5 -7 -1 9 -3 12 -12 13 14 20 23 17 -17 -18 21 -2 -15 -16 -14 -25 -4 -21 28 29 -13
right_child=10 8 25 5 -6 6 -8 -9 -10 -11 11 27 15 19 22 16 18 -19 -20 26 -22 -23 -24 24 -26 -27 -28 -29 -30 -31
leaf_value=-0.00039846799912213871 0.0013304928852597548 -0.076916752699340341 -0.0014936020781787622 -0.066493232697760973 0.089516366019979504 0.027159912469312042 -0.028030914468827568 0.030480873651503933 -0.0064978468635662817 -0.016052593308043681 -0.061813364360942084 0.017665904147763978 0.0039934781396502601 -0.041264635512229003 0.056187899014263333 -0.064037831014334565 -0.033729384621166654 0.017648928851427294 0.017910233320930627 0 -0.025177818069340909 -0.012614841811419565 0.0015081602267612913 0 0.061057864985505673 -0.058775209130180632 0.059770329664734827 0.051647030306321354 0.047151916075745121 -0.055238684464652299
leaf_weight=75.578168459236622 425.41058272309601 12.216504229232674 6.619449529796837 7.7948826402425757 5.9948592558503142 17.622988924384117 17.89979749917984 24.187951527535915 6.2181857898831359 5.0241730138659468 7.5885646454989937 1.5178144667297582 9.1589774154126662 23.115928143262863 20.282862223684791 4.4179418161511412 28.613393120467663 89.868465460836887 11.214792951941488 4.481610354036091 20.823558963835239 62.818839550018311 5.0594218522310248 4.6017840504646328 15.966833010315893 7.5985741093754768 4.123054675757885 2.2263351418077946 1.6286638230085371 3.0693718995898962
leaf_count=419 2461 58 75 37 27 98 113 115 43 29 59 17 47 119 113 30 163 534 74 37 112 359 28 22 69 66 28 37 13 63
internal_value=-6.01668e-06 -0.0045253 0.0014081 0.00470979 0.0118623 -0.0126251 -0.000510795 0.00706108 -0.0458705 -0.0596633 0.00111912 -0.0254229 0.00171227 -0.000529718 0.00253856 0.00948499 0.00393171 0.0137046 -0.0190551 -0.0158741 7.69138e-05 -0.0204186 0.0455168 0.0342735 0.0474304 -0.0326527 0.0286505 0.00704344 -0.00870539 -0.0301869
internal_weight=932.744 186.756 163.297 149.079 105.761 43.3177 35.5228 99.7661 23.4589 17.2407 745.989 16.0307 729.958 566.116 471.576 163.842 134.115 94.2864 39.8282 94.5394 446.234 85.9348 25.3423 29.7276 20.5686 14.218 8.60467 8.44219 6.21585 4.58719
internal_count=5465 1080 950 809 561 248 211 534 130 87 4385 189 4196 3257 2714 939 801 564 237 543 2573 478 141 138 91 141 65 130 93 80
is_linear=0
shrinkage=0.05


Tree=125
num_leaves=14
num_cat=0
split_feature=14 4 2 8 8 4 8 2 8 8 1 2 1
split_gain=1.87764 3.50561 2.65906 2.4762 2.47277 7.069 5.46598 3.74832 3.24548 3.63847 3.42892 2.15023 1.36929
threshold=1.0000000180025095e-35 0.0055500000000000002 10.600000000000001 656974312.00000012 209559025.00000003 0.00045000000000000004 248507910.00000003 20.750000000000004 176014774.00000003 136482545.10000002 46.750000000000007 17.350000000000005 50.550000000000004
decision_type=2 2 2 2 2 2 2 2 2 2 2 2 2
left_child=2 -2 12 4 8 7 -7 -6 9 -4 -10 -5 -1
right_child=1 -3 3 11 5 6 -8 -9 10 -11 -12 -13 -14
leaf_value=-0.047826528535600897 0.052368192258963664 -0.0067365757695450543 -0.00046540635444059978 0.0050439831420407213 0.058772668358761819 0.05137791451057247 -0.037798573923684631 0.005296561009908868 0.019338470776524272 0.018846911602305623 -0.045195555653205773 -0.058674377821703178 0
leaf_weight=4.3269261792302123 4.7038413137197477 4.9406538307666779 849.14170245826244 1.9469426665455092 8.6653478555381316 2.1053913217037898 7.3262934461236 5.6165961697697631 2.6203969940543157 25.007463529706001 7.5927021615207195 3.2357047647237778 2.2154182866215706
leaf_count=54 23 27 4808 16 62 33 59 43 42 179 67 36 16
internal_value=-8.4481e-06 0.0218187 -0.000245097 -1.03588e-05 0.000182712 0.0160852 -0.0170374 0.0382731 -0.00023982 8.34495e-05 -0.0281261 -0.0341487 -0.0317664
internal_weight=929.445 9.6445 919.801 913.259 908.076 23.7136 9.43168 14.2819 884.362 874.149 10.2131 5.18265 6.54234
internal_count=5465 50 5415 5345 5293 197 92 105 5096 4987 109 52 70
is_linear=0
shrinkage=0.05


Tree=126
num_leaves=31
num_cat=0
split_feature=4 3 4 2 3 4 3 2 2 9 3 0 3 3 3 2 2 4 3 2 2 2 3 2 4 2 2 0 9 10
split_gain=1.88354 7.50692 15.6893 10.3908 12.2511 18.0615 18.051 6.58769 7.08883 7.00327 5.58102 15.6547 8.98177 5.28298 15.6193 4.61967 11.5931 8.63887 10.2155 14.0322 8.31888 17.2474 9.51683 4.65519 9.89717 9.08709 3.16411 1.8973 1.26134 0.0835678
threshold=0.00035000000000000005 0.018950000000000005 0.00095000000000000011 14.050000000000002 0.012250000000000002 0.00065000000000000008 0.0094500000000000018 13.350000000000003 13.850000000000003 0.69030000000000002 0.012700000000000001 61.500000000000007 0.0075500000000000003 0.018100000000000002 0.012450000000000001 34.100000000000009 35.70000000000001 0.00055000000000000003 0.020150000000000005 33.150000000000013 14.950000000000001 12.65 0.028550000000000002 38.850000000000009 0.00125 38.050000000000004 12.050000000000002 62.500000000000007 0.65785000000000016 0.18080000000000004
decision_type=2 2 2 2 2 2 2 2 2 2 2 2 2 2 2 2 2 2 2 2 2 2 2 2 2 2 2 2 2 2
left_child=7 2 3 -2 6 -6 -5 13 -9 10 12 -12 -10 14 26 17 -17 20 -19 -20 21 -3 -22 25 -25 -18 28 -28 -1 -11
right_child=1 15 -4 4 5 -7 -8 8 9 29 11 -13 -14 -15 -16 16 23 18 19 -21 22 -23 -24 24 -26 -27 27 -29 -30 -31
leaf_value=-0.0016525665922053623 -0.059651848739719515 0.054049934351976303 0.06500643776927878 0.035652160531270564 0.031003173724638858 -0.078458258693544891 -0.040886528860157562 -0.071835835072354345 -0.010045363671799744 -0.032593020230247821 0.025258687983590246 -0.030574016812846418 0.010494004094357355 0.065480870710698746 -0.061876547813239827 -0.080959559621995636 -0.00013034080615047363 -0.059341561239477085 -0.0018922668307926997 0.05859679140775579 0.055072067664324924 -0.07680711444301748 0.0047072404195040492 -0.019108436319075103 0.02138488046821882 -0.058553831902944858 0.021375239955154564 0.065423853927552067 0.029124752134639331 -0.057675771778266188
leaf_weight=8.1210591420531326 5.4872438460588446 4.3749817907810193 12.888521715998648 11.773585445247589 57.122481364756823 3.9168719463050357 21.669096171855927 3.8929088711738578 102.58061589766294 2.0781575888395301 16.761474885046482 48.394125401973724 110.35343983769417 4.8229670375585547 6.0392688587307921 5.4845081567764273 17.084237717092041 7.3473168313503256 331.86385601572692 9.7724274098873121 20.389425307512283 5.6111464872956276 17.76656149327755 29.76987842656672 30.364037094637752 10.987538725137709 4.897094985470174 6.2431854605674744 5.2242758460342875 5.4563837237656116
leaf_count=45 29 20 76 162 312 24 131 20 724 19 82 241 576 25 42 24 87 44 1857 43 98 30 106 187 240 54 41 42 29 55
internal_value=-7.74089e-06 0.00163879 0.0132636 0.00648439 0.0104373 0.0237805 -0.0137659 -0.00308232 -0.00558469 -0.0046394 -0.00332193 -0.0161176 0.000575658 0.0172303 0.00925441 -0.00102618 -0.0110126 0.00131942 -0.00140828 -0.00013072 0.0211581 -0.0190147 0.031825 -0.00652002 0.00125682 -0.023302 0.0271822 0.046868 0.0101509 -0.05193
internal_weight=928.539 603.674 112.858 99.9693 94.482 61.0394 33.4427 324.865 289.517 285.624 278.09 65.1556 212.934 35.3479 30.5249 490.816 93.6902 397.126 348.984 341.636 48.1421 9.98613 38.156 88.2057 60.1339 28.0718 24.4856 11.1403 13.3453 7.53454
internal_count=5465 3524 734 658 629 336 293 1941 1717 1697 1623 323 1300 224 199 2790 592 2198 1944 1900 254 50 204 568 427 141 157 83 74 74
is_linear=0
shrinkage=0.05


Tree=127
num_leaves=22
num_cat=0
split_feature=12 7 7 8 4 9 2 2 8 2 1 9 8 10 9 9 2 8 1 8 4
split_gain=2.16944 2.13317 7.44248 6.77989 6.25947 6.86652 6.01945 5.9397 8.56171 7.58246 5.04485 4.73463 4.86405 3.79748 4.32816 2.97844 3.39984 2.21712 1.19679 0.671637 0.301737
threshold=-29.684999999999999 2.7340000000000003e-05 -0.0011786599999999998 132602184.20000002 0.00015000000000000004 0.69245000000000012 25.250000000000004 16.650000000000002 116193620.00000001 18.950000000000003 46.45000000000001 0.64615000000000011 160914465.00000003 0.37620000000000003 0.6472500000000001 0.59505000000000008 22.650000000000002 175749878.00000003 51.550000000000004 219944246.50000003 0.0044500000000000008
decision_type=2 2 2 2 2 2 2 2 2 2 2 2 2 2 2 2 2 2 2 2 2
left_child=-1 2 3 15 5 11 7 8 -6 -9 -4 12 -3 14 -12 16 -2 -13 -5 20 -8
right_child=1 4 10 18 6 -7 19 9 -10 -11 13 17 -14 -15 -16 -17 -18 -19 -20 -21 -22
leaf_value=0.041612695088340847 -0.0030620119955561808 0.030132890025163912 -0.025954212873410903 -0.058182923628232068 -0.063789737571778998 -0.056296566758562594 -0.053697807337449832 0.037330523522018627 -0.00030788613538860582 -0.014297853940105375 -0.030851526062095899 0.063885237555088376 -0.022136278199523119 0.061549336505190434 0.046114302265879398 0.045555527186358385 0.0034794433652652946 0.0049880436864385971 -0.013708055980370865 -0.016014200998072964 -0.025182987228223964
leaf_weight=3.0191541016101828 402.60123397037387 9.0578453466296285 3.1514637619257 5.610034625977276 9.1896420987322944 3.1812880188226691 9.9683569483458978 12.0487696537748 12.778137993067501 16.908493895083666 3.0648573227226761 6.7018552571535093 8.4978712797164899 9.8551676608622056 4.1155332326889038 3.5312285497784606 391.72750455327332 2.3608036246150732 2.6085076183080673 2.4104578644037238 2.1276730597019187
leaf_count=15 2154 66 14 50 98 30 100 133 79 175 48 52 56 78 26 22 2194 30 15 20 10
internal_value=-9.9716e-06 -0.000156268 0.000655199 -9.13777e-05 -0.00724265 0.0116294 -0.0159185 -0.0076671 -0.0272591 0.00706656 0.0305664 0.020115 0.00456665 0.0414045 0.0126031 0.000370555 0.00015768 0.0493102 -0.0450025 -0.044292 -0.0493397
internal_weight=924.516 921.497 826.266 806.079 95.2312 29.7997 65.4315 50.925 21.9678 28.9573 20.187 26.6184 17.5557 17.0356 7.18039 797.86 794.329 9.06266 8.21854 14.5065 12.096
internal_count=5465 5450 4601 4435 849 234 615 485 177 308 166 204 122 152 74 4370 4348 82 65 130 110
is_linear=0
shrinkage=0.05


Tree=128
num_leaves=17
num_cat=0
split_feature=11 8 8 4 3 3 9 10 8 7 9 1 3 0 3 0
split_gain=1.8408 2.4254 2.63926 5.31622 7.5064 6.80116 3.66182 5.58239 5.85611 3.3362 3.00784 5.72907 2.8969 1.71713 1.19287 1.12835
threshold=1.0550000000000004 656974312.00000012 209559025.00000003 0.00045000000000000004 0.0094500000000000018 0.0083500000000000015 0.56490000000000007 0.40995000000000004 136482545.10000002 4.8060000000000004e-05 0.33765000000000006 49.750000000000007 0.038750000000000007 62.500000000000007 0.082650000000000015 61.500000000000007
decision_type=2 2 2 2 2 2 2 2 2 2 2 2 2 2 2 2
left_child=1 2 6 5 -5 9 10 8 -8 -4 12 -12 -1 -3 -6 -9
right_child=-2 13 3 4 14 -7 7 15 -10 -11 11 -13 -14 -15 -16 -17
leaf_value=0.0021967996453921296 0.026427009092013811 -0.057986710642930053 0.037768154467298601 0.060607812643919304 -0.056909570862963124 0.064738490603325885 -0.01990246929425965 -0.080655951608837193 0.012384781058079192 -0.03888998835506513 -0.016151636907536814 0.030365057945163712 -0.0040426452844375916 0 -0.0094550643569849147 -0.03372027103796868
leaf_weight=495.56796191632748 6.4344241097569457 2.9914354719221583 2.3431830555200603 2.3934576082974655 4.1744267344474792 8.2641933858394605 34.550854795146734 2.792359020560979 23.342707000672817 3.2319681867957115 9.4012258872389811 21.064347919076681 297.60133443772793 2.0200807675719261 2.3909260109066963 3.8085549436509609
leaf_count=2637 35 36 18 35 36 43 344 21 195 44 54 186 1710 16 21 34
internal_value=-1.10981e-05 -0.000205147 -6.93146e-06 0.0167479 -0.0127704 0.0361695 -0.000444491 -0.0119111 -0.00679911 -0.00569248 0.000448662 0.0158412 -0.000138185 -0.034551 -0.0407792 -0.0552288
internal_weight=922.373 915.939 910.928 22.7982 8.95881 13.8393 888.129 64.4945 57.8936 5.57515 823.635 30.4656 793.169 5.01152 6.56535 6.60091
internal_count=5465 5430 5378 197 92 105 5181 594 539 62 4587 240 4347 52 57 55
is_linear=0
shrinkage=0.05


Tree=129
num_leaves=31
num_cat=0
split_feature=4 1 2 4 1 4 1 1 2 5 2 2 1 2 1 1 4 9 1 2 5 1 2 2 2 2 2 2 1 5
split_gain=1.91405 6.58802 8.68454 6.49535 8.3688 12.8173 12.8578 9.34467 7.23113 7.19981 8.68487 11.3655 7.71334 7.42042 7.11124 12.9843 6.83644 6.24357 6.10555 5.73727 5.50626 8.86452 7.0519 6.23815 8.43515 6.60765 6.12053 4.75638 4.24049 4.22431
threshold=0.00035000000000000005 45.95000000000001 43.45000000000001 0.00055000000000000003 43.050000000000004 0.00095000000000000011 50.250000000000007 55.050000000000004 12.850000000000003 0.6150000000000001 25.850000000000005 14.350000000000003 50.650000000000013 12.65 53.550000000000004 49.550000000000004 0.0011500000000000002 0.59740000000000004 37.300000000000004 12.050000000000002 0.6150000000000001 46.550000000000004 22.850000000000005 13.350000000000003 16.350000000000005 12.050000000000002 24.900000000000002 19.950000000000003 42.650000000000013 0.56500000000000006
decision_type=2 2 2 2 2 2 2 2 2 2 2 2 2 2 2 2 2 2 2 2 2 2 2 2 2 2 2 2 2 2
left_child=1 2 18 9 16 6 27 -8 19 10 11 13 -13 -2 15 -12 -5 -10 -1 -7 21 22 -3 25 -25 -23 -22 -6 29 -18
right_child=3 20 -4 4 5 8 7 -9 17 -11 14 12 -14 -15 -16 -17 28 -19 -20 -21 26 23 -24 24 -26 -27 -28 -29 -30 -31
leaf_value=0.015974694368893594 0.014085388343666908 0.0022432012597604196 0.04845636276463685 0.047464085188912535 -0.064043842290513561 -0.008652866062957433 0.022849852168880205 -0.032933530006792146 0.0043630209632388043 -0.055079237667481878 0.0090328773166219716 0.055366344561079243 0.019543651261945953 -0.060836274242420309 0.038809057942368524 -0.048449104234097186 0.0085004805352983485 -0.032831818145463258 -0.033788419899213835 -0.066220833888446559 0.055149661760271466 -0.0043332805073221289 0.081295141748535277 -0.023723339676332032 -0.00087660072916916618 0.04296142770487877 -0.022931229601060872 -0.027485743894009703 0.043592731237415888 -0.053000036292007939
leaf_weight=7.1033828556537619 7.085332438349722 5.9361785762011987 4.1416165083646765 15.328444413840772 12.128120869398115 13.408318005502226 21.668396472930908 11.333955086767672 314.03599099069834 3.8667782563716164 26.96182556450367 21.988019816577435 50.085505988448858 5.9226239770650864 8.2335268110036832 15.246147833764551 6.9388116225600225 11.580092817544935 39.13586412742734 6.5026307478547087 8.6480580214411003 15.286401450634004 5.529938630759716 53.601097331847996 165.19410721026361 13.858630923554299 3.3486504405736914 38.200140282511711 4.0665545463562003 4.4338657632470131
leaf_count=41 36 37 24 96 64 116 126 71 1811 29 160 100 330 32 69 77 38 82 252 40 57 94 27 324 968 98 19 203 20 24
internal_value=-1.13974e-05 -0.00312651 -0.0197127 0.0016539 -0.00120408 -0.00302364 -0.0206159 0.00349957 0.00120936 0.0111078 0.0130723 0.0228166 0.0306032 -0.0198495 -0.0032774 -0.0116777 0.0239236 0.00301521 -0.0260178 -0.0279406 -2.30551e-05 -0.0015785 0.0411743 -0.00359158 -0.00650479 0.0180547 0.0329322 -0.0365042 7.52755e-05 -0.0152939
internal_weight=920.799 321.784 50.3809 599.015 459.625 428.858 83.3306 33.0024 345.527 139.39 135.523 85.0815 72.0735 13.008 50.4415 42.208 30.7677 325.616 46.2392 19.9109 271.403 259.406 11.4661 247.94 218.795 29.145 11.9967 50.3283 15.4392 11.3727
internal_count=5465 1941 317 3524 2691 2513 464 197 2049 833 804 498 430 68 306 237 178 1893 293 156 1624 1548 64 1484 1292 192 76 267 82 62
is_linear=0
shrinkage=0.05


Tree=130
num_leaves=18
num_cat=0
split_feature=11 0 2 8 8 3 4 3 2 8 8 8 2 2 3 2 8
split_gain=1.84961 3.64163 8.44839 2.23288 2.32958 5.20612 4.63425 4.28245 9.43439 3.06513 2.89871 6.92588 4.41732 1.9345 1.84618 0.858665 0.486788
threshold=1.0000000180025095e-35 61.500000000000007 27.550000000000004 656974312.00000012 209559025.00000003 0.0099500000000000022 0.00045000000000000004 0.0083500000000000015 26.950000000000003 176014774.00000003 136482545.10000002 132454429.60000001 15.15 15.65 0.015850000000000006 14.850000000000003 386545470.00000006
decision_type=2 2 2 2 2 2 2 2 2 2 2 2 2 2 2 2 2
left_child=3 -2 -3 4 9 7 -7 8 -6 10 11 -1 -12 -5 15 -11 -8
right_child=1 2 -4 13 5 6 16 -9 -10 14 12 -13 -14 -15 -16 -17 -18
leaf_value=-0.00025314609743717773 0.050341025555069731 -0.040394673877230905 0.050308743394206212 0.0047814208148977818 -0.054223478209582843 0.034378629870847326 -0.055754853220269268 0.065200846571905308 0.058805662609733057 -0.012109540088529276 -0.0045395273572763342 -0.047329334777435096 0.037707269772346043 -0.057565661899703725 0.01209899359769399 -0.050462609433654583 -0.018455356656400263
leaf_weight=833.64534696098417 5.2824154123663893 5.7324535623192769 4.4847985655069351 1.8021798580884922 3.2163162585347909 2.8793017268180829 3.24614467471838 6.251831978559494 4.0346482414752245 2.6257481165230256 11.918138485401871 7.79004156962037 12.324118480086325 3.0533614289015532 2.0599310994148254 5.3657902479171753 2.0372130945324898
leaf_count=4776 27 32 23 14 43 16 30 34 52 15 82 69 98 38 31 66 19
internal_value=-1.17635e-05 0.0170524 0 -0.000312305 -0.000121871 0.0160291 -0.0149567 0.0351004 0.00793345 -0.000528938 -0.000202785 -0.000700493 0.0167989 -0.0337865 -0.0278475 -0.0387844 -0.0429113
internal_weight=917.75 15.4997 10.2173 902.25 897.395 21.6655 8.16266 13.5028 7.25096 875.729 865.678 841.435 24.2423 4.85554 10.0515 7.99154 5.28336
internal_count=5465 82 55 5383 5331 194 65 129 95 5137 5025 4845 180 52 112 81 49
is_linear=0
shrinkage=0.05


Tree=131
num_leaves=23
num_cat=0
split_feature=12 1 3 3 1 1 3 3 9 1 1 0 3 4 1 1 4 3 1 3 3 1
split_gain=2.02805 2.0324 5.58601 29.5439 7.65959 7.50106 11.5179 7.75709 7.62944 6.69354 11.0232 7.91266 5.58429 4.86832 5.20165 4.59639 6.17783 4.37298 2.70301 1.97613 1.68916 2.08154
threshold=-29.684999999999999 46.45000000000001 0.012450000000000001 0.016350000000000003 42.250000000000007 41.150000000000013 0.0086500000000000014 0.007150000000000001 0.65785000000000016 43.050000000000004 37.300000000000004 61.500000000000007 0.54375000000000007 0.020750000000000005 52.250000000000007 46.550000000000004 0.00055000000000000003 0.016550000000000006 43.95000000000001 0.013650000000000001 0.6583500000000001 50.550000000000004
decision_type=2 2 2 2 2 2 2 2 2 2 2 2 2 2 2 2 2 2 2 2 2 2
left_child=-1 2 5 4 -4 6 7 -2 18 10 -5 -11 13 15 -15 16 -3 -17 -7 -6 -14 -22
right_child=1 12 3 9 19 8 -8 -9 -10 11 -12 -13 20 14 -16 17 -18 -19 -20 -21 21 -23
leaf_value=0.040368129271168937 -0.0072636275058337481 0.076185679615263208 -0.010358624623640227 -0.057018389483923543 0.096069878541636317 -0.061377817250617674 -0.058124648344524382 0.072660540384920272 0.031527652138514391 -0.0031379632962803983 0.021907932246983907 -0.028558659491233082 -0.059907552445434803 -0.014933147580343543 0.063024164620798115 -0.0038715205656228882 -0.00429877261220242 0.0044729888901143058 -0.0290068925463495 0.05580304018582008 -0.041913099783354016 0.0081769825006733719
leaf_weight=2.9979966878890982 5.5317544788122195 4.6538850292563421 3.5916243419051197 4.9833320155739775 5.1863517612218883 10.279826644808056 4.4530927352607241 6.3203807473182678 4.0866199769079676 85.052396796643734 33.064356580376625 48.219096509739757 3.8848699703812581 3.0160646289587003 6.3513548970222473 277.14195733750239 4.5415844917297363 361.28585031069815 21.200827846303582 12.792733207345007 4.20602647960186 3.6855036467313766
leaf_count=15 44 21 39 30 21 78 50 37 37 421 173 284 27 18 43 1763 25 2105 126 66 20 22
internal_value=-1.21457e-05 -0.000154541 -0.00405679 -0.000110586 0.05487 -0.0186062 0.00920161 0.0351905 -0.0314845 -0.00709031 0.011317 -0.0123875 0.00126656 0.00188773 0.0375032 0.00135915 0.0362784 0.000842762 -0.0398966 0.0681623 -0.0326908 -0.0180848
internal_weight=916.527 913.529 244.762 192.89 21.5707 51.8725 16.3052 11.8521 35.5673 171.319 38.0477 133.271 668.767 656.991 9.36742 647.623 9.19547 638.428 31.4807 17.9791 11.7764 7.89153
internal_count=5465 5450 1406 1034 126 372 131 81 241 908 203 705 4044 3975 61 3914 46 3868 204 87 69 42
is_linear=0
shrinkage=0.05


Tree=132
num_leaves=25
num_cat=0
split_feature=12 1 2 2 0 4 4 4 1 1 1 4 0 4 4 2 2 2 4 4 2 2 1 2
split_gain=1.82193 1.84948 7.44292 15.0178 11.8028 10.7707 10.7319 8.78462 7.66034 9.25305 4.17127 5.58306 3.29335 8.40336 11.3084 5.02079 12.5003 5.50868 2.11963 2.69654 1.97269 5.28184 1.36669 0.159917
threshold=-29.684999999999999 46.45000000000001 25.050000000000004 26.950000000000003 62.500000000000007 0.0026500000000000004 0.00055000000000000003 0.0041500000000000009 37.300000000000004 41.550000000000004 46.550000000000004 0.00055000000000000003 67.500000000000014 0.00035000000000000005 0.00075000000000000012 16.250000000000004 16.150000000000002 20.550000000000004 0.0013500000000000003 0.00095000000000000011 24.150000000000002 22.850000000000005 52.550000000000004 33.95000000000001
decision_type=2 2 2 2 2 2 2 2 2 2 2 2 2 2 2 2 2 2 2 2 2 2 2 2
left_child=-1 2 4 18 5 6 -2 -7 23 -10 11 -3 15 22 -15 16 -12 -17 19 -4 21 -6 -14 -5
right_child=1 10 3 8 20 7 -8 -9 9 -11 12 -13 13 14 -16 17 -18 -19 -20 -21 -22 -23 -24 -25
leaf_value=0.03811357108647536 0.0041823589911156858 0.072374194688359053 0.034398633918888422 -0.059874813616864357 -0.044496133276286376 0.071010426478053737 -0.038509229034486073 0.0022063790948900898 0.037538781403521945 -0.0042736712835481352 -0.0041745584248889722 -0.0040936712470301907 0.066722939979187476 -0.062838320170243545 0.030465663654514825 0.010544572189002321 -0.066222790337757687 -0.0010287744622700309 0.018193102135862463 0.087699674768204505 -0.077908571199487658 0.019654173004945142 0.022534925299936226 -0.036243338736932501
leaf_weight=3.0218499749898902 33.691469486802816 4.6591112241148931 5.1630717143416387 3.9402530044317237 22.345137376338251 7.3741312026977566 25.77346383780241 12.666312135756014 15.233274754136799 96.000292362645268 158.48286898387596 4.5358315743505955 6.8286285474896449 5.2912805266678324 8.0218592882156354 151.5170671120286 8.4778832495212537 317.46279564499855 4.0681919604539862 5.5762870609760284 3.3536493182182303 3.5684210062026969 3.0582569520920515 3.9125313200056553
leaf_count=15 178 21 33 26 150 30 151 77 93 534 979 25 43 35 45 900 38 1938 25 27 16 21 20 45
internal_value=-1.20764e-05 -0.000148199 -0.00389091 0.0039721 -0.0136106 -0.00353155 -0.0142708 0.0279988 -0.00190832 0.00143615 0.00120365 0.0344767 0.000726746 0.01919 -0.00643706 4.24058e-05 -0.00739291 0.00270111 0.051295 0.0630896 -0.0407152 -0.0354285 0.0539177 -0.0493333
internal_weight=914.024 911.002 242.666 133.894 108.773 79.5054 59.4649 20.0404 119.086 111.234 668.336 9.19494 659.141 23.2 13.3131 635.941 166.961 468.98 14.8076 10.7394 29.2672 25.9136 9.88689 7.85278
internal_count=5465 5450 1406 783 623 436 329 107 698 627 4044 46 3998 143 80 3855 1017 2838 85 60 187 171 63 71
is_linear=0
shrinkage=0.05


Tree=133
num_leaves=31
num_cat=0
split_feature=2 2 2 2 2 1 3 3 3 2 1 3 1 2 3 1 8 4 4 4 2 2 3 1 3 3 1 4 3 1
split_gain=1.7923 9.5449 7.06112 7.36439 10.4549 7.71237 6.5636 19.9381 15.0653 21.8583 16.9036 15.4166 10.3843 15.1093 13.8985 9.83441 7.62809 5.95722 7.33827 6.42449 5.82171 7.95584 7.14984 10.7499 10.665 5.19499 5.08021 9.39771 5.0505 5.5171
threshold=28.650000000000002 31.650000000000002 26.150000000000002 26.600000000000005 26.950000000000003 72.700000000000003 0.015850000000000006 0.014350000000000002 0.021150000000000006 16.050000000000004 52.650000000000013 0.022650000000000003 52.250000000000007 17.350000000000005 0.012450000000000001 46.45000000000001 132602184.20000002 0.00085000000000000017 0.0010500000000000004 0.00055000000000000003 33.150000000000013 33.95000000000001 0.016550000000000006 43.050000000000004 0.011050000000000003 0.045450000000000011 53.550000000000004 0.00015000000000000004 0.021150000000000006 47.45000000000001
decision_type=2 2 2 2 2 2 2 2 2 2 2 2 2 2 2 2 2 2 2 2 2 2 2 2 2 2 2 2 2 2
left_child=2 17 6 -4 -5 -6 7 12 9 10 -8 -10 14 -14 -1 -13 -11 19 -19 26 25 28 24 -24 -23 -3 -2 -28 29 -22
right_child=1 20 3 4 5 -7 8 -9 11 16 -12 15 13 -15 -16 -17 -18 18 -20 -21 21 22 23 -25 -26 -27 27 -29 -30 -31
leaf_value=0.001629957157767167 0.039290713429747014 -0.038427593464323367 -0.057944294924059864 0.045580359459290405 -0.026464430853337207 0.051367356360730344 -0.064352562277905034 -0.056054781208020404 -0.060197758902469457 0.051044987638003504 0.054988072890241484 -0.014910162987097984 0.0057654220805196795 -0.035552191220944253 0.057235670709602629 0.0070138298319520863 -0.013227714348202184 0.0693111600259608 0.018684344029682338 -0.035232308763960565 -0.044775629347715645 -0.00053780218333819216 0.028475491390693816 -0.017125074789742917 0.051995335413060201 0.020681553850934953 -0.042120917524982461 0.034281996980097006 0.056016304459876598 0.04252429043556049
leaf_weight=111.38291569193825 12.621473751962187 17.84194149821997 9.627582520246504 7.0641334503889075 37.239643823355436 3.3480616584420195 9.5561861097812635 18.48838897049427 10.222123593091963 40.924794264137745 4.1540780812501898 66.155478462576866 43.379203841090202 44.643711876124144 12.428455315530298 223.48119055479765 5.026154212653636 10.230585545301436 25.161577939987183 7.7671571522951117 3.3689013421535519 38.726566353812814 14.993576496839522 87.695406595245004 12.691853562369941 4.5006296783685675 7.7752873823046675 8.1110541969537717 9.9254180788993818 3.6814932376146317
leaf_count=740 75 94 62 36 248 29 47 116 45 220 22 357 272 285 57 1270 51 58 138 34 24 311 78 557 73 25 41 38 45 17
internal_value=-1.08902e-05 0.00344556 -0.00143486 -0.0181802 -0.00993702 -0.0198108 0.000185604 -0.00639365 0.00441504 0.0273392 -0.0276951 -0.00013698 -0.00201135 -0.01515 0.00729382 0.00198553 0.0438928 0.0190262 0.0336136 0.00460302 -0.00230831 0.000803816 -0.00275259 -0.0103971 0.0124079 -0.0262589 0.0157164 -0.00282885 0.033209 6.75593e-05
internal_weight=912.215 265.093 647.122 57.2794 47.6518 40.5877 589.843 230.323 359.52 59.6612 13.7103 299.859 211.834 88.0229 123.811 289.637 45.9509 71.6671 35.3922 36.275 193.426 171.083 154.107 102.689 51.4184 22.3426 28.5078 15.8863 16.9758 7.05039
internal_count=5465 1608 3857 375 313 277 3482 1470 2012 340 69 1672 1354 557 797 1627 271 384 196 188 1224 1105 1019 635 384 119 154 79 86 41
is_linear=0
shrinkage=0.05


Tree=134
num_leaves=31
num_cat=0
split_feature=2 2 2 2 2 2 2 1 0 1 1 1 4 4 4 2 2 2 1 1 0 2 2 2 4 4 1 1 2 1
split_gain=1.76607 3.60891 2.4595 7.55962 6.46014 6.88603 9.55115 7.12157 6.09611 5.94986 9.48974 11.8635 5.4488 6.99502 5.85396 4.99721 13.9607 11.8258 4.65542 4.02422 3.94259 2.76854 12.6375 2.13393 1.23715 1.0328 1.03261 2.37774 0.374397 0.176044
threshold=48.650000000000006 59.400000000000013 28.650000000000002 31.650000000000002 26.150000000000002 26.600000000000005 26.950000000000003 59.45000000000001 59.000000000000007 38.650000000000013 45.45000000000001 44.95000000000001 0.00085000000000000017 0.0010500000000000004 0.00055000000000000003 38.850000000000009 41.350000000000001 36.250000000000007 53.550000000000004 52.050000000000004 61.500000000000007 34.650000000000013 37.650000000000013 26.350000000000005 0.00045000000000000004 0.0011500000000000002 43.45000000000001 46.750000000000007 24.750000000000004 46.050000000000004
decision_type=2 2 2 2 2 2 2 2 2 2 2 2 2 2 2 2 2 2 2 2 2 2 2 2 2 2 2 2 2 2
left_child=2 24 4 12 9 23 -7 -8 21 28 11 -11 14 29 18 17 -17 -10 -4 -15 -12 -5 -23 25 -2 -6 -3 -28 -1 -14
right_child=1 26 3 8 5 6 7 -9 15 10 20 -13 13 19 -16 16 -18 -19 -20 -21 -22 22 -24 -25 -26 -27 27 -29 -30 -31
leaf_value=0.028152579229680976 0 0.03157685038560553 0.037823830839121421 -0.065684809070051739 -0.054547770878643292 0.04381951392154361 -0.03356252801529188 0.011128071454004749 0.0069186828172849843 -0.0077592131664508002 -0.002404112237425796 -0.060565772073504491 0.083998360586128529 0.0078087574231199362 -0.033714645145593795 0.046099709084089488 -0.0016036219534967091 -0.032401156389559434 -0.0026951122477362325 0.059263145747728001 0.0064042419838270517 0.065640765320605407 -0.048182802157432342 -0.084094029340789342 -0.054870513249673548 -0.0077056535123640373 -0.049058655248788108 0.022846315617383817 0.056268071726198299 0.057746908336595432
leaf_weight=3.7522593587636939 1.1784819811582545 2.5369414612650871 12.463385425508024 4.0897470414638546 2.6642894595861417 6.9866193085908881 27.19145467504859 12.96863256394863 55.760468564927578 60.112051174044609 251.6721525490284 12.924594219774006 3.32039926946163 20.391452245414261 7.7167579829692832 20.746544271707535 57.320759914815426 28.885430380702019 15.762024804949759 4.6840341575443736 255.28012601006776 3.2209295183420172 8.9228230193257314 4.1142054051160812 5.2747651841491461 2.6157637536525726 1.9000753685832021 2.5287272036075592 3.906097698956728 6.6318316757678986
leaf_count=18 8 16 75 21 26 36 185 92 325 358 1405 72 14 97 34 126 343 142 79 41 1585 18 66 18 105 18 27 27 44 44
internal_value=-8.76051e-06 -0.0179507 0.000256904 0.00447084 -0.0013706 -0.0174981 -0.00952467 -0.0190149 -0.000981316 0.000175333 -0.000397896 -0.0172423 0.0182706 0.0322987 0.0044089 0.00191175 0.0110524 -0.00646262 0.0150905 0.0178161 0.00202194 -0.0301196 -0.0172951 -0.0564659 -0.044692 -0.0328459 0.00639735 -0.00730089 0.0436776 0.0677512
internal_weight=907.524 13.419 894.105 249.917 644.188 56.541 47.1467 40.1601 178.947 587.647 579.989 73.0366 70.9699 35.0277 35.9422 162.713 78.0673 84.6459 28.2254 25.0755 506.952 16.2335 12.1438 9.39426 6.45325 5.28005 6.96574 4.4288 7.65836 9.95223
internal_count=5465 183 5282 1425 3857 375 313 277 1041 3482 3420 430 384 196 188 936 469 467 154 138 2990 105 84 62 113 44 70 54 62 58
is_linear=0
shrinkage=0.05


Tree=135
num_leaves=18
num_cat=0
split_feature=7 7 7 1 1 2 3 3 2 2 3 2 1 2 1 4 1
split_gain=1.724 2.24929 2.87113 1.99892 2.66788 4.47439 4.04109 8.26011 3.22748 4.78829 4.1401 5.90759 3.51369 3.21246 2.64925 1.46809 0.919945
threshold=0.00014694500000000002 0.00083922500000000008 0.00092265499999999998 33.650000000000013 39.95000000000001 42.650000000000013 0.032350000000000011 0.011450000000000002 41.800000000000004 40.750000000000007 0.021050000000000003 46.750000000000007 58.45000000000001 39.750000000000007 48.750000000000007 0.00065000000000000008 34.650000000000013
decision_type=2 2 2 2 2 2 2 2 2 2 2 2 2 2 2 2 2
left_child=3 15 -3 -1 5 6 7 -5 9 13 12 -12 -10 -6 -11 16 -2
right_child=1 2 -4 4 8 -7 -8 -9 10 14 11 -13 -14 -15 -16 -17 -18
leaf_value=-0.036222240888305522 0 0.051439245475631869 -0.030896401293331995 0.026566381470520536 0.00078288994896368893 0.052104326273263113 0.046716042232685558 -0.06331095983350056 -0.027041152843167784 0.0049200453263159218 0.020554923007349474 -0.026755080176535974 0.033795192573351909 -0.026470222877834182 0.058613916533002519 0 -0.053244562590532923
leaf_weight=3.6389423683285704 0.89529448747634699 2.1041479967534538 1.8806479349732397 5.4310393705964106 784.92576827853918 6.5180972069501868 3.5852937251329413 4.6003613770008087 32.038841908797622 4.3503526896238309 17.930716618895534 10.272678803652523 2.4076776392757884 10.858419761061667 5.4076741859316826 2.3467872068285942 5.2984811132773757
leaf_count=24 16 34 15 42 4468 39 17 30 217 31 78 142 42 74 44 27 125
internal_value=-8.71604e-06 -0.018361 0.0115513 0.000245419 0.000404493 0.018352 0.00156872 -0.0143756 -8.04624e-06 0.000836897 -0.0109359 0.00311263 -0.0225587 0.000401462 0.0354759 -0.0328681 -0.0454564
internal_weight=904.491 12.5254 3.9848 891.966 888.327 20.1348 13.6167 10.0314 868.192 805.542 62.6499 28.2034 34.4465 795.784 9.75803 8.54056 6.19378
internal_count=5465 217 49 5248 5224 128 89 72 5096 4617 479 220 259 4542 75 168 141
is_linear=0
shrinkage=0.05


Tree=136
num_leaves=31
num_cat=0
split_feature=4 4 1 2 1 1 2 2 1 1 4 1 2 2 4 4 1 2 2 4 8 1 2 2 9 1 1 1 2 1
split_gain=1.66001 5.79048 6.89432 15.6144 11.797 10.0113 8.66224 8.53098 7.39591 6.68044 10.721 11.8703 6.64058 6.03526 5.89714 5.7467 5.58544 6.86061 5.25877 5.23491 5.08398 4.90777 4.88403 7.0927 6.50469 6.18005 4.61095 4.36945 4.26113 4.02927
threshold=0.00035000000000000005 0.00055000000000000003 49.350000000000001 21.050000000000004 48.45000000000001 50.850000000000001 21.450000000000003 20.450000000000003 53.550000000000004 43.050000000000004 0.00095000000000000011 47.150000000000013 12.850000000000003 13.950000000000001 0.0011500000000000002 0.0026500000000000004 45.95000000000001 43.45000000000001 29.300000000000001 0.00045000000000000004 77431664.000000015 37.300000000000004 13.350000000000003 13.850000000000003 0.69030000000000002 52.350000000000001 33.650000000000013 45.750000000000007 12.050000000000002 50.550000000000004
decision_type=2 2 2 2 2 2 2 2 2 2 2 2 2 2 2 2 2 2 2 2 2 2 2 2 2 2 2 2 2 2
left_child=16 2 3 -2 18 19 7 -7 -8 14 11 27 15 -14 -3 -12 17 21 -5 29 -13 26 28 -24 25 -25 -1 -11 -18 -4
right_child=1 9 5 4 -6 6 8 -9 -10 10 12 20 13 -15 -16 -17 22 -19 -20 -21 -22 -23 23 24 -26 -27 -28 -29 -30 -31
leaf_value=-0.030033074661417355 0.061788313704784915 0.044446540992590121 -0.026882471119101161 -0.066484355135752002 0.071013192717556031 0.0041942582286405112 0 -0.059664287692552755 0.04525366845880982 -0.025372140669284338 -0.051596782614679475 0.0015916880733256495 0.033224823139993025 0.0012833921298746427 0 0.0021038103050340135 0.0016885047148824201 0.043809839091944393 -0.0019565122140312039 0.0079911564642983924 -0.039157198629203832 -0.031446851056115166 -0.069980513318652321 0.0080377545805469918 -0.050150510079271494 -0.0085019460596170802 0.052088436753489911 -0.066221516983575326 0.038614255677350863 -0.089907316392598802
leaf_weight=2.9759681522846213 18.466376058757305 14.469322469085457 7.3220012784004229 3.7523941993713441 4.9895671904087058 29.179052248597145 15.059096436947582 6.2433525677770367 22.640916241332889 14.090442299842836 10.694695793092253 44.665015086531639 15.47360138595104 305.00149752385914 15.242340303957461 8.9183914065361005 18.031962219625711 3.88733897358179 18.558174811303616 5.3486755080521098 9.0892121344804746 37.333876999095082 3.7469727396965018 115.5271521396935 6.567593263462185 110.29985812585801 3.6534331664443016 13.495905697345732 14.117006948217748 4.2112863063812256
leaf_count=19 85 96 33 25 22 218 90 37 152 76 94 245 76 1817 82 62 109 24 121 30 71 252 20 682 70 639 22 72 104 20
internal_value=-7.33897e-06 0.00156039 0.010613 0.0264023 0.00214588 0.00250834 0.0105789 -0.00705661 0.027256 -0.00115466 -0.00278263 -0.0190808 0.00110526 0.00285111 0.0217006 -0.0270378 -0.00293319 -0.0186518 -0.0132807 -0.0320102 -0.00526555 -0.0243751 -0.000105191 -0.00261524 -0.00147794 -1.87271e-05 0.0145822 -0.0457042 0.0181276 -0.0509003
internal_weight=903.052 586.911 135.771 45.7665 27.3001 90.0044 73.1224 35.4224 37.7 451.14 421.429 81.3406 340.088 320.475 29.7117 19.6131 316.141 47.8506 22.3106 16.882 53.7542 43.9633 268.291 236.142 232.395 225.827 6.6294 27.5863 32.149 11.5333
internal_count=5465 3524 833 253 168 580 497 255 242 2691 2513 464 2049 1893 178 156 1941 317 146 83 316 293 1624 1411 1391 1321 41 148 213 53
is_linear=0
shrinkage=0.05


Tree=137
num_leaves=9
num_cat=0
split_feature=12 12 4 4 1 2 1 2
split_gain=1.73695 1.7209 3.58403 4.11483 2.23173 9.11342 3.70776 1.27297
threshold=-0.95499999999999996 -29.684999999999999 0.095200000000000021 0.037250000000000005 46.45000000000001 25.050000000000004 46.550000000000004 19.150000000000002
decision_type=2 2 2 2 2 2 2 2
left_child=1 -1 3 4 5 -3 -6 -5
right_child=-2 2 -4 7 6 -7 -8 -9
leaf_value=0.036798434498082969 0.024686944358891183 -0.016173977886174296 -0.045730568787159642 0.059003513817555565 0.032711628619404291 0.0040204162321216394 0.00060194899979919899 0.012146355050177214
leaf_weight=3.027737244963645 6.9608094170689574 98.156218484044075 4.2293649464845648 3.5957239568233481 9.0285419411957246 128.81112117134035 642.86925438977778 3.0143381804227829
leaf_count=15 37 569 24 29 46 777 3950 18
internal_value=-8.85036e-06 -0.000209752 -0.000345434 -0.000117872 -0.000421261 -0.00469428 0.00105927 0.0388802
internal_weight=899.693 892.732 889.705 885.475 878.865 226.967 651.898 6.61006
internal_count=5465 5428 5413 5389 5342 1346 3996 47
is_linear=0
shrinkage=0.05


Tree=138
num_leaves=19
num_cat=0
split_feature=12 3 3 4 3 3 2 4 0 4 2 4 3 2 2 1 3 1
split_gain=1.5762 1.84573 7.93308 5.84335 6.25387 5.62575 6.1967 5.87501 4.86429 4.40086 3.75368 4.37283 12.9836 8.07672 2.56511 2.34995 1.22566 1.04248
threshold=-0.95499999999999996 0.22465000000000004 0.32860000000000006 0.014550000000000002 0.13845000000000005 0.47985000000000005 16.350000000000005 0.013550000000000001 61.500000000000007 0.040700000000000007 48.650000000000006 0.0019500000000000001 0.069850000000000009 41.150000000000013 21.750000000000004 43.350000000000001 0.016200000000000003 52.250000000000007
decision_type=2 2 2 2 2 2 2 2 2 2 2 2 2 2 2 2 2 2
left_child=1 3 14 10 -5 7 8 -4 -7 -8 11 12 -1 -13 -3 -12 -17 -9
right_child=-2 2 5 4 -6 6 9 17 -10 -11 15 13 -14 -15 -16 16 -18 -19
leaf_value=6.7021334662910835e-05 0.023565982049500375 -0.060084525011880267 -0.012916064055528493 -0.007163713729806182 0.062387348325832974 -0.0063715247958025514 -0.052263192370637979 0.02906472849040849 0.070051787798224435 -0.0025449743897099156 0.0057229581510006115 0.00491526230459531 -0.035095728408972647 0.050695197542891958 -0.014483516232071803 -0.0049032875388461917 -0.052786443079024928 0.065577980925342838
leaf_weight=652.44557854393497 6.9328048303723326 8.0593759901821596 6.001707896590232 5.3210379183292371 7.6271055191755295 5.2664187476038951 9.4530729204416293 4.6963231265544874 3.2226605638861656 8.769482918083666 3.396318905055522 121.21044987998903 27.241183497011662 10.418110541999338 5.6329325735568991 2.010453559458254 6.4007301591336727 5.1039260253310204
leaf_count=3920 37 66 29 23 49 37 63 24 21 50 21 685 166 61 26 22 132 33
internal_value=-6.18091e-06 -0.000197555 -0.0089637 0.000386782 0.0335863 0.00160925 -0.012244 0.0252709 0.0225363 -0.028754 -0.000133406 0.000269487 -0.00133987 0.00861233 -0.0419281 -0.0280067 -0.0421209 0.049056
internal_weight=899.21 892.277 56.2059 836.071 12.9481 42.5136 26.7116 15.802 8.48908 18.2226 823.123 811.315 679.687 131.629 13.6923 11.8075 8.41118 9.80025
internal_count=5465 5428 349 5079 72 257 171 86 58 113 5007 4832 4086 746 92 175 154 57
is_linear=0
shrinkage=0.05


Tree=139
num_leaves=11
num_cat=0
split_feature=14 2 8 2 2 2 3 2 1 2
split_gain=1.6483 2.56521 2.11539 2.06013 1.98196 10.6211 8.85304 1.79641 1.57592 0.0199438
threshold=51.440000000000005 10.600000000000001 656974312.00000012 10.850000000000003 16.650000000000002 16.750000000000004 0.14260000000000003 15.65 50.850000000000001 9.8500000000000032
decision_type=2 2 2 2 2 2 2 2 2 2
left_child=1 8 3 -3 6 -6 -5 -4 9 -1
right_child=-2 2 7 4 5 -7 -8 -9 -10 -11
leaf_value=-0.030996449199678141 0.02665612195243099 0.035475002499645282 0.0037372431590848112 -0.0080890469159566793 0.069240874316801024 0.00078459039549130848 0.023799811068108502 -0.056934064065319923 0.0039492519616387695 -0.056228412582430415
leaf_weight=1.9058218859136093 5.6568945050239554 4.0262178070843211 1.7924557402729977 180.77465652953833 5.6177287250757209 665.6197116766125 24.590350668877363 2.8953780513256788 1.9283415451645849 2.5798477455973625
leaf_count=28 32 24 14 1099 31 4016 140 38 13 30
internal_value=-6.39451e-06 -0.000184111 4.02647e-05 0.000226083 5.4454e-05 0.00137519 -0.00423662 -0.0330977 -0.0314471 -0.0475082
internal_weight=897.387 891.731 885.316 880.629 876.602 671.237 205.365 4.68783 6.41401 4.48567
internal_count=5465 5433 5362 5310 5286 4047 1239 52 71 58
is_linear=0
shrinkage=0.05


Tree=140
num_leaves=19
num_cat=0
split_feature=9 8 11 3 1 9 8 3 8 8 9 1 8 7 4 4 4 7
split_gain=1.55302 3.8799 3.14112 2.32401 3.80783 2.12357 6.91379 3.71912 3.7114 5.52915 4.35547 4.21133 3.06152 1.95482 1.76921 0.89575 0.804067 0.333527
threshold=0.70230000000000004 151157180.00000003 0.91500000000000015 0.035650000000000008 44.550000000000004 0.6795000000000001 139379309.60000002 0.0076500000000000014 280149104.50000006 209559025.00000003 0.62900000000000011 54.750000000000007 176014774.00000003 8.983500000000001e-05 0.00055000000000000003 0.011250000000000001 0.00025000000000000006 0.00014694500000000002
decision_type=2 2 2 2 2 2 2 2 2 2 2 2 2 2 2 2 2 2
left_child=2 3 5 17 -5 8 -7 -8 9 12 -11 16 -1 -3 -15 -4 -10 -2
right_child=1 13 15 4 -6 6 7 -9 11 10 -12 -13 -14 14 -16 -17 -18 -19
leaf_value=-8.3967690291360047e-07 -0.061255143779857558 0.052390038230008255 0.049621909250374456 -0.04191621740247059 0.040377017235760988 -0.049963654412735356 -0.0097152088328608527 0.065679417511443003 -0.022739634109342891 0.068364880722034824 -0.0055119727058775643 0.029846462781010233 -0.034890644152586414 -0.034252995174077143 0.023395208773881977 0.013800503996938333 -0.055769428612822892 -0.029318346636568834
leaf_weight=832.7122359550558 4.2572151049971598 2.2144986838102332 3.6818657517433149 3.1855986267328262 2.3292935863137245 2.369210019707678 2.0801282431930304 5.8026056289672852 4.0599422547966224 5.1568260788917524 3.0018728151917458 2.3616061657667151 6.2375926543027154 2.3408458307385445 2.7908837199211121 4.4098957628011703 5.53263727016747 2.3382929563522339
leaf_count=4881 21 12 21 27 20 35 36 39 47 43 35 14 56 24 35 21 59 39
internal_value=-5.01494e-06 -0.013946 0.000299986 -0.0313684 -0.00616793 3.83835e-06 0.0225203 0.0452851 -0.00026164 0.000124483 0.0408399 -0.0278123 -0.000270332 0.0141391 -0.00209748 0.0311169 -0.0426847 -0.0512864
internal_weight=896.863 19.4566 877.406 12.1104 5.51489 869.315 10.2519 7.88273 859.063 847.109 8.1587 11.9542 838.95 7.34623 5.13173 8.09176 9.59258 6.59551
internal_count=5465 178 5287 107 47 5245 110 75 5135 5015 78 120 4937 71 59 42 106 60
is_linear=0
shrinkage=0.05


Tree=141
num_leaves=14
num_cat=0
split_feature=3 3 3 4 3 3 2 1 3 1 3 1 2
split_gain=1.55291 6.00746 3.07689 5.08793 3.27242 11.6017 8.94158 5.06125 2.87284 1.69149 0.890571 0.718835 0.91977
threshold=0.0039500000000000013 0.0041000000000000003 0.004850000000000001 1.0000000180025095e-35 0.0064500000000000009 0.0069500000000000004 29.850000000000005 48.750000000000007 0.0075500000000000003 70.750000000000014 0.0055500000000000002 51.050000000000004 19.550000000000004
decision_type=2 2 2 2 2 2 2 2 2 2 2 2 2
left_child=-1 -2 3 -3 6 9 7 -4 -7 -6 -8 12 -5
right_child=1 2 4 11 5 8 10 -9 -10 -11 -12 -13 -14
leaf_value=-0.032726977536195093 0.059026089240528636 0.010098008542649809 -0.0013682030367835633 -0.04976713205591915 -0.056522611326701291 -0.015318657775085065 -0.057607218733150979 0.034206913382186531 0.00074733077462685912 0.0032834639722391537 -0.019770966705538365 -0.062228698252849324 0
leaf_weight=3.512438476085662 4.2080144956707946 6.386669680476186 15.196593463420866 1.9624909404665234 10.364123790990559 28.743732430040836 3.1949981972575179 27.676336131989956 782.44673621840775 1.1446978095918883 4.3945897817611694 4.7340305149555206 1.6205195188522337
leaf_count=18 31 31 90 39 209 201 32 170 4547 20 31 28 18
internal_value=-5.38796e-06 0.000121499 -0.000158663 -0.0227662 0.000218877 -0.000534029 0.0125693 0.0215069 0.000170067 -0.0501664 -0.0368912 -0.0484168 -0.0276163
internal_weight=895.586 892.074 887.866 14.7037 873.162 822.699 50.4625 42.8729 811.19 11.5088 7.58959 8.31704 3.58301
internal_count=5465 5447 5416 116 5300 4977 323 260 4748 229 63 85 57
is_linear=0
shrinkage=0.05


Tree=142
num_leaves=24
num_cat=0
split_feature=10 10 2 2 1 2 0 3 2 1 3 2 1 1 9 1 3 2 1 1 1 0 1
split_gain=1.53313 8.46252 3.77306 1.68433 5.24353 6.16849 9.38385 6.75011 6.47755 4.67706 4.57783 6.9841 6.54388 7.11262 4.91818 4.80173 3.39554 2.47785 1.73455 1.64957 1.53591 1.00432 0.217743
threshold=0.4835000000000001 0.66275000000000006 19.050000000000004 18.050000000000004 61.45000000000001 17.350000000000005 67.500000000000014 0.017700000000000004 16.950000000000003 52.150000000000013 0.40615000000000007 19.350000000000005 55.650000000000013 46.45000000000001 0.68305000000000005 52.750000000000007 1.1077000000000001 17.550000000000004 52.650000000000013 37.300000000000004 51.95000000000001 62.500000000000007 52.150000000000013
decision_type=2 2 2 2 2 2 2 2 2 2 2 2 2 2 2 2 2 2 2 2 2 2 2
left_child=3 2 22 4 5 6 8 17 -1 -9 11 12 13 -5 15 -13 20 -7 -8 -16 -12 -18 -2
right_child=1 -3 -4 10 -6 7 18 9 -10 -11 16 14 -14 -15 19 -17 21 -19 -20 -21 -22 -23 -24
leaf_value=-0.0060595592131219844 0.065627320047515467 -0.061010963709981436 -0.0047409365825917451 -0.01109060170078506 0.049294613777523255 -0.059826829350771875 0.071341445198585304 -0.017764670106757498 0.024519663553306661 0.04674733239924965 -0.05619822982582684 0.0042811411496452142 -0.027887012434014025 0.039053251556230628 5.0915334182441363e-06 -0.0059979874265248022 0.017585961490105346 -0.018576566051176111 0.02000931601571905 -0.043876880810673272 -0.009402950823048456 -0.014877248667095631 0.03743349435846146
leaf_weight=212.94704475114122 4.6639224886894208 2.6736866831779471 3.545026358217001 8.883769001811741 4.5052900128066531 11.34292027354241 4.664944893680512 9.3178965523838979 18.706686731427908 3.8978211954236022 6.8806652054190653 365.05361960455775 5.8778051137924185 31.434105770662427 2.5866472423076621 164.61372238211334 3.9215474501252157 6.1216930486261836 3.168364092707634 8.1515232771635038 2.7714751660823822 5.6729292199015617 2.7380209416151047
leaf_count=1284 31 20 39 51 52 71 32 53 104 20 48 2016 38 223 58 1057 22 54 20 99 17 32 24
internal_value=-7.50157e-06 0.0165717 0.0363538 -0.000271493 -0.00352319 -0.00444039 -0.0017092 -0.0255225 -0.00355911 0.00109507 0.00119481 0.00199157 0.020632 0.0278806 0.000385354 0.00107655 -0.0227153 -0.0458405 0.0517232 -0.0329426 -0.0435085 -0.00104828 0.0565028
internal_weight=894.141 13.6207 10.947 880.52 274.673 270.167 239.487 30.6803 231.654 13.2157 605.848 586.601 46.1957 40.3179 540.406 529.667 19.2466 17.4646 7.83331 10.7382 9.65214 9.59448 7.40194
internal_count=5465 114 94 5351 1690 1638 1440 198 1388 73 3661 3542 312 274 3230 3073 119 125 52 157 65 54 55
is_linear=0
shrinkage=0.05


Tree=143
num_leaves=18
num_cat=0
split_feature=12 3 3 4 2 3 4 2 5 14 4 2 4 2 1 1 1
split_gain=1.5417 1.76077 7.23777 5.20421 6.13853 4.99348 5.29713 5.16114 4.43016 4.2622 3.79346 3.44969 2.87496 2.50054 2.21805 1.05098 0.0867338
threshold=-29.684999999999999 0.22465000000000004 0.32860000000000006 0.014550000000000002 26.350000000000005 0.47985000000000005 0.013550000000000001 16.350000000000005 0.55500000000000016 1.0000000180025095e-35 0.040700000000000007 48.650000000000006 0.0019500000000000001 21.750000000000004 43.350000000000001 52.250000000000007 49.45000000000001
decision_type=2 2 2 2 2 2 2 2 2 2 2 2 2 2 2 2 2
left_child=-1 3 13 9 16 6 -4 8 -7 11 -9 12 -2 -3 -13 -8 -5
right_child=1 2 5 4 -6 7 15 10 -10 -11 -12 14 -14 -15 -16 -17 -18
leaf_value=0.035058686614008724 -0.0012258224839584533 -0.059565855341556367 -0.012272796649662632 0.043284451300808623 -0.010810016365478521 -0.0070339968278264747 0.027236594543983229 -0.049112722692882332 0.06619613554657032 0.052838028118471797 -0.0036945922965068382 0.0051553643596184652 0.006881638840309093 -0.014002379333757293 -0.04151762049673717 0.064151264996369903 0.067911286298062395
leaf_weight=3.0224090963602057 674.91893321927637 7.629155330359934 5.9636100381612769 3.0346549004316312 4.8875737488269806 5.2490908354520815 4.6782142668962461 9.1527382656931895 3.1838677115738392 3.690584383904933 9.6863151863217336 3.4010277464985839 130.36451593786478 5.614983007311821 8.1066188681870681 4.8360861241817474 4.7295693755149841
leaf_count=15 4087 65 29 21 26 37 24 64 21 20 55 21 742 26 154 33 25
internal_value=-7.48319e-06 -0.000136236 -0.00871511 0.000435318 0.0321326 0.00120307 0.0239044 -0.0115384 0.0204799 -5.1216e-05 -0.0261673 -0.00030275 8.11493e-05 -0.0408732 -0.0273673 0.0469923 0.0595944
internal_weight=892.15 889.128 55.9941 833.133 12.6518 42.7499 15.4779 27.272 8.43296 820.482 18.8391 816.791 805.283 13.2441 11.5076 9.5143 7.76422
internal_count=5465 5450 354 5096 72 263 86 177 58 5024 119 5004 4829 91 175 57 46
is_linear=0
shrinkage=0.05


Tree=144
num_leaves=21
num_cat=0
split_feature=2 2 2 2 0 3 2 2 2 2 3 3 3 2 2 2 0 2 2 3
split_gain=1.42904 11.8774 7.40059 14.113 7.67203 6.38421 9.62032 6.34623 5.45585 4.4427 10.0465 5.31933 4.2806 6.87543 3.93759 10.7217 4.63062 3.37772 0.512322 0.379008
threshold=36.250000000000007 35.70000000000001 38.850000000000009 39.750000000000007 60.500000000000007 0.0062500000000000012 41.550000000000004 34.650000000000013 28.950000000000003 26.150000000000002 0.0068500000000000011 0.015850000000000006 0.032350000000000011 37.550000000000004 31.650000000000002 33.150000000000013 61.500000000000007 37.650000000000013 41.800000000000004 0.039550000000000009
decision_type=2 2 2 2 2 2 2 2 2 2 2 2 2 2 2 2 2 2 2 2
left_child=1 7 12 -4 18 -6 -7 8 9 11 -11 -1 13 -2 16 -16 -10 -14 -5 -3
right_child=2 19 3 4 5 6 -8 -9 14 10 -12 -13 17 -15 15 -17 -18 -19 -20 -21
leaf_value=-0.0058412234355209895 -0.048139521107069698 0.059134339712350194 0.063926429645300015 -0.058024689805223774 -0.049703135004717569 0.049250970432399871 -0.0023359213625065152 -0.046382240147956361 0.0055212882137889241 0.055931430623571282 -0.01955355263064866 0.0039904376340091441 -0.020836700120754115 0.02350272832720094 -0.025176928804805793 0.024977764770802269 0.03310828918837188 -0.067155195869504081 -0.027955028503887411 0.032084346072904182
leaf_weight=225.42940987227485 5.5069141611456898 7.8130830302834493 8.2621242552995664 5.557084769010542 5.6655917242169371 10.406435087323187 63.651961212977767 7.1886950284242621 31.572200000286102 4.6433848962187758 58.288813188672066 352.56914161145687 8.8183422982692736 8.1555072665214521 21.667645491659641 20.765078920871019 30.294491603970528 7.9211512058973303 3.4465431720018387 3.2662478089332581
leaf_count=1470 29 48 40 41 51 77 472 31 166 40 387 2012 41 39 119 137 166 43 36 20
internal_value=-6.21844e-06 0.000806323 -0.00491206 0.00179351 -0.00400134 0.000901541 0.00490211 3.95573e-05 0.000500226 -0.00121908 -0.0138248 0.000146924 -0.0264042 -0.00515078 0.0111045 -0.000514414 0.0191422 -0.0433202 -0.0474969 0.0519654
internal_weight=890.89 763.498 127.392 96.9897 88.7276 79.724 74.0584 752.419 745.23 640.931 62.9322 577.999 30.4019 13.6624 104.299 42.4327 61.8667 16.7395 9.00363 11.0793
internal_count=5465 4596 869 717 677 600 549 4528 4497 3909 427 3482 152 68 588 256 332 84 77 68
is_linear=0
shrinkage=0.05


Tree=145
num_leaves=30
num_cat=0
split_feature=1 1 8 1 1 3 0 4 4 10 8 9 9 0 3 0 1 3 1 4 3 3 3 4 4 1 0 8 4
split_gain=1.55642 5.09562 7.25925 6.44522 8.48128 6.4872 6.26834 4.22828 9.54547 3.24401 3.07921 2.95776 5.73499 4.87756 5.17504 3.542 3.14315 6.83685 3.282 2.98159 2.83866 2.70829 2.04771 7.01929 5.76211 5.67466 0.957432 0.164429 0.142141
threshold=59.45000000000001 55.150000000000013 139379309.60000002 56.350000000000001 57.150000000000013 0.093500000000000014 65.500000000000014 0.00025000000000000006 0.00045000000000000004 0.32690000000000002 154359110.00000003 0.50980000000000014 0.46390000000000003 65.500000000000014 0.02945 63.500000000000007 53.750000000000007 0.016450000000000003 52.750000000000007 0.00015000000000000004 0.17060000000000003 0.0089500000000000014 0.0064500000000000009 0.00015000000000000004 0.00025000000000000006 63.250000000000007 67.500000000000014 108297830.00000001 0.027500000000000004
decision_type=2 2 2 2 2 2 2 2 2 2 2 2 2 2 2 2 2 2 2 2 2 2 2 2 2 2 2 2 2
left_child=1 11 3 7 5 -5 -6 -3 -9 20 -4 12 16 15 26 19 18 -18 -1 -13 22 -17 -2 25 -25 -24 -15 -11 -22
right_child=9 2 10 4 6 -7 -8 8 -10 27 -12 13 -14 14 -16 21 17 -19 -20 -21 28 -23 23 24 -26 -27 -28 -29 -30
leaf_value=0.0016907343603436828 0.031699698607795576 -0.073012585923330806 0.058179854968819882 0.045036874909406416 -0.033069689609116257 -0.028558600129772356 0.029943725784571371 0.028151970063094275 -0.041153037968404353 0.015939525319634152 0 0.0096914663283752707 0.064487422595709706 0.04699325250797641 -0.031687908262069783 -0.0013445572866802493 -0.012387358027543699 0.02765227087676235 -0.011327371189189403 -0.014807843839176589 0.027921477694995412 -0.059622430580653474 -0.084489065619977655 0.039795728513528777 -0.0021735057782220069 -0.0052318253049612332 0.0095032720433461185 0.052402796737481765 0.060222241777647102
leaf_weight=540.79698684252799 5.0810625776648513 5.7365357726812354 4.5497308596968633 11.159022714011369 21.269899729639295 3.9141188934445372 4.6768114268779746 6.2893275469541576 21.465455282479525 0.92478196322917838 4.3699532747268677 16.28277094475925 3.5406151339411727 7.4268927704542858 3.5003517270088187 3.1304160635918361 15.944669865071772 31.018655613064766 53.038043215870857 49.04966829624027 1.8642343394458287 6.4447342455387115 4.0487195849418622 10.163224354386328 39.340174481272697 5.3088780492544174 2.7461923006922007 3.7905516400933266 1.805092319846153
leaf_count=2953 34 31 46 65 118 27 24 39 145 28 26 125 27 59 24 51 86 202 312 480 28 48 22 55 268 36 24 69 13
internal_value=-6.24395e-06 -0.000635017 -0.0123388 -0.0174904 -0.0040425 0.0255342 -0.0214484 -0.0337514 -0.0252241 0.00701276 0.0298576 0.000691949 0.00187624 -0.00785862 0.0193614 -0.0129131 0.00151249 0.0139546 0.0005179 -0.00862 0.00410124 -0.0412972 0.00153223 -0.00103646 0.00640499 -0.0405832 0.0375507 0.0467694 0.0463142
internal_weight=888.678 816.351 83.4309 74.5112 41.0199 15.0731 25.9467 33.4913 27.7548 72.3267 8.91968 732.92 644.339 88.581 13.6734 74.9076 640.798 46.9633 593.835 65.3324 67.6114 9.57515 63.9421 58.861 49.5034 9.3576 10.1731 4.71533 3.66933
internal_count=5465 4912 521 449 234 92 142 215 184 553 72 4391 3580 811 107 704 3553 288 3265 605 456 99 415 381 323 58 83 97 41
is_linear=0
shrinkage=0.05


Tree=146
num_leaves=31
num_cat=0
split_feature=1 1 8 2 4 4 2 2 10 2 4 4 4 8 1 1 2 2 10 9 2 0 9 4 1 8 1 1 1 2
split_gain=1.42224 4.65351 6.66619 6.5153 11.6511 7.99054 6.72301 3.57683 3.08016 3.0025 3.20211 4.83485 3.40389 2.9622 2.69945 8.33358 7.31132 7.57356 4.11765 7.30287 4.07983 3.82904 4.11637 3.56222 11.7343 6.92989 2.5839 2.30546 2.26804 1.44826
threshold=59.45000000000001 55.150000000000013 139379309.60000002 22.150000000000002 0.00015000000000000004 0.0013500000000000003 24.750000000000004 24.350000000000005 0.32690000000000002 33.150000000000013 0.0022500000000000007 0.00055000000000000003 0.00015000000000000004 154359110.00000003 51.750000000000007 52.750000000000007 11.850000000000003 22.250000000000004 0.35320000000000007 0.59740000000000004 31.050000000000004 55.500000000000007 0.60190000000000021 0.00015000000000000004 47.850000000000001 356427030.00000006 50.45000000000001 57.150000000000013 61.850000000000001 36.250000000000007
decision_type=2 2 2 2 2 2 2 2 2 2 2 2 2 2 2 2 2 2 2 2 2 2 2 2 2 2 2 2 2 2
left_child=1 14 3 4 -3 -6 7 -5 9 10 11 12 -2 -4 18 21 -17 -18 23 20 -20 -16 -23 24 -1 -25 -21 -8 -12 -11
right_child=8 2 13 6 5 -7 27 -9 -10 29 28 -13 -14 -15 15 16 17 -19 19 26 -22 22 -24 25 -26 -27 -28 -29 -30 -31
leaf_value=-0.016807045163664058 -0.021849146233095064 0.031922356043968515 0.057613369050811637 0.0034788317700377457 -0.05906618101778819 -0.012421712257624624 -0.035720526257874398 0.065276248609938664 0.04620046782688389 0.052438063328671104 0 -0.042180536448641032 0.0098193704722071562 0 -0.030991277626089633 -0.058265051822805475 0.012431472009335129 -0.013880192737444242 -0.009270217343700449 -0.059838501029273107 0.051932403032032594 0.031009682443710853 -0.012632603140578472 -0.0020054409083857141 0.026976692673543662 0.063653893395419561 0.0016339684486218432 -0.00020121370940810214 0.052673207526018444 0.0061261638267564129
leaf_weight=23.84147216938436 11.27227323502302 6.592982053756713 4.3702751472592336 4.7852145582437533 21.913065233267844 16.404085323214531 7.9830193072557476 4.8784619569778442 4.5483319852501145 4.2778569757938376 3.723645366728304 7.2085917815566054 33.068672321736813 4.3699532747268677 2.9920862987637511 5.2718787118792525 65.484748832881451 46.750799633562565 24.0407541487366 9.7967136208899301 2.9615504220128051 44.693525850772858 5.9144600685685864 452.50196442753077 41.918771378695965 3.951288115233182 1.8704692116007198 11.171336837112902 4.4565532989799976 3.2333362028002739
leaf_count=188 71 34 46 28 133 100 59 26 97 27 27 58 188 26 19 26 411 302 188 108 17 273 68 2500 239 26 26 69 63 22
internal_value=-3.94751e-06 -0.00060456 -0.0118602 -0.016804 -0.0286953 -0.0393115 0.00158975 0.0355368 0.00673189 0.00392326 7.03482e-05 -0.0044736 0.0016251 0.0289962 0.000658151 0.00615774 -0.00125822 0.00142445 -0.00101148 -0.0167343 -0.00220632 0.0224809 0.0257958 0.000146188 0.0110255 -0.00141229 -0.0496283 -0.015373 0.0290172 0.0335016
internal_weight=886.248 814.459 82.4684 73.7282 44.9101 38.3172 28.818 9.66368 71.7893 67.2409 59.7297 51.5495 44.3409 8.74023 731.99 171.107 117.507 112.236 560.883 38.6695 27.0023 53.6001 50.608 522.213 65.7602 456.453 11.6672 19.1544 8.1802 7.51119
internal_count=5465 4912 521 449 267 233 182 54 553 456 407 317 259 72 4391 1099 739 713 3292 339 205 360 341 2953 427 2526 134 128 90 49
is_linear=0
shrinkage=0.05


Tree=147
num_leaves=18
num_cat=0
split_feature=2 2 0 3 4 4 4 0 2 2 3 4 3 3 4 2 4
split_gain=1.51274 9.50131 7.58053 7.81213 7.34552 9.79691 8.06629 6.71114 5.3672 7.28753 4.92453 5.77259 3.8748 8.61805 4.9851 1.78576 0.951476
threshold=16.650000000000002 16.750000000000004 67.500000000000014 0.14260000000000003 0.0035500000000000006 0.0026500000000000004 0.00065000000000000008 61.500000000000007 16.950000000000003 17.050000000000004 0.20560000000000003 0.020750000000000005 0.14595000000000002 0.10340000000000001 0.017300000000000003 15.050000000000002 0.0094500000000000018
decision_type=2 2 2 2 2 2 2 2 2 2 2 2 2 2 2 2 2
left_child=2 -2 3 4 5 6 -1 10 -3 -10 -5 -12 13 -11 -14 -4 -9
right_child=1 8 15 7 -6 -7 -8 16 9 12 11 -13 14 -15 -16 -17 -18
leaf_value=-0.0023634498506864229 0.067111299272375038 -0.04586804000932701 0.071471546414032833 0.040780567854776281 -0.05873381793364113 0.065973708659097463 -0.026984927391788694 0.073517370878812535 0.056585329979885891 0.00031049240560511308 -0.053434492140065674 0.017736441317774663 -0.024704302852810243 0.026621779832698436 0.0042718644893775543 0.018447329014931423 0.034122161113296051
leaf_weight=127.64621996833012 5.3198086917400351 6.0456375181674948 3.6122447103261939 5.4420067965984407 7.0559959411621085 4.3774455338716498 45.166683536022902 4.6119045540690404 5.759539157152175 557.65882028173655 5.4260245822370035 5.6641622558236122 32.62771787121892 32.890400242060423 26.655394084751606 3.497465405613184 3.6990037262439728
leaf_count=795 31 32 18 23 42 21 295 25 28 3453 43 38 205 181 178 37 20
internal_value=-2.30291e-06 0.00117026 -0.00364154 -0.00539868 -0.00896869 -0.00692675 -0.00883936 0.0208073 0.00062245 0.00106572 0.00198179 -0.0168044 0.000557324 0.00178861 -0.0116063 0.0466986 0.057192
internal_weight=883.156 666.957 216.199 209.089 184.246 177.19 172.813 24.8431 661.638 655.592 16.5322 11.0902 649.832 590.549 59.2831 7.10971 8.31091
internal_count=5465 4108 1357 1302 1153 1111 1090 149 4077 4045 104 81 4017 3634 383 55 45
is_linear=0
shrinkage=0.05


Tree=148
num_leaves=25
num_cat=0
split_feature=14 1 1 4 4 4 0 10 9 9 0 0 1 0 0 1 4 1 1 1 1 4 1 10
split_gain=1.38205 1.38704 4.24202 5.32128 5.18841 8.15428 4.47771 2.88868 2.69374 5.58539 5.38691 3.03804 2.74 2.6666 2.34928 2.27748 2.16753 1.75007 1.66628 1.0705 3.36485 1.39157 1.00252 0.753149
threshold=51.440000000000005 59.45000000000001 55.150000000000013 0.00015000000000000004 0.00025000000000000006 0.00045000000000000004 62.500000000000007 0.32690000000000002 0.50980000000000014 0.33765000000000006 65.500000000000014 63.500000000000007 53.750000000000007 67.500000000000014 62.500000000000007 57.650000000000013 0.0013500000000000003 76.050000000000011 58.050000000000004 66.350000000000009 70.950000000000017 0.00015000000000000004 61.550000000000004 0.43255000000000005
decision_type=2 2 2 2 2 2 2 2 2 2 2 2 2 2 2 2 2 2 2 2 2 2 2 2
left_child=1 2 8 6 18 -6 15 14 9 12 11 -10 -1 -12 19 -4 -11 22 -5 21 -21 -3 -16 -8
right_child=-2 7 3 4 5 -7 23 -9 10 16 13 -13 -14 -15 17 -17 -18 -19 -20 20 -22 -23 -24 -25
leaf_value=5.7142809364957341e-05 0.024790269364275409 -0.006603078184144265 0 -0.074777403276106269 0.026218831478574192 -0.023730040734959296 0.029202580131090949 0.045475187492303656 -0.0092616068204471585 0.0055693052011424847 0.036600340751220269 -0.040174744808150531 0.012750517961459238 -0.0122610539613053 -0.014383448097957878 -0.060138910567467486 0.058621345470568756 -0.042036750405014423 -0.026136624067919507 -0.03025628629978493 0.023482867548020758 0.022387667356551594 0.0058050341394065156 0.0043696124343217463
leaf_weight=585.60740742646158 5.4842713847756377 4.7108956053853062 3.9348014965653446 4.9914386812597495 10.145377118140457 39.149625740945339 11.829576082527639 4.3831756925210348 61.530133942142129 3.2242668271064741 8.9471189565956575 9.2342030713334662 45.813716482371092 3.791221964173018 10.32894435524941 2.7073779739439487 5.7826480865478516 3.0960721448063842 3.538408450782299 5.2398853302001935 6.2963444367051125 22.593353129923344 14.53468547016382 4.837108187377452
leaf_count=3224 32 27 28 27 60 245 71 97 590 15 73 99 281 29 60 25 49 34 19 38 36 144 117 45
internal_value=0 -0.000162918 -0.000760303 -0.0115968 -0.0197427 -0.0133166 0.00839622 0.00651478 0.000448709 0.00155693 -0.00798271 -0.0134171 0.00098792 0.0216864 0.00381945 -0.0257189 0.0404487 -0.00710634 -0.055716 0.0118109 -0.00054662 0.0171975 -0.00240547 0.0223627
internal_weight=881.732 876.248 805.064 81.1337 57.8248 49.295 23.3089 71.1834 723.931 640.428 83.5027 70.7643 631.421 12.7383 66.8002 6.64218 9.00691 27.9597 8.52985 38.8405 11.5362 27.3042 24.8636 16.6667
internal_count=5465 5433 4880 520 351 305 169 553 4360 3569 791 689 3505 102 456 53 64 211 46 245 74 171 177 116
is_linear=0
shrinkage=0.05


Tree=149
num_leaves=31
num_cat=0
split_feature=3 4 0 2 4 2 4 3 3 3 3 3 4 9 2 4 2 3 3 0 3 2 3 4 4 3 9 3 3 3
split_gain=1.40522 12.9599 16.1944 8.51662 8.70338 7.92658 7.03003 8.02261 16.394 9.67657 22.015 7.04142 8.26058 15.7187 8.30221 6.2627 5.04202 4.59682 4.48889 6.72141 6.24435 14.4555 11.9549 6.29217 4.52013 4.35274 4.18466 3.99965 2.82739 6.8002
threshold=0.053750000000000006 0.0015500000000000004 65.500000000000014 18.850000000000005 0.0021500000000000004 41.150000000000013 0.0023500000000000001 0.066350000000000006 0.087550000000000003 0.10340000000000001 0.11565000000000002 0.13695000000000004 0.00125 0.33655000000000007 21.350000000000005 0.0044500000000000008 17.750000000000004 0.078650000000000012 0.038750000000000007 62.500000000000007 0.029650000000000006 33.45000000000001 0.028950000000000004 0.00055000000000000003 0.00035000000000000005 0.067650000000000002 0.46605000000000008 0.042850000000000006 0.044750000000000005 0.039950000000000006
decision_type=2 2 2 2 2 2 2 2 2 2 2 2 2 2 2 2 2 2 2 2 2 2 2 2 2 2 2 2 2 2
left_child=1 18 3 -3 -5 -6 11 -8 25 15 -11 12 14 17 16 -10 -2 -14 20 28 22 23 24 -22 -1 -9 -27 -21 29 -20
right_child=6 2 -4 4 5 -7 7 8 9 10 -12 -13 13 -15 -16 -17 -18 -19 19 27 21 -23 -24 -25 -26 26 -28 -29 -30 -31
leaf_value=-0.0036500037112157501 0.013938685520105061 -0.033878640990468438 -0.060956338657180344 0.075302415335079545 -0.00030024432800388476 0.067092476432474624 -0.049637319580447641 0 -0.076990481453613563 0.080635652016577214 -0.0033126656837269585 0.053939445995442183 -0.050814504002720751 0.052500600669703967 0.056353020094752695 0 -0.061519366498568609 -0.01929536636720261 -0.045709835845567127 -0.016425331163940536 0.05728075807043255 -0.055961676621960069 -0.050630547620771377 0.012555997215670127 0.0059069707563102827 0.067549718902818398 0 0.034993344063203279 -0.056235583221649947 0.01226328649497575
leaf_weight=301.30696424050257 4.9688740447163564 3.4751419126987448 4.4154753908514968 14.955938413739203 12.080521397292616 6.602616809308528 6.9547660937532774 4.2711680531501797 6.5665637105703336 8.27406097948551 115.06444839015603 3.2794941216707221 28.303707292303443 5.2388297952711573 6.2969717085361472 4.1684620976448059 3.7477691024541855 20.939556881785393 11.324494287371641 6.9364303350448591 14.43287833034992 5.2279247976839534 11.702092032879589 18.095621645450592 209.68834552261978 14.284405551850798 2.719396846368908 7.9084125235676765 7.8916276544332495 8.8241656087338907
leaf_count=1908 36 30 27 78 68 46 80 22 29 34 724 17 172 46 27 22 18 129 72 30 86 39 80 84 1291 78 47 41 44 60
internal_value=0 0.0012019 0.0281871 0.0390621 0.0468236 0.0234805 -0.00331302 0.00245146 0.00484601 -0.00160017 0.00233919 -0.0162233 -0.0196789 -0.0287456 0.0128645 -0.0469263 -0.0182676 -0.0375793 -0.00065165 -0.016227 0.000533918 0.0201487 -0.000876954 0.0326683 0.000262333 0.0455208 0.0567964 0.0106836 -0.0306388 -0.0201382
internal_weight=879.947 644.869 41.5297 37.1142 33.6391 18.6831 235.078 162.303 155.349 134.074 123.339 72.7752 69.4957 54.4821 15.0136 10.735 8.71664 49.2433 603.339 42.8851 560.454 37.7564 522.697 32.5285 510.995 21.275 17.0038 14.8448 28.0403 20.1487
internal_count=5465 3984 249 222 192 114 1481 1036 956 809 758 445 428 347 81 51 54 301 3735 247 3488 209 3279 170 3199 147 125 71 176 132
is_linear=0
shrinkage=0.05


Tree=150
num_leaves=25
num_cat=0
split_feature=7 7 7 3 3 3 3 3 0 3 1 1 1 1 3 1 0 3 1 1 1 0 3 1
split_gain=1.35544 1.80892 2.33579 1.53265 11.5017 7.81393 11.0491 11.6458 6.44092 6.74118 7.02882 5.91408 5.51257 5.46205 3.28936 2.61733 2.53576 2.40005 3.09036 1.79842 2.29374 1.14218 2.3488 0.749954
threshold=0.00014694500000000002 0.00083922500000000008 0.00092265499999999998 0.053750000000000006 0.049350000000000012 0.047550000000000009 0.042850000000000006 0.038750000000000007 60.500000000000007 0.064150000000000013 49.150000000000013 46.050000000000004 46.050000000000004 56.650000000000013 0.13695000000000004 44.050000000000004 63.500000000000007 0.062750000000000014 45.250000000000007 47.650000000000013 46.95000000000001 61.500000000000007 0.0087500000000000026 34.650000000000013
decision_type=2 2 2 2 2 2 2 2 2 2 2 2 2 2 2 2 2 2 2 2 2 2 2 2
left_child=3 21 -3 4 5 6 7 -1 14 17 11 -11 -6 -12 -5 -7 -8 18 -10 20 -14 -2 23 -23
right_child=1 2 -4 8 12 15 16 -9 9 10 13 -13 19 -15 -16 -17 -18 -19 -20 -21 -22 22 -24 -25
leaf_value=0.0016973007284897307 -0.060195428792330419 0.050022237696631167 -0.02757226248027941 0.0016065095511093716 -0.006543351449811283 -0.0062322196115813851 0.028355175088685753 -0.029621611776718265 -0.052569298504231546 -0.0031441563349173017 -0.015516367977328013 0.023611090104818488 0.058586350537175862 0.013355514597285987 0.052552387736926193 -0.060211920797550528 0.078889972672527092 -0.069906591283946315 -0.009037274208487496 0.06639188541068286 0.0018925367590999463 0 0.030353747174679053 -0.049836408514758741
leaf_weight=558.08884999807924 2.3188172020018083 1.8479372821748259 1.7654047831892965 5.8911325782537443 5.2915781289339092 3.6655649989843351 6.7179616093635541 31.248785398900509 6.1775074601173463 46.15152670443058 93.310595786198974 36.858686588704586 3.6529810577631023 19.599701484665275 7.3436187282204628 6.9030074067413807 4.5677642673254013 3.4443787634372702 12.864401821047066 9.2101741805672628 3.7768059074878693 0.87895074486732516 1.6684990152716634 2.9695626618340611
leaf_count=3352 52 34 15 28 23 16 44 184 32 295 552 190 19 195 38 35 30 52 81 58 24 16 17 83
internal_value=0 -0.017021 0.0110431 0.00022209 0.00150073 0.000213065 0.000974454 2.34338e-05 -0.00325025 -0.00532717 -0.0023165 0.00868982 0.0369948 -0.010453 0.0304321 -0.0421924 0.0497609 -0.0312111 -0.0236218 0.0510951 0.0308389 -0.0305683 -0.0163758 -0.0381571
internal_weight=876.214 11.4492 3.61334 864.765 633.123 611.192 600.623 589.338 231.642 218.407 195.921 83.0102 21.9315 112.91 13.2348 10.5686 11.2857 22.4863 19.0419 16.64 7.42979 7.83583 5.51701 3.84851
internal_count=5465 217 49 5248 3785 3661 3610 3536 1463 1397 1232 485 124 747 66 51 74 165 113 101 43 168 116 99
is_linear=0
shrinkage=0.05


Tree=151
num_leaves=31
num_cat=0
split_feature=2 3 3 2 1 3 0 0 8 9 3 4 2 3 4 0 4 1 2 1 3 3 4 3 4 2 4 3 1 1
split_gain=1.3131 9.37594 7.12684 7.03487 8.84188 8.19749 7.76512 6.85101 6.72908 4.85214 4.84414 7.53628 16.9048 9.72589 13.0227 14.7742 10.6529 18.2881 10.0466 9.44515 10.6189 8.42484 4.67854 4.5871 8.09683 6.83651 5.60578 3.90576 4.82691 3.96718
threshold=16.350000000000005 0.14260000000000003 0.12330000000000001 15.250000000000002 53.850000000000001 0.012450000000000001 67.500000000000014 61.500000000000007 209559025.00000003 0.53980000000000017 0.14595000000000002 0.0033500000000000001 25.850000000000005 0.053750000000000006 0.0015500000000000004 65.500000000000014 0.00125 48.750000000000007 17.350000000000005 52.050000000000004 0.096950000000000022 0.064150000000000013 0.0091500000000000019 0.42440000000000005 0.017300000000000003 23.750000000000004 0.040700000000000007 0.20560000000000003 45.750000000000007 50.45000000000001
decision_type=2 2 2 2 2 2 2 2 2 2 2 2 2 2 2 2 2 2 2 2 2 2 2 2 2 2 2 2 2 2
left_child=1 2 3 6 5 -5 8 27 -1 -6 11 13 -13 14 18 -16 17 -15 -2 20 -14 -18 -12 24 25 -24 -25 -3 -29 -30
right_child=10 7 -4 4 9 -7 -8 -9 -10 -11 22 12 19 16 15 -17 21 -19 -20 -21 -22 -23 23 26 -26 -27 -28 28 29 -31
leaf_value=-0.0045159145595942843 0.028021455865226592 0.039628238431495433 -0.06134779360802415 -0.059174340185159297 0.040829526308098614 -0.01207131002654426 0.066696892307256492 0.061926262501638567 0.049909433278814398 -0.035914388736855839 -0.03696490920201171 0.05392200503158523 0.028513777271267055 0.087962891509902719 0.042145498485223531 -0.059817204046040476 -0.06356113492323659 -0.031943081208926825 -0.0012544114542571792 0.035485029030463064 -0.049204723941767115 -0.016042170001339218 -0.035011272830635182 -0.049797587606656056 0.049277018726932298 0.029550664769706095 0.0017773179444286386 0.045035062132446554 -0.058351676597943075 0.015526573877460488
leaf_weight=110.08457343559712 31.321229785680771 5.4519015252590206 5.886131487786769 16.634079094044864 7.3215327858924848 21.518570952117443 4.205511972308158 8.3548247367143613 5.8816688433289519 2.6996268415823579 14.63629788905382 21.877625338733196 6.3536457717418733 5.7438103258609754 33.504035796970129 3.8468395620584479 12.71015604585409 6.8174389377236366 433.127272028476 9.9719525026157481 13.386768225580452 36.505265483632684 10.546762041747575 9.5769029185175913 8.4955234229564649 6.5108690597116938 11.159294687211512 2.5757589638233167 5.0242399461567402 2.6200754642486572
leaf_count=728 158 23 40 114 47 106 26 52 37 28 95 98 33 25 196 24 105 36 2692 83 83 260 64 68 60 43 63 24 41 13
internal_value=0 -0.003582 -0.0076454 -0.00570273 -0.021828 -0.0328394 0.000732689 0.0255863 -0.00167182 0.0195107 0.00104446 0.00238384 0.0206594 0.000698649 0.00301294 0.031379 -0.0179936 0.0227524 0.000714723 -0.00376325 -0.0239206 -0.0285196 -0.0123791 -0.00443452 0.00959573 -0.0100481 -0.021927 0.00562647 -0.0122355 -0.0325109
internal_weight=874.35 198.258 174.232 168.346 48.1738 38.1527 120.172 24.0268 115.966 10.0212 676.092 615.166 51.59 563.576 501.799 37.3509 61.7767 12.5612 464.449 29.7124 19.7404 49.2154 60.9257 46.2894 25.5532 17.0576 20.7362 15.672 10.2201 7.64432
internal_count=5465 1279 1126 1086 295 220 791 153 765 75 4186 3793 297 3496 3070 220 426 61 2850 199 116 365 393 298 167 107 131 101 78 54
is_linear=0
shrinkage=0.05


Tree=152
num_leaves=17
num_cat=0
split_feature=3 3 3 3 3 2 2 1 3 3 2 3 1 1 1 0
split_gain=1.32228 6.88607 4.18321 2.93558 10.6188 7.82517 4.74834 5.65848 3.18611 2.36664 16.7798 5.98207 2.00835 1.59231 0.660866 0.820588
threshold=0.0043500000000000006 0.004850000000000001 0.0039500000000000013 0.0064500000000000009 0.0069500000000000004 29.850000000000005 28.650000000000002 50.250000000000007 0.0062500000000000012 0.0075500000000000003 32.150000000000013 0.0094500000000000018 51.95000000000001 70.750000000000014 51.350000000000001 62.500000000000007
decision_type=2 2 2 2 2 2 2 2 2 2 2 2 2 2 2 2
left_child=2 14 -1 5 13 6 7 -3 -7 10 -6 -11 -4 -5 15 -2
right_child=1 3 12 4 9 8 -8 -9 -10 11 -12 -13 -14 -15 -16 -17
leaf_value=-0.030203794684672287 -0.025450871099555319 -0.0049209557840260007 0.010322374464497699 -0.056017458790950693 -0.045294847450408765 -0.057856703017744829 0.070535675288308106 0.033584914573248914 0.01076450342306727 0.01342633533135072 0.033573091476571247 -0.00084247427861124558 0.058269465769198947 0.0029204745246859125 -0.027338578566328865 -0.077432097938164954
leaf_weight=3.4017580449581137 1.7423709481954555 18.494270175695419 5.0364379175007326 9.6846042680554074 16.965366445481781 4.9291487857699385 4.2099562734365454 19.143474280834198 2.3402476906776428 82.220391105860472 10.997591173276303 678.97909591905773 4.3154426887631416 1.1064441222697485 4.6735207289457321 2.5968292094767094
leaf_count=18 29 113 38 209 127 47 30 117 16 521 74 4026 32 20 28 20
internal_value=0 -0.000243472 0.015913 0.000214644 -0.000508495 0.0120709 0.020473 0.0145687 -0.0352406 0.000161875 -0.0140895 0.000693754 0.033359 -0.0495439 -0.043479 -0.0587293
internal_weight=870.837 858.083 12.7536 849.071 799.953 49.1171 41.8477 37.6377 7.2694 789.162 27.963 761.199 9.35188 10.791 9.01272 4.3392
internal_count=5465 5377 88 5300 4977 323 260 230 63 4748 201 4547 70 229 77 49
is_linear=0
shrinkage=0.05


Tree=153
num_leaves=31
num_cat=0
split_feature=1 1 8 2 4 3 2 2 3 10 2 3 2 2 1 1 3 3 3 3 2 4 3 3 3 3 2 2 10 1
split_gain=1.25952 3.82454 5.7682 5.87896 9.75385 9.65817 6.05897 3.35007 2.98902 2.76974 2.73194 3.10979 2.79952 4.31157 3.01191 2.37265 17.2159 13.4525 10.0675 16.2936 8.61149 7.86529 5.04596 15.6774 8.93313 11.6135 10.3302 6.14882 2.66708 2.05707
threshold=59.45000000000001 55.150000000000013 139379309.60000002 22.150000000000002 0.00015000000000000004 0.030550000000000004 24.750000000000004 24.350000000000005 0.0078500000000000011 0.32690000000000002 33.150000000000013 0.17060000000000003 18.850000000000005 22.950000000000003 60.95000000000001 51.750000000000007 0.016450000000000003 0.05920000000000001 0.0098500000000000029 0.0084500000000000009 25.850000000000005 0.0134 0.016350000000000003 0.017350000000000001 0.011050000000000003 0.0094500000000000018 14.350000000000003 34.100000000000009 0.35405000000000003 57.150000000000013
decision_type=2 2 2 2 2 2 2 2 2 2 2 2 2 2 2 2 2 2 2 2 2 2 2 2 2 2 2 2 2 2
left_child=1 15 3 4 -3 -6 7 -5 -4 10 11 12 14 -14 -2 22 18 20 19 -17 -18 -19 24 -24 25 -1 -26 -25 -20 -8
right_child=9 2 8 6 5 -7 29 -9 -10 -11 -12 -13 13 -15 -16 16 17 21 28 -21 -22 -23 23 27 26 -27 -28 -29 -30 -31
leaf_value=0.0030069921009872871 -0.011075413636147034 0.028855629226666398 -0.0068963206705231735 0.0032707532155493296 -0.069403627075696112 -0.016380350643356446 -0.034104979730388632 0.064077576581928919 0.05208606326015202 0.045458075208683904 0.032387087723727802 0.045344174706632261 -0.030870831781661098 0.0021248264782736236 0.047718357450198978 -0.019578426197572357 0.044750664230975123 -0.013938611961852643 -0.046164273423782959 0.046518164579633724 -0.0024779030374565518 0.037120299383072423 -0.069769335316353306 0.00070662920281626255 -0.041409660464395814 -0.046941144008425813 0.027098889366212221 -0.015133671314119962 0.0014374585093048162 0
leaf_weight=109.83032721607015 3.5142936706542951 6.419788882136344 3.440812058746813 4.6447222381830233 14.244860758073626 22.460812605917454 7.6029541492462185 4.7153294384479523 5.0023676007986069 4.1879533249884835 7.3177779987454405 3.4798973612487307 13.92593166977167 32.819728143513203 5.0659743249416351 30.355779021978378 45.307215973734856 32.941872652620077 20.742438483983282 13.335099525749682 11.993625393137334 9.6592909842729551 8.8640184924006444 276.88512754440308 5.9277967214584342 12.904427107423542 58.718810729682446 78.384961687028408 3.1839782744646064 10.961413711309431
leaf_count=830 20 34 20 28 97 136 59 26 52 97 49 41 74 224 48 231 287 198 130 70 98 63 47 1499 35 84 312 485 22 69
internal_value=-6.94754e-07 -0.000571646 -0.0109746 -0.015669 -0.0272295 -0.0372263 0.0020397 0.0347856 0.0276646 0.00640418 0.00379028 9.78857e-05 -0.00273449 -0.00764304 0.0232115 0.000572868 0.00578687 0.0189871 -0.0136414 0.000541207 0.0347911 -0.00218472 -0.00100255 -0.0044407 0.00565087 -0.00223783 0.0206855 -0.0027775 -0.039642 -0.0143006
internal_weight=868.839 798.528 79.4931 71.0499 43.1255 36.7057 27.9244 9.36005 8.44318 70.3116 66.1236 58.8058 55.3259 46.7457 8.58027 719.035 167.519 99.902 67.6173 43.6909 57.3008 42.6012 551.515 364.134 187.381 122.735 64.6466 355.27 23.9264 18.5644
internal_count=5465 4912 521 449 267 233 182 54 72 553 456 407 366 298 68 4391 1099 646 453 301 385 261 3292 2031 1261 914 347 1984 152 128
is_linear=0
shrinkage=0.05


Tree=154
num_leaves=31
num_cat=0
split_feature=2 2 3 3 3 3 2 2 2 0 1 1 1 3 3 3 3 3 0 2 1 2 2 3 0 1 3 3 1 1
split_gain=1.42579 6.45271 4.79084 8.29945 5.59146 5.35748 4.74339 6.22144 7.89181 6.49719 6.76503 5.07321 7.13404 11.0801 13.401 8.1441 6.11137 15.4422 9.41928 4.27969 5.93692 4.644 2.98539 8.04891 5.84886 4.72538 4.01759 3.70256 3.37063 3.83926
threshold=28.650000000000002 31.650000000000002 0.0062500000000000012 0.0074500000000000009 0.0069500000000000004 0.0064500000000000009 26.150000000000002 26.600000000000005 26.950000000000003 62.500000000000007 46.050000000000004 38.650000000000013 45.45000000000001 0.091200000000000017 0.021350000000000004 0.14775000000000002 0.016200000000000003 0.014350000000000002 64.500000000000014 33.150000000000013 58.95000000000001 32.650000000000013 29.950000000000003 0.0081500000000000027 62.500000000000007 49.95000000000001 0.078650000000000012 0.018100000000000002 55.95000000000001 45.250000000000007
decision_type=2 2 2 2 2 2 2 2 2 2 2 2 2 2 2 2 2 2 2 2 2 2 2 2 2 2 2 2 2 2
left_child=6 22 -3 4 5 -4 11 -8 -9 10 -10 -1 13 14 -13 -15 17 -14 -18 21 -21 -5 24 -24 26 27 -2 -25 29 -26
right_child=1 2 3 19 -6 -7 7 8 9 -11 -12 12 16 15 -16 -17 18 -19 -20 20 -22 -23 23 25 28 -27 -28 -29 -30 -31
leaf_value=0.041556588013777741 0 -0.048258476627805767 0.071489901720134461 -0.0033549232459618413 0.076354729012999487 -0.038487877078109842 -0.053772920029785821 0.041288526116549304 -0.054138718219826687 -0.039800242480154124 0.016360264152859249 -0.0024916676161415201 -0.00025700765871628775 0.084274672853915558 -0.053500641485449578 0.00073972391791200039 0.0028654289983653745 -0.045725412761289726 0.03016413750524537 -0.0020943502397772558 0.048484343821963649 -0.052377307027986847 -0.028280450115361622 -0.016687789579816918 0.0041285442953904643 0.065028057542833639 -0.05471277298185543 0.035309908286698583 -0.015512427401906483 0.064501294022752648
leaf_weight=7.1666260361671439 16.853041142225269 5.2667808867990962 1.6494137272238711 11.556880481541159 5.6035538278520107 2.9086088249459863 8.817765571177004 6.7845393493771544 4.1722473762929466 16.845317747443914 16.53462989628315 26.979876551777124 179.42321745445952 3.6144764721393612 24.933588888496161 14.197893422096966 247.38676620274782 20.773220393806696 36.243659816682339 141.15180601645261 5.9503426849842063 8.5253806859254819 5.2960983142256728 4.4682761579752031 4.4038000553846341 10.310306817293165 4.0654841586947432 12.619741663336752 2.9923913180828086 7.2806312814354897
leaf_count=62 84 51 13 61 41 42 62 36 28 144 105 175 1194 15 133 107 1443 133 220 934 39 43 33 19 19 68 24 60 25 52
internal_value=0 0.00316955 -0.00171085 -0.000273899 0.0433426 0.000916794 -0.00130331 -0.0155641 -0.0077486 -0.016827 0.00172313 4.21835e-05 -0.000493665 -0.0154409 -0.0271427 0.0183456 0.00165284 -0.00502044 0.00638081 -0.00297915 0 -0.0245702 0.0162767 0.0272076 0.00604847 0.0381791 -0.010742 0.0214044 0.0302287 0.0423995
internal_weight=864.776 250.903 182.613 177.346 10.1616 4.55802 613.874 53.1545 44.3367 37.5522 20.7069 560.719 553.553 69.7258 51.9135 17.8124 483.827 200.196 283.63 167.184 147.102 20.0823 68.2898 32.6944 35.5953 27.3983 20.9185 17.088 14.6768 11.6844
internal_count=5465 1608 1224 1173 96 55 3857 375 313 277 133 3482 3420 430 308 122 2990 1327 1663 1077 973 104 384 180 204 147 108 79 96 71
is_linear=0
shrinkage=0.05


Tree=155
num_leaves=23
num_cat=0
split_feature=12 7 7 8 4 9 9 8 7 9 7 10 9 9 10 4 4 0 8 8 0 8
split_gain=1.3371 1.51709 5.5883 5.07384 4.91272 4.91796 4.17439 3.50395 2.40605 3.05174 7.78646 2.10827 5.20393 3.49902 2.0391 1.8352 8.20385 3.84448 1.73931 0.842454 0.571321 0.155666
threshold=-29.684999999999999 2.7340000000000003e-05 -0.0011786599999999998 132602184.20000002 0.00015000000000000004 0.69245000000000012 0.64615000000000011 160914465.00000003 -0.00068119499999999989 0.59540000000000004 -5.894999999999999e-05 0.66275000000000006 0.51650000000000007 0.68230000000000013 0.52190000000000014 0.00035000000000000005 0.00065000000000000008 67.500000000000014 175749878.00000003 133398635.05000001 63.500000000000007 139379309.60000002
decision_type=2 2 2 2 2 2 2 2 2 2 2 2 2 2 2 2 2 2 2 2 2 2
left_child=-1 2 3 15 5 6 7 -3 -4 20 -11 12 14 -14 -6 17 -17 -2 -8 -5 -10 -21
right_child=1 4 8 19 11 -7 18 -9 9 10 -12 -13 13 -15 -16 16 -18 -19 -20 21 -22 -23
leaf_value=0.032771843117741194 -0.0044222041461997718 0.026578051817402887 0.072666177250974656 -0.06661780663568817 0.053434574844075156 -0.053579296607436704 0.062439308213463968 -0.020087890620478693 0.025860074756175872 -0.037641758714408745 0.059887123096746965 -0.059209528605404953 -0.03063252920071597 -0.0031207470640343873 0.00031315875686174549 0.012782550969428813 -0.0017579484426119699 0.026687439743700747 0.0057788884726565175 -0.011633004330554602 0.061338256731318208 -0.035657175242750049
leaf_weight=3.0001625418663016 242.84521540254354 8.0868616290390545 2.6074669659137752 2.4339038506150237 3.4467311073094598 2.4950928762555113 5.7347747124731532 7.7467486709356299 3.0985667109489432 5.1943046404048783 3.2360538691282272 2.5045927017927161 26.67353230016306 21.15075227431953 4.0779338777065277 131.832384288311 364.95401375181973 10.219904273748396 2.055985058657825 2.1145891547203064 3.3150199744850397 2.7017010077834129
leaf_count=15 1391 66 19 18 36 30 52 56 24 73 21 20 321 203 35 717 2196 66 30 18 29 29
internal_value=0 -0.000123968 0.000562453 -7.75506e-05 -0.00650801 0.0113542 0.0186199 0.0034497 0.0284551 0.0199202 0 -0.0146643 -0.0124553 -0.0186014 0.0256833 0.000321014 0.0020924 -0.00313606 0.048383 -0.0414229 0.0456256 -0.0265776
internal_weight=861.526 858.526 774.553 757.102 83.973 26.1195 23.6244 15.8336 17.4514 14.8439 8.43036 57.8535 55.3489 47.8243 7.52466 749.852 496.786 253.065 7.79076 7.25019 6.41359 4.81629
internal_count=5465 5450 4601 4435 849 234 204 122 166 147 94 615 595 524 71 4370 2913 1457 82 65 53 47
is_linear=0
shrinkage=0.05


Tree=156
num_leaves=31
num_cat=0
split_feature=2 2 2 2 2 4 2 1 1 4 1 2 1 0 0 2 2 1 1 0 1 0 0 4 1 1 1 4 2 2
split_gain=1.32439 12.1176 8.07914 4.83382 4.4667 8.85471 11.232 9.02702 10.5021 8.46215 7.175 4.42475 5.77018 4.4942 4.58472 4.37196 8.76051 6.68099 9.61939 4.3553 4.34377 24.3563 5.12676 4.12919 3.62576 3.23678 4.47996 5.90346 4.0526 3.11324
threshold=22.650000000000002 23.500000000000004 22.950000000000003 24.350000000000005 20.950000000000003 0.00035000000000000005 21.150000000000002 45.350000000000001 55.250000000000007 0.00015000000000000004 55.650000000000013 24.750000000000004 54.750000000000007 65.500000000000014 54.500000000000007 20.750000000000004 20.650000000000002 45.150000000000013 52.95000000000001 62.500000000000007 50.050000000000004 60.500000000000007 60.500000000000007 0.0016500000000000002 50.050000000000004 51.550000000000004 48.050000000000004 0.0011500000000000002 23.950000000000003 21.850000000000005
decision_type=2 2 2 2 2 2 2 2 2 2 2 2 2 2 2 2 2 2 2 2 2 2 2 2 2 2 2 2 2 2
left_child=4 2 19 25 15 9 -7 -8 -9 10 29 12 -5 14 -13 16 20 -17 -19 -2 21 -1 -22 -15 -4 26 27 -3 -27 -6
right_child=1 3 24 11 5 6 7 8 -10 -11 -12 13 -14 23 -16 17 -18 18 -20 -21 22 -23 -24 -25 -26 28 -28 -29 -30 -31
leaf_value=0.062186869240472543 -0.04283758748143561 -0.072361842627295739 0.092517236526684948 -0.013098951743115463 -0.069923387805026618 -0.06111153816308848 -0.044726445804019584 0.033115426622730752 -0.031605623548217339 -0.067466156602328228 0.048084368264579742 -0.028344437673616631 0.06270180100063126 -0.0054553814773561681 0.0037562931658661996 0.079657230988721905 -0.071978933591219985 -0.050764160321568712 0.064898912178101772 0.031962441411949677 -0.028393805129999974 -0.012220419781040461 0.0064729589617923758 -0.042942312579152354 0.034619647419944437 -0.0029561286227378974 0.039111654942962759 0.0045911684752481217 -0.074244531955721754 -0.0056188035175909808
leaf_weight=11.827855333685873 3.2579040229320553 3.8486060500144976 6.253386586904524 3.890446335077284 3.4246167372912186 6.6088257171213618 6.5646575838327399 27.745592258870602 7.9285807833075514 12.052769545465706 3.7781170904636383 11.425610380247234 6.3943024650216103 27.875291401520371 299.6189445592463 4.2366952300071699 4.1533372849225989 3.9310977831482887 3.1433204207569361 4.5263722315430641 10.964642301201819 139.26212822226807 207.99520682264119 10.098419975489376 5.6809779852628708 3.4836334735155088 3.7007675990462294 6.4339434430003166 5.1200492382049561 4.4850213639438152
leaf_count=65 16 19 26 23 20 34 32 147 63 71 28 78 39 161 1915 18 24 25 27 29 48 937 1341 93 38 27 18 36 30 37
internal_value=0 0.00209169 0.0402126 0.000100238 -0.00184127 -0.0132118 -0.000913276 0.00850954 0.0185433 -0.0381971 -0.00727354 0.0015262 0.0336969 0.000554499 0.00255234 0.000289584 -0.000626855 0.0307859 0.000118849 0 0.000179702 -0.00632521 0.00469198 -0.0156423 0.0658891 -0.0222696 -0.00689295 -0.0241492 -0.0463199 -0.0346102
internal_weight=859.711 401.609 19.7186 381.89 458.102 72.5882 48.8477 42.2388 35.6742 23.7405 11.6878 359.303 10.2847 349.018 311.045 385.514 374.203 11.3111 7.07442 7.78428 370.05 151.09 218.96 37.9737 11.9344 22.587 13.9833 10.2825 8.60368 7.90964
internal_count=5465 2548 109 2439 2917 432 276 242 210 156 85 2309 62 2247 1993 2485 2415 70 52 45 2391 1002 1389 254 64 130 73 55 57 57
is_linear=0
shrinkage=0.05


Tree=157
num_leaves=18
num_cat=0
split_feature=3 3 3 3 3 3 5 3 3 3 3 10 3 4 8 5 4
split_gain=1.38914 6.18964 3.80352 2.60923 9.74395 5.48702 9.48088 8.58097 2.41326 5.18801 4.69706 2.39634 1.70465 0.385306 0.480147 0.358016 0.233024
threshold=0.0043500000000000006 0.004850000000000001 0.0039500000000000013 0.0064500000000000009 0.0069500000000000004 0.005850000000000001 0.56500000000000006 0.0053500000000000015 0.0075500000000000003 0.0094500000000000018 0.0072500000000000004 0.34925000000000006 0.0041000000000000003 0.00035000000000000005 85649630.000000015 0.59500000000000008 1.0000000180025095e-35
decision_type=2 2 2 2 2 2 2 2 2 2 2 2 2 2 2 2 2
left_child=2 16 -1 5 13 6 7 -3 10 -10 -6 15 -4 -5 -15 -7 -2
right_child=1 3 12 4 8 11 -8 -9 9 -11 -12 -13 -14 14 -16 -17 -18
leaf_value=-0.028125768691785846 -0.02598485296819494 0.034946376536500984 0.058043450337542657 -0.053043314444728033 0.013094198267687575 0.031924923721689875 -0.053879144201053067 -0.039012321896286645 0.012625906181270026 -0.00077199938113795019 -0.029924726548928377 -0.01109876456294959 0.012995249476892177 -0.040163125112990528 0.013363213692917306 0.053751478400033741 -0.049738636087928445
leaf_weight=3.3188639134168616 3.1881161630153638 13.849822755903011 3.9267970621585828 8.8354549771174771 9.6512969359755534 15.443733774125581 6.8792962059378615 5.312819078564643 80.842698726803064 669.87888399045914 17.526197895407677 2.8506808429956427 5.3350264839828014 0.80412118602543958 0.52410322707146406 3.4883138574659815 5.5040964018553495
leaf_count=18 17 70 31 163 94 95 44 53 521 4026 107 22 39 47 19 39 60
internal_value=-1.50473e-06 -0.000253931 0.0164187 0.000179059 -0.000503653 0.0115108 -0.00381415 0.0140858 0.000128506 0.000665606 -0.0144725 0.0299945 0.0330447 -0.0489043 -0.0160845 0.0364706 -0.0419896
internal_weight=857.16 844.58 12.5807 835.887 788.063 47.8247 26.0419 19.1626 777.899 750.722 27.1775 21.7827 9.26182 10.1637 1.32822 18.932 8.69221
internal_count=5465 5377 88 5300 4977 323 167 123 4748 4547 201 156 70 229 66 134 77
is_linear=0
shrinkage=0.05


Tree=158
num_leaves=31
num_cat=0
split_feature=2 2 3 1 3 1 1 4 2 5 3 1 2 2 4 3 3 3 3 2 3 3 8 2 4 3 2 3 2 1
split_gain=1.36556 4.35323 6.04213 5.08235 5.27221 17.8456 4.98831 4.28134 4.5309 7.55366 6.23742 6.43641 5.43049 11.5305 4.2833 9.60087 8.69629 3.20255 14.0978 11.4329 14.5255 7.9191 6.5065 6.06836 5.88359 5.18288 4.45597 14.3611 6.85823 4.34857
threshold=18.050000000000004 19.350000000000005 0.40615000000000007 55.650000000000013 0.021950000000000001 51.650000000000013 51.050000000000004 0.037250000000000005 17.350000000000005 0.59500000000000008 0.017700000000000004 53.850000000000001 15.65 15.15 0.00065000000000000008 0.068950000000000025 0.030250000000000003 0.013650000000000001 0.015850000000000006 23.150000000000002 0.0064500000000000009 0.012050000000000002 152024040.00000003 26.800000000000001 0.00035000000000000005 0.011050000000000003 24.900000000000002 0.041150000000000006 25.250000000000004 49.150000000000013
decision_type=2 2 2 2 2 2 2 2 2 2 2 2 2 2 2 2 2 2 2 2 2 2 2 2 2 2 2 2 2 2
left_child=7 2 3 4 6 -6 -2 8 9 14 -10 -12 13 -11 16 -16 -1 19 23 20 29 25 -22 -19 -23 -21 27 -20 -28 -3
right_child=1 17 -4 -5 5 -7 -8 -9 10 12 11 -13 -14 -15 15 -17 -18 18 26 21 22 24 -24 -25 -26 -27 28 -29 -30 -31
leaf_value=-0.0021555615727604067 0.06702753955679501 -0.023549664456621114 -0.042561974390254748 -0.023332982108793865 -0.022393257734462692 0.063877131668022988 0.00077242074356591794 0.047133970416745836 -0.043011283405898222 0.035360892236311142 -0.017778127489066847 0.060196903805129633 0.068072936855464658 -0.072545156034805908 -0.040013132132374243 -0.0020935912942815784 0.047700396173705577 0.0054691624290360173 0.024940049048283057 0.0021725520871385107 -0.057790233551107684 -0.054024286766586709 0.0047728178151616668 0.061999547577826011 0.012813531069735588 0.036113394900264266 -0.062131484439264563 -0.0077858256015382668 -0.0027799444828146471 0.054226144173496041
leaf_weight=126.07244768412784 11.292004302144049 2.4982228744775048 3.9631115868687621 5.5291652381420127 14.66356321424246 9.9506308957934362 3.9927627928555003 4.0860421806573859 16.16159239970148 10.664215140044691 9.7050386145710927 3.5157855078577986 5.8848265185952178 3.1015697717666617 23.615297697484493 57.472739066928625 9.292240768671034 7.6187846176326302 62.351679410785437 89.237425361759961 23.772053143009547 10.058590717613695 4.8387121371924868 13.567054614424704 4.6646081134676924 12.84651732444763 4.888508364558219 71.973093751817942 222.96078446414322 5.3853297494351864
leaf_count=789 68 23 29 38 82 77 62 34 125 73 55 32 36 38 168 350 49 44 362 678 158 57 44 77 22 59 23 396 1375 42
internal_value=-2.92006e-06 0.00134593 0.0155353 0.0207958 0.0270792 0.0123978 0.0501626 -0.0029533 -0.00376046 -0.00142944 -0.0222535 0.00287849 0.0281398 0.0103401 -0.00414872 -0.0132342 0.00126263 2.80584e-05 0.00247986 -0.00606816 -0.0304621 0.00153005 -0.0470555 0.0420264 -0.0325678 0.00652385 0.000141769 0.00737512 -0.00410197 0.0289672
internal_weight=855.624 586.053 49.3912 45.4281 39.899 24.6142 15.2848 269.572 265.486 236.103 29.3824 13.2208 19.6506 13.7658 216.453 81.088 135.365 536.661 383.36 153.301 36.4943 116.807 28.6108 21.1858 14.7232 102.084 362.174 134.325 227.849 7.88355
internal_count=5465 3716 356 327 289 159 130 1749 1715 1503 212 87 147 111 1356 518 838 3360 2277 1083 267 816 202 121 79 737 2156 758 1398 65
is_linear=0
shrinkage=0.05


Tree=159
num_leaves=14
num_cat=0
split_feature=3 3 3 3 1 3 0 1 3 3 10 1 4
split_gain=1.30311 5.7147 3.553 2.37855 1.87953 1.45442 8.8426 9.62091 6.97299 9.08799 2.29551 0.691715 0.703162
threshold=0.0043500000000000006 0.004850000000000001 0.0039500000000000013 0.0049500000000000004 51.95000000000001 0.005850000000000001 62.500000000000007 50.150000000000013 0.0064500000000000009 0.0069500000000000004 0.34925000000000006 51.350000000000001 1.0000000180025095e-35
decision_type=2 2 2 2 2 2 2 2 2 2 2 2 2
left_child=2 11 -1 -3 -4 6 7 -5 10 -10 -7 12 -2
right_child=1 3 4 5 -6 8 -8 -9 9 -11 -12 -13 -14
leaf_value=-0.027117428449169503 -0.078580133349587536 0.034601817074960704 0.010212078172619361 -0.022705372112854023 0.057424859946970885 0.034893318716137552 -0.073363173718561936 0.05814528353413996 -0.048163237532614908 0.00013821412036499101 -0.012044614356259397 -0.024125212483124443 -0.029135556488112075
leaf_weight=3.2879113852977744 2.0653368383645994 4.8855654783546916 5.0061534047126752 10.856745295226579 4.0741747692227364 18.506400333717469 4.6179654896259299 5.4257873576134434 9.7604738776572031 773.73221324570477 2.80444411933422 4.4214572757482529 2.0187074802815914
leaf_count=18 11 23 38 70 32 134 35 39 229 4748 22 28 38
internal_value=-9.21088e-07 -0.000245186 0.0160387 0.000168781 0.032335 -3.30649e-05 -0.0130284 0.00412155 0.000299785 -0.000463197 0.0284555 -0.0407836 -0.0566156
internal_weight=851.463 839.095 12.3682 830.59 9.08033 825.704 20.9005 16.2825 804.804 783.493 21.3108 8.5055 4.08404
internal_count=5465 5377 88 5300 70 5277 144 109 5133 4977 156 77 49
is_linear=0
shrinkage=0.05


Tree=160
num_leaves=19
num_cat=0
split_feature=2 2 3 3 4 4 9 3 0 2 2 3 4 3 3 4 4 1
split_gain=1.3251 8.03789 6.3456 6.82527 7.65302 6.52697 14.6205 7.60446 5.67767 5.20763 5.82984 4.185 4.94018 3.03642 6.58088 4.03126 0.873215 0.019339
threshold=16.650000000000002 16.750000000000004 0.14260000000000003 0.12330000000000001 0.0024500000000000004 0.00065000000000000008 0.33765000000000006 0.030250000000000003 61.500000000000007 16.950000000000003 17.050000000000004 0.20560000000000003 0.020750000000000005 0.14595000000000002 0.10340000000000001 0.0070500000000000016 0.0094500000000000018 47.850000000000001
decision_type=2 2 2 2 2 2 2 2 2 2 2 2 2 2 2 2 2 2
left_child=2 -2 3 4 5 7 -7 -1 11 -3 -11 -4 -13 14 -12 -15 -10 -6
right_child=1 9 8 -5 17 6 -8 -9 16 10 13 12 -14 15 -16 -17 -18 -19
leaf_value=-0.0046936426666991087 0.063963075098032687 -0.045635288974747973 0.037572927218097928 -0.060487702589226471 0.050592782420330162 -0.037021436717311798 0.044371415279641252 0.047020803250400374 0.068266126237694 0.052319312205457949 0.00039435161566631592 -0.051253236741740517 0.016176536433907377 -0.04207794532150741 0.023768332321919061 -0.0046789690165398639 0.031459536902740004 0.033186432815498317
leaf_weight=120.04809607751667 4.9490052685141555 5.9254019260406485 5.4731462448835435 5.6319653913378707 3.4678934961557371 35.443906553089619 6.3921264894306651 7.4489193409681311 4.7148217633366567 5.4005308151245108 536.61649904493243 5.0608140304684621 5.5045267567038536 8.4520719051361066 31.839098211377859 49.132875356823206 3.9366110228002071 4.8284157402813435
leaf_count=792 31 32 23 40 15 234 52 41 27 28 3453 43 38 66 181 317 27 25
internal_value=-2.19733e-06 0.00111508 -0.00347613 -0.00670504 -0.00493858 -0.00727011 -0.02439 -0.0015986 0.0202192 0.000609278 0.00105831 0.00220298 -0.0158313 0.000599836 0.00171627 -0.0103183 0.0526404 0.0415738
internal_weight=850.267 642.315 207.951 183.261 177.629 169.333 41.836 127.497 24.6899 637.366 631.441 16.0385 10.5653 626.041 568.456 57.5849 8.65143 8.29631
internal_count=5465 4108 1357 1199 1159 1119 286 833 158 4077 4045 104 81 4017 3634 383 54 40
is_linear=0
shrinkage=0.05


Tree=161
num_leaves=31
num_cat=0
split_feature=2 2 2 2 2 5 4 5 3 2 4 4 4 4 3 3 3 3 2 3 3 5 3 3 2 4 4 3 4 4
split_gain=1.28797 5.63993 4.50057 5.71301 6.8331 5.96654 4.38426 7.00215 7.5909 5.16346 4.24626 6.90901 5.31808 4.40335 12.9789 4.21417 16.3935 11.5233 18.0241 12.9798 12.9704 9.28203 8.8632 6.85823 5.88252 3.58348 3.16081 3.03331 4.33032 2.88739
threshold=28.650000000000002 31.650000000000002 26.150000000000002 26.600000000000005 26.950000000000003 0.56500000000000006 0.013550000000000001 0.54500000000000015 0.096950000000000022 38.850000000000009 0.00085000000000000017 0.0010500000000000004 0.00055000000000000003 0.00015000000000000004 0.0063500000000000006 0.015850000000000006 0.014350000000000002 0.021150000000000006 16.050000000000004 0.022650000000000003 0.017700000000000004 0.49500000000000005 0.013150000000000002 0.016550000000000006 13.350000000000003 0.0039500000000000013 0.00045000000000000004 0.096950000000000022 0.0015500000000000004 0.0047500000000000007
decision_type=2 2 2 2 2 2 2 2 2 2 2 2 2 2 2 2 2 2 2 2 2 2 2 2 2 2 2 2 2 2
left_child=2 10 15 -4 -5 26 7 -3 9 -9 12 -12 13 14 -2 16 22 18 20 -19 -17 -21 24 -20 -1 -7 -6 28 -13 -29
right_child=1 6 3 4 5 25 -8 8 -10 -11 11 27 -14 -15 -16 17 -18 19 23 21 -22 -23 -24 -25 -26 -27 -28 29 -30 -31
leaf_value=0.02042747752617784 0.02729486620585457 -0.037235098691582022 -0.05233117081055022 0.03872251421635145 0.02211094398255066 -0.054132448437606742 0.042936411977483296 -0.0061858940061722536 -0.039771645107073504 0.012291457978091938 0.06452409789871047 0.00029914135816046131 -0.033531424837694022 0.034688325957502202 -0.07634100781377369 -0.063318473055600552 -0.052987665826222635 -0.056571792053315396 0.0064302574300637173 0.0566656470544196 0.040532353169800944 -8.0035600517329337e-07 0.046985428818617218 0.052740420167587614 -0.0069600580219283757 -0.0021286141290082113 -0.01701989043293315 -0.043749357640521569 0.053123347274557031 0.014893880328334009
leaf_weight=22.075539136305451 9.2246768772602099 13.617679649963973 8.6259506568312627 6.5524566471576682 9.8210107423365134 11.33017570525408 5.2601570636034003 76.202081937342882 11.085114918649195 74.521009619347751 9.3119330629706365 8.1680810153484362 7.6347690224647513 12.687651198357342 4.357314705848693 8.4166386127471906 16.59973032027483 9.8628676086664182 11.195336595177649 7.3252956420183173 4.5038478896021834 263.43907326087356 8.933187607675789 30.62573966383934 165.64169347239658 4.9642486646771422 10.608259186148642 3.6274100989103299 7.6393112018704405 4.5586238205432892
leaf_count=160 61 108 62 36 68 94 33 440 86 557 58 35 34 68 25 44 116 45 76 39 25 1588 53 195 1141 50 65 17 51 35
internal_value=0 0.00302588 -0.00125718 -0.0153158 -0.00771885 -0.0162236 -0.00155034 -0.00293646 0 0.00291868 0.0153869 0.028056 0.00274859 0.0135695 -0.00590266 6.62681e-05 -0.00541848 0.00356932 0.0245337 -0.000509637 -0.0267007 0.00153416 -0.00135275 0.0405076 -0.0037035 -0.0387036 0.00156408 0.013486 0.0263155 -0.0107032
internal_weight=848.417 247.896 600.521 51.9021 43.2762 36.7237 180.686 175.426 161.808 150.723 67.2098 33.3054 33.9044 26.2696 13.582 548.619 213.25 335.369 54.7416 280.627 12.9205 270.764 196.65 41.8211 187.717 16.2944 20.4293 23.9934 15.8074 8.18603
internal_count=5465 1608 3857 375 313 277 1224 1191 1083 997 384 196 188 154 86 3482 1470 2012 340 1672 69 1627 1354 271 1301 144 133 138 86 52
is_linear=0
shrinkage=0.05


Tree=162
num_leaves=25
num_cat=0
split_feature=1 1 1 5 3 1 3 10 3 11 8 7 3 1 3 1 3 3 3 3 3 3 8 5
split_gain=1.28912 3.67056 4.62536 6.08017 4.66187 4.20642 3.0578 2.45169 2.46657 2.11927 2.41258 2.46774 1.89678 8.19649 4.52264 1.80973 3.6148 1.75657 5.64416 3.9483 1.75252 0.471369 0.124901 0.102548
threshold=59.45000000000001 55.550000000000004 56.350000000000001 0.59500000000000008 0.041250000000000009 57.45000000000001 0.093500000000000014 0.32690000000000002 0.17060000000000003 1.0550000000000004 384561000.00000006 2.7340000000000003e-05 0.47985000000000005 48.050000000000004 0.34235000000000004 55.750000000000007 0.016350000000000003 0.0064500000000000009 0.0078500000000000011 0.0117 0.038000000000000006 0.004850000000000001 108297830.00000001 0.55500000000000016
decision_type=2 2 2 2 2 2 2 2 2 2 2 2 2 2 2 2 2 2 2 2 2 2 2 2
left_child=1 9 4 5 15 6 -4 8 17 10 12 -12 14 -14 -1 -3 -17 -2 -19 -20 -7 -13 -9 -10
right_child=7 2 3 -5 -6 20 -8 22 23 -11 11 21 13 -15 -16 16 -18 18 19 -21 -22 -23 -24 -25
leaf_value=0.00049676846429386006 0.030672637999356517 -0.037545198155342074 0.019246995206868091 0.046281726546691999 -0.057389014173401753 -0.01807652800441864 -0.028882268484963669 0.014494324092160109 0.057981016100188576 0.031296656718499308 0.016352820605852733 -0.012451473618117274 0.015797845545952777 -0.042732473262029586 0.034436285464332875 -0.024627936758179727 0.036540328302393309 -0.062493654325252793 0.029903856341234599 -0.0036559738633173532 -0.058485504946027736 -0.054439846593341272 0.050659618267964238 0.026770471000182788
leaf_weight=665.07809652620926 4.7210744991898528 4.3398111537098911 13.673937536776068 5.5443617105484 9.2018210589885694 14.914814841002228 4.1870070844888678 0.82821531966328565 1.6965724863111966 5.426666021347045 2.0544207990169516 1.2784220362082122 11.767562240362169 11.822368420660494 9.8717421293258649 5.6600444652140123 4.0535385459661484 3.3767909854650489 10.939441174268721 41.763749949634075 3.4699576124548903 4.0959305558353662 3.0588012700900435 1.7241306975483892
leaf_count=4128 34 26 95 31 71 97 32 28 15 33 10 34 73 79 63 50 21 22 84 275 18 51 69 26
internal_value=0 -0.000584442 -0.011947 -0.00185455 -0.0297836 -0.00946241 0.00758804 0.00658485 0.00413028 0.000448979 0.000200378 -0.0279406 0.000510762 -0.0133808 0.0010056 -0.0110772 0.000500699 0.0016858 -0.000715705 0.00325869 -0.026249 -0.0457751 0.0447647 0.0448774
internal_weight=844.549 776.441 65.0453 41.7901 23.2552 36.2457 17.8609 68.1088 64.2218 711.395 705.969 7.42877 698.54 23.5899 674.95 14.0534 9.71358 60.8011 56.08 52.7032 18.3848 5.37435 3.88702 3.4207
internal_count=5465 4912 441 273 168 242 127 553 456 4471 4438 95 4343 152 4191 97 71 415 381 359 115 85 97 41
is_linear=0
shrinkage=0.05


Tree=163
num_leaves=21
num_cat=0
split_feature=9 8 2 9 3 8 8 8 9 1 9 2 2 3 1 10 4 1 2 1
split_gain=1.28518 3.48487 6.24442 2.62676 3.51192 2.87835 2.84952 4.5505 3.79809 3.47297 3.00411 6.72465 2.12771 2.00633 3.5487 1.19272 1.00637 0.488968 0.167301 0.278668
threshold=0.70230000000000004 151157180.00000003 18.950000000000003 0.6795000000000001 0.0076500000000000014 139379309.60000002 280149104.50000006 209559025.00000003 0.62900000000000011 52.45000000000001 0.56490000000000007 18.250000000000004 22.850000000000005 0.035650000000000008 44.550000000000004 0.31625000000000009 0.00055000000000000003 45.95000000000001 19.650000000000002 35.550000000000004
decision_type=2 2 2 2 2 2 2 2 2 2 2 2 2 2 2 2 2 2 2 2
left_child=3 13 -3 6 15 -6 7 10 -9 17 12 -12 -1 18 -15 -5 -4 -8 -2 -20
right_child=1 2 16 4 5 -7 9 8 -10 -11 11 -13 -14 14 -16 -17 -18 -19 19 -21
leaf_value=-0.0019315021653641441 -0.058087400652356326 0.066867459322631592 -0.052777041923771188 -0.047226133826535184 0.0031590327964712327 0.06355055357791331 -0.014836799598466245 0.066337056808868769 -0.0078017469538999434 0.0081810748033292035 -0.042217586043538896 0.0033640258316011704 0.003354246208016979 -0.041015415955990731 0.040540718283666323 0.015118074902210982 0 -0.056588999217247832 -0.007392769606448666 -0.048300621533230052
leaf_weight=400.2289110571146 3.8295747786760348 3.0585534274578086 1.8853341005742552 1.7836315864697092 3.4809296913444978 5.1208326742053032 1.3208507914096097 4.6212341338396064 2.5174192655831575 4.2514020130038261 13.279898388311265 19.987819509580731 362.19763121847063 3.0451192408800125 2.1895780153572559 1.0701000913977621 1.6714092157781122 5.0084970109164715 1.1997302547097208 1.1649907194077966
leaf_count=2409 19 17 23 44 27 39 22 43 35 31 201 152 2205 27 20 12 31 67 23 18
internal_value=0 -0.013168 0.0150731 0.000284551 0.0239568 0.0400033 -4.55873e-05 0.000289539 0.039755 -0.0257067 -6.3197e-05 -0.0147535 0.000573094 -0.0299371 -0.00584424 -0.022435 -0.0287097 -0.0490198 -0.0490869 -0.0307168
internal_weight=842.913 18.0443 6.6153 824.869 11.4555 8.60176 813.414 802.833 7.13865 10.5807 795.694 33.2677 762.427 11.429 5.2347 2.85373 3.55674 6.32935 6.1943 2.36472
internal_count=5465 178 71 5287 122 66 5165 5045 78 120 4967 353 4614 107 47 56 54 89 60 41
is_linear=0
shrinkage=0.05


Tree=164
num_leaves=19
num_cat=0
split_feature=9 8 2 11 9 8 8 8 9 1 9 3 1 3 1 4 1 7
split_gain=1.19485 3.22038 5.79626 2.50703 1.99555 5.0633 2.59175 4.25383 3.61323 3.30115 2.65087 1.85089 3.28565 1.51867 1.1413 0.896669 0.483005 0.260216
threshold=0.70230000000000004 151157180.00000003 18.950000000000003 0.91500000000000015 0.6795000000000001 139379309.60000002 280149104.50000006 209559025.00000003 0.62900000000000011 52.45000000000001 0.56490000000000007 0.035650000000000008 44.550000000000004 0.0080500000000000016 43.650000000000013 0.011250000000000001 45.95000000000001 0.00014694500000000002
decision_type=2 2 2 2 2 2 2 2 2 2 2 2 2 2 2 2 2 2
left_child=3 11 -3 4 6 -6 7 10 -9 16 -1 17 -13 -7 -4 -5 -8 -2
right_child=1 2 14 15 5 13 9 8 -10 -11 -12 12 -14 -15 -16 -17 -18 -19
leaf_value=0.00032043896506284771 -0.056773126654460486 0.065127558477296302 0.006716146412793441 0.04717546951355775 -0.047537133747106469 0.0090014421700911808 -0.014301223203636415 0.065291354463632864 -0.0074301365752747336 0.0077715653861757331 -0.01412896167140691 -0.04012505138449135 0.03903397288241147 0.061718439040635467 -0.048940934626191819 0.011113606840029711 -0.056103084724072549 -0.026175980503964882
leaf_weight=757.2239445252344 3.9895871132612246 2.9877329170703879 1.2512841634452345 3.5022665336728087 1.7950041964650134 2.3794484445825219 1.3059329874813537 4.4660297734662882 2.5161928627640009 4.2567792534828186 33.015489161480218 2.961418192833662 2.1648963540792465 4.3385191708803177 2.2330222129821777 4.3739386647939682 4.8052959479391575 2.0983043685555458
leaf_count=4584 21 17 29 21 35 39 22 43 35 31 353 27 20 36 25 21 67 39
internal_value=-3.62082e-07 -0.012828 0.0146061 0.000270431 0 0.0239376 -0.000257497 6.07938e-05 0.0386437 -0.0249761 -0.000278629 -0.029092 -0.00563144 0.0441858 -0.0279287 0.0281663 -0.0483493 -0.0476287
internal_weight=841.665 17.6862 6.47204 823.979 816.103 8.51297 807.59 797.222 6.98222 10.368 790.239 11.2142 5.12631 6.71797 3.48431 7.87621 6.11123 6.08789
internal_count=5465 178 71 5287 5245 110 5135 5015 78 120 4937 107 47 75 54 42 89 60
is_linear=0
shrinkage=0.05


Tree=165
num_leaves=20
num_cat=0
split_feature=2 2 2 2 0 2 2 2 0 2 2 2 3 2 2 3 0 3 3
split_gain=1.12166 10.2587 6.05993 11.7319 6.38069 5.68178 5.60626 4.71034 22.4604 8.53014 7.03497 5.33891 3.37517 5.58387 2.90801 2.86922 2.35506 0.583926 0.3326
threshold=36.250000000000007 35.70000000000001 38.850000000000009 39.300000000000004 60.500000000000007 41.350000000000001 34.650000000000013 33.150000000000013 61.500000000000007 32.650000000000013 33.250000000000007 29.950000000000003 0.032350000000000011 37.550000000000004 37.650000000000013 0.021050000000000003 62.500000000000007 0.039850000000000003 0.039550000000000009
decision_type=2 2 2 2 2 2 2 2 2 2 2 2 2 2 2 2 2 2 2
left_child=1 6 12 -4 17 16 7 9 -9 11 -10 -1 13 -2 -14 -7 -6 -5 -3
right_child=2 18 3 4 5 15 -8 8 10 -11 -12 -13 14 -15 -16 -17 -18 -19 -20
leaf_value=-0.00077587832585937488 -0.044436578869649829 0.057366220460760092 0.079163485856099919 -0.055492417246055518 0.010982781291863475 -0.014118205745823995 -0.043795739513574121 0.087555009253049182 0.035744351856794719 -0.050198006838218581 -0.044976569925515519 0.017243510513529035 -0.019499055939680453 0.020616991480179848 -0.064394227295809597 0.0066597683716226154 0.053376058822938457 -0.022244699680178406 0.030519301979251564
leaf_weight=629.37145604891703 5.4408155754208583 7.1817645654082281 4.5522913783788672 5.1281675491482011 7.5614991933107358 34.487135264091194 7.124442145228385 8.2111505195498484 3.8364999294280997 8.3354411572217924 8.2527360394597036 43.864673048257828 8.5343996882438642 7.974404513835907 6.9616665989160529 31.534761534072459 6.3390627801418304 2.8703040555119514 3.0280618444085121
leaf_count=4061 29 48 21 52 54 265 31 42 17 43 78 256 41 39 43 251 49 25 20
internal_value=0 0.000744852 -0.00444942 0.00175324 -0.00228342 0.00193956 1.77451e-05 0.000475778 0.0241521 -0.00022552 -0.0188666 0.000393135 -0.0243987 -0.00553043 -0.0402725 -0.00412311 0.0309156 -0.0446007 0.0502621
internal_weight=840.591 719.206 121.385 92.4732 87.9209 79.9225 708.996 701.872 20.3004 681.572 12.0892 673.236 28.9113 13.4152 15.4961 66.0219 13.9006 7.99847 10.2098
internal_count=5465 4596 869 717 696 619 4528 4497 137 4360 95 4317 152 68 84 516 103 77 68
is_linear=0
shrinkage=0.05


Tree=166
num_leaves=31
num_cat=0
split_feature=1 2 2 2 3 2 1 1 8 2 4 3 2 2 3 2 1 9 9 2 8 0 8 3 1 11 2 4 8 3
split_gain=1.1588 4.08677 3.83259 8.61926 6.84322 6.11062 5.54004 2.55371 5.35276 6.44089 8.27515 9.12472 3.15584 3.6283 2.84417 2.27524 2.36745 2.2257 4.62837 3.87607 3.39286 4.77165 4.28695 3.79806 4.60206 2.74705 2.17428 1.63186 0.959317 0.310324
threshold=60.750000000000007 18.850000000000005 22.950000000000003 25.650000000000002 0.016000000000000004 26.600000000000005 72.950000000000017 55.150000000000013 139379309.60000002 22.150000000000002 0.00015000000000000004 0.019550000000000001 38.050000000000004 30.650000000000002 0.0078500000000000011 21.050000000000004 65.550000000000011 0.50980000000000014 0.33765000000000006 19.050000000000004 88819100.000000015 65.500000000000014 132194174.10000001 0.029650000000000006 53.050000000000004 0.91500000000000015 18.850000000000005 0.00025000000000000006 136678915.80000004 0.018450000000000005
decision_type=2 2 2 2 2 2 2 2 2 2 2 2 2 2 2 2 2 2 2 2 2 2 2 2 2 2 2 2 2 2
left_child=7 29 4 -4 -3 -5 -7 17 9 10 -9 -12 13 -11 -10 -6 -17 18 25 -20 23 22 -22 27 -25 26 -1 -19 -23 -2
right_child=1 2 3 5 15 6 -8 8 14 12 11 -13 -14 -15 -16 16 -18 20 19 -21 21 28 -24 24 -26 -27 -28 -29 -30 -31
leaf_value=-0.0033733226401346573 0.024342983758643168 -0.080596233507180814 0.058170810415431741 -0.059043590678252059 0.037520781985494994 -0.0023862650886909832 0.068612609655338927 0.028471840199145879 -0.0061349545688266895 0.0011455523124493106 -0.066158050389681394 -0.015216318461196776 -0.038666836687953537 0.047902853959263816 0.051301695921676452 -0.03839320544795586 0.018884621769350938 -0.011664416445810821 0.060719381644677252 -0.011673962677639668 0.02651791714601185 0.050516770374620261 -0.013431404938414599 -0.024225342031808383 0.046714125757081684 0.039861661800039083 0.0029272814190423289 -0.058741241170902285 0.01520590153477025 0.053721164707308235
leaf_weight=209.23595451563597 2.5325438231229773 3.4151415303349486 7.4018113017082205 3.9584389925003078 2.8505412768572551 18.853388631716374 3.0940096909180275 6.0533787608146659 3.3323490619659406 26.878842979669574 13.850157552398739 24.971718318760395 3.8551195235922924 4.8620679080486289 5.2652140967547894 4.2355380114167929 2.8784683775156736 2.9033024609088915 5.7969053462147695 2.4987305551767349 7.809607768431305 4.0962346829473955 42.613718044944108 7.7808028794825059 3.1071726232767105 4.4263217225670806 394.22396694682539 7.3584043369628489 4.8046385552734137 4.0561897829174995
leaf_count=1219 22 21 52 40 33 144 48 34 20 160 106 151 47 28 60 28 27 15 51 13 90 32 448 60 17 27 2270 105 44 53
internal_value=0 0.00712368 0.00177131 0.0109461 -0.0206094 -0.00252648 0.00766174 -0.000489568 -0.00845989 -0.0125174 -0.0251075 -0.0336421 0.00324044 0.00859281 0.0286502 4.95465e-05 -0.0145838 0.000523345 0.0015517 0.0384389 -0.00728079 -0.00105006 -0.00710482 -0.0244353 -0.00328494 0.00103385 0.00073421 -0.0461457 0.0323924 0.0437092
internal_weight=839.001 53.2761 46.6873 33.3076 13.3797 25.9058 21.9474 785.725 89.0688 80.4713 44.8753 38.8219 35.596 31.7409 8.59756 9.96455 7.11401 696.656 616.182 8.29564 80.4739 59.3242 50.4233 21.1497 10.888 607.886 603.46 10.2617 8.90087 6.58873
internal_count=5465 468 393 284 109 232 192 4997 606 526 291 257 235 188 80 88 55 4391 3580 64 811 614 538 197 77 3516 3489 120 76 75
is_linear=0
shrinkage=0.05


Tree=167
num_leaves=30
num_cat=0
split_feature=1 4 1 1 8 1 1 4 4 8 9 9 8 0 8 1 4 11 4 1 0 1 4 1 1 8 1 8 1
split_gain=1.06545 3.2325 2.38795 2.33305 4.91267 5.91661 9.33371 2.91404 4.16834 2.57724 2.02288 4.30547 3.15798 4.37109 3.88519 2.6006 2.63576 2.53127 1.96949 1.78973 1.18696 1.11867 1.10815 5.48321 4.88442 1.8243 1.05391 0.915547 0.188382
threshold=60.750000000000007 0.0021500000000000004 74.800000000000026 55.150000000000013 139379309.60000002 56.45000000000001 56.750000000000007 0.0011500000000000002 0.00025000000000000006 154359110.00000003 0.50980000000000014 0.33765000000000006 88819100.000000015 65.500000000000014 132194174.10000001 53.750000000000007 0.0045500000000000011 0.91500000000000015 0.0013500000000000003 53.750000000000007 65.500000000000014 61.850000000000001 0.00015000000000000004 62.350000000000001 63.250000000000007 89723835.000000015 55.550000000000004 136678915.80000004 61.550000000000004
decision_type=2 2 2 2 2 2 2 2 2 2 2 2 2 2 2 2 2 2 2 2 2 2 2 2 2 2 2 2 2
left_child=3 2 22 10 5 7 -7 8 -5 -6 11 17 15 14 -14 16 -12 19 -13 -1 -8 -3 24 28 -2 -25 -9 -15 -24
right_child=1 21 -4 4 9 6 20 26 -10 -11 12 18 13 27 -16 -17 -18 -19 -20 -21 -22 -23 23 25 -26 -27 -28 -29 -30
leaf_value=-4.1330652343102746e-05 -0.052059833798630065 0.0036898799340260068 -0.039431539970393364 -0.045727473298332287 0.056488968373455198 0.06249029886046481 -0.011839036121996542 -0.022628532726732244 0.002815456241492579 0.00029584850822776595 -0.044675335884459842 0.0043005186774634175 0.025257442599883825 0.04926081687450444 -0.012808065719863624 0.017563341693700565 -0.0027449662714593534 0.038571891703576909 0.056865786479091331 0.010618057970552416 0.012432718887678416 0.052035777405412209 0.028566941189915731 -0.0095146125764351067 0.022158011331227551 0.035996240213316016 -0.05635878039809479 0.014508051355045726 0.047263213835128617
leaf_weight=561.22159101814032 3.8558512777090055 1.915564864873885 3.1083763111382714 6.9018668718636098 3.9818141534924489 5.0793904140591613 37.241715017706156 4.1225161300972095 11.506032416597007 4.4458456486463547 11.827195865567779 3.1110978648066503 7.7947628628462544 3.9957644222304207 42.462096438743174 3.0331268748268476 5.8689654171466819 4.3509032651782027 4.9664137847721577 42.178849745541811 5.5447831973433486 4.7603351231664419 6.0357616767287237 20.507347866892818 4.8549308516085148 2.3388403095304957 9.2616096436977369 4.7891743704676628 5.137420192360878
leaf_count=3212 21 18 34 41 50 33 230 33 83 30 131 15 90 32 448 32 34 27 49 277 30 99 40 122 38 53 76 44 43
internal_value=0 0.00688448 0.00199995 -0.00046559 -0.00813042 -0.0120227 -0.000797405 -0.0287112 -0.0152638 0.0277828 0.000498869 0.00147633 -0.00697689 -0.00098143 -0.00676644 -0.0237266 -0.0311436 0.000982805 0.0375316 0.000697132 -0.00855537 0.0391606 0.00521562 0.00936522 -0.0103452 -0.00450105 -0.046585 0.0312544 0.03795
internal_weight=836.2 52.5144 45.8385 783.686 88.0856 79.6579 47.8659 31.792 18.4079 8.42766 695.6 615.829 79.7711 59.0418 50.2569 20.7293 17.6962 607.751 8.07751 603.4 42.7865 6.6759 42.7302 34.0194 8.71078 22.8462 13.3841 8.78494 11.1732
internal_count=5465 468 351 4997 606 526 293 233 124 80 4391 3580 811 614 538 197 165 3516 64 3489 260 117 317 258 59 175 109 76 83
is_linear=0
shrinkage=0.05


Tree=168
num_leaves=25
num_cat=0
split_feature=2 2 1 3 3 3 3 3 3 1 4 1 3 1 4 3 1 4 4 1 3 3 1 4
split_gain=1.12217 2.7707 4.00055 1.79025 6.95709 5.18945 6.38545 5.15588 4.70295 4.92391 4.52458 10.587 4.76899 3.37647 10.2498 3.25477 3.09265 2.43341 0.857548 0.809628 2.45566 0.553991 0.175366 0.0191518
threshold=46.750000000000007 59.400000000000013 60.350000000000001 0.22465000000000004 0.34235000000000004 0.17785000000000004 0.17705000000000001 0.19675000000000004 0.47985000000000005 48.050000000000004 0.0025500000000000006 49.750000000000007 0.053750000000000006 47.350000000000001 0.011350000000000001 98.225550000000013 55.750000000000007 0.013650000000000001 0.035800000000000005 43.45000000000001 0.18300000000000002 0.016200000000000003 41.150000000000013 0.0080500000000000016
decision_type=2 2 2 2 2 2 2 2 2 2 2 2 2 2 2 2 2 2 2 2 2 2 2 2
left_child=3 2 21 5 13 6 10 -7 17 15 12 -12 -1 14 -5 -10 -11 -6 -19 -3 -21 -2 -23 -15
right_child=1 19 -4 4 8 7 -8 -9 9 16 11 -13 -14 23 -16 -17 -18 18 -20 20 -22 22 -24 -25
leaf_value=0.00082201371472246385 -0.0095495441176608881 0.03369095060711403 0.04824027680804413 0.060009387196363652 -0.0020309807885521207 0.062263187140909143 -0.065249056480573039 -0.00054536986339986568 0.038674115717122592 -0.037071328583593202 0.028545419570225012 -0.0092876427721503285 -0.01271502777509563 -0.044623588671201017 -0.058506712132647465 -0.015964364029950738 0.020491658866907847 0.070308802403757129 0.02923731929705279 -0.036060340752270804 0.042528927306658915 -0.017761464312382163 -0.054212460352530689 -0.065169380843317193
leaf_weight=602.51473159086891 1.3886341527104358 2.4426944255828849 1.2428430169820774 2.9545408040285137 3.1179268807172758 6.6997286230325681 3.5925943851470938 5.9868617951869965 6.8490048646926898 12.259835846722124 42.921230129897594 32.099456574767828 72.791798941791058 3.9392876178026182 4.3894349448382854 4.2552796453237534 2.6878108792006961 3.0930171012878418 3.5584120750427246 2.2346652951091528 1.6207839064300062 0.94452863931655873 5.6986889746040106 4.7558808624744415
leaf_count=3882 9 16 23 17 17 37 21 33 46 83 198 220 493 23 36 26 26 17 29 41 13 4 121 34
internal_value=0 -0.0132516 -0.0306517 0.000254912 -0.00871799 0.000869503 0.000327047 0.03246 0.00342617 -0.00752722 0.000656344 0.0123002 -0.000631418 -0.0360033 -0.00998941 0.0173342 -0.026321 0.0329225 0.0498353 0.011669 -0.00151834 -0.0439173 -0.0501116 -0.0570429
internal_weight=834.04 15.5728 9.27469 818.467 51.8604 766.606 753.92 12.6866 35.8213 26.0519 750.327 75.0207 675.307 16.0391 7.34398 11.1043 14.9476 9.76936 6.65143 6.29814 3.85545 8.03185 6.64322 8.69517
internal_count=5465 227 157 5238 354 4884 4814 70 244 181 4793 418 4375 110 53 72 109 63 46 70 54 134 125 57
is_linear=0
shrinkage=0.05


Tree=169
num_leaves=18
num_cat=0
split_feature=3 3 3 3 3 3 0 3 3 3 3 10 3 0 4 4 8
split_gain=1.09386 5.23228 3.41074 2.20331 8.1513 4.6177 8.29994 7.44531 2.04795 4.51584 4.08775 1.96389 1.56352 0.375224 0.351646 0.321168 0.61417
threshold=0.0043500000000000006 0.004850000000000001 0.0039500000000000013 0.0064500000000000009 0.0069500000000000004 0.005850000000000001 62.500000000000007 0.0053500000000000015 0.0075500000000000003 0.0094500000000000018 0.0072500000000000004 0.34925000000000006 0.0041000000000000003 65.500000000000014 1.0000000180025095e-35 0.00035000000000000005 196165884.00000003
decision_type=2 2 2 2 2 2 2 2 2 2 2 2 2 2 2 2 2
left_child=2 14 -1 5 15 6 7 -3 10 -10 -6 13 -4 -7 -2 -5 -17
right_child=1 3 12 4 8 11 -8 -9 9 -11 -12 -13 -14 -15 -16 16 -18
leaf_value=-0.027301572648972813 -0.021957046650356637 0.032719535170219548 0.056737994679336046 -0.05069647661669982 0.012690403704077091 0.029709887696046607 -0.051362086193650042 -0.037606089256295785 0.011954719628559941 -0.00074449004320425256 -0.028148020700283761 -0.0092078541221156992 0.012246258414640332 0.052583162434603863 -0.048566692702640496 -0.039871158355824082 0.02915998618456557
leaf_weight=3.2822562456130973 3.1414494737982732 13.661863692104822 3.566897936165331 8.1178320839535427 9.2723786039277929 14.940423514693981 6.5957194939255706 5.0355289019644252 78.274661999195814 652.07632126752287 17.022360488772392 2.7929623797535887 5.2629864737391472 3.1366617400199166 5.1621092325076461 0.75607671029865631 0.35245848167687654
leaf_count=18 17 70 31 163 94 95 44 53 521 4026 107 22 39 39 60 50 16
internal_value=0 -0.000222136 0.0148531 0.000177909 -0.000455848 0.0107786 -0.00341634 0.0134143 0.000110192 0.000611141 -0.0135641 0.0281547 0.0312131 0.0342213 -0.0394756 -0.0469158 -0.0131888
internal_weight=832.451 820.339 12.1121 812.035 765.872 46.1632 25.2931 18.6974 756.646 730.351 26.2947 20.87 8.82988 18.0771 8.30356 9.22637 1.10854
internal_count=5465 5377 88 5300 4977 323 167 123 4748 4547 201 156 70 134 77 229 66
is_linear=0
shrinkage=0.05


Tree=170
num_leaves=12
num_cat=0
split_feature=10 10 2 2 0 4 4 4 2 2 2
split_gain=1.06426 3.75206 1.21304 7.33321 6.06695 5.30775 8.05614 4.72922 4.55009 5.35749 1.84351
threshold=0.66195000000000015 0.65000000000000013 16.650000000000002 16.750000000000004 67.500000000000014 0.0042500000000000012 0.0035500000000000006 0.0057500000000000008 16.950000000000003 17.050000000000004 15.350000000000003
decision_type=2 2 2 2 2 2 2 2 2 2 2
left_child=1 2 4 -4 5 6 -1 -7 -5 -10 -6
right_child=-2 -3 3 8 10 7 -8 -9 9 -11 -12
leaf_value=-0.0057227527767934232 -0.028740030788414684 0.056323363403871743 0.062500515509377366 -0.043467681323573391 0.063856752512858536 0.078932933228918242 -0.060469141983105303 0.0088518564721586281 0.050547566398842808 0.00047734302036445472 0.0038743274268950179
leaf_weight=164.27500530239195 3.1092972699552766 2.8580058477818957 4.7086082994937888 5.7245461344718924 4.1064448878169051 2.7510464563965824 6.9375067576766005 17.459232516586781 5.2933052629232398 611.67569816950709 2.1271199425682425
leaf_count=1080 27 34 31 32 28 13 40 124 28 4001 27
internal_value=0 0.000108806 -8.66639e-05 0.000983274 -0.00350693 -0.00512083 -0.00800426 0.0189792 0.000500111 0.000923147 0.0445623
internal_weight=831.026 827.917 825.059 627.402 197.656 191.423 171.213 20.2103 622.694 616.969 6.23356
internal_count=5465 5438 5404 4092 1312 1257 1120 137 4061 4029 55
is_linear=0
shrinkage=0.05


Tree=171
num_leaves=14
num_cat=0
split_feature=14 2 1 8 2 8 1 2 8 9 10 9 2
split_gain=1.06126 2.05437 1.52664 1.37464 2.23653 1.33215 3.59593 4.5585 3.03609 1.83182 4.54038 1.71662 0.0123779
threshold=51.440000000000005 10.600000000000001 50.850000000000001 656974312.00000012 15.350000000000003 209559025.00000003 51.550000000000004 18.950000000000003 381333240.00000006 0.56490000000000007 0.40995000000000004 0.33765000000000006 9.8500000000000032
decision_type=2 2 2 2 2 2 2 2 2 2 2 2 2
left_child=1 2 12 5 -5 9 7 -7 -8 11 -11 -3 -1
right_child=-2 3 -4 4 -6 6 8 -9 -10 10 -12 -13 -14
leaf_value=-0.029864807575076587 0.022346787656648232 7.2903171252321843e-05 0.005327092593945584 0.019762029625230812 -0.055325128044764395 0.035379697024085333 0.06159135117878544 -0.031110617984270172 -0.0046512954399913512 -0.004035965061325926 -0.05308581021825759 0.013161155661404914 -0.055815459965912841
leaf_weight=1.7393887639045709 5.1792273968458167 720.57655591983348 1.8775910660624502 1.3630928508937348 2.6515142740681767 4.1116414275020379 5.0799871552735558 6.4746447708457708 2.3754458725452423 45.400505990954116 5.2159785218536845 25.888296719640493 2.2432979978621006
leaf_count=28 32 4295 13 11 41 51 61 72 16 523 52 240 30
internal_value=0 -0.000142743 -0.029393 6.39786e-05 -0.0287547 0.000215558 0.0136147 -0.00472893 0.0400412 -8.31252e-05 -0.0092838 0.000535219 -0.0467156
internal_weight=830.177 824.998 5.86028 819.138 4.01461 815.123 18.0417 10.5863 7.45543 797.081 50.6165 746.465 3.98269
internal_count=5465 5433 71 5362 52 5310 200 123 77 5110 575 4535 58
is_linear=0
shrinkage=0.05


Tree=172
num_leaves=22
num_cat=0
split_feature=2 2 3 3 3 3 3 3 3 3 3 3 3 2 2 2 3 0 3 3 2
split_gain=1.06174 2.6632 3.23866 1.69409 6.3828 4.5491 5.75642 4.59144 4.35494 3.96733 3.96226 9.85692 5.53358 2.37267 1.80999 1.30385 0.815285 0.591158 1.25346 0.179193 0.0659657
threshold=46.750000000000007 59.400000000000013 0.016200000000000003 0.22465000000000004 0.34235000000000004 0.17785000000000004 0.17705000000000001 0.19675000000000004 0.47985000000000005 1.1536500000000001 0.10035000000000001 0.087550000000000003 0.11565000000000002 18.150000000000002 16.350000000000005 24.750000000000004 0.25040000000000007 62.500000000000007 0.12015000000000002 0.16495000000000001 20.050000000000004
decision_type=2 2 2 2 2 2 2 2 2 2 2 2 2 2 2 2 2 2 2 2 2
left_child=3 2 -2 5 16 6 10 -7 15 14 11 -1 -12 -11 -10 -6 20 -3 -19 -4 -5
right_child=1 17 19 4 8 7 -8 -9 9 13 12 -13 -14 -15 -16 -17 -18 18 -20 -21 -22
leaf_value=0.000688985676650186 0.015219932205639631 0.031553381109092914 -0.05387270221558698 -0.055699116982892996 0.046932569829464622 0.058816393696263285 -0.063252715710961291 -0.00053678409724430712 0 0.03935829460304472 0.041690396683011111 -0.034331410011285 0.0041598204222909902 -0.0039575224671448833 -0.040789182717831836 0.0075350868684495101 -0.023148172656505726 0.027232273387600356 -0.027087468229133112 -0.017796435562594609 -0.033151466454933741
leaf_weight=674.95126079255715 2.5492919925600273 2.2018734700977793 5.4265690678730607 4.349896326661109 5.7231056615710241 6.6372598186135274 3.4412142634391776 5.9881091713905334 3.8047039601951864 4.6987649574875823 13.304147273302076 20.606114476919174 38.275019336491823 8.7260959520935995 8.4608087316155416 3.8832904249429703 8.671235114336012 2.0048381090164185 2.0434450581669807 0.97682687826454628 2.6786816492676735
leaf_count=4371 32 27 120 48 40 37 21 33 27 36 61 125 236 48 70 23 46 11 32 5 16
internal_value=0 -0.0130487 -0.0305515 0.000244718 -0.00856058 0.000840675 0.000331296 0.0304898 0.00312442 -0.00747229 0.000639273 -0.000346104 0.013999 0.0110124 -0.028034 0.0317634 -0.0350011 0.0113211 0 -0.0494964 -0.0483929
internal_weight=829.403 15.2028 8.95269 814.2 50.9966 763.203 750.578 12.6254 35.2968 25.6904 747.137 695.557 51.5792 13.4249 12.2655 9.6064 15.6998 6.25016 4.04828 6.4034 7.02858
internal_count=5465 227 157 5238 354 4884 4814 70 244 181 4793 4496 297 84 97 63 110 70 43 125 64
is_linear=0
shrinkage=0.05


Tree=173
num_leaves=30
num_cat=0
split_feature=4 3 3 5 1 2 3 2 1 5 3 1 2 2 3 10 1 8 4 2 1 1 1 3 3 2 1 1 4
split_gain=1.055 4.86752 7.91543 16.2895 10.567 5.43357 5.39179 5.90014 11.5037 9.26878 4.81961 12.6367 15.706 11.6172 9.83013 8.95022 6.63469 4.43959 4.39536 6.54775 4.34219 6.39025 4.32858 8.25702 7.1727 4.02016 5.18263 1.9196 0.997056
threshold=0.00035000000000000005 0.030250000000000003 0.012700000000000001 0.55500000000000016 47.750000000000007 21.450000000000003 0.012450000000000001 25.050000000000004 46.350000000000001 0.57500000000000007 0.018950000000000005 49.550000000000004 17.650000000000002 26.050000000000004 0.018100000000000002 0.28690000000000004 55.650000000000013 356427030.00000006 0.00025000000000000006 22.850000000000005 37.300000000000004 39.95000000000001 50.750000000000007 0.039750000000000008 0.019350000000000003 21.050000000000004 44.95000000000001 72.15000000000002 0.00045000000000000004
decision_type=2 2 2 2 2 2 2 2 2 2 2 2 2 2 2 2 2 2 2 2 2 2 2 2 2 2 2 2 2
left_child=1 2 6 4 -4 -6 7 8 -1 -9 11 15 28 16 -15 25 -14 -17 19 -5 -12 -22 24 -24 -23 -2 -27 -20 -13
right_child=10 -3 3 18 5 -7 -8 9 -10 -11 20 12 13 14 -16 17 -18 -19 27 -21 21 22 23 -25 -26 26 -28 -29 -30
leaf_value=-0.040741628305794031 0.078593550150602945 0.040813318791050025 -0.066339064700177752 -0.054159205515378145 0.050811114543963969 -0.0069781439978486752 0.065035968699844585 0.0038304475313204762 0.0001068667522988074 0.053304996177126029 -0.052042528975700664 -0.025409594084954898 0.059340692158965293 -0.031589249701630878 0.055087311113767384 -0.052265855322610966 0.0047198333748748817 0.050830367377984867 -0.052050974295612451 0.01273776226775717 0.049889189989609194 -0.048540138374939659 0.023009018276408628 -0.0020123357226285474 -0.0033778821483914055 0.063996895846318541 0.01716532700976282 -0.011032518013261992 -0.060773168334471307
leaf_weight=19.725247980095446 6.622566193342208 6.2450863420963278 3.0909950733184841 5.8820586428046218 12.284323148429396 5.8133027702569953 3.153495952486991 52.871077125892043 130.11323643079959 11.514078155159948 4.010719805955886 3.5134616889990857 12.759764369577171 17.626376307569448 3.8850187063217154 3.9932276643812648 10.200298026204107 1.269269526004791 25.698853712528948 9.1441023498773557 6.1248334348201743 9.0160583108663541 47.053091237321496 108.61212937533855 268.39567708037794 9.3526870328933018 17.212704569101334 3.6357498317956916 9.3682320564985258
leaf_count=157 30 33 17 36 71 38 13 366 909 82 28 24 127 143 36 68 66 10 151 50 38 48 306 823 1547 77 84 18 69
internal_value=0 -0.00243799 -0.00342444 -0.0186444 0.0172068 0.032037 0.00114857 0.000154877 -0.00526081 0.0128245 0.001305 0.0114718 -0.00332353 0.0106859 -0.0155214 0.0336218 0.0354172 -0.0259833 -0.0358812 -0.0133037 -0.000883442 -0.000393143 -0.00112716 0.00552871 -0.00488066 0.043273 0.0340187 -0.0471917 -0.051783
internal_weight=828.188 289.172 282.927 65.5494 21.1886 18.0976 217.377 214.224 149.838 64.3852 539.016 95.8036 57.3532 44.4715 21.5114 38.4505 22.9601 5.2625 44.3608 15.0262 443.213 439.202 433.077 155.665 277.412 33.188 26.5654 29.3346 12.8817
internal_count=5465 1941 1908 381 126 109 1527 1514 1066 448 3524 734 465 372 179 269 193 78 255 86 2790 2762 2724 1129 1595 191 161 169 93
is_linear=0
shrinkage=0.05


Tree=174
num_leaves=17
num_cat=0
split_feature=9 8 2 9 3 8 9 9 8 8 3 8 9 9 1 8
split_gain=1.07433 2.92337 5.36991 2.42522 3.0487 2.35477 2.23506 3.51379 3.45304 4.70585 1.61045 2.82844 1.37034 0.814216 0.643687 0.195693
threshold=0.70230000000000004 151157180.00000003 18.950000000000003 0.6795000000000001 0.0076500000000000014 139379309.60000002 0.66345000000000021 0.65215000000000012 293438341.00000006 209559025.00000003 0.035650000000000008 86796760.000000015 0.68230000000000013 0.82720000000000005 54.45000000000001 136529291.35000002
decision_type=2 2 2 2 2 2 2 2 2 2 2 2 2 2 2 2
left_child=3 10 -3 6 12 -6 7 8 9 -1 15 -12 -5 -4 -10 -2
right_child=1 2 13 4 5 -7 -8 -9 14 -11 11 -13 -14 -15 -16 -17
leaf_value=-0.00020246304931272223 -0.059438920500535092 0.063793848257723967 -0.048451343653242412 0.023223619873907468 0.0054174511278664399 0.061940815773246928 -0.040854471831305923 0.048349471581524188 -0.051527290776785264 0.041159408689501728 -0.038452867262534003 0.037199759600761675 -0.046877054441937245 0 -0.0080755798175183441 -0.031786542724135426
leaf_weight=777.49187507666647 2.6502957232296485 2.8661483675241461 1.8810245022177698 0.93526112660765592 3.3708553463220579 4.6790493316948414 3.2428827453404656 3.6581077612936488 3.7137030307203522 6.8370667276903978 2.8009488359093666 2.0220510885119438 1.7451692679896949 1.4680365864187477 1.5313334614038465 3.1873667538166046
leaf_count=4940 34 17 16 8 27 39 31 31 70 84 28 19 48 38 9 26
internal_value=0 -0.0124486 0.0141329 0.000261248 0.0237636 0.0392423 -5.20491e-05 0.000113585 -0.000109655 0.000156919 -0.0283978 -0.00560837 -0.0206636 -0.0275349 -0.0401651 -0.0459724
internal_weight=824.081 16.8759 6.21521 807.205 10.7303 8.0499 796.475 793.232 789.574 784.329 10.6607 4.823 2.68043 3.34906 5.24504 5.83766
internal_count=5465 178 71 5287 122 66 5165 5134 5103 5024 107 47 56 54 79 60
is_linear=0
shrinkage=0.05


Tree=175
num_leaves=31
num_cat=0
split_feature=1 1 3 4 3 2 2 4 2 3 3 3 0 1 4 3 2 2 2 1 1 3 2 1 4 3 1 2 2 1
split_gain=1.04142 2.95097 3.70239 7.08333 5.75662 3.24083 2.78562 2.38281 2.78662 3.59574 5.77536 5.30206 2.19495 6.95084 10.5683 7.55879 6.73218 4.66763 5.53472 3.26809 5.88001 7.35747 5.14441 3.56564 2.63547 1.92583 1.82413 1.5196 2.4532 1.0346
threshold=59.45000000000001 55.550000000000004 0.091200000000000017 0.0013500000000000003 0.020950000000000003 22.150000000000002 23.750000000000004 0.0021500000000000004 33.150000000000013 0.041150000000000006 0.022650000000000003 0.020350000000000004 62.500000000000007 50.050000000000004 0.00015000000000000004 0.019050000000000001 25.550000000000004 42.850000000000001 28.650000000000002 42.050000000000004 38.650000000000013 0.0086500000000000014 43.350000000000001 46.350000000000001 0.0025500000000000006 0.023650000000000001 61.850000000000001 37.250000000000007 45.150000000000006 57.45000000000001
decision_type=2 2 2 2 2 2 2 2 2 2 2 2 2 2 2 2 2 2 2 2 2 2 2 2 2 2 2 2 2 2
left_child=1 12 3 4 5 -3 -4 8 9 10 11 -2 19 14 16 -16 -14 18 -15 20 21 -1 24 -24 -21 -22 -9 -10 -29 -6
right_child=7 2 6 -5 29 -7 -8 26 27 -11 -12 -13 13 17 15 -17 -18 -19 -20 22 25 -23 23 -25 -26 -27 -28 28 -30 -31
leaf_value=0.046565539390238345 0.0014669284622832002 -0.017378584157745802 -0.057100431095218722 0.041755172913084386 -0.030967699523395387 0.01189962379151108 0.0058870627045253532 0.0044458586918193219 0.049603506493835256 -0.043091971127660847 0.044263539886154425 -0.056284937587987194 -0.062424408975573512 0.01042255053651394 0.024364735480643582 -0.0054103788950841496 -0.0014075570911636632 -0.035152041770311497 0.041654446019769836 -0.0036431874546302766 0.012634823889753462 -0.035657734168677978 -0.054516396113660152 -0.0083202233603921448 0.0060976232667950174 0.056956136804162262 0.051807958207789155 -0.040550038262907026 0.047850413775827355 -0.070130979640599181
leaf_weight=3.9670779705047634 33.464100241661072 21.213584184646606 6.5798215195536596 6.6711178049445143 4.7001746594905836 16.72485575824976 2.1700976267457008 4.0759082511067373 4.3072377368807784 4.7120837569236746 6.8652079589664927 4.3887014687061301 11.307573079131545 93.670416004024446 28.550383002264425 82.779811272397637 7.7787385359406462 4.640273103490471 16.864170514047146 320.99558897688985 4.2239703163504583 8.0194241106510145 7.7062893882393864 9.7360344910994154 88.240834195166826 7.4310686513781548 4.577692786231637 1.4945017248392107 1.4355876771733163 3.8436332792043686
leaf_count=26 240 166 55 39 28 115 21 31 31 34 51 23 124 635 197 510 53 52 131 1947 26 98 48 77 501 46 99 7 37 17
internal_value=0 -0.000523904 -0.0109791 -0.0058716 -0.0128893 -0.00434272 -0.0410237 0.0060512 0.00220141 -0.00196785 0.00234046 -0.00522781 0.000400373 0.00420762 -0.00366661 0.00219553 -0.0379542 0.0131627 0.0152661 -0.00166536 0.0163611 -0.00787114 -0.00267949 -0.0292099 -0.00152965 0.0415629 0.0303769 0.0309971 0.00126115 -0.0497722
internal_weight=823.136 757.815 61.9033 53.1534 46.4822 37.9384 8.74992 65.321 56.6674 49.4301 44.718 37.8528 695.912 245.591 130.417 111.33 19.0863 115.175 110.535 450.32 23.6415 11.9865 426.679 17.4423 409.236 11.655 8.6536 7.23733 2.93009 8.54381
internal_count=5465 4912 441 365 326 281 76 553 423 348 314 263 4471 1702 884 707 177 818 766 2769 196 124 2573 125 2448 72 130 75 44 45
is_linear=0
shrinkage=0.05


Tree=176
num_leaves=14
num_cat=0
split_feature=3 3 3 3 1 2 8 3 2 1 1 1 3
split_gain=1.02738 4.86168 3.19581 2.09451 1.72036 1.3327 1.64786 1.54812 1.21307 0.67253 0.61709 0.611262 0.377597
threshold=0.0043500000000000006 0.004850000000000001 0.0039500000000000013 0.0049500000000000004 51.95000000000001 10.600000000000001 481989614.50000006 0.023050000000000005 10.850000000000003 50.850000000000001 49.95000000000001 51.350000000000001 0.0044500000000000008
decision_type=2 2 2 2 2 2 2 2 2 2 2 2 2
left_child=2 11 -1 -3 -4 7 8 -5 -7 -9 -8 12 -2
right_child=1 3 4 5 -6 6 10 9 -10 -11 -12 -13 -14
leaf_value=-0.026389931894981622 -0.07627624131272788 0.032624011785456292 0.0096027664646642814 -0.05729695531954368 0.056167393242877284 0.028952332635162833 -0.0097683836557651057 -0.019703934793496893 0.00016817309765317353 0.02122785957569092 -0.055346118929481353 -0.022703677237643521 -0.033735978695643647
leaf_weight=3.2445863336324683 1.5833053700625881 4.8401947095990172 4.9079338610172254 2.0756097808480254 3.7131510451436043 3.5812739599496117 1.9378120526671403 2.5207129009068017 782.37052647559904 1.4694687128067014 1.665998227894306 4.2474852502346039 2.1912116864696145
leaf_count=18 21 23 38 19 32 24 31 46 5134 8 15 28 28
internal_value=0 -0.000217269 0.0145417 0.000167028 0.0306458 -2.82172e-05 0.000146298 -0.0231889 0.000309359 -0.00325704 -0.0331138 -0.0387092 -0.054379
internal_weight=820.349 808.484 11.8657 800.462 8.62108 795.621 789.556 6.06579 785.952 3.99018 3.60381 8.022 3.77452
internal_count=5465 5377 88 5300 70 5277 5204 73 5158 54 46 77 49
is_linear=0
shrinkage=0.05


Tree=177
num_leaves=15
num_cat=0
split_feature=14 2 2 2 1 0 2 1 4 4 2 1 1 1
split_gain=1.0033 1.79318 1.11997 8.91045 7.65901 8.80533 5.29036 5.11723 5.05545 4.83434 4.44779 3.82602 1.78299 1.12816
threshold=51.440000000000005 9.8500000000000032 36.250000000000007 35.70000000000001 43.050000000000004 62.500000000000007 34.650000000000013 45.150000000000013 0.00045000000000000004 0.0015500000000000004 33.150000000000013 41.550000000000004 49.150000000000013 40.850000000000001
decision_type=2 2 2 2 2 2 2 2 2 2 2 2 2 2
left_child=1 -1 3 6 5 11 10 8 -6 -9 -3 -4 -5 -7
right_child=-2 2 4 12 7 13 -8 9 -10 -11 -12 -13 -14 -15
leaf_value=-0.040539266825052371 0.021908085941620754 -0.00016173792788905364 0.017589023368454526 0.016471813867916237 0.018560385711705863 0.028389906342152178 -0.042601546833628899 -0.012758390529313346 -0.041134354201487477 0.015363833284006805 0.023967106459370672 -0.038709385204123675 0.064007423187449369 0.066288421467399758
leaf_weight=2.6379632614552966 5.0910773649811736 658.15194445266388 6.3927813917398471 3.4526721984148008 4.1202646344900158 3.8248797655105573 7.0841413885354987 48.764799077995121 19.969211831688881 22.034364206716418 19.560050206258893 5.4563488066196442 6.286327064037323 7.0406868904829025
leaf_count=37 32 4297 40 24 23 30 31 381 142 179 137 34 44 34
internal_value=0 -0.000143224 -8.80529e-07 0.000757183 -0.00451713 0.0214288 7.10687e-05 -0.0107968 -0.0306829 -0.00392625 0.000530723 -0.00802411 0.048002 0.053784
internal_weight=819.868 814.776 812.138 694.535 117.603 22.7147 684.796 94.8886 24.0895 70.7992 677.712 11.8491 9.739 10.8656
internal_count=5465 5433 5396 4533 863 138 4465 725 165 560 4434 74 68 64
is_linear=0
shrinkage=0.05


Tree=178
num_leaves=16
num_cat=0
split_feature=9 8 2 9 3 8 9 9 8 8 9 9 4 1 1
split_gain=0.959868 2.69812 4.92548 2.25776 2.80976 2.29782 2.01809 3.24001 3.1415 4.31396 1.47006 2.52284 1.423 1.07464 0.633167
threshold=0.70230000000000004 151157180.00000003 18.950000000000003 0.6795000000000001 0.0076500000000000014 139379309.60000002 0.66345000000000021 0.65215000000000012 293438341.00000006 209559025.00000003 0.72105000000000008 0.75365000000000004 0.00015000000000000004 43.650000000000013 54.45000000000001
decision_type=2 2 2 2 2 2 2 2 2 2 2 2 2 2 2
left_child=3 10 -3 6 12 -6 7 8 9 -1 -2 -12 -5 -4 -10
right_child=1 2 13 4 5 -7 -8 -9 14 -11 11 -13 -14 -15 -16
leaf_value=-0.00020852600272160072 -0.043943724146971952 0.062128612998806204 0.0073778331878502391 -0.047302094002176165 0.0049923198447551003 0.061184479186960176 -0.039266829016748973 0.046786053492217296 -0.051069747105339652 0.039548208402292895 0.031057265286626896 -0.041887807547801678 0.025189687194464929 -0.047456913862946121 -0.007645800734054119
leaf_weight=773.4256512990687 5.8558078892529029 2.7919754683971396 1.2325551174581053 1.691153241321443 3.3765995800495148 4.5162128768861294 3.1686533335596314 3.5993824694305649 3.4800105821341267 6.78314239764586 2.2430186904966831 2.2620927952229977 0.90993737615644921 2.0929346233606339 1.5312580317258833
leaf_count=4940 57 17 29 39 27 39 31 31 70 84 28 22 17 25 9
internal_value=0 -0.0119107 0.0137413 0.000244031 0.0231748 0.0381339 -5.63787e-05 9.97475e-05 -0.000113822 0.000135736 -0.0275211 -0.00459818 -0.0200975 -0.0260513 -0.0391884
internal_weight=818.96 16.4784 6.11747 802.482 10.4939 7.89281 791.988 788.819 785.22 780.209 10.3609 4.50511 2.60109 3.32549 5.01127
internal_count=5465 178 71 5287 122 66 5165 5134 5103 5024 107 50 56 54 79
is_linear=0
shrinkage=0.05


Tree=179
num_leaves=13
num_cat=0
split_feature=10 10 2 7 8 1 1 2 2 1 1 1
split_gain=0.9774 2.51331 2.83826 1.6328 1.59689 1.39891 2.06655 5.1239 2.15625 0.742732 1.01293 0.299678
threshold=0.66195000000000015 0.4835000000000001 19.050000000000004 0.00014694500000000002 187983749.00000003 34.250000000000007 39.95000000000001 23.150000000000002 41.800000000000004 34.650000000000013 58.750000000000007 52.250000000000007
decision_type=2 2 2 2 2 2 2 2 2 2 2 2
left_child=1 3 11 5 9 -1 7 -7 -8 -5 -11 -3
right_child=-2 2 -4 4 -6 6 8 -9 -10 10 -12 -13
leaf_value=-0.027289255479129589 -0.027696888097811196 0.060724292810200989 -0.0084954920852368335 0.0043597233279295215 0.0075303925934215483 -0.033998698125917166 0.00060408623863577183 0.032994862583929481 -0.0094733596688121521 -0.052939251394674508 0 0.025732422626704433
leaf_weight=4.5441795885562888 3.0734028946608296 3.3269313611090165 3.1473316699266434 0.75925225019454767 2.9336399976164103 3.5281152501702335 719.8981889244169 12.585947036743162 57.19026507390663 4.2871350275818259 1.0239372812211511 1.7769091352820394
leaf_count=32 27 29 38 16 41 30 4515 88 479 135 15 20
internal_value=0 0.000105814 0.0273983 -0.000170489 -0.0212273 6.35378e-05 0.000229962 0.0178993 -0.000132259 -0.0358323 -0.0424764 0.0502312
internal_weight=818.075 815.002 8.25117 806.751 9.00396 797.747 793.203 16.1141 777.088 6.07032 5.31107 5.10384
internal_count=5465 5438 87 5351 207 5144 5112 118 4994 166 150 49
is_linear=0
shrinkage=0.05


Tree=180
num_leaves=16
num_cat=0
split_feature=2 2 0 4 4 4 2 4 0 2 2 4 12 2 2
split_gain=0.968583 6.77704 5.29722 4.53861 7.48977 8.15739 4.49708 4.22496 4.17056 3.96404 4.95927 3.87901 2.05017 1.80693 1.79462
threshold=16.650000000000002 16.750000000000004 67.500000000000014 0.0042500000000000012 0.0035500000000000006 0.0026500000000000004 15.250000000000002 0.007150000000000001 61.500000000000007 16.950000000000003 17.050000000000004 0.049250000000000009 -0.95499999999999996 17.650000000000002 15.350000000000003
decision_type=2 2 2 2 2 2 2 2 2 2 2 2 2 2 2
left_child=2 -2 3 4 5 6 -1 -5 11 -3 -11 -9 13 -12 -4
right_child=1 9 14 7 -6 -7 -8 8 -10 10 12 -13 -14 -15 -16
leaf_value=-0.00074924228929504789 0.06103046680630269 -0.041196257047352934 0.062381167757903394 0.054584337698507401 -0.058842133522258734 0.063380843491248895 -0.018327157510308886 -0.034003679054045367 0.04205895912004956 0.049112514469918704 -0.012245082614807359 0.037108986109973673 0.035116138193004645 0.00083200552760883274 0.0027829447876815219
leaf_weight=106.70793988183141 4.5634792186319819 5.5400134846568099 3.9134913161396971 5.5709911063313511 6.647886984050273 4.1372616291046134 55.628375605912879 7.192095071077345 4.5989882238209239 5.1904877424240103 27.581273104995489 2.4547172859311104 4.1425735726952544 571.44712803885341 2.122514212038368
leaf_count=762 31 32 28 31 40 21 342 55 26 28 191 25 27 3799 27
internal_value=0 0.000974271 -0.00303549 -0.00451123 -0.00712883 -0.00499963 -0.00681109 0.0180263 0.00310052 0.000509828 0.000904548 -0.0152004 0.000473342 0.000219604 0.0426257
internal_weight=817.439 618.465 198.974 192.938 173.121 166.474 162.336 19.8168 14.2458 613.901 608.361 9.64681 603.171 599.028 6.03601
internal_count=5465 4108 1357 1302 1165 1125 1104 137 106 4077 4045 80 4017 3990 55
is_linear=0
shrinkage=0.05


Tree=181
num_leaves=31
num_cat=0
split_feature=1 1 0 2 2 0 1 4 4 2 2 2 2 0 2 1 2 2 2 9 9 2 1 2 0 2 2 2 0 2
split_gain=0.967902 8.0071 5.35244 3.9558 4.99696 3.72859 5.03298 3.45152 5.19911 4.69559 3.94889 5.03529 3.96917 3.34104 13.7373 4.62902 8.3971 3.2811 7.82223 6.84203 6.82489 8.30451 4.98787 3.01657 2.21556 1.82284 1.01162 1.89475 3.28869 0.904961
threshold=52.750000000000007 51.850000000000001 54.500000000000007 21.350000000000005 11.950000000000001 62.500000000000007 52.250000000000007 0.014550000000000002 0.0049500000000000004 17.650000000000002 35.20000000000001 25.550000000000004 42.650000000000013 55.500000000000007 26.350000000000005 48.750000000000007 18.850000000000005 22.450000000000003 21.950000000000003 0.64615000000000011 0.59740000000000004 23.500000000000004 43.050000000000004 20.150000000000002 65.500000000000014 23.750000000000004 24.150000000000002 29.950000000000003 63.500000000000007 34.650000000000013
decision_type=2 2 2 2 2 2 2 2 2 2 2 2 2 2 2 2 2 2 2 2 2 2 2 2 2 2 2 2 2 2
left_child=1 13 -2 4 -3 6 -6 8 10 -9 11 -4 -12 14 15 -1 -17 18 19 -15 21 -19 -22 -10 -7 -25 -5 28 -28 -16
right_child=2 3 7 26 5 24 -8 9 23 -11 12 -13 -14 17 29 16 -18 20 -20 -21 22 -23 -24 25 -26 -27 27 -29 -30 -31
leaf_value=0.094994161832399032 -0.044997289977485672 0.063119452803696283 0.0022776061488479142 0.061988410524026386 0.018121624569882682 0.050764875337256092 -0.043035459036024799 -0.030854773167911926 0.0036394784775985929 0.050427897772777668 0.039979267453998359 -0.015691502102105605 -0.0085348885335174516 -0.0061084179889557295 -0.046748819079200303 -0.024127746092860888 0.067184711064472616 0.033991205022436216 -0.063428889933976829 0.033497782690721407 0.022353932143451105 0.0017352703097666504 -0.040938778993141675 -0.071300034010550781 -0.00069942941980504349 -0.025956216338063633 -0.024775505458052322 0.048826888405619356 0.045215996500202665 -0.010773330261927914
leaf_weight=3.8799685388803509 7.1440376080572596 3.4851022139191654 141.78636991884559 4.3242581114172962 5.6991655109450239 4.2034078678116193 7.7026516534388065 2.2590687517076713 4.0560806691646567 6.6112759076058865 11.184504844248297 53.506027895957232 6.4462198023684314 225.85653848596849 4.7056338489055616 4.1302034109830839 5.9691227227449417 21.847468197345734 5.6227067001163951 11.328964214771984 3.8021979127079275 225.3649077732116 14.148511178791521 4.3073074221611005 3.6990009346045554 5.8930416628718376 3.1283983848988992 7.5352187994867563 3.3106322251260281 3.5394722614437342
leaf_count=21 44 20 1041 31 41 32 55 20 31 57 86 370 101 1400 22 22 31 103 49 122 71 1318 141 27 30 36 24 65 24 30
internal_value=0 0.00112207 -0.0026417 0.0218275 0.00849336 -0.000462318 -0.0167163 -0.00132013 -0.00254046 0.0290565 -0.000552629 -0.00262547 0.0220112 -0.000554986 0.0183608 0.048565 0.0294811 -0.00139587 -0.00560037 -0.00418227 0.00243598 0.00461871 -0.027206 -0.0316703 0.0263427 -0.0460953 0.0394753 0.0317625 0.0105872 -0.0322185
internal_weight=816.477 573.284 243.194 43.0878 24.7893 21.3042 13.4018 236.05 227.18 8.87034 212.923 195.292 17.6307 530.196 22.2244 13.9793 10.0993 507.971 242.808 237.186 265.163 247.212 17.9507 14.2564 7.90241 10.2003 18.2985 13.9742 6.43903 8.24511
internal_count=5465 3652 1813 322 178 158 96 1769 1692 77 1598 1411 187 3330 126 74 53 3204 1571 1522 1633 1421 212 94 62 63 144 113 48 52
is_linear=0
shrinkage=0.05


Tree=182
num_leaves=17
num_cat=0
split_feature=3 3 3 3 2 3 2 1 1 3 3 2 3 1 1 4
split_gain=0.980705 4.52555 2.87313 1.93961 7.50484 7.38372 3.77059 4.68151 3.60664 1.97582 1.90502 13.1653 3.76 1.63193 0.561711 0.588369
threshold=0.0043500000000000006 0.004850000000000001 0.0039500000000000013 0.0064500000000000009 29.850000000000005 0.0069500000000000004 28.650000000000002 48.95000000000001 71.250000000000014 0.0062500000000000012 0.0075500000000000003 32.150000000000013 0.0094500000000000018 51.95000000000001 51.350000000000001 1.0000000180025095e-35
decision_type=2 2 2 2 2 2 2 2 2 2 2 2 2 2 2 2
left_child=2 14 -1 4 6 8 7 -3 -5 -6 11 -7 -12 -4 15 -2
right_child=1 3 13 5 9 10 -8 -9 -10 -11 12 -13 -14 -15 -16 -17
leaf_value=-0.024705599915086668 -0.07327020447281142 -0.009257652714585448 0.0094991028041172872 -0.056683995817082694 -0.056972368951819265 -0.042954128246454122 0.067161152392618398 0.028083383354108107 0.047636223402890768 0 0.011118701312601334 0.030079037576893588 -0.00065839891169779943 0.055515515047341805 -0.022117559156093574 -0.025030291537860846
leaf_weight=3.1883120387792578 1.9426102936267846 13.496603842824696 4.8953361846506578 7.8605175050906819 4.4736796338111153 15.137656118720772 3.600792981684207 21.271674429997802 0.79641953576356161 2.0719527900218964 75.64369055069983 10.20874523418024 640.09093675669283 3.5412629544734955 4.1547452062368393 1.7439848789945243
leaf_count=18 11 88 38 211 47 127 30 142 18 16 521 74 4026 32 28 38
internal_value=0 -0.000206751 0.014359 0.000162296 0.0102475 -0.0004365 0.0187908 0.0134597 -0.0460814 -0.0386082 9.60998e-05 -0.0133395 0.000580679 0.0298243 -0.0377672 -0.0530339
internal_weight=814.119 802.494 11.6249 794.653 44.9147 749.738 38.3691 34.7683 8.65694 6.54563 741.081 25.3464 715.735 8.4366 7.84134 3.6866
internal_count=5465 5377 88 5300 323 4977 260 230 229 63 4748 201 4547 70 77 49
is_linear=0
shrinkage=0.05


Tree=183
num_leaves=31
num_cat=0
split_feature=1 1 1 0 3 2 7 1 2 4 3 3 1 1 0 2 1 1 3 2 0 1 4 3 2 4 1 3 4 1
split_gain=1.00323 2.72587 3.48312 5.06621 4.24138 3.94079 4.26662 3.31944 3.52203 2.27133 2.35119 4.4539 5.8026 4.69179 3.83165 2.91377 2.68749 5.34153 2.45846 2.19513 1.92798 5.90848 9.8776 6.80162 6.08314 4.16024 17.7142 14.5532 2.7677 10.1214
threshold=59.45000000000001 55.550000000000004 56.350000000000001 65.500000000000014 0.041250000000000009 21.550000000000004 -0.0010800699999999998 57.45000000000001 14.750000000000002 0.0021500000000000004 0.011950000000000002 0.013650000000000001 62.350000000000001 65.550000000000011 62.500000000000007 26.600000000000005 61.750000000000007 69.800000000000011 0.0066500000000000005 25.550000000000004 62.500000000000007 50.050000000000004 0.00015000000000000004 0.019050000000000001 35.70000000000001 0.00025000000000000006 53.95000000000001 0.018100000000000002 0.0025500000000000006 49.150000000000013
decision_type=2 2 2 2 2 2 2 2 2 2 2 2 2 2 2 2 2 2 2 2 2 2 2 2 2 2 2 2 2 2
left_child=1 20 4 7 5 6 -3 8 -4 10 15 -12 14 -14 -13 16 -2 -18 -17 -9 28 22 24 -24 -22 26 -23 -27 -1 -30
right_child=9 2 3 -5 -6 -7 -8 19 -10 -11 11 12 13 -15 -16 18 17 -19 -20 -21 21 25 23 -25 -26 27 -28 -29 29 -31
leaf_value=-0.0036560967667013909 -0.035221645721930442 -0.052509807031090844 -0.03059630005187864 0.043560706260847189 -0.055178921471731063 0.02648666010940184 0.0233819028999845 -0.037736174223043983 0.020893353269291291 0.029969785354863922 -0.056729278663653362 0.053348788813951102 -0.051581746544592758 0.00099966641408838161 0 0.010093664723099673 0.044527314386801027 -0.049007311316840309 0.061855885052491746 -0.00072428433851066238 -0.049590164981739002 0.048877766088937104 0.023474344775058893 -0.0049527109468891321 0.029676492909370241 -0.021432522367486117 -0.051424019828273562 0.021811483570423618 0.021293683479017521 -0.010907277589511216
leaf_weight=348.26036484120414 3.8460853993892687 5.9588009864091891 4.3935659155249622 5.2194034159183493 8.1341410055756551 4.7966975569725028 2.4927992438897491 10.901124998927118 12.274011033121495 8.4929897896945459 3.6951052248477927 6.3038728833198565 6.5090376250445869 11.33741010725498 7.2953620329499245 5.1245442405343038 4.9633851498365402 2.0531145967543125 4.5857551684603095 6.7475807089358559 15.466170267201962 22.308136411011223 28.129611052339897 82.118896940723062 2.7139296606183043 29.627756267320365 5.3462725244462481 55.92293493822217 50.865662584081292 46.52540990896523
leaf_count=2200 22 41 34 31 71 29 27 68 93 130 28 44 33 79 50 37 41 32 57 47 159 166 197 510 18 226 31 395 286 283
internal_value=0 -0.000513726 -0.0106446 -0.00169885 -0.0268673 -0.00882695 -0.0295292 -0.00883454 0.00692098 0.00599421 0.00220265 -0.00555014 0.000466058 -0.01808 0.0251236 0.0156499 -0.00173746 0.0161513 0.0354297 -0.023951 0.000378373 0.00397974 -0.00332966 0.00226977 -0.0373861 0.0123118 0.0291914 0.00676939 -0.00156354 0.00586403
internal_weight=812.41 748.203 60.9181 39.5357 21.3824 13.2483 8.4516 34.3163 16.6676 64.2067 55.7137 35.1408 31.4457 17.8464 13.5992 20.5729 10.8626 7.0165 9.7103 17.6487 687.285 241.634 128.429 110.249 18.1801 113.205 27.6544 85.5507 445.651 97.3911
internal_count=5465 4912 441 273 168 97 68 242 127 553 423 234 206 112 94 189 95 73 94 115 4471 1702 884 707 177 818 197 621 2769 569
is_linear=0
shrinkage=0.05


Tree=184
num_leaves=24
num_cat=0
split_feature=3 3 3 3 3 2 2 2 2 3 2 2 3 3 0 2 2 0 2 2 2 0 2
split_gain=1.04582 5.30626 3.20411 5.11352 5.35781 4.56949 4.54055 4.25249 3.71469 5.16153 4.52429 3.18195 4.45769 4.58396 3.50006 3.46232 3.06572 3.03933 2.40525 1.24418 1.18253 1.1399 0.358017
threshold=0.22465000000000004 0.32860000000000006 0.17785000000000004 0.16200000000000003 0.13845000000000005 17.050000000000004 20.150000000000002 23.750000000000004 16.350000000000005 0.12330000000000001 17.350000000000005 16.350000000000005 0.42440000000000005 1.1077000000000001 62.500000000000007 19.150000000000002 27.150000000000002 61.500000000000007 21.750000000000004 22.550000000000004 27.850000000000005 62.500000000000007 14.250000000000002
decision_type=2 2 2 2 2 2 2 2 2 2 2 2 2 2 2 2 2 2 2 2 2 2 2
left_child=2 18 3 4 8 -4 -6 -7 9 -1 -10 17 14 20 15 -13 -9 22 -2 -5 -14 -15 -3
right_child=1 11 5 19 6 7 -8 16 10 -11 -12 12 13 21 -16 -17 -18 -19 -20 -21 -22 -23 -24
leaf_value=-0.0052228025607542819 -0.057010036211921827 0.017785389164677392 0.066534775634692442 -0.060708846891532213 0.062062840597847571 -0.041791446833285742 0.0020070907674274471 0.064545804131580509 0.018451982405297586 -0.057893834467192408 0.00057059118057021423 0.0071560672670283217 -0.061106719227370335 0.022176305186951403 -0.013517564264178567 0.081166544373955374 -0.0074937029238957321 0.066907267837543916 -0.010332958854958442 -0.014919777578671738 -0.022353011063240072 -0.011791219573296244 -0.0048822089363979825
leaf_weight=155.44957559602335 6.3650436606258136 3.2100242264568788 4.305885672569274 3.9854956939816466 6.3530406430363637 3.1370540112256986 6.5064034648239613 2.9207514077425003 37.884191647171974 4.7226094454526892 526.98400420928374 3.6293225660920161 5.3853448927402514 4.3637863025069219 4.679991252720356 2.9797731041908264 2.6382014006376266 3.1060334071516991 5.4394190311431885 3.0052162948995829 4.162089891731739 5.2904201522469521 3.0995694026350975
leaf_count=1086 66 24 21 31 41 15 38 22 215 40 3539 31 37 27 26 16 20 22 26 34 35 32 21
internal_value=0 -0.00687189 0.00047065 3.27895e-05 0.000445505 0.0249827 0.0323126 0.003317 -0.000117179 -0.00684214 0.00178175 0.00174404 -0.00598166 -0.0207252 0.0186185 0.0419821 0.029945 0.0270877 -0.036189 -0.0422179 -0.0451376 0.00311975 0.00596748
internal_weight=809.603 51.7108 757.892 744.891 737.9 13.0019 12.8594 8.69601 725.04 160.172 564.868 39.9064 30.4907 19.2016 11.2891 6.6091 5.55895 9.41563 11.8045 6.99071 9.54743 9.65421 6.30959
internal_count=5465 363 5102 5024 4959 78 79 57 4880 1126 3754 271 204 131 73 47 42 67 92 65 72 59 45
is_linear=0
shrinkage=0.05


Tree=185
num_leaves=26
num_cat=0
split_feature=2 2 1 0 2 3 3 4 2 4 4 2 2 0 2 1 2 1 1 3 1 1 3 1 1
split_gain=1.01576 7.90847 6.5974 8.07457 5.11459 6.62087 11.8825 11.0713 7.26507 6.61225 5.96632 4.83946 4.05567 19.4112 7.79599 7.69335 4.583 3.46918 2.40796 2.05658 1.60903 1.17417 0.569133 0.475608 0.229294
threshold=36.250000000000007 35.70000000000001 43.050000000000004 62.500000000000007 37.550000000000004 0.045450000000000011 0.05655000000000001 0.00075000000000000012 40.400000000000006 0.011500000000000002 0.00125 34.650000000000013 33.150000000000013 61.500000000000007 32.650000000000013 46.750000000000007 29.950000000000003 41.550000000000004 48.95000000000001 0.047550000000000009 49.150000000000013 40.850000000000001 0.026550000000000001 44.850000000000001 46.050000000000004
decision_type=2 2 2 2 2 2 2 2 2 2 2 2 2 2 2 2 2 2 2 2 2 2 2 2 2
left_child=1 11 3 17 19 7 18 8 -6 -8 -9 12 14 23 16 -15 -1 22 -7 -4 -3 -5 -2 -14 -16
right_child=2 20 4 21 5 6 9 10 -10 -11 -12 -13 13 15 24 -17 -18 -19 -20 -21 -22 -23 -24 -25 -26
leaf_value=-0.00062773152841189516 0.031177932369226002 0.016366195048907028 -0.01950550635433837 0.02539969275803157 0.038178656240928976 0.097373574029032545 -0.02246459985101364 -0.059287788155198307 -0.010628396432401889 0.073528233614150104 -0.0065868028920052822 -0.040767120444073671 0.099034208087221076 0.019149119687070778 -0.034627446658580627 -0.061606700651167801 0.016340342471911542 -0.03739374723435971 0.032951388792905746 -0.064434511261630939 0.062411165828022766 0.064093684664320763 0 0.062658949773997372 -0.059404376299513818
leaf_weight=605.32099291845225 3.1306095123291033 3.4190623313188535 5.8213831484317762 3.7228945046663267 10.38731901347637 3.9773225933313396 11.934056797064839 15.310575430281462 27.684871583245695 1.9971256610006083 8.6343531645834428 7.0673981308937064 4.0487485229969051 6.2186664380133134 3.9916667342185956 5.3511751443147659 42.475293334573507 5.4536809027194977 2.9394589848816395 5.3477824032306671 5.8589466214179993 6.9086330533027649 3.1554256975650787 3.8670242726802826 4.1559749096632004
leaf_count=4061 21 24 32 30 53 16 154 130 227 15 45 31 20 63 20 32 256 34 33 26 44 34 19 22 23
internal_value=0 0.00072709 -0.00431938 0.0199529 -0.010162 -0.00578643 0.0184283 -0.0140236 0.00262189 -0.00792109 -0.0405986 9.31105e-05 0.000534027 0.0229559 -0.000127818 -0.0179807 0.00047948 -0.00827248 0.0715681 -0.041842 0.0463316 0.0513729 0.0163997 0.0828913 -0.048439
internal_weight=808.18 691.775 116.405 22.3712 94.0342 82.8651 20.848 62.0171 38.0722 13.9312 23.9449 682.497 675.43 19.4856 655.944 11.5698 647.796 11.7397 6.91678 11.1692 9.27801 10.6315 6.28604 7.91577 8.14764
internal_count=5465 4596 869 138 731 673 218 455 280 169 175 4528 4497 137 4360 95 4317 74 49 58 68 64 40 42 43
is_linear=0
shrinkage=0.05


Tree=186
num_leaves=22
num_cat=0
split_feature=3 3 4 2 3 4 4 14 0 1 4 2 4 3 3 1 1 3 2 3 2
split_gain=0.98378 4.90397 3.96571 2.92886 4.01795 4.63911 3.84079 2.81337 2.76591 2.74632 5.51955 2.20693 2.82091 11.4825 5.06463 1.79171 1.35505 1.35085 1.25333 0.683504 0.327511
threshold=0.22465000000000004 0.32860000000000006 0.016250000000000004 16.350000000000005 0.42440000000000005 0.040700000000000007 0.0091500000000000019 8.2900000000000027 61.500000000000007 47.350000000000001 0.011350000000000001 48.650000000000006 0.0029500000000000004 0.087550000000000003 0.053750000000000006 43.350000000000001 52.250000000000007 0.016200000000000003 27.850000000000005 98.225550000000013 14.250000000000002
decision_type=2 2 2 2 2 2 2 2 2 2 2 2 2 2 2 2 2 2 2 2 2
left_child=2 9 7 8 6 18 -5 11 20 10 -2 12 14 -14 -1 -13 -8 -17 -6 -7 -3
right_child=1 3 -4 4 5 19 16 -9 -10 -11 -12 15 13 -15 -16 17 -18 -19 -20 -21 -22
leaf_value=0.00077985939622258159 0.044834306242175617 0.017060535156991834 0.044869838319147953 -0.024922218997022214 -0.063521900077484081 0.012376948658120385 0.014825608266383419 0.045112597484526847 0.063997121762749395 -0.057996255239582364 -0.05460784469626935 0.0060278110044839316 0.042713622625416274 -0.001831122681200237 -0.012979681903114913 0 0.059160171814077844 -0.051318677665220386 -0.020789469222061711 -0.013395384719630055 -0.0046167579182165731
leaf_weight=585.64678586507216 2.481997996568678 3.1897519640624505 4.8934551030397406 3.4606150984764117 5.0579532757401484 6.3920967504382116 4.0156809985637665 3.3637761399149886 3.0913494806736708 6.1413436029106379 2.9004358351230621 3.1862118989229185 19.200198024511337 56.995247237384319 75.344779282808304 1.7826521191745994 3.7106099352240562 4.9143716534599662 3.4183832705020905 4.0784891471266747 3.0986036211252213
leaf_count=3922 15 24 33 18 35 37 23 20 22 47 30 21 105 330 514 22 32 135 33 26 21
internal_value=0 -0.00671052 0.000455423 0.00156264 -0.00591037 -0.0200247 0.0175172 0.000153202 0.0259074 -0.0352777 -0.00785878 -4.85519e-05 0.000260935 0.00936927 -0.000782719 -0.0234053 0.0372403 -0.0380268 -0.0473149 0.00183338 0.00569125
internal_weight=806.365 51.0373 755.327 39.5135 30.1338 18.9469 11.1869 750.434 9.37971 11.5238 5.38243 747.07 737.187 76.1954 660.992 9.88324 7.72629 6.69702 8.47634 10.4706 6.28836
internal_count=5465 363 5102 271 204 131 73 5069 67 92 45 5049 4871 435 4436 178 55 157 68 63 45
is_linear=0
shrinkage=0.05


Tree=187
num_leaves=29
num_cat=0
split_feature=4 3 1 2 2 3 10 1 3 3 0 1 2 3 3 4 1 1 4 2 2 1 2 2 4 2 1 4
split_gain=0.989982 4.33627 11.0511 14.1755 10.7959 8.82304 8.31045 6.23284 4.26714 6.59732 15.2042 9.71685 5.01223 4.98006 4.90917 4.44003 3.97713 5.27931 3.93246 5.67124 3.92179 5.0401 3.84762 8.50063 6.97412 2.7305 1.80905 1.04037
threshold=0.00035000000000000005 0.018950000000000005 49.550000000000004 17.650000000000002 26.050000000000004 0.018100000000000002 0.28690000000000004 55.650000000000013 0.030250000000000003 0.012700000000000001 61.500000000000007 47.750000000000007 21.450000000000003 0.012450000000000001 0.012250000000000002 0.00025000000000000006 37.300000000000004 39.95000000000001 0.00025000000000000006 22.850000000000005 21.050000000000004 44.95000000000001 34.100000000000009 35.70000000000001 0.00055000000000000003 33.95000000000001 72.15000000000002 0.00045000000000000004
decision_type=2 2 2 2 2 2 2 2 2 2 2 2 2 2 2 2 2 2 2 2 2 2 2 2 2 2 2 2
left_child=8 2 6 27 7 -6 20 -5 9 13 11 -11 -13 14 15 -1 -3 -18 19 -12 -2 -22 24 -24 -19 -8 -20 -4
right_child=1 16 3 4 5 -7 25 -9 -10 10 18 12 -14 -15 -16 -17 17 22 26 -21 21 -23 23 -25 -26 -27 -28 -29
leaf_value=-0.0016787169212398147 0.076559045481375113 -0.050453762559429495 -0.0234877856668428 0.05823113570231582 -0.030523681153372697 0.054221086267553155 0.028891067060366756 0.0046315116534363533 0.038538893824015028 -0.064510524454946289 -0.051458648271200003 0.049573866016394991 -0.0062519980479560262 0.062102158971928535 -0.062029937678902226 0.021751863997508371 0.047220187355691938 0.020911772112323854 -0.050071013659148317 0.011505697369890537 0.062624904907756032 0.015575959345708018 -0.071586512086836238 -0.006455642352994638 -0.0013070086335301952 -0.051303056399049911 -0.010075945932290256 -0.059786112903723432
leaf_weight=180.91167852561921 6.480477660894393 3.8987102583050719 3.4538166951388112 12.332414751872422 17.132442404516045 3.6106497235596171 1.3434494584798802 10.038274154067038 6.1052901595830908 2.9620908722281483 5.7084909081459037 12.201798036694528 5.721076186746358 3.1746867001056662 3.0456466674804679 22.640345229068771 5.6531489938497534 39.785917639732361 24.859089523553852 9.0165944993495923 8.8682959657162446 16.995812386274338 5.3211014717817298 71.351510616950691 306.35562303103507 3.4961680937558413 3.6178840398788443 8.8141552507877332
leaf_count=1343 30 28 24 127 143 36 12 66 33 17 36 71 38 13 14 157 38 233 151 50 77 84 24 536 1931 66 18 69
internal_value=0 0.00128132 0.0111003 -0.00297948 0.010439 -0.0153433 0.0321564 0.0345298 -0.00239984 -0.0033445 -0.0173754 0.0174371 0.0315407 0.000924459 -2.10294e-05 0.00091223 -0.000811355 -0.000336314 -0.0343215 -0.012749 0.0413541 0.0320798 -0.000994996 -0.0111282 0.00123771 -0.0278952 -0.0452178 -0.0502438
internal_weight=804.897 524.932 92.566 55.3818 43.1138 20.7431 37.1842 22.3707 279.965 273.859 64.087 20.885 17.9229 209.772 206.598 203.552 432.366 428.467 43.2021 14.7251 32.3446 25.8641 422.814 76.6726 346.142 4.83962 28.477 12.268
internal_count=5465 3524 734 465 372 179 269 193 1941 1908 381 126 109 1527 1514 1500 2790 2762 255 86 191 161 2724 560 2164 78 169 93
is_linear=0
shrinkage=0.05


Tree=188
num_leaves=21
num_cat=0
split_feature=9 8 2 9 8 2 2 4 15 2 2 4 4 2 9 9 8 4 4 10
split_gain=0.961722 2.22002 4.50274 2.17208 2.1863 1.78433 4.06299 7.63098 5.60528 3.94704 3.56903 4.40422 6.19198 3.3947 1.39957 2.208 0.985016 0.838189 0.822767 0.510484
threshold=0.70230000000000004 151157180.00000003 18.950000000000003 0.6795000000000001 139379309.60000002 11.850000000000003 12.550000000000002 0.0014500000000000001 1.0000000180025095e-35 12.850000000000003 11.65 0.0026500000000000004 0.00085000000000000017 12.050000000000002 0.72105000000000008 0.75365000000000004 381333240.00000006 0.00055000000000000003 1.4955500000000004 0.29555000000000003
decision_type=2 2 2 2 2 2 2 2 2 2 2 2 2 2 2 2 2 2 2 2
left_child=3 14 -3 5 18 10 7 13 9 -8 11 12 -1 -7 19 -16 -6 -4 -5 -2
right_child=1 2 17 4 16 6 8 -9 -10 -11 -12 -13 -14 -15 15 -17 -18 -19 -20 -21
leaf_value=0.011297964397018119 -0.055221492366470337 0.058974988795986151 -0.050795928317330909 -0.027599997422767739 0.054916565015182939 0.0014910244392236059 -0.042204433015269244 -0.024569725598361541 0.048413708968145529 -0.00026344953444566439 -0.049598989580398434 0.059658861079209029 -0.054134124652883579 0.062298905258457028 0.029470206513881506 -0.040269329455571649 0.0040520349196233648 0 0.015421864403866488 -0.018227788241742673
leaf_weight=9.5617501083761507 3.5402220115065557 2.6666862964630118 1.6521278358995917 1.9128920137882213 4.3214054964482784 3.3317087069153812 5.5568562541156998 5.3722611814737311 5.7803993076086035 724.25838004378602 5.2530887573957434 2.3266321290284386 5.6112026236951342 8.7844547834247333 2.197941355407238 2.1104122512042522 1.5149042839184401 1.5473886635154483 2.2864137142896652 2.0957561880350113
leaf_count=72 40 17 23 37 49 25 37 34 35 4759 35 24 76 68 28 22 26 31 10 17
internal_value=0 -0.0121697 0.0115161 0.000246982 0.0232447 -4.70119e-05 0.00036415 0.0241157 -0.000196935 -0.000595379 -0.0138168 -0.00257067 -0.0127685 0.0461363 -0.0266153 -0.00369549 0.0428468 -0.0271124 -0.00319886 -0.0428946
internal_weight=801.683 15.8105 5.8662 785.872 10.0356 775.837 753.084 17.4884 735.596 729.815 22.7527 17.4996 15.173 12.1162 9.94433 4.30835 5.83631 3.19952 4.19931 5.63598
internal_count=5465 178 71 5287 122 5165 4958 127 4831 4796 207 172 148 93 107 50 75 54 47 57
is_linear=0
shrinkage=0.05


Tree=189
num_leaves=30
num_cat=0
split_feature=4 3 1 5 3 3 2 3 5 4 4 1 2 1 1 3 2 3 1 2 2 3 2 2 2 4 2 3 2
split_gain=0.964948 8.5899 5.59407 5.99448 6.62952 9.57384 9.50851 6.3713 5.58313 4.61269 10.0272 5.11477 4.42874 3.92895 15.8363 11.9349 3.67276 10.8167 3.67875 2.29628 5.32722 1.79103 1.35819 2.68241 1.34146 0.824019 0.323601 0.182956 0.156161
threshold=0.0018500000000000003 0.069850000000000009 56.550000000000004 0.59500000000000008 0.055550000000000009 0.069150000000000017 28.050000000000004 0.087550000000000003 0.57500000000000007 0.00175 0.0015500000000000004 50.050000000000004 14.750000000000002 44.95000000000001 45.350000000000001 0.039550000000000009 41.150000000000013 0.049350000000000012 46.95000000000001 16.050000000000004 31.900000000000002 0.1198 27.550000000000004 22.550000000000004 25.050000000000004 0.0072500000000000004 20.850000000000005 0.078650000000000012 24.150000000000002
decision_type=2 2 2 2 2 2 2 2 2 2 2 2 2 2 2 2 2 2 2 2 2 2 2 2 2 2 2 2 2
left_child=1 9 3 4 16 6 -6 -7 12 10 13 -12 -4 15 -15 -1 17 -2 -18 -3 27 -5 23 -14 -10 -23 -13 -21 -29
right_child=2 19 8 21 5 7 -8 -9 24 -11 11 26 22 14 -16 -17 18 -19 -20 20 -22 25 -24 -25 -26 -27 -28 28 -30
leaf_value=0.0038753970441745399 -0.028093491098853937 -0.00018817143739202733 -0.056183877787989625 -0.056629502332557036 -0.074914611162944802 0.034450371744173508 0.0097790473509763842 -0.00093589792969929009 0.10179489061516121 -0.059964036113109999 0.012027687639515394 0.093952768485346005 0.038986971829485184 -0.059962145105516278 -0.00090748312104082455 0.073620844917511738 0.096178610596003522 0.047723258809866533 0.016241377656511135 -0.062013468237022223 0.023031678937934216 0.0068855406676721562 0.057463991667238118 -0.030094148844872898 0.035027982155259388 -0.034245467028822668 0.057032569881103723 -0.028848814226809662 -0.051552180624477723
leaf_weight=91.837716983631253 8.083302337676292 4.7983504980802563 1.8201882541179646 5.3634467590600234 8.1546973958611471 14.144276607781647 5.3431933419778934 116.86939536966383 2.7558850925415745 3.071538418531417 6.3698270022869092 2.9889421314001083 3.5738913398236019 11.547180236317216 459.44357611704618 6.494225598871707 3.2490651905536643 10.842750333249567 2.9150808975100517 6.468345910310747 2.6252321377396575 2.335128229111433 2.5946811847388744 2.115398246794939 1.5995772518217561 2.0948223378509283 3.1210871376097202 3.2078666687011719 4.6005293652415276
leaf_count=633 47 29 15 59 39 87 59 729 23 20 32 15 59 70 3144 31 13 68 33 45 19 22 25 15 30 18 27 23 36
internal_value=0 -0.000981287 0.00307015 0.000622284 0.00285492 -0.00123724 -0.0411952 0.00286964 0.0328837 0.000158828 0.00049508 0.0446538 0.0116155 -0.000471794 -0.00237835 0.00860257 0.0265343 0.0151017 0.0600365 -0.0317991 -0.0404253 -0.0371751 0.0276015 0.0123613 0.079733 -0.0117872 0.0771207 -0.0525207 -0.0433401
internal_weight=800.429 606.574 193.855 179.395 169.602 144.512 13.4979 131.014 14.4596 584.874 581.803 12.4799 10.1042 569.323 470.991 98.3319 25.0902 18.9261 6.16415 21.7003 16.902 9.7934 8.28397 5.68929 4.35546 4.42995 6.11003 14.2767 7.8084
internal_count=5465 4124 1341 1174 1075 914 98 816 167 3972 3952 74 114 3878 3214 664 161 115 46 152 123 99 99 74 53 40 42 104 59
is_linear=0
shrinkage=0.05


Tree=190
num_leaves=31
num_cat=0
split_feature=1 1 1 0 3 2 1 2 10 2 3 3 0 1 2 2 3 2 2 2 1 1 2 2 2 2 2 1 2 1
split_gain=0.936433 2.45266 3.12721 4.39399 4.04172 3.51726 3.01492 3.02321 2.05385 2.03456 1.94452 1.87916 1.81025 5.60063 7.1393 9.39294 7.39807 3.71555 4.78963 2.58774 3.90632 3.26362 2.72868 2.10919 1.80098 2.23059 3.76163 1.96123 0.906561 0.481928
threshold=59.45000000000001 55.550000000000004 56.350000000000001 65.500000000000014 0.041250000000000009 21.550000000000004 57.45000000000001 14.750000000000002 0.32690000000000002 25.550000000000004 0.17060000000000003 0.012250000000000002 62.500000000000007 50.050000000000004 25.050000000000004 26.950000000000003 0.0087500000000000026 42.850000000000001 28.650000000000002 43.350000000000001 41.150000000000013 46.350000000000001 42.650000000000013 13.750000000000002 33.150000000000013 18.850000000000005 21.550000000000004 61.45000000000001 36.250000000000007 53.050000000000004
decision_type=2 2 2 2 2 2 2 2 2 2 2 2 2 2 2 2 2 2 2 2 2 2 2 2 2 2 2 2 2 2
left_child=1 12 4 6 5 11 7 -4 10 -8 24 -3 19 14 16 -16 -14 18 -15 22 -21 -22 23 -1 25 27 -27 -2 -26 -19
right_child=8 2 3 -5 -6 -7 9 -9 -10 -11 -12 -13 13 17 15 -17 -18 29 -20 20 21 -23 -24 -25 28 26 -28 -29 -30 -31
leaf_value=-0.011364536561811774 0 -0.00072100107432136631 -0.028960062951287582 0.040765480978924747 -0.05445580982527707 0.025162762000004224 -0.036330295066057235 0.019618026641596082 0.043771515520611905 -0.00050850143804221737 0.042334306586076294 -0.049842328832729862 -0.055432284968696149 0.0094828717451588083 0.053861362977672689 0 -0.0079732600138871217 -0.014784415958978409 0.039545983615270786 0.033298054506679629 -0.053098848991045812 -0.0082017443104367895 0.03905394832911005 0.00011264088857619272 0.04463433079256135 -0.040647887878306532 5.0650164452666936e-05 0.051874669729986826 0.0043714535785169045 -0.052852561518713863
leaf_weight=44.669771004468203 4.1939002200961104 3.7746978327631968 4.1869908273220089 5.1343850195407859 7.7056719213724127 4.7411488890647879 10.712134435772898 12.149117226246743 3.3041079291142514 6.7164740171283475 2.9812408983707419 4.4552886784076691 10.178436824819071 90.890010161325336 9.1648235172033292 63.519151294603944 43.041305750608444 2.632854218594729 15.648046948015688 2.8581527546048191 7.4584340378642109 9.4910121196880919 4.1674617752432814 370.63968961220235 3.2518876343965522 6.5823175236582747 36.150069527328014 3.23876041918993 2.9620833620429039 1.7795736566185949
leaf_count=326 27 40 34 31 71 29 68 93 97 47 41 28 138 635 50 438 258 25 131 17 49 77 25 2275 27 39 259 41 22 27
internal_value=0 -0.000499367 -0.010219 -0.00171132 -0.0258985 -0.00826425 -0.00841945 0.00676267 0.00586311 -0.0228925 0.0035989 -0.0281921 0.000351039 0.00387948 -0.00330638 0.00683005 -0.0172307 0.0120745 0.0139783 -0.0015405 -0.0191639 -0.0284471 -0.000692045 -0.00111222 0.00139077 -0.00168001 -0.00618191 0.0232774 0.0266069 -0.0320767
internal_weight=798.379 735.715 59.5759 38.8991 20.6768 12.9711 33.7647 16.3361 62.6644 17.4286 59.3603 8.22999 676.139 236.854 125.904 72.684 53.2197 110.95 106.538 439.285 19.8076 16.9494 419.477 415.309 56.379 50.165 42.7324 7.43266 6.21397 4.41243
internal_count=5465 4912 441 273 168 97 242 127 553 115 456 68 4471 1702 884 488 396 818 766 2769 143 126 2626 2601 415 366 298 68 49 52
is_linear=0
shrinkage=0.05


Tree=191
num_leaves=26
num_cat=0
split_feature=2 2 1 0 2 3 4 3 2 4 4 2 2 0 1 2 2 1 1 3 1 1 3 1 1
split_gain=0.896242 7.0778 5.96318 7.38546 4.5285 6.1528 10.3604 10.1927 6.38792 5.98779 5.48893 3.97771 3.89481 17.3755 7.25344 7.22227 3.8052 2.94995 1.95311 1.89718 1.58043 1.12661 0.520362 0.401496 0.236707
threshold=36.250000000000007 35.70000000000001 43.050000000000004 62.500000000000007 37.550000000000004 0.045450000000000011 0.00075000000000000012 0.05655000000000001 40.400000000000006 0.011500000000000002 0.00125 34.650000000000013 33.150000000000013 61.500000000000007 46.750000000000007 32.650000000000013 29.750000000000004 41.550000000000004 48.95000000000001 0.047550000000000009 49.150000000000013 40.850000000000001 0.026550000000000001 44.850000000000001 46.050000000000004
decision_type=2 2 2 2 2 2 2 2 2 2 2 2 2 2 2 2 2 2 2 2 2 2 2 2 2
left_child=1 11 3 17 19 6 8 18 -6 -9 -8 12 15 23 -15 16 -1 22 -7 -4 -3 -5 -2 -14 -17
right_child=2 20 4 21 5 7 10 9 -10 -11 -12 -13 13 14 -16 24 -18 -19 -20 -21 -22 -23 -24 -25 -26
leaf_value=-0.00072011380818139288 0.028973013743281036 0.015171518185334949 -0.018444094129225982 0.023878096005113918 0.036309323213583621 0.09079722008242111 -0.058352767254887306 -0.021476645435449325 -0.0098728345145532477 0.070396961035841907 -0.0071088861815907737 -0.037065225380397387 0.095229381715458611 0.019908086218316159 -0.059272645201454137 -0.033298330822737386 0.013286563537770852 -0.035573361978308751 0.031542151614825147 -0.062181499023968662 0.061279636168421303 0.062084323169101376 0 0.060344680227985427 -0.058192371844462909
leaf_weight=586.64193108514883 3.0612875521183032 3.3971251621842367 5.7606532648205739 3.6601263210177404 10.165714487433432 3.9650796800851849 14.613359377719464 11.319133896380661 27.407881595660001 1.9885884001851071 8.5219205990433675 7.0243292003870001 3.9986602813005474 6.1082953717559558 5.2383646070957184 3.9664835482835752 52.731646239757538 5.2719953805208206 2.8444602377712727 5.1433853507041931 5.5337781384587288 6.7708473056554794 3.0532330498099327 3.7649708241224289 4.0451584756374359
leaf_count=4010 21 24 32 30 53 16 130 154 227 15 45 31 20 63 32 20 307 34 33 26 44 34 19 22 23
internal_value=0 0.000685302 -0.00411033 0.0192516 -0.00973618 -0.00555987 -0.0135457 0.0182398 0.00255246 -0.00695229 -0.039804 8.8271e-05 0.000492842 0.0226816 -0.0164086 -0.000157832 0.00042915 -0.00821925 0.0675837 -0.0399068 0.0446569 0.049507 0.0147541 0.0799304 -0.0470464
internal_weight=795.998 682.451 113.548 21.8175 91.7302 80.8261 60.7089 20.1173 37.5736 13.3077 23.1353 673.52 666.496 19.1103 11.3467 647.385 639.374 11.3865 6.80954 10.904 8.9309 10.431 6.11452 7.76363 8.01164
internal_count=5465 4596 869 138 731 673 455 218 280 169 175 4528 4497 137 95 4360 4317 74 49 58 68 64 40 42 43
is_linear=0
shrinkage=0.05


Tree=192
num_leaves=19
num_cat=0
split_feature=3 3 4 2 5 5 2 14 3 2 4 3 3 3 2 3 4 3
split_gain=0.904274 4.54276 3.72578 2.52429 3.00214 2.83357 2.9594 2.41381 2.28882 1.94892 2.51617 9.82935 4.14273 1.73162 1.68417 2.15422 0.35458 0.343261
threshold=0.22465000000000004 0.25040000000000007 0.016250000000000004 16.350000000000005 0.55500000000000016 0.57500000000000007 18.950000000000003 8.2900000000000027 0.42440000000000005 48.650000000000006 0.0029500000000000004 0.087550000000000003 0.053750000000000006 0.42440000000000005 53.45000000000001 0.061050000000000007 0.010900000000000002 1.1077000000000001
decision_type=2 2 2 2 2 2 2 2 2 2 2 2 2 2 2 2 2 2
left_child=2 16 7 4 17 6 -5 9 -8 10 12 -12 -1 -7 -11 -16 -2 -3
right_child=1 3 -4 5 -6 13 8 -9 -10 14 11 -13 -14 -15 15 -17 -18 -19
leaf_value=0.00067181639218980439 -0.02344764466924212 0.014262248640662842 0.043950978719203129 -0.038144336551546532 0.062123312237815767 -0.010027866964544717 0.026686984376370931 0.042670663170731121 -0.0055554055787350211 -0.052197715587866234 0.039976675245192349 -0.001493592718084343 -0.011892369686810182 -0.058244137470657611 0.035148548465951036 -0.026497939143723934 -0.055587568010536603 -0.0078150991884612716
leaf_weight=577.50576267926954 2.1991604045033446 3.1464624106883985 4.7883108630776396 3.9820639342069652 3.0265197958797216 4.4197177141904813 9.4586440250277537 3.222151815891265 12.478247813880442 3.1196483215317112 18.934033673256636 56.460054703056812 73.855287244543433 3.6393753886222839 1.9420313537120817 4.357585490681231 4.1330665238201618 3.5380773693323135
leaf_count=3922 18 20 33 26 22 25 60 20 83 89 105 330 514 32 25 64 46 31
internal_value=0 -0.00649882 0.000439596 -0.000605485 0.0216184 -0.00714869 0.000749703 0.000145151 0.00817784 -3.99574e-05 0.000247616 0.00889394 -0.000746719 -0.0328615 -0.0225228 -0.00646014 -0.0457409 0.00189695
internal_weight=794.206 50.0213 744.185 43.6891 9.71106 33.978 25.919 739.397 21.9369 736.174 726.755 75.3941 651.361 8.05909 9.41927 6.29962 6.33223 6.68454
internal_count=5465 363 5102 299 73 226 169 5069 143 5049 4871 435 4436 57 178 89 64 51
is_linear=0
shrinkage=0.05


Tree=193
num_leaves=31
num_cat=0
split_feature=4 3 3 0 3 3 3 0 2 3 3 1 2 3 1 1 2 3 0 1 1 1 4 2 3 2 3 2 2 1
split_gain=0.89574 3.95758 6.07806 13.9872 5.96173 12.0675 4.48789 4.53205 10.8777 9.17834 3.89986 7.18443 7.91724 13.1831 13.7517 9.65159 6.86639 5.06279 4.42853 4.08724 3.69015 4.57801 3.64916 5.13619 3.16233 7.98921 5.54331 3.09944 3.05073 1.7245
threshold=0.00035000000000000005 0.030250000000000003 0.012700000000000001 61.500000000000007 0.014350000000000002 0.016650000000000002 0.012450000000000001 61.500000000000007 24.750000000000004 0.0075500000000000003 0.021050000000000003 44.750000000000007 32.250000000000007 0.016350000000000003 49.350000000000001 48.550000000000004 26.950000000000003 0.016200000000000003 62.500000000000007 47.45000000000001 37.300000000000004 39.95000000000001 0.00025000000000000006 22.850000000000005 0.022650000000000003 26.800000000000001 0.023650000000000001 37.150000000000013 41.800000000000004 72.15000000000002
decision_type=2 2 2 2 2 2 2 2 2 2 2 2 2 2 2 2 2 2 2 2 2 2 2 2 2 2 2 2 2 2
left_child=1 2 6 4 -4 -6 7 8 -1 -9 11 16 13 14 -13 -15 -2 18 -14 -19 -12 -22 23 -5 25 -23 -26 -18 -29 -24
right_child=10 -3 3 22 5 -7 -8 9 -10 -11 20 12 17 15 -16 -17 27 19 -20 -21 21 24 29 -25 26 -27 -28 28 -30 -31
leaf_value=-0.019426662905757983 0.068255137978482927 0.037351827219902128 0.061059025245200828 -0.049557171810742782 -0.059084881184144504 0.033847603201091155 0.058827822027098124 -0.0080936704919180903 0.014530955845418594 0.021867612420934154 -0.04948207609078846 0.040349535119923507 0.048578398624124282 -0.0092393158224570015 -0.023826059368811457 0.050545107822396712 -0.029346898549384506 -0.063817533156096548 -0.030600402963251429 -0.014235782243873122 0.045144567994221722 -0.054220866186713512 -0.048554940785808139 0.010760931564041253 0.060533949790774914 0.010202743509023384 -0.00094102650200927776 0.059649468677111843 0.0020431597776977162 -0.0093290892503862279
leaf_weight=66.731986155733466 8.9951591994613427 6.0365693718194953 5.4828932210803059 5.597464680671691 5.3465611338615409 9.6368563026189786 3.1900536864995948 48.939791274257004 36.20043070986867 52.956038996577263 3.8208467885851851 11.157729268074034 3.9867802322842207 9.0311544910073263 31.953160300385207 24.891445610672235 3.3283104412257662 7.4005519747734096 2.9489325685426593 10.260298630222676 5.2642813622951499 9.2660297900438326 24.410806886851791 8.9709770381450635 3.6038372591137877 9.6284102201461774 360.63451561331749 3.8422940224409086 5.987424723803997 3.591985695064067
leaf_count=434 69 33 27 36 42 57 13 470 233 377 28 57 35 51 260 191 48 52 56 68 36 43 151 50 22 46 2403 26 33 18
internal_value=0 -0.00229242 -0.00320721 -0.0167991 0.0169523 0.000182971 0.000893728 -1.24215e-05 -0.00743302 0.00743459 0.00123145 0.00896994 0.0032778 0.0112062 -0.00704582 0.0345015 0.0347265 -0.0212954 0.014246 -0.0355362 -0.00119973 -0.000699265 -0.0331441 -0.0122534 -0.00135383 -0.0212472 -0.000302611 0.0110863 0.0254381 -0.0437524
internal_weight=793.094 277.092 271.056 63.0375 20.4663 14.9834 208.018 204.828 102.932 101.896 516.001 123.783 101.63 77.0335 43.1109 33.9226 22.1532 24.5966 6.93571 17.6609 392.218 388.397 42.5712 14.5684 383.133 18.8944 364.238 13.158 9.82972 28.0028
internal_count=5465 1941 1908 381 126 99 1527 1514 667 847 3524 946 770 559 317 242 176 211 91 120 2578 2550 255 86 2514 89 2425 107 59 169
is_linear=0
shrinkage=0.05


Tree=194
num_leaves=31
num_cat=0
split_feature=1 3 1 1 3 3 3 10 3 1 3 3 1 3 3 1 1 3 3 1 0 0 3 3 3 0 3 3 3 3
split_gain=0.93131 4.13958 3.8622 11.7458 5.86982 6.7062 8.45258 3.44558 4.58456 12.9449 5.81858 6.39714 4.75989 3.25716 5.77748 3.02435 2.86964 3.01392 2.72607 7.43502 11.1088 9.92286 6.18387 3.99879 2.6802 2.58429 2.27682 2.07801 1.15544 1.99773
threshold=46.45000000000001 0.54375000000000007 44.95000000000001 45.350000000000001 0.045450000000000011 0.015850000000000006 0.011050000000000003 0.28255000000000002 0.021050000000000003 44.150000000000013 0.021950000000000001 0.021150000000000006 37.300000000000004 0.05920000000000001 0.11055000000000001 46.550000000000004 43.050000000000004 0.069450000000000026 0.016550000000000006 52.350000000000001 60.500000000000007 54.500000000000007 0.016650000000000002 0.017350000000000001 0.013650000000000001 64.500000000000014 0.011050000000000003 0.019050000000000001 0.015650000000000001 0.047550000000000009
decision_type=2 2 2 2 2 2 2 2 2 2 2 2 2 2 2 2 2 2 2 2 2 2 2 2 2 2 2 2 2 2
left_child=2 15 7 28 5 6 -5 8 9 24 11 -10 -12 -6 -15 27 17 -9 19 20 -17 -21 -20 -24 -1 -7 -11 -2 -4 -30
right_child=1 -3 3 4 13 25 -8 16 10 26 12 -13 -14 14 -16 18 -18 -19 22 21 -22 -23 23 -25 -26 -27 -28 -29 29 -31
leaf_value=-0.011232971418245587 0.059587024181101282 -0.030200244954257344 -0.069819719991168622 -0.013301460458856327 0.058362749731196442 -0.037822614491722875 0.064483245871851169 -0.025749200811564649 0.0045397612514606047 0.018477663856524756 -0.049360544483776379 -0.071691186204467586 0.0056596511788962892 -0.034517186711949831 0.02951075988723742 0.050962331784238285 -0.055598817570977704 0.059891990387135788 0.05690706029079045 -0.067150153435956678 0.00071156278452795443 -0.0078705174979372683 -0.034024442113230538 0.0041087877559656044 0.016853896716135373 0.002443533341199513 0.067570033616731126 0.0075735781283397174 -0.0073742615690558294 -0.05396105242496349
leaf_weight=21.359770415350795 3.6236310228705388 10.292679414153097 5.3590442687273052 10.262080625630913 4.3205977678298977 18.96264943480492 5.1267035603523246 3.2866369076073152 4.8408992737531644 3.5249693095684043 4.0808451473712912 5.911196157336235 63.68765608780086 4.9967524474486735 11.097602128982542 12.214094676077364 4.4446013420820236 1.3745751380920408 5.3777590766549102 7.4762577489018431 105.06892087892629 111.93773206835613 6.9086260944604865 308.87008002586663 13.956200769171117 4.7339962348341933 10.821610584855078 4.5672562103718519 3.8252777941524965 7.1161788031458855
leaf_count=158 19 70 36 87 18 104 28 64 24 22 30 28 400 33 63 72 52 8 44 44 774 873 38 2089 108 24 56 27 21 51
internal_value=0 0.00104602 -0.00282182 -0.0118832 -0.00146745 -0.012887 0.0125384 0.00214984 0.00430241 0.0161929 -0.00316548 -0.0371835 0.00220496 0.0201084 0.00923311 0.00162825 -0.0273265 0 0.00117321 -0.00288497 0.00602633 -0.0116768 0.00417969 0.00324817 0 -0.0295919 0.0560655 0.0316285 -0.0493575 -0.0383408
internal_weight=789.427 576.337 213.09 75.8009 59.5004 39.0854 15.3888 137.289 128.183 49.6626 78.5206 10.7521 67.7685 20.415 16.0944 566.044 9.10581 4.66121 557.853 236.697 117.283 119.414 321.156 315.779 35.316 23.6966 14.3466 8.19089 16.3005 10.9415
internal_count=5465 4050 1415 465 357 243 115 950 826 344 482 52 430 114 96 3980 124 72 3934 1763 846 917 2171 2127 266 128 78 46 108 72
is_linear=0
shrinkage=0.05


Tree=195
num_leaves=15
num_cat=0
split_feature=14 2 2 3 2 3 2 3 12 2 3 3 5 4
split_gain=0.911488 1.48786 1.23323 5.19213 8.04506 6.86135 4.7528 2.99711 1.78632 1.63519 0.94215 0.641733 0.451942 0.395582
threshold=51.440000000000005 10.600000000000001 12.550000000000002 0.040650000000000006 12.050000000000002 0.14775000000000002 12.850000000000003 0.0099500000000000022 3.8100000000000005 13.350000000000003 0.12050000000000001 0.020350000000000004 0.55500000000000016 0.00085000000000000017
decision_type=2 2 2 2 2 2 2 2 2 2 2 2 2 2
left_child=1 12 3 4 7 10 -4 -3 9 -8 -5 -6 13 -1
right_child=-2 2 6 5 11 -7 8 -9 -10 -11 -12 -13 -14 -15
leaf_value=0 0.021830582718714867 0.023346779815157832 -0.044072394426691301 -0.059787141120760237 0.040816467228826023 0.03467611839141415 0.020212202412459676 -0.01754582228357322 0.036047953580925517 -0.00048065887911598424 -0.017226419029148284 0.075082086695019604 -0.050229865682707889 -0.029444071777933442
leaf_weight=1.8090487718582147 4.6529426947236052 8.3641973584890419 6.0776549903675905 5.0445416122674924 3.9517051670700294 3.7235479354858398 9.5702880732715112 9.3783354461193067 3.3145549520850173 720.62625354598276 2.387801431119442 4.6290173530578613 1.5036696270108221 1.9813946429640052
leaf_count=10 32 58 40 53 45 23 69 61 19 4950 21 23 24 37
internal_value=0 -0.000131791 4.3437e-05 0.00888524 0.0210704 -0.0193541 -0.000399008 0.00147437 -2.43698e-05 -0.000199872 -0.0471876 0.0605296 -0.0263026 -0.0144783
internal_weight=787.015 782.362 777.068 37.4791 26.3233 11.1559 739.589 17.7425 733.511 730.197 7.43234 8.58072 5.29411 3.79044
internal_count=5465 5433 5362 284 187 97 5078 119 5038 5019 74 68 71 47
is_linear=0
shrinkage=0.05


Tree=196
num_leaves=31
num_cat=0
split_feature=1 4 3 3 3 1 1 1 1 3 3 0 3 10 3 3 3 0 3 4 3 0 3 1 3 1 10 1 1 1
split_gain=0.879936 2.44511 3.00253 4.51359 2.08224 2.17503 2.16503 1.85406 6.49087 5.46723 15.3728 7.55617 10.4858 8.41833 6.86611 4.19118 9.62762 8.67603 9.73777 4.01455 8.07983 6.06197 3.76544 3.01565 3.4394 3.13568 3.08081 1.64124 1.17438 0.191604
threshold=60.750000000000007 0.0021500000000000004 0.041150000000000006 0.028550000000000002 0.011950000000000002 63.650000000000013 61.750000000000007 52.750000000000007 51.850000000000001 0.016550000000000006 0.020950000000000003 60.500000000000007 0.0095500000000000012 0.35320000000000007 0.0084500000000000009 0.016350000000000003 0.017350000000000001 60.500000000000007 0.011050000000000003 0.0134 0.091200000000000017 61.500000000000007 0.10035000000000001 51.95000000000001 0.017350000000000001 52.250000000000007 0.30970000000000003 50.550000000000004 61.850000000000001 51.050000000000004
decision_type=2 2 2 2 2 2 2 2 2 2 2 2 2 2 2 2 2 2 2 2 2 2 2 2 2 2 2 2 2 2
left_child=7 2 3 4 6 -6 -2 8 15 11 -11 -9 14 -14 -13 17 29 27 -19 20 -12 -21 -18 -10 26 -26 -25 -1 -3 -17
right_child=1 28 -4 -5 5 -7 -8 9 23 10 19 12 13 -15 -16 16 22 18 -20 21 -22 -23 -24 24 25 -27 -28 -29 -30 -31
leaf_value=0.063545024394246891 -0.014784472241121675 0 -0.035995713083432544 0.061624238950651625 0.012285500384683901 -0.022855379382994364 0.025689850313786247 -0.063881582076025137 0.058738126641621757 0.054963654358620995 0.0030587241504394236 -0.0010644363283674461 -0.035050865051846174 0.038162823048224319 0.051835697726430964 -0.065125372629884493 -0.005432391371101305 -0.0064571202558020777 0.019123007909454596 0.054126511894383722 -0.032264560489858915 -0.035983175491174059 0.0068270401638666142 -0.018071920419824104 0 0.040288803081865943 0.032636383890468156 0.019579856271451701 0.05135926429584782 -0.039740073574225647
leaf_weight=7.0504795759916288 4.3238387554883984 1.7899234145879734 4.454926971346139 3.332166049629449 6.6882548257708576 11.859096825122831 11.838305911049245 6.846980169415473 4.4980725571513167 12.513732124119995 50.829462124034762 34.070683070458472 36.782076258212328 4.2477229684591284 7.3353597670793524 5.0651671364903432 249.8861049907282 101.17897657398134 58.598853416740894 6.2054262757301313 23.505056977272034 2.5017154291272163 83.2017593793571 10.479392452165483 6.9000944830477264 15.055344577878712 4.051993307657539 3.7363803833723068 4.0348399505019188 3.3896413892507553
leaf_count=42 22 18 38 35 47 70 139 42 29 106 347 301 239 29 40 32 1461 870 350 49 176 16 538 88 55 102 48 18 99 19
internal_value=0 0.00653053 0.00220448 0.00689171 0.00133172 -0.00991736 0.01453 -0.000427332 0.00101419 -0.00476605 0.00350364 -0.0136667 -0.009363 -0.0272753 0.00828902 -0.000510259 -0.00371552 0.00587715 0.00289926 -0.00424763 -0.00807189 0.0275541 -0.00235398 0.0201388 0.0150961 0.027567 -0.00346405 0.0490953 0.0366789 -0.056116
internal_weight=786.252 48.3214 42.4966 38.0417 34.7095 18.5474 16.1621 737.93 553.092 184.838 95.5554 89.2828 82.4358 41.0298 41.406 512.107 341.543 170.565 159.778 83.0417 74.3345 8.70714 333.088 40.9849 36.4868 21.9554 14.5314 10.7869 5.82476 8.45481
internal_count=5465 468 351 313 278 117 161 4997 3652 1345 694 651 609 268 341 3330 2050 1280 1220 588 523 65 1999 322 293 157 136 60 117 51
is_linear=0
shrinkage=0.05


Tree=197
num_leaves=23
num_cat=0
split_feature=3 3 3 3 3 2 3 2 2 3 2 1 2 3 1 2 2 1 2 1 0 2
split_gain=0.895024 4.40622 2.83836 4.81487 4.66044 4.62357 4.09837 3.4039 3.00715 4.41931 3.97834 2.70427 4.84792 2.60546 3.96034 2.50721 2.2767 1.9651 1.80809 1.61192 2.56949 0.877349
threshold=0.22465000000000004 0.32860000000000006 0.17785000000000004 0.16200000000000003 0.13845000000000005 20.150000000000002 0.18300000000000002 23.750000000000004 16.350000000000005 0.12330000000000001 17.350000000000005 47.350000000000001 20.950000000000003 0.47985000000000005 48.050000000000004 24.750000000000004 27.150000000000002 59.150000000000013 23.850000000000005 55.350000000000001 63.500000000000007 18.350000000000005
decision_type=2 2 2 2 2 2 2 2 2 2 2 2 2 2 2 2 2 2 2 2 2 2
left_child=2 11 3 4 8 -6 -4 -8 9 -1 -10 12 -2 15 18 -3 -9 -5 21 20 -16 -15
right_child=1 13 6 17 5 -7 7 16 10 -11 -12 -13 -14 14 19 -17 -18 -19 -20 -21 -22 -23
leaf_value=-0.0047943863753157285 -0.052732426860482462 0.040784134329388738 0.068274796596037704 -0.06124355330325424 0.061014973835531387 0 -0.029320260075626471 0.063227700260762895 0.017441276509151348 -0.056404765213555003 0.00047176357502399802 -0.056902891134653369 0.041960578026831924 0.05411810892981761 -0.052359064932053639 -0.001707406567473558 -0.0016288015511975466 -0.0022174738173611837 -0.0047833778709579725 0.0065007221014449848 -0.00038534782135341673 0.010443436997331927
leaf_weight=150.52777189086191 2.6931699104607087 6.6702814251184446 3.6050997227430335 4.3805179949849835 6.1683107204735261 6.2882017157971859 3.8608667552471143 2.6526564061641693 37.012671113014221 4.1916136518120757 510.06113626575097 5.9457774665206671 2.4927682057023048 2.7745733857154864 7.0793496221303922 6.6691884472966194 2.3671766333281994 2.3327685631811619 5.8325133211910725 2.7479137312620869 3.8510353565216064 2.580206111073494
leaf_count=1086 31 47 16 38 41 38 21 22 215 40 3539 47 14 29 52 39 19 27 34 29 28 13
internal_value=0 -0.0065071 0.000443515 2.56328e-05 0.000431554 0.0306254 0.0239839 0.00488736 -0.000101536 -0.00626043 0.00163196 -0.034057 -0.00633692 0.00145748 -0.0079603 0.0193134 0.0322326 -0.0418003 0.0137482 -0.0260492 -0.0346703 0.0345673
internal_weight=782.786 49.3368 733.449 720.963 714.25 12.4565 12.4858 8.8807 701.793 154.719 547.074 11.1317 5.18594 38.2051 24.8656 13.3395 5.01983 6.71329 11.1873 13.6783 10.9304 5.35478
internal_count=5465 363 5102 5024 4959 79 78 62 4880 1126 3754 92 45 271 185 86 41 65 76 109 80 42
is_linear=0
shrinkage=0.05


Tree=198
num_leaves=10
num_cat=0
split_feature=12 12 11 1 1 1 1 2 2
split_gain=1.27402 1.30772 1.74458 1.03694 2.88136 1.84324 5.18599 4.35484 1.84006
threshold=-29.684999999999999 -12.644999999999998 0.91500000000000015 59.45000000000001 59.750000000000007 52.750000000000007 51.850000000000001 21.450000000000003 18.850000000000005
decision_type=2 2 2 2 2 2 2 2 2
left_child=-1 -2 3 5 -5 6 -3 -7 -6
right_child=1 2 -4 4 8 7 -8 -9 -10
leaf_value=0.033251831737838571 -0.032073609284672018 -0.00068718768241890884 0.027315066076578406 0.058993198226886569 0.026298758374651982 0.0019233667518764555 0.018170440153365205 -0.014248306467452555 0.00014013818164447159
leaf_weight=2.7706448882818213 3.0887347832322112 502.56455009896308 5.7069580256938925 2.3793364539742461 7.7211547568440428 91.967201267369092 39.187578588258475 75.247725415974855 50.736996927298605
leaf_count=15 21 3281 38 19 91 691 315 552 442
internal_value=0 -0.000118958 5.98433e-06 -0.000193499 0.00605661 -0.000737661 0.000670751 -0.00532827 0.00371957
internal_weight=781.371 778.6 775.512 769.805 60.8375 708.967 541.752 167.215 58.4582
internal_count=5465 5450 5429 5391 552 4839 3596 1243 533
is_linear=0
shrinkage=0.05


Tree=199
num_leaves=10
num_cat=0
split_feature=12 12 11 2 1 2 2 4 2
split_gain=1.15004 1.19555 1.58821 1.00202 1.93677 1.49327 4.39822 3.92155 0.0914983
threshold=-29.684999999999999 -12.644999999999998 0.91500000000000015 10.600000000000001 50.850000000000001 12.550000000000002 12.850000000000003 0.0010500000000000004 9.8500000000000032
decision_type=2 2 2 2 2 2 2 2 2
left_child=-1 -2 3 4 8 7 -7 -5 -3
right_child=1 2 -4 5 -6 6 -8 -9 -10
leaf_value=0.031544530475866465 -0.03080232045042678 -0.023378441554240795 0.026152675607824152 0.020323154268243351 0.022464826900777845 -0.042909930188200121 -0.00016599671760617442 -0.015956423433869282 -0.05414875054919395
leaf_weight=2.7797415703535071 3.0602713599801055 1.4355019517242902 5.6680409610271445 25.822202472947538 1.4470355212688444 5.9716975549235931 722.59840679168701 10.218439586460589 1.9396654572337864
leaf_count=15 21 28 38 187 11 40 5000 95 30
internal_value=0 -0.000111029 7.65538e-06 -0.000181818 -0.0226706 -3.05032e-05 -0.000529048 0.00988293 -0.0435498
internal_weight=780.941 778.161 775.101 769.433 4.8222 764.611 728.57 36.0406 3.37517
internal_count=5465 5450 5429 5391 69 5322 5040 282 58
is_linear=0
shrinkage=0.05


Tree=200
num_leaves=14
num_cat=0
split_feature=12 3 4 4 4 2 4 14 2 2 3 4 2
split_gain=1.03877 1.22863 6.7425 5.19423 3.37469 2.77051 2.47872 2.01457 1.17004 0.941268 0.705728 0.486317 0.329281
threshold=-29.684999999999999 0.47985000000000005 0.016550000000000006 0.015350000000000001 0.014550000000000002 16.350000000000005 0.040700000000000007 1.0000000180025095e-35 23.850000000000005 27.850000000000005 1.1536500000000001 0.035800000000000005 28.450000000000003
decision_type=2 2 2 2 2 2 2 2 2 2 2 2 2
left_child=-1 2 3 4 7 10 9 -2 -8 -7 -3 12 -4
right_child=1 5 11 -5 -6 6 8 -9 -10 -11 -12 -13 -14
leaf_value=0.029936536371017931 -0.00037759572241793682 -0.00088832544549084639 0.061910554257586486 -0.049245821157299537 0.043314836221460228 -0.06137943391396488 0.012972072497712345 0.039678658426741786 -0.022978366391753074 -0.020868359500048349 0.029025929971641631 0.020970856535445725 0.030728438092762201
leaf_weight=2.7877559810876837 732.61679465672933 3.5112571343779591 3.7994411364197713 5.2796788439154616 4.3824994172900906 4.022744506597518 4.3641726076602918 3.051170051097869 4.349652923643589 3.1627115085721016 3.6366043835878372 2.9224922508001328 2.6512933000922203
leaf_count=15 5107 27 29 39 32 31 29 21 26 33 31 29 16
internal_value=0 -0.000107072 0.000234418 -0.00029165 5.74508e-05 -0.0114582 -0.0231557 -0.000199297 -0.00446301 -0.0447658 0.0138317 0.042155 0.0505225
internal_weight=780.538 777.751 754.703 745.33 740.05 23.0471 15.8993 735.668 8.71383 7.18546 7.14786 9.37323 6.45073
internal_count=5465 5450 5273 5199 5160 177 119 5128 55 64 58 74 45
is_linear=0
shrinkage=0.05


Tree=201
num_leaves=16
num_cat=0
split_feature=12 3 3 1 4 3 1 4 1 1 1 4 1 4 4
split_gain=0.938409 1.16563 3.54753 3.44898 4.83688 7.42693 4.02802 3.04655 2.29467 2.23696 2.05887 4.18679 2.39964 0.950937 0.477629
threshold=-29.684999999999999 0.22465000000000004 0.25040000000000007 47.350000000000001 0.013550000000000001 0.47985000000000005 45.45000000000001 0.016250000000000004 29.450000000000003 43.050000000000004 41.150000000000013 0.00065000000000000008 46.45000000000001 0.0090000000000000028 0.010900000000000002
decision_type=2 2 2 2 2 2 2 2 2 2 2 2 2 2 2
left_child=-1 7 14 6 13 -6 9 8 -2 -4 11 -10 -12 -5 -3
right_child=1 2 3 4 5 -7 -8 -9 10 -11 12 -13 -14 -15 -16
leaf_value=0.028420268580467985 -0.05403070891766755 -0.018653974708189903 0.019016405573615974 -0.026216919237796062 0.047978657680640135 -0.019886111272750438 0.049846420453820262 0.04119180141300538 0.0032330205416426319 -0.031620042065966691 -0.0054599493429083211 0.053812468329224095 0.0014125212731914026 -0.065892814086962528 -0.05511867049065157
leaf_weight=2.7948099970817557 1.8502228558063496 1.989943966269492 4.5815614722669107 3.9066898897290256 5.6517839357256916 13.371705571189521 5.6256716772913924 4.445514738559722 18.759064851328734 3.9296015128493309 166.49299537902698 5.2313573509454718 533.74845186015591 3.6501560062170029 3.8235529270023108
leaf_count=15 14 17 32 25 43 110 34 33 191 28 1028 39 3791 19 46
internal_value=0 -0.000100503 -0.00777001 -0.00237826 -0.0130841 0.000160171 0.0173504 0.000382157 0.000119772 -0.00387749 0.000272456 0.0146475 -0.000214919 -0.0466447 -0.0440089
internal_weight=779.853 777.058 46.5307 40.7172 26.5803 19.0235 14.1368 730.528 726.082 8.51116 724.232 23.9904 700.241 7.55685 5.8135
internal_count=5465 5450 354 291 197 153 94 5096 5063 60 5049 230 4819 44 63
is_linear=0
shrinkage=0.05


Tree=202
num_leaves=16
num_cat=0
split_feature=9 8 9 8 1 1 9 9 8 3 3 1 3 1 8
split_gain=0.898346 1.96272 1.84448 2.23665 3.187 2.1466 1.75733 2.91513 2.68905 1.6532 1.48814 3.05372 0.95799 0.588331 0.166188
threshold=0.70230000000000004 151157180.00000003 0.6795000000000001 139379309.60000002 46.850000000000001 29.450000000000003 0.66345000000000021 0.65215000000000012 280149104.50000006 0.0076500000000000014 0.035650000000000008 45.750000000000007 0.014350000000000002 49.050000000000004 136529291.35000002
decision_type=2 2 2 2 2 2 2 2 2 2 2 2 2 2 2
left_child=2 10 5 4 -4 -1 7 8 -7 -5 14 -12 -3 -14 -2
right_child=1 12 3 9 -6 6 -8 -9 -10 -11 11 -13 13 -15 -16
leaf_value=-0.053352920408421767 -0.05652276440859294 0.041063357191613088 0.027633400823728716 0 -0.060340040495652059 0.00030992184577133188 -0.038062210394302687 0.045490906383541703 -0.033545899748441195 0.058686593125267264 -0.035873447829278218 0.050955689825219787 0.015730265755066974 -0.022240907443883195 -0.029526929698950419
leaf_weight=1.7830178886651982 2.3218765296041948 1.7091994807124127 2.5656232442706806 1.5501814996823666 1.5591902583837507 739.99867346370593 2.9033562438562504 3.4450864624232045 5.8115593669936052 4.043781902641058 2.5427029132843018 1.5343542918562887 1.909939317032695 1.8999787792563436 3.1389540024101734
leaf_count=14 34 14 24 36 23 4996 31 31 93 39 31 16 33 24 26
internal_value=0 -0.0120488 0.000244014 0.021776 -0.00507842 -2.97669e-05 9.70663e-05 0.000256665 3.49428e-05 0.0421971 -0.0258408 -0.00156168 0.0109318 -0.00201141 -0.0427144
internal_weight=778.717 15.057 763.66 9.71878 4.12481 753.942 752.159 749.255 745.81 5.59396 9.53789 4.07706 5.51912 3.80992 5.46083
internal_count=5465 178 5287 122 47 5165 5151 5120 5089 75 107 47 71 57 60
is_linear=0
shrinkage=0.05


Tree=203
num_leaves=31
num_cat=0
split_feature=7 7 8 4 3 10 8 3 9 3 9 9 8 2 4 8 2 3 3 9 2 8 3 3 3 3 2 3 4 9
split_gain=0.911588 4.28006 4.39259 3.11461 4.82162 5.79185 4.69711 3.85297 3.73036 3.68229 5.13984 6.20544 3.06288 2.93473 2.84792 2.56917 2.48511 1.6646 2.32361 1.56896 1.31201 1.22604 1.15223 10.8204 8.95447 7.98361 5.28072 2.79969 2.20766 1.13578
threshold=2.7340000000000003e-05 -0.0011786599999999998 132602184.20000002 0.00015000000000000004 0.029650000000000006 0.31945000000000007 151157180.00000003 0.042850000000000006 0.75055000000000016 0.0078500000000000011 0.64615000000000011 0.67065000000000008 74441332.500000015 19.150000000000002 0.0014500000000000001 139379309.60000002 22.150000000000002 0.0099500000000000022 0.020150000000000005 0.5867500000000001 27.150000000000002 386545470.00000006 0.038750000000000007 0.030550000000000004 0.042850000000000006 0.047550000000000009 29.850000000000005 0.021050000000000003 0.0019500000000000001 0.5172500000000001
decision_type=2 2 2 2 2 2 2 2 2 2 2 2 2 2 2 2 2 2 2 2 2 2 2 2 2 2 2 2 2 2
left_child=1 2 22 9 5 6 -5 8 -6 10 -2 -12 -7 -8 -9 -11 -3 20 -19 -17 -18 -14 23 27 28 -26 -25 -1 -24 -16
right_child=3 16 -4 4 7 12 13 14 -10 15 11 -13 21 -15 29 19 17 18 -20 -21 -22 -23 24 26 25 -27 -28 -29 -30 -31
leaf_value=0.002366270248896261 -0.050943135346448287 0.051609789188215953 -0.041086305293161596 -0.035336757288912772 0.049346664733321888 0.015418375022988784 0.064926091629893962 -0.057319001036877308 -0.022818284185508571 0 0.06297090843272804 -0.047821144352208828 -0.058950961602412533 -0.0052676380808406179 0.020110710712084985 0.022672481122109782 -0.00058096457418102434 -0.039859951349944633 0.022794953359575609 0.072139500931299477 0.06136669034226995 -0.011690082045905827 -0.022174872749335408 0.049611203558496256 0.044159654752064542 -0.0011163714865792002 -0.0060467193435831956 -0.0074447418353787353 -0.059782727042166466 -0.011252009287778662
leaf_weight=313.26658548600972 4.5186806283891219 6.0452849455177775 6.3514007925987235 4.4313284065574425 6.5171452090144175 1.6684049442410493 3.0780549049377441 2.6486450042575589 2.2798202112317085 4.7420747578144056 3.2499599289149046 1.894488703459501 12.479569057933984 2.547364603728056 4.1214219629764548 3.931371659040451 1.1693749800324424 2.6995081380009651 2.9678782001137733 3.4244425594806671 2.0156363984569907 1.9104258036240924 21.33503877744079 16.834362801164392 10.087393485009668 217.69208953436464 5.4630659967660895 94.571448840200901 5.0833842232823363 8.9234019014984352
leaf_count=2023 45 65 65 64 51 10 25 29 25 34 36 47 191 50 59 42 12 30 16 30 43 39 131 111 74 1467 30 497 43 81
internal_value=0 0.00055162 -1.49454e-05 -0.00533717 -0.0121781 -0.0271043 0.00219272 0.00358048 0.0300362 0.0103257 -0.0122623 0.0210835 -0.0456613 0.0327301 -0.0110289 0.0287303 0.026977 0.00920826 -0.00635576 0.0470308 0.0377753 -0.0531456 0.000364886 0.00194824 -0.0022944 0.00088527 0.0357852 7.77214e-05 -0.029798 -0.000885185
internal_weight=777.949 705.582 690.685 72.3666 50.6056 26.1151 10.0567 24.4904 8.79697 21.761 9.66313 5.14445 16.0584 5.62542 15.6935 12.0979 14.8977 8.8524 5.66739 7.35581 3.18501 14.39 684.333 430.135 254.198 227.779 22.2974 407.838 26.4184 13.0448
internal_count=5465 4607 4441 858 624 379 139 245 76 234 128 83 240 75 169 106 166 101 46 72 55 230 4376 2661 1715 1541 141 2520 174 140
is_linear=0
shrinkage=0.05


Tree=204
num_leaves=27
num_cat=0
split_feature=4 3 4 4 2 4 3 3 3 3 4 2 2 3 4 2 2 2 4 3 2 2 2 2 3 2
split_gain=0.917511 8.03654 4.21709 8.6234 4.69296 2.56361 8.76398 13.7864 7.73792 10.9769 4.25099 3.19911 4.01793 2.90485 7.52392 4.64801 2.17575 2.59791 1.83279 1.72479 1.61494 10.107 5.67482 1.24234 0.178188 0.694015
threshold=0.0018500000000000003 0.069850000000000009 0.00175 0.0015500000000000004 20.750000000000004 0.0036500000000000005 0.10035000000000001 0.087550000000000003 0.074650000000000008 0.055550000000000009 0.0021500000000000004 12.050000000000002 14.050000000000002 0.096950000000000022 0.0055500000000000002 30.250000000000004 16.050000000000004 29.850000000000005 0.013650000000000001 0.12330000000000001 12.550000000000002 12.050000000000002 13.850000000000003 21.850000000000005 0.078650000000000012 23.950000000000003
decision_type=2 2 2 2 2 2 2 2 2 2 2 2 2 2 2 2 2 2 2 2 2 2 2 2 2 2
left_child=1 2 3 20 -5 6 7 8 9 -2 -8 -7 18 15 -15 -14 -3 24 -13 -12 21 -1 -22 -10 -18 -26
right_child=5 16 -4 4 -6 11 10 -9 23 -11 19 12 13 14 -16 -17 17 -19 -20 -21 22 -23 -24 -25 25 -27
leaf_value=-0.0066411669488999113 0.016711182655007178 -0.00049318853794813979 -0.058819678661838584 0.0007431907553745289 0.066008717133757333 0.043361640645851435 0.0029741175385490557 -0.067080186763019953 0.031491063433051053 -0.038939615797484582 0.072251659968081139 -0.052134433577961117 -0.014128219282504413 -0.034540023233007866 0.0034016718090482015 0.055268165866040747 -0.060978421401498561 -0.0052842595911944037 -0.0013535514586978483 0.028617423703703584 -0.029434260976129414 0.058035331707358487 -0.00012991489061280279 0.068931160616558823 -0.014924571429091796 -0.055466700905458036
leaf_weight=22.102735454216603 28.138669949024916 4.7356231808662441 2.9146587699651709 4.5545029640197736 7.5442811325192451 3.673747992143034 5.2681680545210865 6.5141326487064353 7.5799417495727521 12.807944844476877 7.776701942086218 5.7321339026093465 4.0237400457262975 15.805468291044233 72.387458031997085 5.4907222408801317 6.20442743599415 4.2837327122688285 2.8601963967084885 4.1029472872614861 16.992145317606628 8.1544736800715309 505.80633737402968 4.0180467218160629 2.2366603314876556 3.3636761009693146
leaf_count=188 195 29 20 25 49 35 29 36 45 147 36 46 38 104 519 46 45 28 21 26 125 68 3497 18 16 34
internal_value=0 -0.000965154 0.000146975 0.00047028 0.0420573 0.00306076 0.0101125 0.000867246 0.00949732 -0.00062682 0.0414747 -0.00178512 -0.00343169 -0.00048124 -0.00337283 0.0255581 -0.031398 -0.0401267 -0.0360159 0.0579635 -0.000437888 0.0107585 -0.00109738 0.0453677 -0.0521998 -0.040698
internal_weight=775.073 588.893 568.069 565.154 12.0988 186.18 76.2066 59.0587 52.5446 40.9466 17.1478 109.973 106.3 97.7074 88.1929 9.51446 20.8241 16.0885 8.59233 11.8796 553.056 30.2572 522.798 11.598 11.8048 5.60034
internal_count=5465 4124 3972 3952 74 1341 532 441 405 342 91 809 774 707 623 84 152 123 67 62 3878 256 3622 63 95 50
is_linear=0
shrinkage=0.05


Tree=205
num_leaves=17
num_cat=0
split_feature=12 3 3 1 2 4 3 4 14 2 4 1 1 4 4 1
split_gain=0.867871 1.06516 3.26512 3.2015 7.07273 4.50638 6.84511 2.81042 2.00257 1.85753 2.27994 1.57873 0.936879 0.906652 0.580467 0.386038
threshold=-29.684999999999999 0.22465000000000004 0.25040000000000007 47.350000000000001 23.850000000000005 0.013550000000000001 0.47985000000000005 0.016250000000000004 1.0000000180025095e-35 48.650000000000006 0.0018500000000000003 43.350000000000001 43.050000000000004 0.0090000000000000028 0.0091500000000000019 45.45000000000001
decision_type=2 2 2 2 2 2 2 2 2 2 2 2 2 2 2 2
left_child=-1 7 14 4 15 13 -7 8 9 10 -2 -11 -6 -5 -3 -4
right_child=1 2 3 5 12 6 -8 -9 -10 11 -12 -13 -14 -15 -16 -17
leaf_value=0.027429646378481477 -0.0010771147093234083 -0.014200311245009362 0.033454508919085531 -0.025495323521116983 0.00089637998059089613 0.046668609298471546 -0.019079231103801539 0.040035873060086706 0.040870894106235053 0.0055913450813747144 0.006364797991371374 -0.037040892540794727 -0.033423936263672634 -0.064684476438393673 -0.0543587881162923 0.065863853869287878
leaf_weight=2.7731197327375403 583.54837016155943 1.78073240071535 2.8333359174430353 3.8729329407215145 3.4482309073209763 5.516145937144759 13.309023812413214 4.3366318941116324 2.9008452706038943 3.0288863033056241 124.79071221407503 6.064817026257515 3.8488280214369297 3.5374494642019272 3.8230608645826578 3.8755012825131416
leaf_count=15 4054 12 25 25 17 43 110 33 20 21 811 157 29 19 51 23
internal_value=0 -0.000101788 -0.00748942 -0.00233367 0.0167427 -0.0127324 6.67818e-05 0.00035965 0.000108323 -5.51999e-05 0.00022761 -0.0223909 -0.016737 -0.0454807 -0.0429468 0.0536032
internal_weight=773.289 770.516 45.8452 40.2414 14.0059 26.2356 18.8252 724.67 720.334 717.433 708.339 9.0937 7.29706 7.41038 5.60379 6.70884
internal_count=5465 5450 354 291 94 197 153 5096 5063 5043 4865 178 46 44 63 48
is_linear=0
shrinkage=0.05


Tree=206
num_leaves=13
num_cat=0
split_feature=3 3 3 3 3 3 0 3 3 3 10 4
split_gain=0.827982 3.85443 2.63898 1.9531 1.40127 1.0442 8.1683 5.55269 6.71872 4.82572 1.83035 0.398938
threshold=0.0043500000000000006 0.004850000000000001 0.0039500000000000013 0.0049500000000000004 0.0041000000000000003 0.005850000000000001 62.500000000000007 0.0064500000000000009 0.0069500000000000004 0.0053500000000000015 0.34925000000000006 1.0000000180025095e-35
decision_type=2 2 2 2 2 2 2 2 2 2 2 2
left_child=2 11 -1 -3 -4 6 9 10 -9 -5 -7 -2
right_child=1 3 4 5 -6 7 -8 8 -10 -11 -12 -13
leaf_value=-0.024186309982717553 -0.017391399777944905 0.031656758528730594 0.055506441950836663 0.024421764797142476 0.010950643685150911 0.032930023508863794 -0.071265407559239421 -0.04571682891852627 5.8668262761101453e-05 -0.035543384867904794 -0.01102411559537457 -0.045781865723935278
leaf_weight=3.1296919733285895 2.9121504798531523 4.7875991798937312 3.0263671651482564 10.65282951295376 5.0612318757921457 16.533458441495899 4.3333739303052417 8.0063881895039213 702.04750109137967 4.7454586029052725 2.5244199708104125 4.544798172544688
leaf_count=18 17 23 31 56 39 134 35 229 4748 53 22 60
internal_value=0 -0.000198993 0.0134253 0.000150667 0.0287083 -4.8286e-05 -0.0113741 0.000252881 -0.000456809 0.00550894 0.0268197 -0.0357331
internal_weight=772.305 761.088 11.2173 753.631 8.0876 748.843 19.7317 729.112 710.054 15.3983 19.0579 7.45695
internal_count=5465 5377 88 5300 70 5277 144 5133 4977 109 156 77
is_linear=0
shrinkage=0.05


Tree=207
num_leaves=19
num_cat=0
split_feature=1 1 2 2 2 2 1 1 3 3 2 4 2 2 5 1 1 1
split_gain=2.0321 1.353 4.16264 4.09765 6.64808 1.41549 3.67886 5.50232 3.88707 3.75199 3.54094 3.08359 2.37159 8.40714 2.65292 1.78972 0.649833 0.619084
threshold=29.450000000000003 39.95000000000001 23.150000000000002 28.450000000000003 42.650000000000013 41.800000000000004 49.45000000000001 48.350000000000001 0.0078500000000000011 0.021050000000000003 40.750000000000007 0.0014500000000000001 39.750000000000007 38.850000000000009 0.54500000000000015 48.750000000000007 60.350000000000001 38.650000000000013
decision_type=2 2 2 2 2 2 2 2 2 2 2 2 2 2 2 2 2 2
left_child=-1 2 -2 -4 17 10 7 9 16 -7 12 -10 13 -3 -14 -12 -8 -5
right_child=1 5 3 4 -6 6 8 -9 11 -11 15 -13 14 -15 -16 -17 -18 -19
leaf_value=-0.052738950906874998 -0.030047430051460922 -0.00023624932155501054 0.063050349982514672 -0.042312764736696505 0.046496527639456268 -0.023930800336834167 0 0.056233445344544365 -0.059916504197470438 0.0096687969429940512 0.0048377744891690902 -0.01131700885236114 -0.054198303056512159 0.053276329317540443 0.001199348342101153 0.056366333283339315 0.047251517645107488 -0.0023065630484024073
leaf_weight=1.7222609817981709 4.2223571985960033 673.08237559651025 4.8150313608348361 3.7341172974556667 5.3877541944384575 15.352966569364069 1.7262909598648577 3.8992989603430024 7.6148778414353711 17.642913228832185 3.2292161360383025 6.2656954033300281 4.1474823802709562 7.3193561770021907 4.0432290248572826 4.1026898175477982 1.3268956742249427 1.6771693080663679
leaf_count=14 36 4583 52 58 39 106 31 26 75 144 31 60 41 40 33 44 37 15
internal_value=0 0.0001239 0.0129837 0.0250555 0.00723277 -0.000211354 -0.00801945 0.000720232 -0.0272474 -0.00583907 0.000386475 -0.0385742 8.71219e-06 0.000339804 -0.0265643 0.0347147 0.0222516 -0.0310873
internal_weight=771.312 769.59 19.8364 15.6141 10.799 749.753 53.8289 36.8952 16.9338 32.9959 695.924 13.8806 688.592 680.402 8.19071 7.33191 3.05319 5.41129
internal_count=5465 5451 200 164 112 5251 479 276 203 250 4772 135 4697 4623 74 75 68 73
is_linear=0
shrinkage=0.05


Tree=208
num_leaves=31
num_cat=0
split_feature=4 4 2 10 2 2 0 2 4 2 4 4 2 4 4 0 0 2 2 2 2 2 2 7 2 2 0 2 2 0
split_gain=0.811721 3.08908 4.66285 5.56238 5.86704 5.16939 4.80255 4.06253 3.47326 3.59013 5.89722 5.1857 5.02095 8.9242 3.5365 2.89731 2.79092 5.10744 3.13617 7.26165 6.96845 5.98996 3.7888 3.55309 3.33342 3.09856 2.52221 7.87347 3.65827 2.3554
threshold=0.00035000000000000005 0.00055000000000000003 33.95000000000001 0.37035000000000001 21.450000000000003 37.550000000000004 65.500000000000014 14.350000000000003 0.00095000000000000011 12.850000000000003 0.0026500000000000004 0.0057500000000000008 13.950000000000001 0.0036500000000000005 0.0010500000000000004 61.500000000000007 67.500000000000014 24.900000000000002 24.900000000000002 20.550000000000004 19.850000000000005 25.250000000000004 21.850000000000005 -0.0010800699999999998 19.150000000000002 23.500000000000004 61.500000000000007 42.550000000000004 35.20000000000001 62.500000000000007
decision_type=2 2 2 2 2 2 2 2 2 2 2 2 2 2 2 2 2 2 2 2 2 2 2 2 2 2 2 2 2 2
left_child=16 2 3 6 -5 15 7 -2 -3 10 -10 -12 13 -11 -14 -4 18 -18 19 20 24 -20 23 -21 -1 -24 27 -23 -28 -7
right_child=1 8 5 4 -6 29 -8 -9 9 12 11 -13 14 -15 -16 -17 17 -19 21 22 -22 26 25 -25 -26 -27 28 -29 -30 -31
leaf_value=-0.00189084644482792 -0.0070398948357140922 -0.010165398976810687 -0.084518418494518729 -0.06587987229433355 0.014917005559641996 -0.012185781116764841 -0.018823159747021114 0.02722050803986964 -0.051222374367993317 0.062037717641065117 0.050508593529858994 -0.037763274517080572 0.017470889982631434 -0.020299311581883906 -0.00073274840546963939 -0.010895551069767175 0.047614311489868159 -0.031940641072742269 0.061235670475217052 -0.064279424773783511 0.046280228663219687 0.023198769150613793 -0.0039220337373215616 -0.0011020632212266701 -0.042095229533447798 -0.035284167217798056 -0.016239549670219164 -0.037726176747926055 0.014872435124980689 0.020354749197897589
leaf_weight=117.86436392506585 9.7757368609309179 80.797705030068755 3.0033591389656094 4.1518937908112985 4.5421933978796005 12.912480343598874 7.6270419582724562 61.145094815641642 8.0174066983163339 8.860354505479334 3.7342158481478682 2.7965030297636986 29.775100395083427 5.0214612111449233 246.26641101203859 2.7147029992192984 6.7534417929127795 2.7009487375617027 4.3561390787363043 8.8328004479408246 7.2884672759100786 28.050931958481669 22.712704051285982 3.185360354371368 5.317073391750454 12.344806123524902 29.879762347787619 6.3914357274770728 13.564071394503115 9.5666375979781133
leaf_count=864 51 537 13 79 36 80 63 394 94 50 21 41 203 34 1711 46 57 19 21 45 62 177 163 31 49 79 203 53 118 71
internal_value=0 0.00119005 0.00836531 0.0140973 -0.0234097 -0.00917985 0.0183368 0.0224244 -0.000948527 0.00148348 -0.0226318 0.0119564 0.00271819 0.0319642 0.00121829 -0.0512127 -0.00221382 0.0242671 -0.00320574 -0.00695507 -0.000835916 0.00482625 -0.0237706 -0.0480944 -0.00369955 -0.0151768 0.00153271 0.0116718 -0.00639907 0.00147015
internal_weight=769.951 500.708 115.439 87.242 8.69409 28.1972 78.5479 70.9208 385.269 304.471 14.5481 6.53072 289.923 13.8818 276.042 5.71806 269.242 9.45439 259.788 177.546 130.47 82.2423 47.0757 12.0182 123.181 35.0575 77.8862 34.4424 43.4438 22.4791
internal_count=5465 3524 833 623 115 210 508 445 2691 2154 156 62 1998 84 1914 59 1941 76 1865 1293 975 572 318 76 913 242 551 230 321 151
is_linear=0
shrinkage=0.05


Tree=209
num_leaves=31
num_cat=0
split_feature=1 10 1 1 4 0 2 2 4 2 2 8 0 1 4 4 2 1 4 4 1 1 2 1 4 0 2 2 2 4
split_gain=0.7879 1.87043 1.78579 2.76986 4.16415 5.50838 4.19711 6.29416 3.94403 2.90001 2.89675 3.80945 1.65011 4.94931 8.90074 5.45187 5.36148 3.54773 10.3924 5.16363 2.5437 4.13509 5.15962 3.82845 1.89417 1.64814 3.89307 2.43757 8.89838 2.76559
threshold=59.45000000000001 0.32690000000000002 55.550000000000004 56.350000000000001 0.0013500000000000003 63.500000000000007 17.150000000000002 22.150000000000002 0.0011500000000000002 16.050000000000004 21.550000000000004 115204230.00000001 62.500000000000007 50.050000000000004 0.00015000000000000004 0.0024500000000000004 25.550000000000004 53.95000000000001 0.00025000000000000006 0.00025000000000000006 42.050000000000004 39.250000000000007 28.450000000000003 43.050000000000004 0.00015000000000000004 61.500000000000007 18.850000000000005 22.950000000000003 25.650000000000002 0.00035000000000000005
decision_type=2 2 2 2 2 2 2 2 2 2 2 2 2 2 2 2 2 2 2 2 2 2 2 2 2 2 2 2 2 2
left_child=2 25 12 8 6 -6 9 -8 10 -5 11 -4 20 14 16 -16 -14 18 -15 -19 21 22 -1 -22 -25 -2 -27 29 -29 -28
right_child=1 -3 3 4 5 -7 7 -9 -10 -11 -12 -13 13 17 15 -17 -18 19 -20 -21 23 -23 -24 24 -26 26 27 28 -30 -31
leaf_value=0.032821350353484074 0.020847959014828093 0.043197226870903251 -0.047605396055657029 -0.012490371500882034 -0.0033132716192958429 0.07842795958155345 -0.05364949444628643 0.00039327737235610936 -0.053550611060525014 0.050735888460013923 0.024482586318732884 0.026608902820634009 -0.060781819365499729 0.046559606720009826 0.0089868807397908146 -0.017267380980440124 -0.0034142852630809997 -0.048974387011760108 0.0059955185535697101 0.0073347000004100153 -0.036540431195920361 0.040460745418258073 -0.032499429863506991 0.0071870524285591085 -0.0031116072870096202 0.036115310819186244 -0.057767020702553795 0.051393835066137344 -0.014276515090889974 -0.007738064202083306
leaf_weight=5.2449800316244382 10.78337825834751 3.0383813739754251 5.5519224163144845 2.9888414819724884 4.7873159237205964 3.3701408952474594 8.6384760439395922 13.575706794857977 7.1555816978216162 4.0378585197031498 4.5257847756147385 2.3208885416388512 9.7122145276516694 21.113215401768684 77.670378145994619 26.356672038324177 7.3148118443787089 5.2668830864131477 63.443259047344327 16.448447161819786 7.9977540969848624 9.1351665779948217 6.8137135524302721 51.013777415733784 342.84289914974943 6.0974398367106906 4.1034766957163802 6.7685828637331751 20.542866207659245 9.0463216155767423
leaf_count=54 65 97 46 24 37 18 56 101 71 37 29 22 124 166 488 219 53 31 482 139 54 63 79 308 2211 70 25 53 188 55
internal_value=0 0.0054726 -0.000473188 -0.00895755 -0.000829804 0.0303923 -0.00978428 -0.0205446 -0.0241646 0.0233428 -0.00651222 -0.0250407 0.000263354 0.00370471 -0.00317484 0.00227679 -0.0365925 0.0115838 0.0162262 -0.00625532 -0.00157449 0.0152344 -0.00364038 -0.002477 -0.00176351 0.00331493 -0.000674688 -0.00641752 0.00194425 -0.0240454
internal_weight=767.707 60.3804 707.327 56.9525 37.3983 8.15746 29.2409 22.2142 19.5542 7.0267 12.3986 7.87281 650.374 227.326 121.054 104.027 17.027 106.272 84.5565 21.7153 423.048 21.1939 12.0587 401.854 393.857 57.3421 46.5587 40.4612 27.3114 13.1498
internal_count=5465 553 4912 441 273 55 218 157 168 61 97 68 4471 1702 884 707 177 818 648 170 2769 196 133 2573 2519 456 391 321 241 80
is_linear=0
shrinkage=0.05


Tree=210
num_leaves=22
num_cat=0
split_feature=12 7 7 1 2 2 9 1 10 10 9 3 9 2 2 2 1 1 3 1 4
split_gain=0.82767 1.02408 3.88264 4.30529 3.08043 3.47627 4.88969 4.46364 3.56398 3.18311 3.46987 2.54441 1.70456 1.59969 1.59366 2.07725 1.22142 1.4341 0.988244 0.943452 0.764805
threshold=-29.684999999999999 2.7340000000000003e-05 -0.0011786599999999998 46.45000000000001 25.250000000000004 16.050000000000004 0.65425000000000011 46.750000000000007 0.29555000000000003 0.53610000000000013 0.5575500000000001 0.012050000000000002 0.60130000000000006 35.850000000000001 42.850000000000001 43.150000000000013 33.650000000000013 44.95000000000001 0.0069500000000000004 41.550000000000004 0.0045500000000000011
decision_type=2 2 2 2 2 2 2 2 2 2 2 2 2 2 2 2 2 2 2 2 2
left_child=-1 2 12 -4 5 6 7 -3 -8 10 -7 13 16 19 18 -16 -2 -18 -5 -6 -13
right_child=1 4 3 14 11 9 8 -9 -10 -11 -12 20 -14 -15 15 -17 17 -19 -20 -21 -22
leaf_value=0.026839826218564112 -0.031031323650312394 0.030595061230187584 -0.02645074505043897 0.017120314914445305 0.0011658554235801112 0.041417214984911875 -0.016676889259792976 -0.040974997168371649 0.046673489662502975 -0.042654356332684273 0.0031571945997173976 -0.056451303169472083 -0.037444921029259434 0.031065848384148317 -0.044492764680843275 0.045675494921097633 0.0052003792042005087 -0.00082908375415098503 0.059278092274911522 -0.049314000995417967 -0.01569083668835311
leaf_weight=2.7605822384357444 3.0370503664016715 2.4105674065649572 2.9214853048324576 2.3334217555820924 1.5978400707244858 8.829207495786255 4.1138525679707509 14.276896250667049 4.4452038235031068 2.4162966618314377 18.656483229715377 5.4972898326814175 2.9387411810457698 2.1537975184619427 1.1112568639218801 1.2409606692381201 119.77075274381787 554.07912812847644 6.7981362566351891 1.6196151506155727 2.0481525734066963
leaf_count=15 24 31 14 29 39 116 22 159 59 23 276 61 39 22 22 38 760 3612 63 30 11
internal_value=0 -0.000105465 0.000462007 0.0260599 -0.00595894 -0.00070058 -0.0144168 -0.0302179 0.0158062 0.0107229 0.0157343 -0.0278478 -7.68022e-05 -0.000512777 0.0399633 0.00096112 8.3555e-05 0.000235793 0.0493491 -0.0234582 -0.0463911
internal_weight=765.057 762.296 694.231 14.4053 68.0652 55.1485 25.2465 16.6875 8.55906 29.902 27.4857 12.9167 679.826 5.37125 11.4838 2.35222 676.887 673.85 9.13156 3.21746 7.54544
internal_count=5465 5450 4601 166 849 686 271 190 81 415 392 163 4435 91 152 60 4396 4372 92 69 72
is_linear=0
shrinkage=0.05


Tree=211
num_leaves=31
num_cat=0
split_feature=4 4 1 1 1 1 1 4 1 4 1 1 4 0 7 1 1 1 1 1 1 1 4 1 0 0 1 1 8 8
split_gain=0.814419 2.7949 4.69633 6.642 6.23967 4.05383 3.73715 5.70678 9.48435 8.96219 3.68565 6.49023 3.45055 3.64211 3.37508 3.31847 8.35531 4.14927 2.71216 5.3053 4.02461 5.61127 2.70317 2.45554 10.5944 9.66763 3.92326 2.8568 2.77029 3.40211
threshold=0.00035000000000000005 0.00055000000000000003 49.550000000000004 50.850000000000001 43.350000000000001 50.550000000000004 43.250000000000007 0.00095000000000000011 48.850000000000001 0.00085000000000000017 44.650000000000013 47.050000000000004 0.0010500000000000004 63.500000000000007 4.8060000000000004e-05 56.45000000000001 55.550000000000004 56.750000000000007 45.95000000000001 44.95000000000001 44.150000000000013 41.150000000000013 0.00085000000000000017 52.350000000000001 54.500000000000007 60.500000000000007 51.750000000000007 46.550000000000004 265171017.00000003 160914465.00000003
decision_type=2 2 2 2 2 2 2 2 2 2 2 2 2 2 2 2 2 2 2 2 2 2 2 2 2 2 2 2 2 2
left_child=18 2 4 5 -2 -4 12 8 22 -10 -6 -12 -3 -14 -5 16 -9 -17 19 20 21 -1 -8 25 -25 -20 27 -27 29 -26
right_child=1 6 3 14 10 -7 7 15 9 -11 11 -13 13 -15 -16 17 -18 -19 23 -21 -22 -23 -24 24 28 26 -28 -29 -30 -31
leaf_value=0.0064982139036322689 -0.0099423917245435815 0.037606246145730972 -0.0096759092409614729 0.011929327463581456 0.065529766149580532 -0.065823163372701096 -0.046911433285078387 0.00089067430781627479 0.011351009809953745 -0.055949867847467152 -0.0044111764086038818 0.04850635872804962 0.014370404242877813 -0.035850472325768643 -0.028449587953991651 0.083219516566023471 -0.053061045522678665 0.011765245344975559 0.048398620696195487 -0.049914861389385286 0.027683194650465783 -0.040721924609550861 -0.016040176837776435 -0.064634240710580687 -0.0011241261496786838 0.020077698668956191 0.031579314365111945 -0.006331258129274874 0.041276031675736902 -0.05161578102791723
leaf_weight=13.898099076002838 11.116026448085902 11.296797312796118 9.5259162122383696 53.160714776720852 6.9900637716054943 5.0040176738984874 19.538732286542654 253.664516068995 33.544119203463197 5.695150099694728 10.803057070821525 11.978681236505507 16.133864972740415 4.5227296389639369 5.576641035731881 2.2693920731544521 7.2827401198446742 16.963839369826019 11.487887531518934 8.1807109210640174 7.1977693084627381 11.145597189664839 12.268082566559317 6.9538132399320594 100.00355428084731 11.584238549694417 8.9493075087666494 80.157857119804248 3.5739850997924796 3.3634478524327269
leaf_count=113 101 89 52 409 36 26 121 1718 216 45 63 58 97 27 88 13 76 213 72 62 44 98 76 44 707 77 71 595 29 29
internal_value=0 0.00119015 0.00805791 0.000405689 0.0216136 -0.0296722 -0.00084438 -0.00234763 -0.0149975 0.00133853 0.033557 0.0232848 0.0154789 0.00301399 0.00796886 0.000846386 -0.000615652 0.0208418 -0.00223478 -0.0141474 -0.00479119 -0.0143964 -0.0352485 -7.73732e-05 -0.00526838 0.00514848 0.000121343 -0.00292394 -0.00130464 -0.00286369
internal_weight=763.831 497.335 114.155 73.2673 40.8878 14.5299 383.18 351.227 71.0461 39.2393 29.7718 22.7817 31.9534 20.6566 58.7374 280.18 260.947 19.2332 266.496 40.4222 32.2415 25.0437 31.8068 226.074 113.895 112.179 100.691 91.7421 106.941 103.367
internal_count=5465 3524 833 575 258 78 2691 2478 458 261 157 121 213 124 497 2020 1794 226 1941 317 255 211 197 1624 809 815 743 672 765 736
is_linear=0
shrinkage=0.05


Tree=212
num_leaves=25
num_cat=0
split_feature=2 2 1 5 2 2 4 4 1 3 2 2 5 1 2 2 1 1 1 1 5 3 1 1
split_gain=0.812164 6.5166 5.41043 6.25009 4.49303 9.53039 8.1968 8.26489 8.0388 6.38933 3.32726 4.23085 14.4957 7.48211 6.35072 3.31908 2.70989 2.35218 1.30346 1.12638 0.685676 0.512524 0.401309 0.205047
threshold=36.250000000000007 35.70000000000001 43.050000000000004 0.56500000000000006 38.850000000000009 39.750000000000007 0.00125 0.00075000000000000012 52.45000000000001 0.096950000000000022 34.650000000000013 33.150000000000013 0.55500000000000016 46.750000000000007 32.650000000000013 29.750000000000004 43.650000000000013 41.550000000000004 49.150000000000013 40.850000000000001 0.56500000000000006 0.026550000000000001 44.850000000000001 46.050000000000004
decision_type=2 2 2 2 2 2 2 2 2 2 2 2 2 2 2 2 2 2 2 2 2 2 2 2
left_child=1 10 3 17 8 -6 7 -7 16 -8 11 14 22 -14 15 -1 -4 21 -3 -5 -18 -2 -13 -16
right_child=2 18 4 19 5 6 9 -9 -10 -11 -12 12 13 -15 23 -17 20 -19 -20 -21 -22 -23 -24 -25
leaf_value=-0.00076772738397386318 0.028048845984426415 0.015914032244708529 -0.0001128060554564153 0.020839524346515582 0.051357116633393887 -0.007721867255622324 0.036565732225354815 -0.059438115149709016 0.023057244063853479 -0.02335550184895752 -0.034144013045963817 0.092195570473495803 0.025824097732504575 -0.057287999368141218 -0.03188258236181158 0.012540884030423137 -0.039054782762587566 -0.032734272921794171 0.060058697208156188 0.059812104522922065 -0.065479906120231038 0 0.057230908840432582 -0.056231381501852862
leaf_weight=561.726974734338 2.9165656641125697 3.1131994985043985 2.9901711344718995 3.4365832656621915 7.1291877329349509 26.058383519295603 13.100680097006263 11.080901980400084 5.5491962060332289 6.5232805125415316 6.9212035685777655 3.9028988480567959 5.6074849180877191 4.9928364716470242 3.8037744760513297 50.987363515421748 6.6124260090291482 4.911302387714386 5.1711292937397957 6.5215640366077423 7.8416292741894722 2.8361635506153107 3.5895177870988846 3.8168164491653442
leaf_count=4010 21 24 17 30 40 228 145 113 39 69 31 20 63 32 20 307 32 34 44 34 48 19 22 23
internal_value=-5.85242e-07 0.0006554 -0.00403225 0.0188519 -0.00953665 -0.00261422 -0.00955909 -0.0234044 -0.0284611 0.0163761 7.86189e-05 0.000462747 0.0242314 -0.0130246 -0.000226228 0.000333463 -0.0451726 -0.00734843 0.0444534 0.0472006 -0.0540859 0.013659 0.0770774 -0.0452958
internal_weight=761.141 653.633 107.508 20.6222 86.8859 63.8924 56.7632 37.1393 22.9934 19.624 645.349 638.428 18.0927 10.6003 620.335 612.714 17.4442 10.664 8.28433 9.95815 14.4541 5.75273 7.49242 7.62059
internal_count=5465 4596 869 138 731 595 555 341 136 214 4528 4497 137 95 4360 4317 97 74 68 64 80 40 42 43
is_linear=0
shrinkage=0.05


Tree=213
num_leaves=20
num_cat=0
split_feature=1 1 2 2 2 2 2 1 2 4 2 1 2 2 1 1 4 2 1
split_gain=1.82333 1.10797 3.63659 3.92305 5.99196 1.28333 5.36228 7.04292 8.2948 7.69958 5.79832 6.2007 4.07845 7.85411 5.47005 9.24245 5.00343 0.535094 0.21047
threshold=29.450000000000003 39.95000000000001 23.150000000000002 28.450000000000003 42.650000000000013 37.150000000000013 33.150000000000013 46.45000000000001 34.650000000000013 0.00035000000000000005 32.650000000000013 41.850000000000001 38.850000000000009 39.300000000000004 43.550000000000004 52.45000000000001 0.00125 36.250000000000007 46.050000000000004
decision_type=2 2 2 2 2 2 2 2 2 2 2 2 2 2 2 2 2 2 2
left_child=-1 2 -2 -4 17 6 10 8 -8 -9 11 -3 14 -14 -7 -16 -15 -5 -12
right_child=1 5 3 4 -6 12 7 9 -10 -11 18 -13 13 16 15 -17 -18 -19 -20
leaf_value=-0.051624522391214761 -0.028784338491192774 -0.057237484589662373 0.061821835082930258 -0.017300705568856583 0.044536961107528479 0.019688223009238118 0.086539543909611299 0.037476984547536979 0.0025254959764153492 -0.023952871857009936 -0.030537284715318497 0.00055395632791779966 0.06818050836010324 -0.013176929154602154 -0.061004024040783617 0.018484357548177021 0.015152225469427329 -0.055743536421123056 -0.054944633484763299
leaf_weight=1.6070118993520726 4.0804368779063251 4.5774859972298136 4.5652625355869523 3.6462415643036348 5.0774349197745323 5.2485365271568325 6.8083165884017927 8.8233499899506587 5.3417599499225616 11.775678042322395 3.7778586000204077 597.33385800523683 3.9090924113988867 47.037755048833787 12.302027076482775 5.0117024108767501 23.084048353135586 1.6003439873456953 3.7158166319131851
leaf_count=14 36 41 52 61 39 27 35 53 32 79 20 4166 21 416 72 35 231 12 23
internal_value=-8.36055e-07 0.00010885 0.0120125 0.023644 0.00585104 -0.000191632 0.000609877 0.0202912 0.0503332 0.00217226 -0.000442742 9.6717e-05 -0.00556692 4.72276e-05 -0.0241275 -0.0377338 -0.00377149 -0.0307852 -0.0438625
internal_weight=759.324 757.717 18.9697 14.8893 10.324 738.747 642.154 32.7491 12.1501 20.599 609.405 601.911 96.5932 74.0309 22.5623 17.3137 70.1218 5.24659 7.49368
internal_count=5465 5451 200 164 112 5251 4449 199 67 132 4250 4207 802 668 134 107 647 73 43
is_linear=0
shrinkage=0.05


Tree=214
num_leaves=22
num_cat=0
split_feature=1 1 0 3 3 3 1 1 1 8 3 4 3 3 4 4 1 3 4 1 1
split_gain=1.71869 1.05898 4.34053 4.02602 4.35027 2.28195 2.2825 1.47228 12.8314 6.77017 4.93792 2.09025 10.054 6.97832 5.13006 4.86658 7.20476 4.66775 2.07565 1.32213 1.20462
threshold=29.450000000000003 41.150000000000013 61.500000000000007 0.0086500000000000014 0.007150000000000001 0.016000000000000004 37.300000000000004 45.350000000000001 44.95000000000001 6504353.5500000017 0.021050000000000003 0.0015500000000000004 0.053750000000000006 0.064150000000000013 0.0021500000000000004 0.00065000000000000008 50.650000000000013 0.041150000000000006 0.00045000000000000004 38.650000000000013 45.150000000000013
decision_type=2 2 2 2 2 2 2 2 2 2 2 2 2 2 2 2 2 2 2 2 2
left_child=-1 2 -2 4 19 -5 -7 8 9 10 -3 15 14 -14 -13 17 -17 -9 -10 -4 -20
right_child=1 7 3 5 -6 6 -8 11 18 -11 -12 12 13 -15 -16 16 -18 -19 20 -21 -22
leaf_value=-0.051022666043081068 0.053540647961654524 0.019333614093411007 0.019509987748821105 -0.054072117011295273 0.064956881197903799 -0.033336698091292347 0.017393780460953748 0.002610549308738446 -0.069272230786980735 -0.054041968797866081 -0.0040615783572049936 0.053497702261290893 -0.048766969294804695 0.0026029157935311738 0.0098891889112861491 -0.020241564585711296 0.0069239220308889883 -0.045538723309747661 -0.043783153683635674 -0.033611368251767325 -0.0033281613196531295
leaf_weight=1.5473634973168362 4.5977621041238335 34.158734552562237 2.1848810911178607 3.1802132148295632 3.8610443025827408 3.8174180667847377 4.9193697348237038 333.98677465762012 6.6601882437244049 5.2007834799587718 65.325619561597705 14.48879909515381 6.85764190647751 132.5930807068944 13.257843524217604 67.37086502276361 37.831084802746773 5.0022751688957205 5.6811633594334108 2.2115712109953165 3.1380086727440357
leaf_count=14 32 210 13 52 32 49 38 2434 44 85 395 97 74 935 113 438 294 22 40 30 24
internal_value=-8.96999e-07 0.00010361 0.0102542 0 0.0268238 -0.018362 -0.00433279 -0.000234636 -0.00529698 0.000955757 0.00393248 0.000752862 0.00552102 7.78073e-06 0.0329507 -0.0010315 -0.010428 0.00187207 -0.0476392 -0.00625317 -0.0301479
internal_weight=757.872 756.325 24.7723 20.1745 8.2575 11.917 8.73679 731.553 120.164 104.685 99.4844 611.388 167.197 139.451 27.7466 444.191 105.202 338.989 15.4794 4.39645 8.81917
internal_count=5465 5451 246 214 75 139 87 5205 798 690 605 4407 1219 1009 210 3188 732 2456 108 43 64
is_linear=0
shrinkage=0.05


Tree=215
num_leaves=26
num_cat=0
split_feature=4 3 3 3 3 3 0 3 3 3 3 2 3 2 2 2 4 2 10 8 0 2 0 3 0
split_gain=0.938019 3.48857 7.48483 10.0485 3.40356 4.72785 11.6299 5.2915 10.2967 3.90318 4.19214 3.52565 6.33683 3.44203 2.91585 2.59242 6.20053 5.60555 1.79647 4.72021 1.55694 1.69463 4.10937 0.547556 0.0472165
threshold=0.00035000000000000005 0.0094500000000000018 0.012250000000000002 0.015500000000000002 0.030250000000000003 0.012700000000000001 61.500000000000007 0.014350000000000002 0.016650000000000002 0.012450000000000001 0.012250000000000002 17.550000000000004 0.014150000000000001 15.550000000000002 25.250000000000004 34.100000000000009 0.00055000000000000003 35.70000000000001 0.28690000000000004 196165884.00000003 63.500000000000007 19.050000000000004 62.500000000000007 0.014150000000000001 63.500000000000007
decision_type=2 2 2 2 2 2 2 2 2 2 2 2 2 2 2 2 2 2 2 2 2 2 2 2 2
left_child=4 18 20 14 5 9 7 -7 -9 10 13 24 -13 -1 -4 16 -5 -17 -2 -20 21 -3 -23 -16 -8
right_child=1 2 3 15 -6 6 11 8 -10 -11 -12 12 -14 -15 23 17 -18 -19 19 -21 -22 22 -24 -25 -26
leaf_value=0.013081152497880666 0.072824976276216521 0.013145121415705889 0.078028563455657174 0.016290994693607213 0.035055291889321709 0.057442114500559693 -0.049695771702738929 -0.05628980293518681 0.031487935045458014 0.054559245277163541 -0.059028257372001874 -0.056269683157540232 -0.0064944785703199273 -0.0030916428813879725 0.038276011548730782 -0.056180217911363219 -0.00053444505281863167 -0.0037409335495067844 -0.046118072748980804 0.053109217409446442 -0.052757638192338245 -0.065568506859641884 0.0029560079104393234 0.011240113087527814 -0.07184759934615452
leaf_weight=42.00791234173812 2.2185637056827536 2.7080633491277721 4.3805369436740866 66.647068802267313 5.8033103495836249 5.3995401486754444 7.43256628513336 5.1362469196319571 9.1289588510990125 3.1755118519067755 2.9099985733628264 9.2741421014070529 21.118528202176094 149.98536709090695 5.0477100759744626 5.3740146458148947 302.05702452361584 80.022776809521019 1.7447524718008933 3.2056588600389659 5.9353499785065642 4.1533218510448915 4.2166296653449535 4.1575460135936737 2.6761576570570469
leaf_count=364 12 15 21 454 33 27 57 42 57 13 14 67 111 1136 29 25 2043 628 88 62 54 29 35 29 20
internal_value=-3.57157e-06 0.00128023 0.000753921 0.00195201 -0.00241355 -0.00328815 -0.015553 0.0157735 0 0.000418027 -0.000465968 -0.0308876 -0.0219818 0.000425885 0.0441698 0.000668481 0.00249696 -0.00716127 0.0356768 0.0169263 -0.0317075 -0.019611 -0.0308295 0.0268546 -0.0566963
internal_weight=755.917 491.869 484.7 467.687 264.048 258.245 60.1661 19.6647 14.2652 198.079 194.903 40.5014 30.3927 191.993 13.5858 454.101 368.704 85.3968 7.16898 4.95041 17.0134 11.078 8.36995 9.20526 10.1087
internal_count=5465 3524 3362 3229 1941 1908 381 126 99 1527 1514 255 178 1500 79 3150 2497 653 162 150 133 79 64 58 77
is_linear=0
shrinkage=0.05


Tree=216
num_leaves=25
num_cat=0
split_feature=4 3 3 3 3 3 0 3 3 3 3 3 2 2 7 2 2 4 2 8 0 2 0 3
split_gain=0.853202 3.28615 6.89235 9.22098 3.11492 4.36313 10.6937 4.77319 9.53793 3.53269 3.86739 3.39103 6.12419 3.21171 2.80696 2.70917 2.34564 5.61883 5.12806 1.95445 1.51055 1.80031 3.9467 0.499808
threshold=0.00035000000000000005 0.0094500000000000018 0.012250000000000002 0.015500000000000002 0.030250000000000003 0.012700000000000001 61.500000000000007 0.014350000000000002 0.016650000000000002 0.012450000000000001 0.012250000000000002 0.014150000000000001 17.550000000000004 25.050000000000004 9.9695000000000014e-05 25.250000000000004 34.100000000000009 0.00055000000000000003 35.70000000000001 136529291.35000002 63.500000000000007 18.350000000000005 62.500000000000007 0.014150000000000001
decision_type=2 2 2 2 2 2 2 2 2 2 2 2 2 2 2 2 2 2 2 2 2 2 2 2
left_child=4 14 20 15 5 9 7 -7 -9 10 13 -8 -13 -1 -2 -4 17 -5 -18 -16 21 -3 -23 -17
right_child=1 2 3 16 -6 6 11 8 -10 -11 -12 12 -14 -15 19 23 18 -19 -20 -21 -22 22 -24 -25
leaf_value=-0.0038258238521211721 0.05778936952577568 0.015896032618943731 0.075511773822234035 0.015530087627878084 0.033758780329018266 0.054707690524711396 -0.052768903762766599 -0.055144382961779065 0.030315511658548323 0.051893918513908954 -0.057197297644833146 -0.059853687921744607 -0.0061779649567290955 0.010245791996872262 -0.044729035629692056 0.036792940660140425 -0.053939038078266145 -0.00050775500748273918 -0.0035561484303624361 0.043887692138050605 -0.051883878900789528 -0.064343736753956868 0.002809434573883357 0.010753335682253787
leaf_weight=133.91850578575395 4.5669354354031375 2.5911772847175625 4.3054495304822913 66.42751570045948 5.7306016385555258 5.3911486491560963 11.640552308410404 4.9866816885769358 9.014745429158209 3.1767628192901602 2.8575363010168067 7.1411321610212353 21.096169710159302 57.998565809801221 1.417117690201849 4.9940383434295637 5.3229036778211585 302.04338308423758 79.978251471184194 0.92782488465309132 5.7401975914835921 4.1450797542929632 4.2199187483638525 4.1336125284433365
leaf_count=1052 70 14 21 454 33 27 95 42 57 13 14 49 111 448 82 29 25 2043 628 10 54 30 35 29
internal_value=-4.79044e-06 0.00121978 0.00071665 0.00185767 -0.00230912 -0.00314491 -0.0150356 0.0151968 0 0.000395936 -0.000444534 -0.0298639 -0.0200922 0.00040379 0.0352187 0.0425337 0.00063341 0.00237339 -0.00681813 -0.00726003 -0.0307353 -0.0188337 -0.0302431 0.0257866
internal_weight=753.766 490.813 483.902 467.205 262.952 257.222 59.2704 19.3926 14.0014 197.951 194.775 39.8779 28.2373 191.917 6.91188 13.4331 453.772 368.471 85.3012 2.34494 16.6964 10.9562 8.365 9.12765
internal_count=5465 3524 3362 3229 1941 1908 381 126 99 1527 1514 255 160 1500 162 79 3150 2497 653 92 133 79 65 58
is_linear=0
shrinkage=0.05


Tree=217
num_leaves=11
num_cat=0
split_feature=3 3 3 3 1 3 3 3 1 4
split_gain=0.831058 2.36976 3.63941 1.84552 1.5175 1.14221 5.62438 2.83769 0.616919 0.630253
threshold=0.0039500000000000013 0.0043500000000000006 0.004850000000000001 0.0049500000000000004 51.95000000000001 0.0075500000000000003 0.0064500000000000009 0.0094500000000000018 51.350000000000001 1.0000000180025095e-35
decision_type=2 2 2 2 2 2 2 2 2 2
left_child=-1 4 8 -4 -2 6 -5 -7 9 -3
right_child=1 2 3 5 -6 7 -8 -9 -10 -11
leaf_value=-0.025285586823372026 0.0076369158455245837 -0.073310954027937095 0.030889087233245988 0.0065378651865000527 0.054025794192231094 0.01012188916687279 -0.022251014467602345 -0.00053033742474605514 -0.018691297030319878 -0.022099102191233767
leaf_weight=3.1385038346052161 4.6472620032727709 1.7649708315730088 4.753111917525529 37.885703340172768 3.1283080652356148 69.753036694601178 30.328635086305439 590.85307307448238 3.8241463452577591 1.5992746399715541
leaf_count=18 38 11 23 300 32 521 430 4026 28 38
internal_value=-5.34464e-06 9.73362e-05 -0.000185995 0.000156508 0.0273842 -4.12698e-05 -0.00620254 0.000588219 -0.035347 -0.0517502
internal_weight=751.676 748.538 740.762 733.574 7.77557 728.82 68.2143 660.606 7.18839 3.36425
internal_count=5465 5447 5377 5300 70 5277 730 4547 77 49
is_linear=0
shrinkage=0.05


Tree=218
num_leaves=19
num_cat=0
split_feature=2 2 3 3 4 4 2 2 2 3 1 1 3 3 3 2 3 2
split_gain=0.818912 5.18335 5.10155 3.99609 5.21071 4.88224 3.70252 3.49211 3.70101 3.34018 2.33278 3.18269 2.91067 2.29477 4.85367 3.83491 1.99983 1.63012
threshold=16.650000000000002 16.750000000000004 0.14260000000000003 0.12330000000000001 0.0024500000000000004 0.0019500000000000001 12.550000000000002 16.950000000000003 17.050000000000004 0.16200000000000003 50.250000000000007 47.95000000000001 0.50355000000000005 0.14595000000000002 0.10340000000000001 21.150000000000002 0.10035000000000001 14.350000000000003
decision_type=2 2 2 2 2 2 2 2 2 2 2 2 2 2 2 2 2 2
left_child=2 -2 3 4 5 6 -1 -3 -9 -4 11 12 -11 14 -10 -15 -7 -12
right_child=1 7 9 -5 -6 16 -8 8 13 10 17 -13 -14 15 -16 -17 -18 -19
leaf_value=0.011225882625440432 0.057098171082908711 -0.039690660562243296 0.063413500574249812 -0.055697011502652632 0.035506550998215806 -0.060470831231410886 -0.0085816130791631605 0.044871151639247146 0.00029746445365856481 -0.029609464846722819 0.050202814474602245 -0.048442136993155735 0.053119138342259842 -0.030173860682656834 0.021181843394232069 -9.4422323046492183e-05 -0.012412664178293346 0.0086788405643775639
leaf_weight=29.703743749298155 3.9787462800741187 5.2456541806459418 3.6086409762501743 3.8626289255917063 7.5316926874220362 5.5848795138299447 110.70047849207185 4.6480494886636725 475.60757511015981 1.7080166228115583 4.0758927166461927 3.1252843476831913 2.3591080419719219 15.593587525188921 29.488757975399494 33.665288904681802 4.0878420770168304 6.4281842708587646
leaf_count=259 31 32 21 40 40 45 795 28 3453 19 19 30 27 139 181 244 20 42
internal_value=-5.50581e-06 0.000924279 -0.00292235 -0.00598347 -0.00469886 -0.00677218 -0.00435057 0.000509267 0.000902475 0.0199638 0.0105161 -0.0108535 0.0173 0.000516771 0.00153059 -0.00975963 -0.0410072 0.0255844
internal_weight=751.004 568.228 182.776 161.471 157.609 150.077 140.404 564.249 559.003 21.3051 17.6965 7.19241 4.06712 554.355 505.096 49.2589 9.67272 10.5041
internal_count=5465 4108 1357 1199 1159 1119 1054 4077 4045 158 137 76 46 4017 3634 383 65 61
is_linear=0
shrinkage=0.05


Tree=219
num_leaves=18
num_cat=0
split_feature=10 10 2 10 3 3 3 3 5 2 3 3 3 3 2 3 5
split_gain=0.760603 4.78595 2.5381 1.16614 0.796633 7.20293 5.20374 5.74557 4.20014 5.21612 4.0714 7.98194 4.32007 1.55254 2.12181 0.997112 0.106784
threshold=0.4835000000000001 0.66275000000000006 19.050000000000004 0.46955000000000008 0.053750000000000006 0.049350000000000012 0.047550000000000009 0.042850000000000006 0.49500000000000005 26.350000000000005 0.10035000000000001 0.11565000000000002 0.096950000000000022 0.052300000000000006 26.150000000000002 0.047750000000000008 0.55500000000000016
decision_type=2 2 2 2 2 2 2 2 2 2 2 2 2 2 2 2 2
left_child=3 2 16 4 5 6 7 -1 9 -6 12 -12 -10 14 -7 -8 -2
right_child=1 -3 -4 -5 8 13 15 -9 10 -11 11 -13 -14 -15 -16 -17 -18
leaf_value=-0.00027346813516019024 0.031181908341082379 -0.05539566721246289 -0.0059623210125963368 -0.027787047505946863 0.053798361290427865 0.035372435759487973 -0.021035552267119621 0.037614089503754743 -0.0093113702526871622 -0.01604623612861095 0.038378246739095158 -0.0034498844247023877 -0.048657419926760481 0.061726001507103501 -0.0019518514761013295 -0.05683170011972935 0.058509431371908553
leaf_weight=504.12608980806544 2.0492383912205678 1.9053157791495312 2.9286086456850171 3.7116609821096054 6.8181223422288877 11.365714319050317 5.4892932027578336 10.105630995705722 68.691570246592164 4.1498839184641838 12.910633519291876 91.713689550757408 7.7854399532079688 3.3820208460092536 5.3180063515901557 3.9053754843771458 3.4339569211006165
leaf_count=3693 22 20 39 35 39 86 29 84 501 20 61 705 38 15 23 22 33
internal_value=-4.3024e-06 0.0134052 0.0300441 -0.00019994 -5.02205e-05 0.000920767 -0.000198998 0.000468541 -0.00282387 0.0270138 -0.00467243 0.00169568 -0.0134404 0.0302457 0.0232365 -0.0368845 0.0499333
internal_weight=749.79 10.3171 8.4118 739.473 735.761 543.692 523.626 514.232 192.069 10.968 181.101 104.624 76.477 20.0657 16.6837 9.39467 5.4832
internal_count=5465 114 94 5351 5316 3952 3828 3777 1364 59 1305 766 539 124 109 51 55
is_linear=0
shrinkage=0.05


Tree=220
num_leaves=31
num_cat=0
split_feature=2 10 2 2 2 0 3 3 3 2 3 3 0 3 8 2 2 2 2 3 2 2 10 2 2 2 3 2 3 2
split_gain=0.779402 3.65729 3.58731 7.18909 4.15737 5.17554 3.12007 12.4047 8.05149 12.4672 9.83257 8.8626 6.99964 6.90554 5.68172 3.09097 3.04255 4.06614 6.72502 3.9618 3.89735 3.57765 2.74925 2.27168 1.69167 4.94473 2.48414 1.1859 1.17912 0.661755
threshold=28.650000000000002 0.40460000000000002 26.250000000000004 26.600000000000005 26.950000000000003 62.500000000000007 0.015850000000000006 0.014350000000000002 0.021150000000000006 16.050000000000004 0.022650000000000003 0.017350000000000001 55.500000000000007 0.013150000000000002 132602184.20000002 14.750000000000002 36.250000000000007 38.850000000000009 39.300000000000004 0.0062500000000000012 35.70000000000001 34.650000000000013 0.32935000000000009 28.450000000000003 38.050000000000004 37.550000000000004 0.032350000000000011 19.850000000000005 0.067300000000000013 23.500000000000004
decision_type=2 2 2 2 2 2 2 2 2 2 2 2 2 2 2 2 2 2 2 2 2 2 2 2 2 2 2 2 2 2
left_child=2 16 6 -4 -5 23 7 13 9 11 29 -8 -12 15 -11 -1 20 24 -19 -20 21 22 -2 -6 25 -18 -26 -9 -7 -10
right_child=1 -3 3 4 5 28 8 27 10 14 12 -13 -14 -15 -16 -17 17 18 19 -21 -22 -23 -24 -25 26 -27 -28 -29 -30 -31
leaf_value=0.0097100713752828905 0.0091804255150137407 0.056524821846860585 -0.06870739413836989 0.031831461471838123 0.012965733180928704 -0.05093620738973096 -0.066285765310476905 -0.058482114333114378 -0.03419139209135777 0.043558969238296372 0.051461754476038839 0.022257401305029522 0.00027116830911777388 0.044632603597226539 -0.01854335635094807 -0.0069366524548669017 -0.028239023430593049 0.065636240211716421 -0.046691446787072127 0.00083952231140320584 0.042752966285800796 -0.029613805913550659 -0.035954034642782073 -0.027148566495279764 -0.0040840363725067694 0.033055634046860238 -0.059920840236134837 -0.021342401326972113 -0.019097294385720897 -0.066212088600926894
leaf_weight=35.165230100974441 92.036692503839731 2.9961212482303372 5.3355860300362101 5.6917855143547049 14.141563739627601 7.5548840612173063 5.772438630461691 10.592838197946547 4.786492779850958 32.121115259826183 6.776922531425952 5.2623959854245186 238.77459272835404 7.7415026538074008 3.9818364884704343 130.50207100762054 12.146034236997371 3.7546591013669959 4.5667418390512458 69.881153476890177 7.267877008765935 6.8275979235768309 3.3654080256819716 4.5606864839792243 3.4225795269012433 4.3475559651851645 5.5189261436462402 3.4868807792663565 6.0467227958142757 4.4162934273481369
leaf_count=273 607 36 42 36 103 70 38 90 22 222 39 31 1606 53 51 1028 66 21 51 627 57 31 26 30 17 27 42 26 74 23
internal_value=-4.16182e-06 0.00252089 -0.00103829 -0.0148114 -0.0069513 -0.0140161 0.00017379 -0.00487993 0.00332951 0.0222898 -0.000166509 -0.0237908 0.00172469 -0.001173 0.0365392 -0.00336926 0.00171213 -0.00439587 0.00119867 -0.00206775 0.00753762 0.00494584 0.00749993 0.00282527 -0.02173 -0.0116792 -0.0393825 -0.0498524 -0.0373895 -0.0506417
internal_weight=748.843 216.131 532.712 43.3312 37.9956 32.3039 489.381 187.489 301.892 47.1378 254.754 11.0348 245.552 173.409 36.103 165.667 213.135 103.638 78.2026 74.4479 109.498 102.23 95.4021 18.7023 25.4351 16.4936 8.94151 14.0797 13.6016 9.20279
internal_count=5465 1608 3857 355 313 277 3502 1470 2032 342 1690 69 1645 1354 273 1301 1572 851 699 678 721 664 633 133 152 93 59 116 144 45
is_linear=0
shrinkage=0.05


Tree=221
num_leaves=24
num_cat=0
split_feature=4 3 4 4 2 2 3 3 0 3 3 4 4 2 4 2 2 0 2 3 3 2 2
split_gain=0.798967 7.1729 3.9446 6.76285 3.58525 2.40221 3.20452 7.71884 7.67403 4.94508 9.53341 5.35276 3.35907 4.0816 2.14279 2.0467 2.39975 2.02409 3.63441 3.4562 0.177603 0.72768 0.0253463
threshold=0.0018500000000000003 0.069850000000000009 0.00175 0.0015500000000000004 20.750000000000004 10.950000000000001 0.055550000000000009 0.066350000000000006 65.500000000000014 0.087550000000000003 0.10035000000000001 0.0025500000000000006 0.0021500000000000004 41.150000000000013 0.0044500000000000008 16.050000000000004 29.850000000000005 62.500000000000007 36.250000000000007 0.029650000000000006 0.078650000000000012 23.950000000000003 29.950000000000003
decision_type=2 2 2 2 2 2 2 2 2 2 2 2 2 2 2 2 2 2 2 2 2 2 2
left_child=1 2 3 17 -5 -2 8 14 12 11 -11 -9 -7 -14 22 -3 20 18 -1 -19 -17 -22 -8
right_child=5 15 -4 4 -6 6 7 9 -10 10 -12 -13 13 -15 -16 16 -18 19 -20 -21 21 -23 -24
leaf_value=-0.00073827949221913632 -0.040384618030968523 -0.00029495930530246703 -0.058224708350242287 0.002122309833443449 0.060468311817933676 0.064122399510633518 -0.070003544839970136 -0.0037675333422465783 -0.053811646816684301 -0.043739902680229689 0.0039484725253688801 0.043713484618952136 0.00048845613644671099 0.052634327406361717 0 -0.0598231467134685 -0.0050037594834564702 0.00072370985023910189 -0.016432984478036119 0.018792983789361603 -0.01294028347650035 -0.054822799125492205 -0.042504137948549729
leaf_weight=289.08703377237543 3.034314163029193 4.7305635809898403 2.7786792442202559 4.493924140930174 6.9816824197769165 5.5323362052440705 3.8124439120292655 9.8081837287172693 2.9583000242710105 11.489106282591818 109.12266848050058 14.208840943872927 11.216868907213213 5.6948530413210383 1.7012222856283186 5.898990184068678 4.1621709987521163 167.83415005239658 42.33032558998093 31.47555223852396 2.1702733412384987 3.1752123534679413 2.0500434134155512
leaf_count=1943 44 29 20 25 49 29 18 100 27 64 774 94 75 46 7 45 28 1386 343 206 16 34 63
internal_value=-7.52996e-06 -0.000939514 0.000136738 0.00045573 0.0382673 0.00287953 0.00366917 0.000885599 0.0200814 0.00350667 -0.000585226 0.0241804 0.0302383 0.0185482 -0.0479724 -0.0301704 -0.03896 -0.000359483 -0.00276232 0.00361033 -0.0509334 -0.0392865 -0.0621
internal_weight=745.748 565.119 544.981 542.203 11.4756 180.629 177.595 152.193 25.4024 144.629 120.612 24.017 22.4441 16.9117 7.56371 20.1372 15.4066 530.727 331.417 199.31 11.2445 5.34549 5.86249
internal_count=5465 4124 3972 3952 74 1341 1297 1120 177 1032 838 194 150 121 88 152 123 3878 2286 1592 95 50 81
is_linear=0
shrinkage=0.05


Tree=222
num_leaves=10
num_cat=0
split_feature=3 3 3 4 3 3 0 3 2
split_gain=0.763759 3.35057 1.21747 4.06845 1.67877 0.968683 7.31036 4.97465 0.936096
threshold=0.0039500000000000013 0.0041000000000000003 0.004850000000000001 1.0000000180025095e-35 0.0049500000000000004 0.005850000000000001 62.500000000000007 0.0064500000000000009 23.500000000000004
decision_type=2 2 2 2 2 2 2 2 2
left_child=-1 -2 3 -3 -4 6 -6 -7 -5
right_child=1 2 4 8 5 7 -8 -9 -10
leaf_value=-0.024394426979055236 0.054418743908086133 0.014274663235488786 0.029496514821130457 -0.057168929004958319 0.0048501000084547087 0.025792682913677159 -0.069326917187486348 -0.00043733205840726039 -0.012526206378776059
leaf_weight=3.099032685160636 2.7273011058568946 5.6408717781305295 4.7387575134634963 4.1916193440556526 15.064628558233382 18.46301145106554 4.1235023438930503 683.81238177791238 2.1547339782118797
leaf_count=18 31 31 23 67 109 156 35 4977 18
internal_value=-1.02871e-05 8.82352e-05 -0.000113065 -0.0158549 0.000142044 -4.78951e-05 -0.011108 0.000248718 -0.0432168
internal_weight=744.016 740.917 738.19 11.9872 726.202 721.464 19.1881 702.275 6.34635
internal_count=5465 5447 5416 116 5300 5277 144 5133 85
is_linear=0
shrinkage=0.05


Tree=223
num_leaves=31
num_cat=0
split_feature=2 2 2 3 3 2 3 3 8 3 1 3 3 3 1 2 3 2 3 2 2 2 3 3 2 2 1 8 3 1
split_gain=0.751658 12.1604 3.82344 3.67619 12.1092 10.8765 13.5203 9.66469 9.42584 9.35609 8.65598 15.9502 9.97845 6.44287 7.05093 6.11227 11.0781 5.34714 3.40246 6.04554 4.46771 8.28991 5.42542 4.07026 6.32605 4.96309 3.33905 3.62425 2.98436 2.79784
threshold=22.850000000000005 23.500000000000004 22.950000000000003 0.017350000000000001 0.021150000000000006 20.550000000000004 0.0064500000000000009 0.022650000000000003 132602184.20000002 0.015150000000000002 46.45000000000001 0.091200000000000017 0.040650000000000006 0.0079500000000000022 52.250000000000007 16.050000000000004 0.015850000000000006 14.250000000000002 0.018950000000000005 23.950000000000003 23.850000000000005 25.250000000000004 0.019350000000000003 0.0062500000000000012 25.850000000000005 24.900000000000002 65.350000000000009 152024040.00000003 0.0099500000000000022 43.150000000000013
decision_type=2 2 2 2 2 2 2 2 2 2 2 2 2 2 2 2 2 2 2 2 2 2 2 2 2 2 2 2 2 2
left_child=3 2 -2 5 8 9 -7 -6 -5 13 11 -9 -12 17 -15 -11 -17 -1 19 -3 -20 29 -23 25 -25 -21 27 -8 -4 -22
right_child=1 18 28 4 7 6 26 10 -10 15 12 -13 -14 14 -16 16 -18 -19 20 23 21 22 -24 24 -26 -27 -28 -29 -30 -31
leaf_value=0.018709034099610354 0 -0.06083401469853944 0.028136929869813455 0.050667125398334178 -0.082191911861877812 0.05435706497977192 -0.063429029547470775 -0.0454338381844656 -0.038755696048074835 -0.063491709865526894 0.024863018512553202 0.020019218973399526 -0.0023687846444663146 0.02776818289775165 -0.0066633446607202319 -0.05593651845503899 0.053836158862854061 -0.016728502326747743 0.04331736283104623 -0.070302514204671332 0 -0.042850560872163733 -0.00063580018612104669 0.034453620951371125 0.0050356123727234858 -0.0016577715823003988 0.00045643488300111572 -0.0083318879121056042 0.08441591320728889 -0.052169683414176243
leaf_weight=13.795775700360535 3.3870772272348395 3.1996582150459281 4.5342176333069784 19.351891838014129 3.5175117701292029 3.5808808514848378 18.682197124697275 24.604092575609684 3.3325179964303961 9.077741704881193 46.587891530245543 14.735828362405298 119.40755834616721 39.381226694211364 23.477577269077301 4.8772907331585866 4.1563354134559631 44.317399611929432 4.6482349038124076 3.1706119924783733 3.1524524092674246 7.8897317945957175 167.34914632514119 22.990926630795002 90.859557570423931 14.390337619930504 2.9636279121041289 3.8436503121629348 6.1760635748505592 11.918057434260843
leaf_count=114 17 27 34 135 17 23 134 153 25 64 287 108 868 227 182 47 28 468 26 21 17 42 1203 172 733 120 17 48 30 78
internal_value=-9.99593e-06 0.0016976 0.0470082 -0.0014908 0.00257958 -0.00712339 -0.0348887 -0.00117259 0.0371983 -0.00126324 0.000230312 -0.0208013 0.00525429 0.00372635 0.0148385 -0.0347024 -0.00484666 -0.00821223 -0.000239068 0.00585637 -0.00447422 -0.00568991 -0.00258829 0.00756321 0.0110452 -0.0146625 -0.0477851 -0.054327 0.0615333 -0.0411709
internal_weight=743.357 343.666 14.0974 399.691 231.537 168.154 29.0704 208.853 22.6844 139.083 205.335 39.3399 165.995 120.972 62.8588 18.1114 9.03363 58.1132 329.569 134.611 194.958 190.309 175.239 131.411 113.85 17.5609 25.4895 22.5258 10.7103 15.0705
internal_count=5465 2520 81 2945 1593 1352 222 1433 160 1130 1416 261 1155 991 409 139 75 582 2439 1073 1366 1340 1245 1046 905 141 199 182 64 95
is_linear=0
shrinkage=0.05


Tree=224
num_leaves=14
num_cat=0
split_feature=12 3 4 4 4 2 4 1 14 2 2 1 1
split_gain=0.776329 0.963437 5.55429 4.87271 2.68307 2.3699 2.34474 2.12788 1.68944 0.959627 0.945859 0.598823 1.79089
threshold=-29.684999999999999 0.47985000000000005 0.016550000000000006 0.015350000000000001 0.014550000000000002 16.350000000000005 0.040700000000000007 48.050000000000004 1.0000000180025095e-35 23.850000000000005 27.850000000000005 50.050000000000004 52.250000000000007
decision_type=2 2 2 2 2 2 2 2 2 2 2 2 2
left_child=-1 2 3 4 8 7 10 -3 -2 -8 -7 -4 -13
right_child=1 5 11 -5 -6 6 9 -9 -10 -11 -12 12 -14
leaf_value=0.026179304627916535 -0.00035115333100258753 0.052532413192578835 0.057175777677013165 -0.049471352970772292 0.04050189814861227 -0.060432832478551635 0.012724394501055825 -0.0051804697113772896 0.037211444361832741 -0.020389640264721259 -0.019040494834950801 -0.0024807074732985561 0.053053475275937415
leaf_weight=2.7165073603391638 694.16242670686916 2.2397114299237755 3.4319831505417806 4.9021329246461383 3.975894682109355 3.7490472868084899 4.2717718183994275 4.5948530025780201 2.905091878026723 4.162815872579813 3.0528420433402061 2.5348784923553467 2.8351857140660286
leaf_count=15 5107 27 31 39 32 31 29 31 21 26 33 12 31
internal_value=-1.32856e-05 -0.000120177 0.000191341 -0.00029651 4.72267e-05 -0.0103892 -0.0214475 0.013496 -0.000182121 -0.0030803 -0.0431245 0.0394437 0.026359
internal_weight=739.535 736.819 714.748 705.946 701.043 22.071 15.2365 6.83456 697.068 8.43459 6.80189 8.80205 5.37006
internal_count=5465 5450 5273 5199 5160 177 119 58 5128 55 64 74 43
is_linear=0
shrinkage=0.05


Tree=225
num_leaves=19
num_cat=0
split_feature=9 9 9 3 8 4 8 8 9 9 0 9 8 8 8 9 8 10
split_gain=0.746463 1.89943 1.59593 1.71262 1.49464 1.18387 1.14919 2.91927 2.31972 2.30103 3.57356 1.95146 1.62934 1.62923 0.816271 0.782835 2.07273 0.565863
threshold=0.70230000000000004 0.72105000000000008 0.6795000000000001 0.0076500000000000014 139379309.60000002 0.00015000000000000004 280149104.50000006 209559025.00000003 0.62900000000000011 0.56490000000000007 65.500000000000014 0.64175000000000015 114084555.00000001 386545470.00000006 151157180.00000003 0.75365000000000004 194306915.50000003 0.29555000000000003
decision_type=2 2 2 2 2 2 2 2 2 2 2 2 2 2 2 2 2 2
left_child=2 14 6 5 -5 -4 7 9 -9 12 -11 -8 -1 -13 17 -3 -17 -2
right_child=1 15 3 4 -6 -7 11 8 -10 10 -12 13 -14 -15 -16 16 -18 -19
leaf_value=0.00020930849557621747 -0.053761711465827866 0.028070094471757429 -0.045190301023473163 0.0066134261159969156 0.056191170805233261 0.025176435376496512 -0.050226535383310192 0.060468885396631561 -0.0073426673210123241 -0.024902611687554265 0.015090913222011219 -0.032076921054742281 0.024995068047828226 0.023221649859662689 0 -0.03134728877209414 0.036855268015664425 -0.013515979503581861
leaf_weight=668.193627695553 3.1633123327046615 2.5246083773672581 1.3101264107972368 3.125714024528861 3.5000496171414852 0.85843712091445912 2.9665415994822961 3.4572726846672586 1.7344558956101535 20.607262961566452 7.4065026906318954 2.1997494455426931 6.6046301741152993 3.0651464462280273 1.698527857661247 2.9235557913780212 1.6335245054215191 1.8361135385930536
leaf_count=4538 40 31 39 27 39 17 70 43 35 277 76 25 76 25 17 52 21 17
internal_value=-1.11139e-05 -0.0115034 0.000201965 0.0212529 0.0339923 -0.0152493 -5.246e-05 0.000157762 0.0371588 -0.000113702 -0.0141349 -0.0185191 0.000462977 0 -0.0305159 0.00595713 -0.00555944 -0.0405163
internal_weight=738.809 13.7796 725.03 8.79433 6.62576 2.16856 716.235 708.004 5.19173 702.812 28.0138 8.23144 674.798 5.2649 6.69795 7.08169 4.55708 4.99943
internal_count=5465 178 5287 122 66 56 5165 5045 78 4967 353 120 4614 50 74 104 73 57
is_linear=0
shrinkage=0.05


Tree=226
num_leaves=31
num_cat=0
split_feature=2 3 0 0 3 1 2 2 3 2 0 3 3 3 1 2 3 3 3 2 1 1 3 1 2 2 1 1 1 3
split_gain=0.771667 6.37881 5.05823 3.95166 3.41054 4.45 6.50921 5.57457 2.94128 4.23812 4.63222 3.66434 9.33667 7.06209 7.39608 10.5233 4.42628 4.04114 3.60488 3.28314 5.36553 3.82277 3.16386 2.65467 6.70908 2.95406 2.48966 2.2671 1.88877 1.69827
threshold=16.350000000000005 0.14260000000000003 61.500000000000007 67.500000000000014 0.12330000000000001 53.850000000000001 14.750000000000002 13.850000000000003 0.14595000000000002 21.150000000000002 61.500000000000007 0.10340000000000001 0.11565000000000002 0.087550000000000003 52.050000000000004 29.650000000000002 0.07980000000000001 0.075700000000000017 0.32860000000000006 23.750000000000004 47.250000000000007 45.650000000000013 0.47985000000000005 50.750000000000007 21.750000000000004 27.550000000000004 50.750000000000007 52.250000000000007 52.650000000000013 0.22465000000000004
decision_type=2 2 2 2 2 2 2 2 2 2 2 2 2 2 2 2 2 2 2 2 2 2 2 2 2 2 2 2 2 2
left_child=1 3 26 4 5 6 -1 -7 11 18 19 13 -13 16 -15 -16 17 -2 -10 20 -11 -21 -20 24 -14 -25 29 -18 -5 -3
right_child=8 2 -4 28 -6 7 -8 -9 9 10 -12 12 23 14 15 -17 27 -19 22 21 -22 -23 -24 25 -26 -27 -28 -29 -30 -31
leaf_value=-0.0013620114711727707 0.0019974922632592369 0.023698530743392007 0.056637722378639836 0.063276061341582049 -0.055182693822283226 -0.0097913366773332653 -0.026090673140259264 0.037222611234878397 -0.056914259407210177 0.039203599049184711 -0.017744820646744458 0.067780002041978912 0.037640450625448262 -0.063781380152955897 -0.055466053074004484 0.058486732543290947 0.069678281508835024 -0.039994638718379827 0.022667379384674557 -0.00089469830401406672 -0.047422534696546989 0.065624783157473318 -0.034635782270363229 0 -0.032872420702105956 0.065332090065616508 0.036031792524999599 0.010028002286158874 0 -0.024691029738053451
leaf_weight=67.707865871489048 464.54171568574384 2.3495652377605456 7.1965575516223899 2.7723487410694352 3.7012575864791861 13.273032523691656 44.254060039762408 11.658522198442368 7.4412659630179432 3.3003476709127417 17.714069569483399 7.2940878868103054 4.9352195933461216 8.3776572495698947 3.8156884498894206 4.088127825409174 3.4854224398732176 5.6924588941037646 4.058112718164919 3.3269280642271024 3.636303223669529 5.3611700236797333 5.47394809871912 3.7515100277960292 9.9679655693471414 2.9236467257142067 4.0503021329641333 3.3413476198911667 2.1374976118095219 6.2951619531959295
leaf_count=518 3411 11 52 28 40 111 299 112 65 15 137 33 27 43 42 31 19 42 37 29 26 37 47 29 72 20 21 24 18 69
internal_value=-9.58419e-06 -0.00302346 0.0234074 -0.00668469 -0.0082633 -0.00691886 -0.0111954 0.0120545 0.000852732 -0.0106656 -0.000139495 0.00197385 0.0192645 0.000948099 -0.0313131 0.00284391 0.00206594 0.00147013 -0.030926 0.0194879 -0.00552523 0.0398632 -0.00973878 0.00239725 -0.00909343 0.0285453 0.0038836 0.0417707 0.0367838 -0.0108468
internal_weight=737.923 165.396 19.8916 145.505 140.595 136.893 111.962 24.9316 572.527 50.3121 33.3388 522.215 28.8724 493.342 16.2815 7.90382 477.061 470.234 16.9733 15.6247 6.93665 8.6881 9.53206 21.5783 14.9032 6.67516 12.695 6.82677 4.90985 8.64473
internal_count=5465 1279 153 1126 1080 1040 817 223 4186 393 244 3793 181 3612 116 73 3496 3453 149 107 41 66 84 148 99 49 101 43 46 80
is_linear=0
shrinkage=0.05


Tree=227
num_leaves=28
num_cat=0
split_feature=4 3 3 3 7 1 3 1 3 3 0 3 1 3 4 0 3 8 1 4 1 9 1 1 8 0 0
split_gain=0.724677 2.93006 6.14899 8.13926 2.61154 2.5844 6.45637 3.4651 2.57365 4.09867 9.12772 4.16017 9.66192 3.4285 4.99497 3.35654 7.68811 6.43653 6.06557 18.3895 9.02323 3.8287 1.89206 2.541 1.67107 1.44122 0.969633
threshold=0.00035000000000000005 0.0094500000000000018 0.012250000000000002 0.015500000000000002 9.9695000000000014e-05 50.95000000000001 0.016000000000000004 49.750000000000007 0.030250000000000003 0.012700000000000001 61.500000000000007 0.014350000000000002 50.550000000000004 0.014150000000000001 0.00025000000000000006 61.500000000000007 0.0075500000000000003 88708890.000000015 51.050000000000004 0.00015000000000000004 53.95000000000001 0.64615000000000011 48.45000000000001 45.95000000000001 136529291.35000002 63.500000000000007 62.500000000000007
decision_type=2 2 2 2 2 2 2 2 2 2 2 2 2 2 2 2 2 2 2 2 2 2 2 2 2 2 2
left_child=8 4 25 22 -2 7 -7 -5 9 15 11 -11 -13 -12 -15 18 21 -18 19 -1 -20 -17 23 -4 -6 26 -3
right_child=1 2 3 5 24 6 -8 -9 -10 10 13 12 -14 14 -16 16 17 -19 20 -21 -22 -23 -24 -25 -26 -27 -28
leaf_value=0.035192076289798618 0.056896875709111554 -0.030539930577682596 0.046014706844389963 0.00033657116086543005 -0.044146335160552795 -0.054442956721854223 0.007678402098729888 -0.013965365824397181 0.031106537406588156 0.050798174208566027 -0.051983364194799875 -0.064125707566680512 0.027182348503790317 0.01175815468110461 -0.033493430626214314 -0.013114741139653524 0.03246341694771631 -0.0063900739003701738 -0.040290667029892292 -0.021193086539989137 0.0073115217814781492 0.030858294766775481 0.067764206087393683 -0.0080153722537930541 0.038629570457707665 -0.050889317352769393 0
leaf_weight=26.410905594006181 4.2674210090190163 6.2220586501061934 5.5577406883239728 240.5168432444334 1.312509667593986 4.1896970793604842 147.07394134160131 51.145279835909605 5.561783328652381 5.3101141899824169 11.265262249857185 4.1024884171783915 9.2156775593757612 8.8428899720311183 18.357356339693069 39.798952643293887 35.060389056801796 14.973294720053671 24.026720887050033 31.648428924381733 16.639088876545429 5.5036974512040606 4.3599439710378638 3.2664870321750641 0.93924106657505024 5.4278454668819895 4.5089693404734135
leaf_count=162 70 41 43 1551 82 44 1231 324 33 27 95 33 66 46 114 386 217 165 156 240 117 84 21 15 10 54 38
internal_value=-7.50023e-06 0.00113484 0.000660886 0.00174793 0.0341857 0.000579746 0.0058899 -0.00215818 -0.0021571 -0.0029257 -0.0146921 0.0138058 -0.000839574 -0.0286228 -0.0186097 0.000516046 0.00722747 0.0207467 -0.00591516 0.00438668 -0.0207206 -0.00760625 0.0403172 0.0255883 -0.00731867 -0.0295372 -0.0179053
internal_weight=735.505 478.788 472.269 456.11 6.51917 442.926 151.264 291.662 256.717 251.155 57.0938 18.6283 13.3182 38.4655 27.2002 194.061 95.3363 50.0337 98.7251 58.0593 40.6658 45.3027 13.1842 8.82423 2.25175 16.1589 10.731
internal_count=5465 3524 3362 3229 162 3150 1275 1875 1941 1908 381 126 99 255 160 1527 852 382 675 402 273 470 79 58 92 133 79
is_linear=0
shrinkage=0.05


Tree=228
num_leaves=18
num_cat=0
split_feature=10 10 2 10 1 1 1 3 10 2 10 1 0 2 2 3 1
split_gain=0.726794 4.48225 2.27399 1.1768 0.735815 5.19837 4.59281 4.08313 3.48737 2.52428 2.20265 4.56579 2.1445 1.66238 1.30507 0.441356 0.259783
threshold=0.4835000000000001 0.66275000000000006 19.050000000000004 0.46955000000000008 56.45000000000001 56.750000000000007 55.550000000000004 0.041250000000000009 0.31155000000000005 22.950000000000003 0.35080000000000006 50.650000000000013 62.500000000000007 24.350000000000005 20.650000000000002 0.0078500000000000011 52.150000000000013
decision_type=2 2 2 2 2 2 2 2 2 2 2 2 2 2 2 2 2
left_child=3 2 16 4 6 14 10 13 9 -7 12 -12 -1 -8 -6 -10 -2
right_child=1 -3 -4 -5 5 8 7 -9 15 -11 11 -13 -14 -15 -16 -17 -18
leaf_value=-0.0012622028518292565 0.058528935216557824 -0.0546186553866203 -0.0045925555013587027 -0.027884657842602689 0.081047072861314698 -0.011534213601408501 -0.019478994797967664 -0.055786310569982359 0.014078187215900664 0.0064993277011705618 -0.029799315731855403 0.0042053038725070645 0.005212667230442101 0.018486930330793731 0.024352126867100535 0.056926364378879241 0.025331371582067903
leaf_weight=379.76485176431015 3.4942680932581407 1.8262870311737049 2.8658336335793138 3.7189654959365717 2.3610888645052901 33.626590536907315 9.077808001078667 6.719041906297206 1.2978547974489618 45.405332224443555 18.011988699436188 21.17955239652656 192.19115974707529 4.0012515485286704 2.5097023621201515 2.8516294397413731 1.7800628691911695
leaf_count=2476 31 20 39 35 18 253 82 75 45 378 224 251 1420 27 22 45 24
internal_value=-7.61877e-06 0.0133276 0.0296563 -0.00020025 -4.62436e-05 0.00422525 -0.000650854 -0.024292 0.00119413 -0.0011153 0.000110668 -0.0113316 0.000905302 -0.00743262 0.0539181 0.0453478 0.0489351
internal_weight=732.683 9.96645 8.14016 722.717 718.998 88.0522 630.946 19.7981 83.1814 79.0319 611.148 39.1915 571.956 13.0791 4.87079 4.14948 5.27433
internal_count=5465 114 94 5351 5316 761 4555 184 721 631 4371 475 3896 109 40 90 55
is_linear=0
shrinkage=0.05


Tree=229
num_leaves=12
num_cat=0
split_feature=3 3 3 4 3 3 3 0 3 10 0
split_gain=0.728448 3.20691 0.956639 3.77292 1.43449 5.94669 3.12727 6.69244 1.4541 1.23638 0.247939
threshold=0.0039500000000000013 0.0041000000000000003 0.004850000000000001 1.0000000180025095e-35 0.0064500000000000009 0.0069500000000000004 0.005850000000000001 62.500000000000007 0.0075500000000000003 0.34870000000000007 64.500000000000014
decision_type=2 2 2 2 2 2 2 2 2 2 2
left_child=-1 -2 3 -3 6 10 7 -4 -7 -8 -6
right_child=1 2 4 -5 5 8 9 -9 -10 -11 -12
leaf_value=-0.023893103177225077 0.053869773478209537 0.014536684472078074 0.012719009356004446 -0.04175109554516146 -0.049628824919299611 -0.012534875185665257 0.030255384057658381 -0.047898695332883455 0.00049528762943655622 -0.0049644913579160056 -0.014307689073288991
leaf_weight=3.0794056355953208 2.6619897037744513 5.5728987455368024 17.577501673251394 5.9942787862382829 6.1373340631835154 22.044133743736893 15.350075286813082 6.0197107419371596 643.46098593529314 2.6594234295189372 1.1090245631057767
leaf_count=18 31 31 123 85 174 201 129 44 4547 27 55
internal_value=-5.97031e-06 9.13931e-05 -0.00010632 -0.0143117 0.000118673 -0.000432006 0.00912234 -0.0026706 5.43473e-05 0.0247797 -0.045172
internal_weight=731.667 728.587 725.925 11.5672 714.358 672.751 41.6067 23.5972 665.505 18.0095 7.24636
internal_count=5465 5447 5416 116 5300 4977 323 167 4748 156 229
is_linear=0
shrinkage=0.05


Tree=230
num_leaves=24
num_cat=0
split_feature=2 10 2 2 1 2 0 1 1 3 3 10 2 1 0 2 2 2 1 1 4 2 1
split_gain=0.687601 3.39809 3.27946 6.30191 6.99895 4.61793 5.55053 3.06601 4.0845 2.97613 3.68452 2.52996 2.68559 5.11877 5.88243 3.44561 3.4133 3.39426 1.17305 0.894474 0.37971 0.34408 0.0236151
threshold=28.650000000000002 0.40460000000000002 26.250000000000004 26.600000000000005 72.950000000000017 26.950000000000003 61.500000000000007 38.650000000000013 41.850000000000001 0.0043500000000000006 0.016200000000000003 0.34075000000000005 36.250000000000007 43.050000000000004 62.500000000000007 35.70000000000001 34.650000000000013 38.850000000000009 49.150000000000013 46.150000000000013 0.0011500000000000002 24.750000000000004 48.050000000000004
decision_type=2 2 2 2 2 2 2 2 2 2 2 2 2 2 2 2 2 2 2 2 2 2 2
left_child=2 11 7 -4 5 -5 -7 21 20 -10 -11 12 15 14 -14 16 -2 -15 -17 -13 -9 -1 -21
right_child=1 -3 3 4 -6 6 -8 8 9 10 -12 19 13 17 -16 18 -18 -19 -20 22 -22 -23 -24
leaf_value=0.021183285287614317 0.0081332925291550864 0.056067639398446792 -0.066262135549220558 0.028975135708773303 0.07482418325422889 0.010633819166298932 -0.035608009758038371 -0.06016186711822924 0.047741334395135754 -0.005820956208507231 0.0033625451870580789 -0.0013474508822352155 -0.0065458948512037351 -0.026012612315767764 0.047417414835219412 0.015252900491884214 -0.028306774109135971 -0.0027046098096897937 0.059522402209044936 -0.05840262753869141 -0.022734257266681435 0.05163649157505501 -0.023547203482869237
leaf_weight=3.0994677096605292 91.101545652374625 2.8126341491006306 5.0579817071557036 5.3898551985621443 2.3283861912786952 9.3219267781823891 19.97519788891077 2.7069838102906933 3.169352412223815 176.31414032541215 286.54671330563724 1.6026721149682988 10.286343239247801 21.471740055829287 9.5284675881266576 3.0629650689661494 6.7676192596554747 58.950633029453456 4.0282367914915085 2.0698036272078757 1.8599790856242178 2.5529714953154325 0.84242310049012292
leaf_count=18 610 36 42 35 27 58 193 41 16 1405 1963 10 74 135 64 24 31 531 33 25 15 44 35
internal_value=-7.00335e-06 0.00238051 -0.000995855 -0.0143611 -0.00697489 -0.0128087 -0.0207383 0.000177139 -0.000255759 0.000199615 -0.000125359 0.00161025 0.00245526 -0.00336144 0.0192605 0.00805571 0.00553612 -0.00901422 0.041574 -0.0349321 -0.0468039 0.0364655 -0.0510963
internal_weight=730.848 212.525 518.323 42.0733 37.0154 34.687 29.2971 476.25 470.597 466.03 462.861 209.712 205.198 100.237 19.8148 104.96 97.8692 80.4224 7.0912 4.5149 4.56696 5.65244 2.91223
internal_count=5465 1608 3857 355 313 286 251 3502 3440 3384 3368 1572 1502 804 138 698 641 666 57 70 56 62 60
is_linear=0
shrinkage=0.05


Tree=231
num_leaves=13
num_cat=0
split_feature=3 3 2 3 3 0 3 3 3 1 1 1
split_gain=0.683229 3.01019 0.970945 1.45441 0.97026 3.43575 1.92142 1.43114 0.872844 0.457392 0.757707 0.247105
threshold=0.0039500000000000013 0.0041000000000000003 10.600000000000001 0.023050000000000005 0.004850000000000001 62.500000000000007 0.0043500000000000006 0.0049500000000000004 0.0075500000000000003 50.850000000000001 47.350000000000001 51.250000000000007
decision_type=2 2 2 2 2 2 2 2 2 2 2 2
left_child=-1 -2 3 -3 5 11 -7 -6 -9 10 -5 -4
right_child=1 2 4 9 7 6 -8 8 -10 -11 -12 -13
leaf_value=-0.023219627184416142 0.053238294335200581 -0.055948136324520184 -0.022381920533260685 0.013429052788495191 0.027432528066843653 0.032920387386473411 -0.020047926092017242 -0.0053867360235458125 0.00067023981402473064 0.019091414467875548 -0.043964398508952722 -0.056248316932873445
leaf_weight=3.057662606239318 2.554572954773902 1.8387755975127209 1.6036262717097978 0.85656831413507495 4.7252175994217387 3.6217240747064352 2.9754976639524102 65.471927982522175 636.84999464079738 1.4341063201427457 1.0931045692414043 3.1413381099700928
leaf_count=18 31 19 32 16 23 32 26 730 4474 8 30 26
internal_value=-5.91541e-06 8.81295e-05 -9.99285e-05 -0.021379 5.07614e-05 -0.0143842 0.00834126 0.000291394 9.77911e-05 -9.18711e-05 -0.0168848 -0.0465329
internal_weight=729.224 726.166 723.612 5.22255 718.389 11.3422 6.59722 707.047 702.322 3.38378 1.94967 4.74496
internal_count=5465 5447 5416 73 5343 116 58 5227 5204 54 46 58
is_linear=0
shrinkage=0.05


Tree=232
num_leaves=18
num_cat=0
split_feature=14 2 1 0 2 2 1 1 1 1 1 4 1 2 2 4 2
split_gain=0.665662 1.24056 1.20464 0.767306 3.32414 3.19433 2.6805 4.74799 2.45417 2.32916 3.14491 2.10525 2.07538 1.62969 3.76781 2.50145 0.0194987
threshold=51.440000000000005 10.600000000000001 50.850000000000001 62.500000000000007 13.65 13.050000000000002 53.95000000000001 50.750000000000007 53.350000000000001 59.45000000000001 58.550000000000004 0.00055000000000000003 42.050000000000004 26.600000000000005 21.050000000000004 0.00015000000000000004 9.8500000000000032
decision_type=2 2 2 2 2 2 2 2 2 2 2 2 2 2 2 2 2
left_child=1 2 16 9 5 8 7 -6 -5 10 12 -8 -3 14 -11 -15 -1
right_child=-2 3 -4 4 6 -7 11 -9 -10 13 -12 -13 -14 15 -16 -17 -18
leaf_value=-0.025264098388780271 0.01946237550978859 0.014046223845212067 0.0052813235299595668 0.030805434494414266 -0.0016833836140964888 0.062582868532539984 -0.0018483062338213539 0.015477317346152777 -0.014149566966721431 0.024741322589881206 -0.052590983321265154 -0.021101704901952852 -0.0026682880392603545 -0.0058145345114114337 -0.023330488418055507 0.032936040256963749 -0.053633246683352578
leaf_weight=1.3678485155105584 4.2609074451029292 19.313646035268903 1.7623114772140978 6.640210838057099 121.91470783413388 4.0050427615642539 48.751027007121593 59.803348045796156 5.2693402729928493 7.6362869413569596 2.988514455035328 20.354761254042387 395.5381434597075 5.7219402417540577 8.5073407422751171 13.247828431893138 1.7023213561624286
leaf_count=28 32 195 13 56 912 34 415 515 47 93 19 211 2643 41 71 110 30
internal_value=-6.44791e-06 -0.000130514 -0.0251218 3.38144e-05 0.00216757 0.0242633 0.000736572 0.0039421 0.0105467 -0.00121189 -0.00226208 -0.00761384 -0.00187489 0.0111141 -0.000271337 0.0210161 -0.0437668
internal_weight=728.786 724.525 4.83248 719.692 266.738 15.9146 250.824 181.718 11.9096 452.954 417.84 69.1058 414.852 35.1134 16.1436 18.9698 3.07017
internal_count=5465 5433 71 5362 2190 137 2053 1427 103 3172 2857 626 2838 315 164 151 58
is_linear=0
shrinkage=0.05


Tree=233
num_leaves=27
num_cat=0
split_feature=10 5 10 10 1 2 1 1 2 1 8 10 3 1 3 3 3 1 3 3 8 2 1 3 8 4
split_gain=0.684258 4.08828 1.66207 1.03252 6.02216 5.13725 4.92076 5.46149 4.50691 3.96405 3.55417 1.40014 4.80557 1.14016 4.84501 11.8056 6.53355 3.64964 4.04194 3.48557 0.84566 0.832622 0.940209 0.744017 0.739731 0.487177
threshold=0.47500000000000003 0.55500000000000016 0.52190000000000014 0.35275000000000006 50.650000000000013 16.050000000000004 47.050000000000004 46.45000000000001 20.750000000000004 52.350000000000001 88819100.000000015 0.33655000000000007 0.0069500000000000004 52.750000000000007 0.016550000000000006 0.019150000000000004 0.0095500000000000012 51.750000000000007 0.016350000000000003 0.016650000000000002 206869185.50000003 20.350000000000005 53.350000000000001 0.0095500000000000012 136482545.10000002 0.00085000000000000017
decision_type=2 2 2 2 2 2 2 2 2 2 2 2 2 2 2 2 2 2 2 2 2 2 2 2 2 2
left_child=3 2 -2 11 6 9 7 24 23 -6 -10 13 -13 17 16 -16 -15 18 -1 -19 -11 -3 -23 -7 -5 -8
right_child=1 21 -4 4 5 8 25 -9 10 20 -12 12 -14 14 15 -17 -18 19 -20 -21 -22 22 -24 -25 -26 -27
leaf_value=0.0071597751243515292 0.017440967713640655 0.058947781945627602 -0.033785047131874781 -0.060685780272554203 0.032213881136654764 0.02284080631940346 -0.06006054690782367 0.048883408267172586 -0.040510231140180625 -0.054076142779328484 0.021727742378745574 0.061834647995302673 -0.031786683846924693 0.00080585246431626341 0.052917117874424505 -0.001654844187198893 -0.026065131197124548 -0.0053570939325532458 -0.0031260775137667745 0.028093761521871194 -0.0084323425320307743 -0.017589726299938383 0.045509712242545096 0.065940086120237801 -0.017702810497659534 -0.02041148273689429
leaf_weight=139.92221645498648 2.3188948519527894 3.4067556448280811 4.1036172956228256 1.6561094708740727 2.2068868912756461 1.9488340285606707 7.9198587655555439 3.166946048848331 3.183409605175255 4.7877442138269544 7.4390296512283385 3.3885625954717389 2.0996825061738491 48.282307440415025 11.010360687971113 90.490174938924611 41.886029228568077 11.311139330267904 300.21838739980012 23.212384359911084 1.6824769750237463 0.96350554376840625 1.077246078290045 4.8612388111650944 3.9446623930707574 1.4596606399863956
leaf_count=1047 20 34 36 13 27 66 113 23 34 61 107 39 26 354 107 746 301 105 1865 159 14 9 40 38 56 25
internal_value=-6.29826e-06 0.0118424 -0.0145391 -0.000211314 -0.00760371 0.00761968 -0.0297023 -0.00208321 0.0233701 -0.0233593 0.00240565 0.000269284 0.0251946 5.2735e-05 -0.00319325 0.00426194 -0.0116362 0.00137439 0.000133357 0.0170058 -0.0432772 0.0435484 0.0139527 0.054839 -0.0321312 -0.0546981
internal_weight=727.948 11.87 6.42251 716.078 44.2569 26.1096 18.1472 8.76772 17.4325 8.67711 10.6224 671.821 5.48825 666.333 191.669 101.501 90.1683 474.664 440.141 34.5235 6.47022 5.44751 2.04075 6.81007 5.60077 9.37952
internal_count=5465 139 56 5326 577 347 230 92 245 102 141 4749 65 4684 1508 853 655 3176 2912 264 75 83 49 104 69 138
is_linear=0
shrinkage=0.05


Tree=234
num_leaves=29
num_cat=0
split_feature=4 3 4 4 2 3 3 5 3 3 4 4 5 4 3 4 4 4 3 2 2 5 2 3 3 5 2 4
split_gain=0.688116 6.49444 3.61552 6.3708 3.27156 2.1115 6.75324 6.26017 4.1624 8.08207 8.54359 5.01083 9.56897 4.51873 2.58809 3.02013 2.04848 2.03781 1.98433 1.81566 3.34703 1.5366 3.13138 2.77897 0.246175 0.469398 0.00887625 0.201774
threshold=0.0018500000000000003 0.069850000000000009 0.00175 0.0015500000000000004 20.750000000000004 0.055550000000000009 0.066350000000000006 0.59500000000000008 0.087550000000000003 0.10035000000000001 0.0036500000000000005 0.0025500000000000006 0.55500000000000016 0.0044500000000000008 0.045450000000000011 0.0021500000000000004 0.0034500000000000004 0.0044500000000000008 0.047550000000000009 16.050000000000004 31.900000000000002 0.56500000000000006 36.250000000000007 0.029650000000000006 0.078650000000000012 0.57500000000000007 29.950000000000003 0.0034500000000000004
decision_type=2 2 2 2 2 2 2 2 2 2 2 2 2 2 2 2 2 2 2 2 2 2 2 2 2 2 2 2
left_child=1 2 3 21 -5 7 17 14 11 13 -11 12 -8 -10 -2 -16 -13 26 -17 -3 24 22 -1 -23 -21 -26 -7 -28
right_child=5 19 -4 4 -6 6 8 -9 9 10 -12 16 -14 -15 15 18 -18 -19 -20 20 -22 23 -24 -25 25 -27 27 -29
leaf_value=-0.00055024467411125984 -0.0078043897859917284 -0.0011101703769104902 -0.057466359074340334 0.002949244636574241 0.059364021772741138 -0.067845659750708193 -0.055156417173391752 -0.05311380000518906 -0.065262996764671843 0.036460263529428931 -0.0027048658287462226 0.074449186735764991 0.042415443936614894 0.00042239879060069758 0.06474205366379758 0.052285373339181401 0.028623512776155005 0 0.007471158395846611 -0.058776423458441966 0.01595780863747797 0.0005195074614388446 -0.015221846988779453 0.01694057201978702 -0.02537587907510442 -0.058142492899406088 -0.014245347816939327 -0.057891721939381885
leaf_weight=282.2898247805424 4.705960024148232 4.6838410347700146 2.6080639138817778 4.4439306408166868 6.741227775812149 3.6638713330030432 4.8043971508741397 2.8023193031549445 7.0630455091595632 16.287047166377306 91.674243187531829 3.5896872468292704 5.0318053886294365 3.888449028134346 5.3100874572992351 3.3581728339195243 10.17043788731098 1.6959341317415235 10.1090538688004 5.5949217826127988 2.2402372248470774 161.61240515415557 41.798089910764247 30.718634800985456 4.3947641924023628 2.3195575661957264 0.95563826337456736 1.0457575256004927
leaf_count=1943 33 29 20 25 49 18 38 27 42 91 705 22 66 22 28 37 72 7 70 45 19 1386 343 206 40 19 44 19
internal_value=-4.85068e-06 -0.000883608 0.00014491 0.000450006 0.0376179 0.00270665 0.000375929 0.0157542 0.00283482 -0.000937362 0.00318559 0.0219793 -0.00481483 -0.0416955 0.0243748 0.032703 0.04139 -0.0459568 0.0193175 -0.0293499 -0.03803 -0.000352463 -0.002462 0.00317566 -0.0483079 -0.0381164 -0.0601412 -0.0411002
internal_weight=725.601 549.445 530.212 527.604 11.1852 176.156 149.87 26.2856 142.509 118.913 107.961 23.5963 9.8362 10.9515 23.4833 18.7773 13.7601 7.3612 13.4672 19.2333 14.5495 516.419 324.088 192.331 12.3092 6.71432 5.66527 2.0014
internal_count=5465 4124 3972 3952 74 1341 1146 195 1058 860 796 198 104 64 168 135 94 88 107 152 123 3878 2286 1592 104 59 81 63
is_linear=0
shrinkage=0.05


Tree=235
num_leaves=31
num_cat=0
split_feature=2 4 4 2 4 1 0 0 4 4 4 4 4 1 2 1 1 2 2 0 2 0 4 2 2 2 1 0 2 2
split_gain=0.675106 5.29294 5.62464 4.68959 7.23391 5.0449 4.56447 4.26782 3.34117 3.55201 3.1613 1.97629 9.94607 3.72683 3.6114 2.89537 8.35342 11.5726 6.00938 5.23064 7.52864 2.86988 5.11815 3.65271 3.47079 2.66534 2.43614 1.9361 0.610581 0.602742
threshold=16.350000000000005 0.0042500000000000012 0.0035500000000000006 15.250000000000002 0.0024500000000000004 53.850000000000001 60.500000000000007 60.500000000000007 0.0080500000000000016 0.016350000000000003 0.00045000000000000004 0.0042500000000000012 0.0033500000000000001 61.850000000000001 33.250000000000007 48.45000000000001 49.550000000000004 19.750000000000004 42.550000000000004 57.500000000000007 25.550000000000004 60.500000000000007 0.015850000000000003 21.150000000000002 20.050000000000004 22.050000000000004 49.050000000000004 61.500000000000007 14.750000000000002 14.250000000000002
decision_type=2 2 2 2 2 2 2 2 2 2 2 2 2 2 2 2 2 2 2 2 2 2 2 2 2 2 2 2 2 2
left_child=1 2 3 4 7 6 -5 -1 28 -10 -7 12 15 21 26 19 17 -17 -18 -2 -21 22 -13 24 -23 -25 -14 29 -3 -11
right_child=11 8 -4 5 -6 10 -8 -9 9 27 -12 13 14 -15 -16 16 18 -19 -20 20 -22 23 -24 25 -26 -27 -28 -29 -30 -31
leaf_value=0.049448892388262389 0.044506675247587557 0.033641681965945303 -0.054604820928418188 -0.078295336936286611 0.071878259290702851 0.036585648081261295 -0.01983885923813701 -0.0028819529129906259 -0.052396090840898725 0.017891200701782989 -0.02877579172655333 0.056739165039435518 0.071534937484235284 0.050506285184381577 0 -0.022019660682490335 0.0027019635365544414 0.045708663477258889 -0.032355999237083335 -0.017771599078956896 0.0024199617765737896 -0.018158070129684917 -0.019682730045620538 0.031890567557260517 -0.070258438205569193 -0.0088077363921821254 0.023293554695265437 0.05476978182764778 0.070599594273902597 -0.015631672491324623
leaf_weight=3.9667789638042441 5.3105855137109748 3.7469003014266518 5.6166778691112986 3.803757280111312 3.4669473469257346 5.8100450024940056 28.808635437162593 91.455246004741639 2.0057831015437824 2.7556803338229656 2.525813914835453 4.2512916773557645 7.5419292002916354 2.6361938789486876 4.3212118446826926 8.3859926573932153 222.0711392336525 23.811290573328733 12.828286927659063 74.344993858598173 120.5834515877068 13.094939630478622 4.2090117707848549 4.281771555542945 4.3897305727004996 44.954387384466827 4.7509782686829567 2.6140815019607544 2.8617004752159119 2.3697743713855743
leaf_count=24 34 31 40 17 22 63 203 753 30 23 18 29 36 50 20 56 1755 149 166 502 834 124 21 19 24 343 24 21 15 19
internal_value=-6.38813e-06 -0.00285792 -0.00592241 -0.00389369 0.00195603 -0.0181128 -0.0270283 -0.000604679 0.0239645 0.00465193 0.0160817 0.000806411 0.00200383 -0.00656921 0.0399074 0.000637382 0.00405351 0.0279 0.000753154 -0.00389415 -0.00526055 -0.00870139 0.0183493 -0.0122286 -0.031848 -0.00510964 0.0536324 0.0205541 0.0512046 0.00143238
internal_weight=723.575 161.808 145.454 139.837 98.889 40.9483 32.6124 95.422 16.3539 9.74532 8.33586 561.767 483.95 77.8173 16.6141 467.336 267.097 32.1973 234.899 200.239 194.928 75.1811 8.4603 66.7208 17.4847 49.2362 12.2929 7.73954 6.6086 5.12545
internal_count=5465 1279 1140 1100 799 301 220 777 139 93 81 4186 3576 610 80 3496 2126 205 1921 1370 1336 560 50 510 148 362 60 63 46 42
is_linear=0
shrinkage=0.05


Tree=236
num_leaves=21
num_cat=0
split_feature=10 10 2 7 8 7 2 10 10 2 10 3 8 0 10 4 4 0 10 4
split_gain=0.662568 4.07188 2.06581 1.1379 1.14998 0.817789 2.40228 1.80592 1.23513 1.13092 0.992995 2.65532 2.50961 0.501028 0.407067 0.343313 0.306412 0.0965058 0.838007 0.0663875
threshold=0.4835000000000001 0.66275000000000006 19.050000000000004 0.00014694500000000002 187983749.00000003 9.9695000000000014e-05 14.350000000000003 0.29770000000000002 0.35010000000000008 10.600000000000001 0.31945000000000007 0.029650000000000006 151157180.00000003 61.500000000000007 0.28690000000000004 0.00055000000000000003 0.00085000000000000017 61.500000000000007 0.45575000000000004 0.00175
decision_type=2 2 2 2 2 2 2 2 2 2 2 2 2 2 2 2 2 2 2 2
left_child=3 2 19 5 14 9 -7 -8 -9 13 12 -12 -11 16 -5 -6 -1 -16 -19 -2
right_child=1 -3 -4 4 15 6 7 8 -10 10 11 -13 -14 -15 17 -17 -18 18 -20 -21
leaf_value=0.0011413399197652582 0.05701172816758119 -0.053873355157455227 -0.0039920675379513651 0 -0.0090765195114203747 0.055305508387238328 -0.043775225629687164 0.03018735186037827 -0.018342294433849608 0.00023040091162703654 -0.011696727128728317 0.026434422069900761 0.0406088540684185 -0.049798818660291219 -0.057445956935644776 0.026501651991071073 -0.026232343748154776 -0.046812388209258267 0.0094734513778774784 0.031054994063488963
leaf_weight=1.7029889300465577 2.8907818049192411 1.7078326791524885 2.7873356454074383 0.98040523380041023 1.0971758142113688 2.5240649655461294 1.7221858929842708 3.7162043075077236 1.7821521908044813 642.27365643531084 39.414848550688475 5.0026986282318822 3.7742666667327276 1.3814422413706777 1.3359213764779272 1.1738827563822267 1.6345783490687606 1.7920975750312211 0.7716287039220332 2.1065129898488522
leaf_count=10 29 20 39 17 10 26 31 45 15 4391 466 54 45 24 46 31 37 87 16 26
internal_value=-3.1663e-06 0.0130428 0.0288544 -0.000185904 -0.0198923 9.70733e-06 0.0143263 0 0.0135179 -0.000185813 -1.00997e-05 -0.00724001 0.000480282 -0.0243241 -0.0335609 0.00754676 -0.0111836 -0.0407046 -0.0282748 0.047875
internal_weight=721.573 9.49246 7.78463 712.08 7.15111 704.929 9.74461 7.22054 5.49836 695.184 690.465 44.4175 646.048 4.71901 4.88005 2.27106 3.33757 3.89965 2.56373 4.99729
internal_count=5465 114 94 5351 207 5144 117 91 60 5027 4956 520 4436 71 166 41 47 149 103 55
is_linear=0
shrinkage=0.05


Tree=237
num_leaves=29
num_cat=0
split_feature=1 1 2 2 0 0 1 8 7 8 2 2 2 0 2 1 2 2 2 2 1 1 1 4 2 2 2 4
split_gain=0.627527 4.00866 3.25185 4.01492 3.20519 2.91023 4.06597 2.6064 3.3366 3.30052 2.81827 5.49361 4.11332 2.27486 9.03171 4.61834 7.62029 2.43076 5.87315 5.26901 5.14785 4.06798 2.94065 1.61004 1.29597 1.00425 1.00207 1.54254
threshold=52.750000000000007 51.850000000000001 21.350000000000005 11.950000000000001 54.500000000000007 62.500000000000007 52.250000000000007 223474761.95000002 4.8060000000000004e-05 160914465.00000003 20.150000000000002 12.850000000000003 22.050000000000004 55.500000000000007 26.350000000000005 48.750000000000007 18.850000000000005 22.450000000000003 23.500000000000004 21.950000000000003 45.850000000000001 50.050000000000004 49.750000000000007 0.00025000000000000006 34.650000000000013 24.150000000000002 33.250000000000007 0.0015500000000000004
decision_type=2 2 2 2 2 2 2 2 2 2 2 2 2 2 2 2 2 2 2 2 2 2 2 2 2 2 2 2
left_child=1 13 3 -3 -2 6 -5 9 -9 10 11 -6 -12 14 15 -1 -17 19 20 21 -19 -15 -20 -7 -16 -4 27 -27
right_child=4 2 25 5 7 23 -8 8 -10 -11 12 -13 -14 17 24 16 -18 18 22 -21 -22 -23 -24 -25 -26 26 -28 -29
leaf_value=0.090644729322325854 -0.03803714382882184 0.056571072860911079 0.058942858014305002 0.01353509935333542 -0.022268047559837568 0.054821993335833132 -0.043969480276677436 0.060378090489394867 -0.017870958924445263 -0.053168914609139667 -0.025697481674230773 0.012434653694173153 -0.0017087030145334068 -0.0086026107349121902 -0.044046195639437825 -0.028856027423134707 0.062333262126945232 -0.0012100111834773262 0.0023898500771365964 -0.058457931893163555 0.047693508182341221 0.0060832560342186301 -0.014059900088845194 0.0021306086878861287 0 -0.0098358187448221168 0.047928985930781355 0.034065869508964529
leaf_weight=3.4868078678846386 6.0028650760650626 3.0435583293437984 3.5732015259563914 5.2105090250261146 13.759368919767438 2.3016086104325941 6.9406556468456984 3.6158754727803162 1.9632496386766431 3.0300068631768218 21.915274662896991 62.786060900427401 98.071942660957575 141.33496380248107 4.4054337665438643 3.9483150690793973 5.0690253078937531 8.9725131392478961 183.81253353971988 4.404232792556285 12.636139139533041 70.265672364272177 31.776048976927996 4.2219953236635774 2.9159866515547037 3.3043806124478561 3.7135948464274406 4.3835501819849014
leaf_count=21 44 20 31 41 111 21 55 51 16 38 141 582 830 1089 22 22 31 45 1264 49 77 433 247 41 30 47 40 26
internal_value=-3.27726e-06 0.000939242 0.0168388 0.00417118 -0.00230163 -0.00435831 -0.0189938 -0.00121356 0.0321326 -0.00218648 -0.0013484 0.00611054 -0.00614956 -0.000286825 0.0162333 0.04209 0.0219783 -0.00102396 0.002456 -0.00486785 0.027245 -0.00370172 -1.69257e-05 0.0220227 -0.0272254 0.0347298 0.0262602 0.0146703
internal_weight=720.865 509.721 36.6931 21.7183 211.145 18.6748 12.1512 205.142 5.57913 199.563 196.533 76.5454 119.987 473.028 19.8256 12.5041 9.01734 453.202 237.197 216.005 21.6087 211.601 215.589 6.5236 7.32142 14.9747 11.4015 7.68793
internal_count=5465 3652 322 178 1813 158 96 1769 67 1702 1664 693 971 3330 126 74 53 3204 1633 1571 122 1522 1511 62 52 144 113 73
is_linear=0
shrinkage=0.05


Tree=238
num_leaves=18
num_cat=0
split_feature=10 0 1 7 1 1 2 3 2 2 2 2 8 1 1 1 0
split_gain=0.636406 2.89046 1.15638 1.08191 1.07695 1.11241 4.49158 4.57518 1.46889 5.04189 3.15514 1.23618 1.05944 0.863264 0.739899 0.150359 0.0415739
threshold=0.4835000000000001 61.500000000000007 49.750000000000007 0.00014694500000000002 33.650000000000013 41.150000000000013 23.150000000000002 0.028950000000000004 37.150000000000013 33.150000000000013 38.850000000000009 17.450000000000003 187983749.00000003 34.650000000000013 58.750000000000007 50.550000000000004 63.500000000000007
decision_type=2 2 2 2 2 2 2 2 2 2 2 2 2 2 2 2 2
left_child=3 2 -2 4 -1 6 11 -8 9 -7 -10 -6 13 -5 -15 -14 -3
right_child=1 16 -4 12 5 8 7 -9 10 -11 -12 -13 15 14 -16 -17 -18
leaf_value=-0.031186049037500843 -0.034730120973527449 0.055263318226115965 0.010290593456784763 0.015015850106129236 0 -0.00038723460562661204 0.03981102628101349 -0.020099123840346782 -0.023435474675613147 0.020185934988421986 -0.00096115748493188786 -0.057490035217434766 -0.0029570328525655889 -0.051845949868803302 0 0.019409039428687339 0.028488830011084827
leaf_weight=2.6542838215827933 2.5173714607954008 2.1154517214745288 2.8163220547139645 0.61046357080340286 1.7183433156460548 560.51523972116411 11.787243768572806 4.1598490327596656 20.357084274291992 31.332790713757277 68.278272605966777 2.3099217563867569 1.0915900841355326 3.2919090274954215 0.84882093034684647 1.1522503197193144 1.8189605027437208
leaf_count=24 24 37 28 16 26 3977 94 34 126 197 648 18 31 135 15 10 25
internal_value=-1.05411e-06 0.0129387 -0.010286 -0.000178778 1.01508e-05 0.000139936 0.0117441 0.0238438 -0.000195028 0.000696701 -0.00619983 -0.0343625 -0.0196064 -0.0329587 -0.0413979 0.00673314 0.0451372
internal_weight=719.376 9.26811 5.33369 710.108 703.113 700.459 19.9754 15.9471 680.483 591.848 88.6354 4.02827 6.99503 4.75119 4.14073 2.24384 3.93441
internal_count=5465 114 52 5351 5144 5120 172 128 4948 4174 774 44 207 166 150 41 62
is_linear=0
shrinkage=0.05


Tree=239
num_leaves=31
num_cat=0
split_feature=1 4 3 3 3 1 1 1 3 3 0 3 4 0 0 1 3 4 3 3 3 0 3 1 1 3 1 8 1 1
split_gain=0.618857 1.95802 2.70678 3.56667 1.86864 2.22654 1.76956 1.36803 3.77698 9.20185 7.49203 7.40947 4.58243 4.75408 4.13563 3.70425 3.24585 3.17041 3.12018 3.0173 7.51019 6.38756 8.3491 2.85462 2.41868 2.41072 2.79556 2.52778 1.91675 1.6197
threshold=60.750000000000007 0.0021500000000000004 0.041150000000000006 0.028550000000000002 0.011950000000000002 61.850000000000001 63.650000000000013 52.750000000000007 0.013650000000000001 0.012050000000000002 60.500000000000007 0.041250000000000009 0.0134 61.500000000000007 65.500000000000014 51.850000000000001 0.016550000000000006 0.00015000000000000004 0.10700000000000001 0.016350000000000003 0.017350000000000001 60.500000000000007 0.011050000000000003 37.300000000000004 51.95000000000001 0.017350000000000001 52.250000000000007 87212740.000000015 54.150000000000013 50.550000000000004
decision_type=2 2 2 2 2 2 2 2 2 2 2 2 2 2 2 2 2 2 2 2 2 2 2 2 2 2 2 2 2 2
left_child=7 2 3 4 5 -2 -6 15 9 10 -9 14 18 -14 16 19 -10 -12 -13 21 -21 29 -23 -22 -17 27 -27 -26 -16 -1
right_child=1 -3 -4 -5 6 -7 -8 8 11 -11 17 12 13 -15 28 24 -18 -19 -20 20 23 22 -24 -25 25 26 -28 -29 -30 -31
leaf_value=0.060341889567039897 -0.011540360187161753 0.034333312750348191 -0.036669355090430518 0.058814264971662922 0.011629891505286469 0.028664446802303418 -0.021485512163110964 -0.058215189619686782 0 -0.057270861984527299 0.011367985309140476 -0.0063508815740579557 0.051406915475118491 -0.032809669662501803 0.0093838223829268777 0.053126021888255305 0.033366004529547293 -0.012992277268967456 -0.03369743979489595 -0.052969302586017855 -0.045258839202893829 -0.0063770351697202861 0.018336876931266712 -0.0013331346779164352 -0.021033052036547158 -0.0042633191373230217 0.035317073602901226 0.02624368940241267 -0.045291222078836013 0.015098991564454848
leaf_weight=6.1175075098872167 5.0535125732421902 5.1860380545258513 3.9781360365450373 2.8658705279231063 5.9722473919391659 9.6082583959214372 11.229536667466162 5.9801154546439639 10.481905737891791 10.046779770404099 29.416792828589678 30.230805614963174 5.3042096868157378 2.2729786783456802 2.7359235808253279 3.9441796503961077 26.199539511464536 24.27860526368022 16.383980955928564 7.2786003276705733 3.6542114019393912 91.942493340699002 54.144019834697247 305.224699055776 8.511290093418209 6.3227795530110624 13.378529004752634 4.0584862399846307 3.3133121803402901 3.5233671367168427
leaf_count=42 29 117 38 35 47 132 70 42 74 94 244 252 49 16 23 29 206 188 131 51 30 870 350 1969 84 55 102 52 26 18
internal_value=-1.92063e-06 0.00573691 0.00169812 0.00632921 0.00128293 0.0144839 -0.0096985 -0.000383447 -0.00431842 -0.0131943 -0.00560668 0.00202203 -0.0101882 0.0253943 0.0176117 0.000897888 0.0239877 0.000256767 -0.0161211 -0.000275849 -0.00309175 0.00540722 0.00275475 -0.00188346 0.016288 0.011481 0.0224046 -0.0052872 -0.0199994 0.0446454
internal_weight=718.639 43.8936 38.7076 34.7294 31.8636 14.6618 17.2018 674.745 166.645 69.7223 59.6755 96.9227 54.192 7.57719 42.7307 508.1 36.6814 53.6954 46.6148 471.885 316.158 155.727 146.087 308.879 36.2153 32.2711 19.7013 12.5698 6.04924 9.64087
internal_count=5465 468 351 313 278 161 117 4997 1345 568 474 777 448 65 329 3652 280 432 383 3330 2050 1280 1220 1999 322 293 157 136 49 60
is_linear=0
shrinkage=0.05


Tree=240
num_leaves=22
num_cat=0
split_feature=9 9 2 4 3 9 3 8 2 2 1 2 0 8 8 1 9 3 9 1 2
split_gain=0.634314 1.57718 1.83096 1.53003 1.81302 1.39674 1.63999 1.41233 1.38524 3.82148 3.53536 6.27979 3.68269 1.4084 2.30081 1.96921 1.04223 0.878271 0.801542 0.422642 0.216416
threshold=0.70230000000000004 0.72105000000000008 18.950000000000003 0.00035000000000000005 0.036950000000000004 0.6795000000000001 0.0076500000000000014 139379309.60000002 11.850000000000003 11.950000000000001 50.350000000000001 11.65 65.500000000000014 293438341.00000006 204646234.00000003 54.750000000000007 0.68230000000000013 0.023050000000000005 0.70850000000000013 45.750000000000007 9.8500000000000032
decision_type=2 2 2 2 2 2 2 2 2 2 2 2 2 2 2 2 2 2 2 2 2
left_child=5 18 -3 -4 -5 8 16 -8 10 -10 12 17 20 14 -11 -15 -7 -12 19 -2 -1
right_child=1 2 3 4 -6 6 7 -9 9 13 11 -13 -14 15 -16 -17 -18 -19 -20 -21 -22
leaf_value=-0.023219430693073955 -0.030205734492097486 0.039146221858154064 -0.049077581508421342 0.044043670107039384 -0.036453787956995692 0.02205328673328863 0.006417218005619541 0.055482559153407808 0.060767081250368275 1.287148190840917e-05 0.010264641929303592 -0.044904865922119452 0.034872260833054496 -0.038315459556347464 0.029100967279495706 0.025395036211056522 -0.044373227511374562 0.047987786580583822 -0.053333062457253028 0 -0.057499901841172013
leaf_weight=1.2955950237810627 1.9538147673010806 2.4947561398148537 1.7245342396199701 1.5509393978863957 1.0728991385549305 0.84377383813261841 3.0866339951753616 3.2986617870628834 2.5056824833154669 658.57745271385647 3.1707131732255203 3.9290634468197823 1.3160701468586919 4.9402103992179027 6.7728733718395224 1.4216310307383535 1.2721272082999346 4.1076237559318542 2.1820437964051962 2.3219270184636116 5.7191562298685312
leaf_count=28 25 20 32 32 20 8 27 39 16 4740 34 24 11 92 98 12 48 24 33 16 86
internal_value=-1.80328e-06 -0.0107844 0.00532728 -0.0133952 0.00916237 0.00019681 0.0202232 0.0330002 -4.42636e-05 0.000329739 -0.0131408 0.0048254 -0.0376742 8.7836e-05 0.000320813 -0.0231321 -0.0158276 0.0325937 -0.0284409 -0.0136665 -0.0522866
internal_weight=715.558 13.3009 6.84313 4.34837 2.62384 702.257 8.5012 6.3853 693.756 674.218 19.5382 11.2074 8.33082 671.712 665.35 6.36184 2.1159 7.27834 6.45779 4.27574 7.01475
internal_count=5465 178 104 84 52 5287 122 66 5165 4958 207 82 125 4942 4838 104 56 58 74 41 114
is_linear=0
shrinkage=0.05


Tree=241
num_leaves=14
num_cat=0
split_feature=14 2 1 8 2 8 1 2 9 9 10 8 2
split_gain=0.614074 1.00958 1.02926 0.947846 1.29902 0.931381 2.3581 2.33015 1.66268 1.28919 3.40171 1.41284 0.0417125
threshold=51.440000000000005 10.600000000000001 50.850000000000001 656974312.00000012 15.65 209559025.00000003 51.550000000000004 18.950000000000003 0.64680000000000015 0.56490000000000007 0.40995000000000004 98222060.000000015 9.8500000000000032
decision_type=2 2 2 2 2 2 2 2 2 2 2 2 2
left_child=1 2 12 5 -5 9 7 -7 -8 11 -11 -3 -1
right_child=-2 3 -4 4 -6 6 8 -9 -10 10 -12 -13 -14
leaf_value=-0.022473584341899045 0.018878212594726999 0.00014695667223400691 0.0041378174918345707 0.0090394794567177049 -0.052165501367340196 0.03069255242102157 0.06145274937340655 -0.025541529463821613 0.002256275729217893 -0.0036720732608594058 -0.051553099521613813 0.01908546775056158 -0.05238984589974377
leaf_weight=1.2755023427307599 4.1781957261264315 639.33131850510836 1.7627510465681551 1.2652627229690545 1.9169942969456313 2.8241261038929206 3.1474637496285141 4.7867771983146667 2.1680524237453938 36.34984459343832 4.0807432010769835 9.9147041756659728 1.5339969145134089
leaf_count=28 32 4425 13 14 38 51 51 72 26 523 52 110 30
internal_value=-8.08603e-07 -0.000121531 -0.0232885 2.47449e-05 -0.0267731 0.000157027 0.0134048 -0.00389927 0.0387189 -8.59304e-05 -0.00874344 0.000446763 -0.0417657
internal_weight=714.536 710.358 4.57225 705.785 3.18226 702.603 12.9264 7.6109 5.31552 689.677 40.4306 649.246 2.8095
internal_count=5465 5433 71 5362 52 5310 200 123 77 5110 575 4535 58
is_linear=0
shrinkage=0.05


Tree=242
num_leaves=30
num_cat=0
split_feature=4 3 3 4 3 3 3 2 2 3 3 3 2 3 3 0 3 3 3 4 2 4 2 2 2 3 0 3 2
split_gain=0.618634 6.02262 2.19279 3.12647 4.88225 2.33541 6.3481 9.18744 4.4057 5.33923 5.20181 2.85166 2.07894 2.76596 6.32654 4.87297 3.74176 7.42273 4.46919 2.98423 3.5209 1.83969 1.63204 3.14012 0.823488 0.248924 0.462282 0.0851256 0.00442311
threshold=0.0018500000000000003 0.069850000000000009 0.062150000000000004 0.0014500000000000001 0.064150000000000013 0.038750000000000007 0.030550000000000004 29.850000000000005 21.350000000000005 0.052300000000000006 0.047150000000000004 0.028050000000000002 10.950000000000001 0.055550000000000009 0.066350000000000006 64.500000000000014 0.087550000000000003 0.10035000000000001 0.074650000000000008 0.0021500000000000004 41.150000000000013 0.0044500000000000008 16.050000000000004 31.900000000000002 14.65 0.078650000000000012 63.500000000000007 0.041150000000000006 29.950000000000003
decision_type=2 2 2 2 2 2 2 2 2 2 2 2 2 2 2 2 2 2 2 2 2 2 2 2 2 2 2 2 2
left_child=1 2 5 4 -4 6 11 -8 10 -10 -7 -1 -2 15 21 19 18 -18 -16 -14 -21 28 -3 25 -6 -24 -27 -17 -15
right_child=12 22 3 -5 24 8 7 -9 9 -11 -12 -13 13 14 16 27 17 -19 -20 20 -22 -23 23 -25 -26 26 -28 -29 -30
leaf_value=0.00053376398628716959 -0.039406550770877728 -0.0016798204282806118 0.048623174337113981 0.066333501665912148 0.00067221437408789171 0.00010810016298793866 0.040450893164851717 -0.045463499272690222 -0.010883567612328771 0.0361588089324568 -0.051692505448538921 -0.015136441359669395 0.060661093821368917 -0.066245109855774961 -0.0034475576502400944 -0.049978989880674243 -0.040306652459538635 0.0034911089667938005 0.040849068852195046 0 0.050317958438753502 0 -0.057999199204201414 0.015410040850044937 -0.033715304193558684 -0.024358883108922487 -0.057305710637868081 -0.020474073982140364 -0.039748476981308123
leaf_weight=404.46861551865004 2.7783901002258053 4.6327858716249493 4.2081761509180051 2.7914549335837355 2.5655385069549084 8.2650507651269454 19.061164598912004 3.5774408411234608 23.897934470325712 7.9498597085475913 10.994369607418774 31.149787846952677 5.1709495112299981 3.5274847149848929 9.7519627166911977 1.5801407098770135 10.552130591124294 104.91639619506896 12.915927976369856 11.008895661681892 5.0853005647659293 1.6989645510911939 5.3453200086951238 2.2100489698350421 3.9438280370086432 4.2988914661109447 2.2275298573076725 1.5155766941606996 1.9497388722375033
leaf_count=3143 44 29 20 21 40 68 141 38 150 43 83 200 29 18 115 16 64 774 79 75 33 7 45 19 25 40 19 24 63
internal_value=-3.33668e-07 -0.000837844 0.000152703 0.019967 0.00692672 -0.000366799 0.0007545 0.0265142 -0.0105005 0.00077909 -0.0293186 -0.000578508 0.00259986 0.00333997 0.000685314 0.0189031 0.00311058 -0.000499514 0.0216411 0.0275886 0.0163449 -0.0447133 -0.0286326 -0.0370728 -0.0196005 -0.0473078 -0.0370536 -0.0381915 -0.0585914
internal_weight=714.04 541.588 522.873 13.509 10.7175 509.364 458.257 22.6386 51.1072 31.8478 19.2594 435.618 172.452 169.673 145.313 24.3609 138.136 115.469 22.6679 21.2651 16.0942 7.17619 18.7146 14.0818 6.50937 11.8717 6.52642 3.09572 5.47722
internal_count=5465 4124 3972 106 85 3866 3522 179 344 193 151 3343 1341 1297 1120 177 1032 838 194 137 108 88 152 123 65 104 59 40 81
is_linear=0
shrinkage=0.05


Tree=243
num_leaves=20
num_cat=0
split_feature=9 9 2 4 3 9 3 8 2 2 2 3 4 8 8 8 4 9 3
split_gain=0.621271 1.45649 1.60442 1.45387 1.60305 1.29477 1.46318 1.39022 1.15642 3.60836 2.63015 3.36855 4.19858 1.25202 1.98572 1.10387 1.05661 0.761442 0.00949678
threshold=0.70230000000000004 0.72105000000000008 18.950000000000003 0.00035000000000000005 0.036950000000000004 0.6795000000000001 0.0076500000000000014 139379309.60000002 11.850000000000003 11.950000000000001 11.65 0.12050000000000001 0.00085000000000000017 293438341.00000006 204646234.00000003 386545470.00000006 0.00015000000000000004 0.70850000000000013 0.0087500000000000026
decision_type=2 2 2 2 2 2 2 2 2 2 2 2 2 2 2 2 2 2 2
left_child=5 17 -3 -4 -5 8 16 -8 10 -10 11 12 -1 14 -11 -15 -7 18 -2
right_child=1 2 3 4 -6 6 7 -9 9 13 -12 -13 -14 15 -16 -17 -18 -19 -20
leaf_value=0.0085462047637864715 -0.018173252951362562 0.03666485076652104 -0.048625225799733378 0.042096208547216636 -0.034996818541661485 -0.04458583930370151 0.0058127454665961474 0.054922466893228543 0.059845081089253044 0 -0.045004587032307267 0.057960174706033464 -0.052217825107737051 -0.050099013548496898 0.027358477129073633 -0.0046767184027476658 0.023054237252788476 -0.052837698651917446 -0.0058616156928165816
leaf_weight=8.4041532333940285 2.1388005800545198 2.4620479047298431 1.6509021185338495 1.5194660648703577 1.0117101501673458 1.2125804973766192 3.0902325790375471 3.1549253575503826 2.4347343891859046 656.81560579128563 4.5324742794036856 1.9376664906740177 4.1088190935552111 2.1911330679431549 6.6035210294648996 3.9630976552143693 0.8427554303780197 2.091828191652894 2.0951116569340229
leaf_count=72 18 20 32 32 20 39 27 39 16 4740 35 24 76 37 98 67 17 33 23
internal_value=-3.44749e-06 -0.010811 0.00490296 -0.0130476 0.0092229 0.00019137 0.0197041 0.0318846 -3.86088e-05 0.000298753 -0.0121823 -0.00130535 -0.011266 6.58569e-05 0.000283169 -0.0221907 -0.0147485 -0.0279134 -0.0135105
internal_weight=712.262 12.9699 6.64413 4.18208 2.53118 699.292 8.30049 6.24516 690.991 672.008 18.9831 14.4506 12.513 669.573 663.419 6.15423 2.05534 6.32574 4.23391
internal_count=5465 178 104 84 52 5287 122 66 5165 4958 207 172 148 4942 4838 104 56 74 41
is_linear=0
shrinkage=0.05


Tree=244
num_leaves=31
num_cat=0
split_feature=1 1 4 3 3 2 3 2 2 1 4 1 1 2 2 2 1 3 4 4 2 3 3 3 9 1 4 3 3 4
split_gain=0.614174 12.2249 3.60859 12.1905 4.22035 10.685 6.36397 9.20955 7.24299 5.83585 4.20135 3.77947 4.70969 3.43188 2.86902 2.17951 4.33079 2.12667 3.7497 1.94682 7.88729 4.28219 4.27553 5.51483 3.59352 2.20188 1.49235 1.4557 1.4035 1.24141
threshold=44.95000000000001 45.350000000000001 0.0013500000000000003 0.039550000000000009 0.021150000000000006 26.800000000000001 0.012450000000000001 23.150000000000002 26.950000000000003 44.250000000000007 0.0021500000000000004 43.45000000000001 44.650000000000013 27.250000000000004 29.850000000000005 44.300000000000004 48.650000000000013 0.32860000000000006 0.00075000000000000012 0.0015500000000000004 38.850000000000009 0.039550000000000009 0.038750000000000007 0.030550000000000004 0.33765000000000006 46.850000000000001 0.017300000000000003 0.054850000000000003 0.10340000000000001 0.0057500000000000008
decision_type=2 2 2 2 2 2 2 2 2 2 2 2 2 2 2 2 2 2 2 2 2 2 2 2 2 2 2 2 2 2
left_child=2 14 3 4 6 -6 7 -1 -8 -7 -4 13 26 -12 27 19 -17 18 -18 22 21 -21 23 -3 -24 -22 -13 -2 -14 -15
right_child=1 15 10 -5 5 9 8 -9 -10 -11 11 12 28 29 -16 16 17 -19 -20 20 25 -23 24 -25 -26 -27 -28 -29 -30 -31
leaf_value=-0.059481040959086885 -0.069786885007216096 -0.00026507899761366748 -0.048163041162827533 0.079479363624545371 -0.059126765596057007 0.021012189840335219 0.058997978857062511 0.011437262740491415 0.0075899112869715407 -0.046420335003714952 0.037832500235735415 -0.054552205241480446 -0.010353898112663823 0.013418998045669057 -0.0042490973904857838 -0.052354033113759295 0.033219674999130186 0.06985887495986047 -0.058188787071435134 0.055375049343221232 0.078039536020927155 0.0012114255523658587 -0.01858024446036256 0.030262947712410244 0.026941353775709422 0.027338654993821071 -0.0037445471007135282 -0.024554352592355728 0.037240800331087641 -0.024242244849652653
leaf_weight=6.1036882307380464 8.0353765864856523 343.54877359420061 5.8969411402940741 5.6064025275409213 8.2900048345327395 16.429743774235252 11.287078788504006 17.175611798651516 17.967689692974091 3.8567605130374423 7.8493123166263166 6.8551742136478406 2.7835565069690338 3.6774878650903684 3.4240227807313195 5.5354971643537265 2.4736735541373491 1.0647206753492353 1.8681609025225041 3.6576639153063288 3.9585572034120542 138.45964923780411 46.813096353784204 15.347047448158262 4.6046979911625376 5.8944295179098845 2.1182503215968609 2.9636268466711035 3.0075989179313183 4.8274018168449402
leaf_count=82 47 2584 39 27 45 110 92 165 112 27 63 74 21 21 33 62 60 5 65 37 17 1033 318 108 60 58 21 28 22 29
internal_value=-3.76889e-06 -0.000685035 0.00318936 0.00879609 0.00375701 -0.0115921 0.0122075 -0.0071181 0.0277279 0.00778221 -0.00979916 -0.00223813 -0.0206432 0.0140986 -0.0459919 0.00045404 -0.0215271 0.00950463 -0.00540954 0.000894436 0.00573119 0.00267855 -0.000885757 0.00103449 -0.0143621 0.0487901 -0.0432832 -0.0583807 0.0137279 -0.00740988
internal_weight=711.382 587.649 123.733 86.717 81.1106 28.5765 52.5341 23.2793 29.2548 20.2865 37.0157 31.1188 14.7646 16.3542 14.423 573.226 10.9421 5.40656 4.34183 562.284 151.97 142.117 410.314 358.896 51.4178 9.85299 8.97342 10.999 5.79116 8.50489
internal_count=5465 4515 950 660 633 182 451 247 204 137 290 251 138 113 108 4407 192 130 125 4215 1145 1070 3070 2692 378 75 95 75 43 50
is_linear=0
shrinkage=0.05


Tree=245
num_leaves=24
num_cat=0
split_feature=9 8 2 9 8 9 2 1 2 0 2 4 11 1 2 2 4 9 1 0 4 4 8
split_gain=0.640882 1.4787 3.31183 1.17524 1.34325 3.04959 1.06484 3.22772 5.44934 3.43976 2.6051 5.74893 3.72762 2.46663 2.37403 0.956497 1.32068 1.28363 0.672424 0.522939 0.484847 0.37733 0.171443
threshold=0.70230000000000004 151157180.00000003 18.950000000000003 0.6795000000000001 139379309.60000002 0.7017500000000001 11.850000000000003 50.350000000000001 11.65 65.500000000000014 12.550000000000002 0.0014500000000000001 0.76500000000000001 54.150000000000013 12.850000000000003 17.750000000000004 0.00055000000000000003 0.73535000000000006 48.750000000000007 61.500000000000007 0.00055000000000000003 0.00015000000000000004 639749094.50000012
decision_type=2 2 2 2 2 2 2 2 2 2 2 2 2 2 2 2 2 2 2 2 2 2 2
left_child=3 15 -3 6 5 -5 7 9 19 21 11 13 14 -8 -12 -2 17 -17 22 -9 -4 -1 -6
right_child=1 2 20 4 18 -7 10 8 -10 -11 12 -13 -14 -15 -16 16 -18 -19 -20 -21 -22 -23 -24
leaf_value=-0.015946428797653078 -0.045044287572448605 0.054371110320825283 -0.047790597570894329 -0.042773715438795379 0.024195921913574156 0.04546086529015568 0.058981099811164478 0.016163015822462511 -0.042208206921686864 0.034396088882729069 -0.035996379369922581 -0.024239626968939366 0.042903803768715082 0.0019962110487931691 -0.00023008145097624155 -0.013818574278874247 -0.034890900762573174 0.053911524614230391 0.052961184846431114 0.046758282243073157 0 -0.057273044743084235 -0.0026881511477180992
leaf_weight=1.1195155382156396 3.2348776161670667 2.2098628282546988 1.3024869784712794 2.0704183485358936 0.83492118865251519 1.6740559637546542 6.9052347177639586 3.8916162103414518 3.7476394921541214 1.2792945150285957 4.5770639390684655 4.5178199335932723 4.8849027566611758 2.8693514140322804 645.5729458106216 1.3923849584534767 2.4029567651450634 1.116821765899658 2.7035545017570257 3.2635017763823271 1.0773555450141428 5.3730872357264161 0.86296447459608316
leaf_count=9 19 17 23 39 21 8 62 25 24 11 37 34 35 31 4759 40 34 14 35 33 31 105 19
internal_value=-4.05451e-06 -0.0110813 0.0107303 0.000192996 0.0189579 -0.00186937 -2.46367e-05 -0.0117754 0.00539739 -0.0362638 0.000297458 0.0213425 -0.000157286 0.042949 -0.000495063 -0.0239564 -0.00844991 0.0153219 0.0374352 0.0312591 -0.0283356 -0.0512555 0.00836131
internal_weight=708.885 12.7367 4.58971 696.148 8.14591 3.74447 688.002 18.6747 10.9028 7.7719 669.327 14.2924 655.035 9.77459 650.15 8.14704 4.91216 2.50921 4.40144 7.15512 2.37984 6.4926 1.69789
internal_count=5465 178 71 5287 122 47 5165 207 82 125 4958 127 4831 93 4796 107 88 54 75 58 54 114 40
is_linear=0
shrinkage=0.05


Tree=246
num_leaves=31
num_cat=0
split_feature=2 3 0 0 3 3 3 3 2 0 4 3 3 3 4 4 4 2 3 3 2 2 3 4 3 4 4 4 2 9
split_gain=0.626468 5.504 4.40886 3.37394 2.9618 2.7239 4.93214 2.63605 3.64217 4.07784 3.75968 3.07744 8.17217 5.42942 4.94086 5.28321 3.85102 3.28265 3.03108 2.78887 2.21619 3.54456 2.39008 1.89634 1.76211 1.58474 4.57413 3.66 1.38716 1.77939
threshold=16.350000000000005 0.14260000000000003 61.500000000000007 67.500000000000014 0.12330000000000001 0.0043500000000000006 0.0050500000000000015 0.14595000000000002 21.150000000000002 61.500000000000007 0.0099000000000000008 0.10340000000000001 0.11565000000000002 0.087550000000000003 0.0029500000000000004 0.0024500000000000004 0.0042500000000000012 31.150000000000002 0.32860000000000006 0.40495000000000009 12.350000000000003 14.65 0.42440000000000005 0.037100000000000001 0.23915000000000003 0.0075500000000000003 0.015850000000000003 0.0044500000000000008 47.70000000000001 0.7017500000000001
decision_type=2 2 2 2 2 2 2 2 2 2 2 2 2 2 2 2 2 2 2 2 2 2 2 2 2 2 2 2 2 2
left_child=1 3 20 4 5 -1 -7 11 18 10 -10 13 -13 14 15 -2 -16 -15 -9 -20 -3 22 -22 -21 -12 27 -27 -14 29 -11
right_child=7 2 -4 -5 -6 6 -8 8 9 28 24 12 25 17 16 -17 -18 -19 19 23 21 -23 -24 -25 -26 26 -28 -29 -30 -31
leaf_value=0.036884148147090061 0.0014445010054635029 0.042605018814047754 0.053502552594348878 0.035285100628550413 -0.054088853840930165 -0.052774707625249342 -0.0055783524404202671 -0.054439485271585576 -0.0093287683255182368 -0.032594081815478113 0.068516093526216057 0.064575715177010481 0.02252181549687652 -0.045656913736376037 0.040396201927183212 -0.04649921092722642 -0.010812566597333456 0.0031402248681037708 0.037405511161405905 -0.050097303793155114 -0.05995545962894442 0.036253124787992405 0 0.00026334812892653362 0.019854239403189682 0.058422933957060254 -0.015004707770473667 -0.031627324763467982 0.015143370978615093 0.0075558586694106011
leaf_weight=3.3711173497140399 435.82022781670094 2.7269666045904186 7.0044653248041859 4.5613966037053606 3.3050897866487494 5.7439297027885905 120.20609476347454 6.96600563079119 6.6844448596239081 11.442136585712435 3.3422201275825483 6.9508197158575085 5.1756408251822013 9.7328700907528383 13.844299857504668 5.7192940115928641 4.7455463567748657 5.0045183449983588 2.1847051754593831 3.6548558846116066 3.0619435235857946 2.9631289765238762 3.466466698795557 3.3340987041592598 5.2373702377080917 3.8481833264231664 4.3498625606298447 7.373138165101409 2.5666445661336175 3.337605044245719
leaf_count=30 3284 31 52 46 40 38 972 65 47 90 27 33 31 79 103 47 62 37 19 37 21 22 27 28 33 32 22 63 22 25
internal_value=-3.67797e-06 -0.00280253 0.0221273 -0.00634574 -0.00784072 -0.00657924 -0.00781056 0.000781667 -0.0102914 -0.000499013 0.0181285 0.00186756 0.0180472 0.000909726 0.00187949 0.000801773 0.0270684 -0.0288399 -0.0296443 -0.00989288 0.00344676 -0.00760921 -0.0285185 -0.0257025 0.0399578 0.00198386 0.0191486 -0.00889717 -0.0171869 -0.0232014
internal_weight=707.725 156.411 19.223 137.188 132.626 129.321 125.95 551.314 48.7501 32.6104 15.264 502.564 27.6976 474.867 460.129 441.54 18.5898 14.7374 16.1397 9.17366 12.2185 9.49154 6.52841 6.98895 8.57959 20.7468 8.19805 12.5488 17.3464 14.7797
internal_count=5465 1279 153 1126 1080 1040 1010 4186 393 244 107 3793 181 3612 3496 3331 165 116 149 84 101 70 48 65 60 148 54 94 137 115
is_linear=0
shrinkage=0.05


Tree=247
num_leaves=21
num_cat=0
split_feature=3 4 4 3 0 3 3 3 2 0 1 1 1 1 2 1 3 3 2 2
split_gain=0.618135 6.08523 6.6945 13.4027 7.80205 4.67083 3.56694 3.53974 3.9767 3.35151 2.80112 3.71865 2.68521 2.56303 2.49855 2.3953 2.19298 2.1908 1.61981 0.0772661
threshold=0.021050000000000003 0.00095000000000000011 0.00065000000000000008 0.019350000000000003 61.500000000000007 0.019150000000000004 0.019950000000000006 0.021950000000000001 30.250000000000004 61.500000000000007 37.300000000000004 39.95000000000001 47.150000000000013 60.45000000000001 23.950000000000003 49.550000000000004 0.029650000000000006 0.041150000000000006 37.150000000000013 42.650000000000013
decision_type=2 2 2 2 2 2 2 2 2 2 2 2 2 2 2 2 2 2 2 2
left_child=1 2 3 5 18 14 -3 8 15 -5 -9 19 -6 16 -1 -2 -13 -15 -4 -12
right_child=7 6 4 9 12 -7 -8 10 -10 -11 11 13 -14 17 -16 -17 -18 -19 -20 -21
leaf_value=-0.0034631181051066871 -0.065702575720364045 0.056308869890384708 -0.073302238800327116 0.074668642372450411 -0.019090497269461229 -0.062518160771972739 -0.00012409883346412354 -0.043769329833022938 0.0041097922642660554 0.019582373881447165 0.028665684795907545 -0.010169334089861847 0.05747807643451517 0.048709013533348909 0.005880266355513291 -0.014028598528351711 0.00048070144729576124 0.0058910042177049548 -0.023393608217785335 0.05336619316532755
leaf_weight=177.87092562124599 5.5760844796895999 7.7558877617120725 6.5803775489330274 7.224368788301943 2.0102870278060427 2.8903968483209601 4.0773030370473862 3.5726731494069091 7.1634778082370749 5.050203874707222 2.4990539923310271 58.598722744733095 2.2714632349088788 4.531029373407363 119.46969510475174 4.295581266283989 269.80249215476215 9.454458490945397 2.7580293556675315 2.4541497826576233
leaf_count=1518 31 76 36 38 23 18 29 30 39 23 17 329 25 44 973 25 1978 159 31 23
internal_value=-1.60651e-06 0.00153488 0.00023616 0.00175162 -0.03393 -0.000333588 0.036607 -0.00142648 -0.0236208 0.0527496 -0.000328386 0.000116517 0.0207727 -0.000497322 0.000274903 -0.0440846 -0.00140695 0.0203655 -0.0594959 0.0427073
internal_weight=705.907 337.959 326.126 312.506 13.6202 300.231 11.8332 367.948 17.0351 12.2746 350.913 347.34 4.28175 342.387 297.341 9.87167 328.401 13.9855 9.33841 4.9532
internal_count=5465 2790 2685 2570 115 2509 105 2675 95 61 2580 2550 48 2510 2491 56 2307 203 67 40
is_linear=0
shrinkage=0.05


Tree=248
num_leaves=15
num_cat=0
split_feature=3 3 1 3 3 3 1 0 1 3 3 4 1 4
split_gain=0.615077 1.92386 3.07753 2.56929 1.35097 5.31689 3.58115 7.92859 3.23648 1.48073 1.34161 0.692717 0.631768 0.656213
threshold=0.0039500000000000013 0.0043500000000000006 50.050000000000004 0.004850000000000001 0.0064500000000000009 0.0069500000000000004 48.750000000000007 61.500000000000007 71.250000000000014 0.0075500000000000003 0.0060500000000000007 1.0000000180025095e-35 51.350000000000001 1.0000000180025095e-35
decision_type=2 2 2 2 2 2 2 2 2 2 2 2 2 2
left_child=-1 2 -2 12 6 8 10 -8 -6 -7 -5 -4 13 -3
right_child=1 3 11 4 5 9 7 -9 -10 -11 -12 -13 -14 -15
leaf_value=-0.022156829897822441 -0.024204274178723412 -0.069744874206610782 0.069105650961552786 -0.019418195640830915 -0.05608671794208208 -0.012860189384698548 0.055220090143658175 -0.0019066303751127181 0.048528135345626951 0.00049090493355169874 0.011206499473067582 0.025907746168417973 -0.013604802704337508 -0.015862911095901922
leaf_weight=3.0203281044960013 1.9875647611916054 1.6793612092733377 2.2137348353862762 10.819507241249083 6.1287702542031175 21.385873564053327 9.9293476864695567 14.978910687379537 0.71000950876623381 619.01114832609892 5.0172851979732505 2.8043503724038601 3.2983569875359535 1.3623396437615154
leaf_count=18 25 11 12 85 211 201 59 146 18 4547 33 33 28 38
internal_value=-1.54623e-07 9.12821e-05 0.0259806 -0.000166443 0.000120554 -0.000428573 0.00894555 0.020796 -0.0439621 3.53043e-05 -0.00939275 0.0469194 -0.0316041 -0.0484764
internal_weight=704.347 701.327 7.00565 694.321 687.981 647.236 40.7451 24.9083 6.83878 640.397 15.8368 5.01809 6.34006 3.0417
internal_count=5465 5447 70 5377 5300 4977 323 205 229 4748 118 45 77 49
is_linear=0
shrinkage=0.05


Tree=249
num_leaves=20
num_cat=0
split_feature=9 8 2 9 8 9 3 2 2 2 3 3 8 8 8 3 8 8 2
split_gain=0.592565 1.39192 3.10677 1.13067 1.24827 2.72267 1.13421 0.966563 3.25594 2.24776 2.88939 3.53248 1.12851 1.81607 1.0833 0.856906 1.38986 0.326629 0.311389
threshold=0.70230000000000004 151157180.00000003 18.950000000000003 0.6795000000000001 139379309.60000002 0.7017500000000001 0.0076500000000000014 11.850000000000003 11.950000000000001 11.65 0.12050000000000001 0.040650000000000006 293438341.00000006 204646234.00000003 386545470.00000006 0.035650000000000008 86796760.000000015 136529291.35000002 24.750000000000004
decision_type=2 2 2 2 2 2 2 2 2 2 2 2 2 2 2 2 2 2 2
left_child=3 15 -3 7 5 -5 -6 9 -9 10 11 -1 13 -10 -14 17 -17 -2 -4
right_child=1 2 18 4 6 -7 -8 8 12 -11 -12 -13 14 -15 -16 16 -18 -19 -20
leaf_value=0.0064977460039559801 -0.0551752313064129 0.053490080456000393 -0.045938472703346452 -0.041297632835903916 0 0.04270658661254538 0.053861823349504678 0.058509049381478231 0 -0.042567555271670263 0.054237423014012257 -0.051837186689591142 -0.049660155213833414 0.02620839917231009 -0.0041624952198894422 -0.029513770779913514 0.034825348938472854 -0.021892129784254411 -0.0039223120808896325
leaf_weight=8.4733261214569229 1.850794336758552 2.151063047349453 1.1343641541898253 1.9890723824501029 1.3492666725069282 1.6823842078447342 2.9331915248185396 2.2922248393297187 649.93411472265143 4.2961792871356002 1.8941761506721366 3.5637312661856404 2.0951258121058336 6.579333526082336 3.9898464847356081 1.9389083124697211 1.3096936140209434 2.8756275102496147 1.1763174142688511
leaf_count=79 34 17 21 39 36 8 39 16 4740 35 24 69 37 98 67 28 19 26 33
internal_value=-1.23356e-06 -0.0107813 0.0106754 0.000187066 0.0188127 -0.00136663 0.0368903 -2.52063e-05 0.00027965 -0.0113593 -0.00114397 -0.0106459 6.18647e-05 0.000269614 -0.0211859 -0.0233883 -0.00181652 -0.0368344 -0.0276731
internal_weight=703.509 12.4368 4.46174 691.072 7.95391 3.67146 4.28246 683.118 664.891 18.2274 13.9312 12.0371 662.598 656.513 6.08497 7.97502 3.2486 4.72642 2.31068
internal_count=5465 178 71 5287 122 47 75 5165 4958 207 172 148 4942 4838 104 107 47 60 54
is_linear=0
shrinkage=0.05


Tree=250
num_leaves=31
num_cat=0
split_feature=1 1 4 3 4 3 2 3 2 2 1 1 1 2 2 2 1 1 4 3 4 3 4 11 3 3 3 1 0 2
split_gain=0.591522 11.2841 3.3705 11.1312 3.96189 3.63832 9.6779 5.48574 8.71334 6.60031 5.19474 3.50707 4.3286 2.98635 2.75852 2.03307 3.98981 1.95525 4.09704 1.91145 3.49926 1.73096 2.5029 1.53396 1.39118 1.38581 1.18653 1.18339 0.962127 0.360103
threshold=44.95000000000001 45.350000000000001 0.0013500000000000003 0.039550000000000009 0.0021500000000000004 0.021150000000000006 26.800000000000001 0.012450000000000001 23.150000000000002 26.950000000000003 44.250000000000007 43.45000000000001 44.650000000000013 27.250000000000004 29.850000000000005 44.300000000000004 48.650000000000013 45.750000000000007 0.00085000000000000017 0.32860000000000006 0.00075000000000000012 0.52960000000000007 0.020750000000000005 1.0000000180025095e-35 0.10700000000000001 0.054850000000000003 0.10340000000000001 42.650000000000013 62.500000000000007 23.650000000000002
decision_type=2 2 2 2 2 2 2 2 2 2 2 2 2 2 2 2 2 2 2 2 2 2 2 2 2 2 2 2 2 2
left_child=2 14 3 5 -4 7 -7 8 -1 -9 -8 13 24 28 25 17 -17 18 -3 20 -18 22 -19 -23 -13 -2 -14 -15 -6 -20
right_child=1 15 4 -5 11 6 10 9 -10 -11 -12 12 26 27 -16 16 19 21 29 -21 -22 23 -24 -25 -26 -27 -28 -29 -30 -31
leaf_value=-0.058804061840438016 -0.068556651134196997 -0.020611205243943543 -0.047253582421932033 0.076561146807131719 0.048983335250406858 -0.057031489962088726 0.020170974505711568 0.05674494872810662 0.011371357655338433 0.0071027908656484161 -0.044214875155066134 -0.066115216458549481 -0.0091988397250468354 -0.02645465417804136 -0.0038471336865991222 -0.051425260349304752 0.031623186061201292 0.00048028341313149188 0.024780791886629842 0.06582977291562736 -0.057808966078233631 -0.028097293742310032 0.036756397380362113 0.012213605099995254 -0.022704207905926335 -0.023546655022387165 0.034908053899529355 0.010316558433208898 0.0088642462061598645 0.050340905462465349
leaf_weight=5.8317072791978743 7.7816241569817048 3.9856469212099901 5.7555788233876219 5.5375853404402724 5.037820849567658 7.9546514749527004 16.260641336441044 10.884451076388361 17.105634647421539 17.950467988848686 3.7481260299682608 3.7056584171950799 2.7421484095975748 3.9375899434089643 3.4030025899410239 5.3249193159863335 2.4399677817709744 526.99680313386489 4.0111574437469226 1.0665926486253736 1.7989049842581151 9.3237553425133211 4.7045348472893229 2.8870222344994536 4.9047791101038456 2.8555034846067429 2.926683884114027 4.4616227075457573 2.6553353071212769 4.6698894090950489
leaf_count=82 47 31 39 27 44 45 110 92 165 112 27 29 21 27 33 62 60 3989 26 5 65 78 49 16 66 28 22 23 19 26
internal_value=-2.00065e-06 -0.000672226 0.00316371 0.00861488 -0.00955328 0.00374345 -0.0106724 0.0116317 -0.00643117 0.0261456 0.0077014 -0.00211316 -0.0202187 0.0136693 -0.044795 0.000418834 -0.0211207 0.000842931 0.0201922 0.00875867 -0.00563553 0.000379502 0.000817511 -0.0181386 -0.0425055 -0.0572714 0.0129162 -0.0064421 0.036069 0.0395167
internal_weight=702.65 581.249 121.4 85.2733 36.1272 79.7357 27.9634 51.7723 22.9373 28.8349 20.0088 30.3716 14.2793 16.0924 14.0401 567.209 10.6304 556.579 12.6667 5.30547 4.23887 543.912 531.701 12.2108 8.61044 10.6371 5.66883 8.39921 7.69316 8.68105
internal_count=5465 4515 950 660 290 633 182 451 247 204 137 251 138 113 108 4407 192 4215 83 130 125 4132 4038 94 95 75 43 50 63 52
is_linear=0
shrinkage=0.05


Tree=251
num_leaves=14
num_cat=0
split_feature=3 3 3 0 3 3 2 3 2 2 3 2 2
split_gain=0.562763 2.80318 0.821023 3.01208 1.46966 1.23606 6.78023 4.99178 3.26167 1.47377 1.10493 0.363562 0.223218
threshold=0.0039500000000000013 0.0041000000000000003 0.004850000000000001 62.500000000000007 0.0043500000000000006 0.0064500000000000009 29.850000000000005 0.0069500000000000004 18.350000000000005 29.850000000000005 0.0062500000000000012 37.250000000000007 21.650000000000002
decision_type=2 2 2 2 2 2 2 2 2 2 2 2 2
left_child=-1 -2 3 12 -5 6 8 11 -4 -9 -8 -7 -3
right_child=1 2 5 4 -6 7 10 9 -10 -11 -12 -13 -14
leaf_value=-0.021282946776210752 0.052884615411498331 -0.055644123964757479 0.00016129030007931437 0.030080782070997028 -0.017193539074353698 -0.050542690555828933 -0.055456750714009073 -0.0013910785724889963 0.031279758205267585 0.0040899824051773446 -0.0059362274308500758 -0.01494445129601909 -0.022483271297016761
leaf_weight=2.9952769577503195 2.4050008282065383 2.7639876243192685 15.877746368758379 3.4195210617035627 2.8695932603441179 5.0474753249436608 3.9434184432029715 472.21479012444615 18.651021040976048 165.54017655644566 1.9314722791314123 1.4672029195353387 1.6478201523423193
leaf_count=18 31 42 121 32 26 207 47 3467 139 1281 16 22 16
internal_value=-3.69362e-06 8.35214e-05 -9.94834e-05 -0.0137811 0.00779641 0.00010903 0.00858713 -0.000416143 0.0171564 2.42037e-05 -0.0403847 -0.0436285 -0.0451395
internal_weight=700.775 697.779 695.374 10.7009 6.28911 684.673 40.4037 644.27 34.5288 637.755 5.87489 6.51468 4.41181
internal_count=5465 5447 5416 116 58 5300 323 4977 260 4748 63 229 58
is_linear=0
shrinkage=0.05


Tree=252
num_leaves=28
num_cat=0
split_feature=1 0 3 1 3 3 3 1 1 0 1 1 1 3 0 1 1 4 3 1 1 3 1 1 3 3 1
split_gain=0.588547 2.07719 2.72737 3.43506 2.37078 1.78126 1.68423 1.2964 1.16248 0.87865 3.77809 3.45408 3.57626 4.44615 7.05047 4.25503 3.36203 2.81432 2.51971 2.15682 3.00615 1.65588 0.851876 1.54143 0.708163 0.148283 0.120417
threshold=42.250000000000007 61.500000000000007 0.0086500000000000014 41.850000000000001 0.007150000000000001 0.013650000000000001 0.097850000000000006 41.150000000000013 38.650000000000013 62.500000000000007 43.050000000000004 43.050000000000004 46.45000000000001 0.047550000000000009 67.500000000000014 53.95000000000001 50.750000000000007 0.0016500000000000002 0.091200000000000017 59.45000000000001 58.550000000000004 0.0072500000000000004 72.700000000000003 66.350000000000009 0.021350000000000004 0.030150000000000003 39.750000000000007
decision_type=2 2 2 2 2 2 2 2 2 2 2 2 2 2 2 2 2 2 2 2 2 2 2 2 2 2 2
left_child=1 7 4 5 8 -4 -7 -1 -3 10 24 25 13 14 -13 16 -14 -15 -17 20 21 -12 23 -21 -2 -11 -6
right_child=9 2 3 -5 26 6 -8 -9 -10 11 19 12 15 17 -16 18 -18 -19 -20 22 -22 -23 -24 -25 -26 -27 -28
leaf_value=0.045980457301732308 -0.021235596869491918 0.021612889040648651 -0.053249764328381112 0.04529238163572738 0.065018790748412811 0.0024441254905944593 -0.04128071173711035 0.0060054710206899585 -0.031078382269751688 0.022272604446127643 0.0088651922094833344 0.014016136840795047 0.0010600061641527227 0.0087588485658941142 -0.058052173028252135 -0.0024489565374830775 0.017557456258579077 -0.041220026609890728 -0.031983063269127997 0.014905894285334453 -0.052381077227168393 -0.0028346260570450165 0.040726829137268328 -0.010373177064731013 -0.05906324427439387 0.04183756665826549 0.032889688977283608
leaf_weight=4.4627711586654204 3.4599714651703826 1.9724187999963789 3.5498362779617283 1.9981926977634437 1.7632303461432459 6.6595098562538606 3.0529197975993156 4.302546814084053 1.9582555107772348 3.9204308148473483 32.88909085909836 19.680839347885925 62.646771213621832 3.2758014798164394 3.9921625368297091 64.701398815959692 62.178022667067125 14.174688983708618 8.1169011667370778 23.872439522296194 2.8696018289774647 345.20430521015078 2.2323413321282706 7.7387907542288294 2.8641483709216118 4.3763333112001419 2.055577177554369
leaf_count=34 28 13 62 14 19 81 20 28 30 26 370 143 471 14 25 597 548 154 98 212 19 2284 21 82 20 21 31
internal_value=-6.11527e-06 0.0066242 -0.00108566 -0.0135383 0.0226595 -0.023049 -0.011071 0.0272114 -0.0035171 -0.000329839 -0.00172487 0.00202756 0.000897217 -0.0124721 0.0014593 0.00370915 0.00932526 -0.0315567 -0.00584898 -0.0011229 -0.00220936 -0.0018016 0.0109301 0.00854642 -0.0397985 0.0335634 0.0502809
internal_weight=699.969 31.7753 23.0099 15.2605 7.74948 13.2623 9.71243 8.76532 3.93067 668.194 421.131 247.063 238.767 41.1235 23.673 197.643 124.825 17.4505 72.8183 414.807 380.963 378.093 33.8436 31.6112 6.32412 8.29676 3.81881
internal_count=5465 332 270 177 93 163 101 62 43 5133 3036 2097 2050 336 168 1714 1019 168 695 2988 2673 2654 315 294 48 47 50
is_linear=0
shrinkage=0.05


Tree=253
num_leaves=31
num_cat=0
split_feature=1 3 3 3 0 1 1 3 2 2 1 2 3 2 3 2 1 2 2 3 1 3 3 0 3 2 3 2 1 1
split_gain=0.564192 3.44572 8.31182 5.92682 5.82211 5.21416 3.99747 3.71429 3.6396 9.76494 6.48251 6.21851 5.08077 3.42671 6.30895 4.54823 3.09483 2.92311 3.03084 3.11565 3.27563 2.86541 6.76131 5.98061 7.64899 5.15084 4.06649 2.918 3.28188 2.38923
threshold=52.750000000000007 0.016350000000000003 0.019150000000000004 0.012050000000000002 60.500000000000007 58.150000000000013 59.650000000000013 0.016550000000000006 20.150000000000002 17.350000000000005 72.950000000000017 28.950000000000003 0.072750000000000009 17.350000000000005 0.0097500000000000017 26.600000000000005 51.850000000000001 21.350000000000005 11.950000000000001 0.080250000000000016 52.250000000000007 0.016350000000000003 0.017350000000000001 60.500000000000007 0.011050000000000003 14.350000000000003 0.0094500000000000018 13.950000000000001 51.550000000000004 49.050000000000004
decision_type=2 2 2 2 2 2 2 2 2 2 2 2 2 2 2 2 2 2 2 2 2 2 2 2 2 2 2 2 2 2
left_child=16 3 7 4 -2 -5 -7 -3 9 12 11 -10 -4 14 -6 -15 21 18 -18 20 -20 23 -23 -1 26 -26 -25 29 -29 -24
right_child=1 2 8 5 13 6 -8 -9 10 -11 -12 -13 -14 15 -16 -17 17 -19 19 -21 -22 22 27 24 25 -27 -28 28 -30 -31
leaf_value=0.043828463027430715 -0.048045506526667447 -0.0010424447702137084 0.012842267955338424 -0.057672725450800592 0.031003737388424098 0.033940563302301753 -0.029339799596459926 0.052701106904228336 -0.026036181853069586 0.03955113844690656 0.071615339350629401 0.0095811058673114062 -0.033700033879960511 -0.019806951133746087 -0.029177724956694961 0.01325311376012283 0.05169287201968599 0.032584608740658945 0.028408494967510845 -0.056550621198162669 -0.017009951496135548 -0.051045893132124501 -0.0049806901361107887 -0.0019089456153829961 -0.031801445726386345 0.022760554121851278 -0.033902613469892678 -0.0023716215489799635 -0.037243743650615113 0.02719256985054877
leaf_weight=9.4245287701487523 6.2876077517867079 4.2389188557863227 11.242281511425974 10.382952356711032 18.59429911966436 3.6433710381388646 7.2290487512946129 11.17942204326391 34.930298550054431 16.190609715878963 2.2151144640520206 18.529890809208155 11.848314089700578 25.831310187932104 5.5112181678414336 17.117509761126712 2.6787567511200931 14.266561574302612 7.2302049729041782 2.3739905953407279 8.4762321254238469 7.0495703406631938 8.9690312510356325 77.629565770621412 4.5902559235692015 48.328356372192502 11.36935510765761 269.57834374159575 6.8491550087928763 14.868365991860626
leaf_count=60 46 24 85 115 173 17 48 114 287 158 30 184 107 225 39 161 20 144 66 12 80 51 118 779 35 315 91 1721 47 113
internal_value=-5.0002e-06 -0.00221656 0.00375168 -0.00922963 -0.00240271 -0.0324303 -0.00756266 0.0376918 -0.00174053 0.009835 -0.0100002 -0.0136026 -0.0108664 0.00186788 0.0169743 -0.00651434 0.000903355 0.0152089 0.00292893 -0.00426541 0.00362883 -0.00018128 -0.002965 0.00543655 0.00282273 0.0178824 -0.00608563 -0.0018029 -0.0032669 0.014908
internal_weight=698.654 204.972 110.375 94.5973 73.3419 21.2554 10.8724 15.4183 94.9565 39.2812 55.6753 53.4602 23.0906 67.0543 24.1055 42.9488 493.682 35.0257 20.7592 18.0804 15.7064 458.657 307.314 151.342 141.918 52.9186 88.9989 300.265 276.427 23.8374
internal_count=5465 1813 989 824 644 180 65 138 851 350 501 471 192 598 212 386 3652 322 178 158 146 3330 2050 1280 1220 350 870 1999 1768 231
is_linear=0
shrinkage=0.05


Tree=254
num_leaves=31
num_cat=0
split_feature=4 3 5 4 3 2 2 2 2 5 4 3 4 9 2 2 3 4 3 3 3 2 2 5 3 3 3 2 2 3
split_gain=0.682078 5.30726 2.14514 3.94086 4.23602 3.62818 2.7603 5.49995 7.56532 4.91483 5.83845 2.93273 2.8709 2.76355 2.62642 2.68984 2.05802 2.80554 4.42841 2.00041 5.24588 8.28017 3.66102 4.91664 4.61668 2.84168 1.5736 1.50595 1.47312 1.80794
threshold=0.0018500000000000003 0.069850000000000009 0.57500000000000007 0.0078000000000000014 0.045450000000000011 23.850000000000005 21.150000000000002 19.750000000000004 18.850000000000005 0.56500000000000006 0.0033500000000000001 0.19510000000000002 0.037250000000000005 0.7017500000000001 19.150000000000002 22.450000000000003 0.062150000000000004 0.0014500000000000001 0.064150000000000013 0.038750000000000007 0.030550000000000004 29.850000000000005 21.350000000000005 0.54500000000000015 0.047150000000000004 0.028550000000000002 0.40495000000000009 25.250000000000004 16.050000000000004 0.078650000000000012
decision_type=2 2 2 2 2 2 2 2 2 2 2 2 2 2 2 2 2 2 2 2 2 2 2 2 2 2 2 2 2 2
left_child=1 16 6 4 -4 -5 7 8 12 10 27 -12 -2 -11 -6 -16 19 18 -18 20 25 -22 24 -24 -21 -1 -10 -8 -3 -30
right_child=2 28 3 5 14 -7 9 -9 26 13 11 -13 -14 -15 15 -17 17 -19 -20 22 21 -23 23 -25 -26 -27 -28 -29 29 -31
leaf_value=0.00033925054068682591 -0.014756628411391455 -0.0018754657999145745 -0.03864669419033822 0.015066255926635092 0.054319010384237469 -0.042232947550339947 0.063106063329097462 -0.043454273857489817 0.055621079533074075 -0.037009208374605772 -0.0058168514629335123 0.021018283301169258 0.034269923580317142 0.018790832897094434 -0.0029004400918225324 0.031461731623964199 0.046113907693957401 0.063783720463005331 -0.01916202200373383 7.710865015475116e-06 0.03801541247833732 -0.044800640886675312 -0.033885849465146951 0.01177307628358059 -0.049578751226515845 -0.017454223067639604 0.00067119811261785777 0.025423748730708962 -0.058293778270616575 -0.019156763503706029
leaf_weight=401.48876141558867 36.121977839618921 4.5569296330213573 2.5781506076455107 5.2884623687714321 6.6700047925114658 5.4192767105996609 5.3944324301555735 9.4007127387449128 5.877137839794158 8.7873023850843293 28.157868501730263 15.693587478250263 3.1070837490260592 2.7560958229005328 8.9657877534627932 14.340752916410564 4.244374603033064 2.7368266992270938 6.2694568587467074 8.1653010006994027 18.319782976061109 3.4711722861975423 7.7385548464953926 23.662671245634556 10.337975975126026 23.643573470413685 1.9074493646621702 6.8900163564831018 5.487880125641821 7.7684684619307518
leaf_count=3179 274 29 29 48 54 57 47 69 63 74 186 100 34 17 53 158 20 21 65 68 141 38 70 123 83 164 28 50 47 76
internal_value=-5.35117e-06 -0.000894361 0.00276786 0.0123462 0.0210467 -0.0135932 -0.000538425 -0.00873498 -0.00160899 0.00622289 0.0123947 0.00369913 -0.0106692 -0.02321 0.0264584 0.0180734 3.52656e-05 0.0194169 0.00690461 -0.000475393 0.000575045 0.0244505 -0.00996499 0.000290263 -0.0275456 -0.00064244 0.0429702 0.0427507 -0.0276447 -0.0360483
internal_weight=695.248 527.892 167.356 43.2624 32.5547 10.7077 124.094 56.4144 47.0136 67.6793 56.1359 43.8515 39.2291 11.5434 29.9765 23.3065 510.078 13.2507 10.5138 496.828 446.923 21.791 49.9045 31.4012 18.5033 425.132 7.78459 12.2844 17.8133 13.2563
internal_count=5465 4124 1341 399 294 105 942 468 399 474 383 286 308 91 265 211 3972 106 85 3866 3522 179 344 193 151 3343 91 97 152 123
is_linear=0
shrinkage=0.05


Tree=255
num_leaves=28
num_cat=0
split_feature=4 3 1 1 0 0 3 3 1 4 1 2 1 1 3 2 3 2 1 1 2 2 2 0 1 3 0
split_gain=0.623076 4.89127 4.31048 3.73984 3.69973 2.63467 3.61468 6.46137 2.45644 1.91109 7.06049 9.1122 2.91466 10.2578 8.53789 3.8489 3.20327 1.90745 3.08566 1.55114 1.38325 2.63408 0.84936 0.521629 0.482354 0.308827 0.469636
threshold=0.0018500000000000003 0.069850000000000009 56.550000000000004 55.550000000000004 63.500000000000007 65.500000000000014 0.055550000000000009 0.074650000000000008 49.250000000000007 0.0015500000000000004 50.050000000000004 29.050000000000004 44.95000000000001 45.250000000000007 0.039550000000000009 39.750000000000007 0.021150000000000006 27.550000000000004 61.850000000000001 43.45000000000001 16.050000000000004 31.900000000000002 27.150000000000002 61.500000000000007 57.650000000000013 0.078650000000000012 63.500000000000007
decision_type=2 2 2 2 2 2 2 2 2 2 2 2 2 2 2 2 2 2 2 2 2 2 2 2 2 2 2
left_child=1 9 3 5 17 6 8 -8 -2 12 11 -11 14 23 16 -15 -1 18 -4 -7 -3 25 -21 -14 -6 -22 -27
right_child=2 20 4 -5 24 19 7 -9 -10 10 -12 -13 13 15 -16 -17 -18 -19 -20 22 21 -23 -24 -25 -26 26 -28
leaf_value=0.01090197343274448 0.010794703413787176 -0.0017847752320449758 -0.02530957505771507 -0.048027495922045034 0.100895407522342 0.012534759943915133 -0.032971487394745147 0.0038420147022667434 0.048845970546693027 -0.056804771085228037 0.064307793556907397 0.054785828492534661 -0.043061197006382328 0.00028203546275211102 0.06410615406013194 -0.018727656385544262 -0.010207418916555442 0.053251275347274321 0.049423787322485979 -0.0034468413188797858 -0.056687116670818577 0.013695429901708613 -0.052854313470816476 -0.076309997985950437 0.049926133265688399 -0.021029908286845075 -0.055158755416978622
leaf_weight=50.832176421768963 15.352646421641113 4.5542101860046413 4.3496925793588144 3.7842828705906859 1.3833077698945992 1.5726095475256432 13.282883438281713 108.78558368701488 6.101278204470872 4.4239469543099386 5.0662865042686462 2.9482294321060181 4.9053747020661813 375.68675794592127 6.1866787560284129 28.524312510620803 27.491731921210885 1.9704061821103094 1.8963202694430945 1.4126754738390443 4.8695100173354131 2.1174577847123137 3.9439530922099948 3.1960905231535435 2.3747891914099455 3.9999626912176609 1.9996565394103525
leaf_count=451 85 29 37 50 6 9 119 752 76 36 44 14 33 2857 31 304 182 25 52 15 45 19 68 20 47 40 19
internal_value=-4.56671e-06 -0.000853931 0.00265632 0.000371007 0.0314309 0.00165267 0.00314575 -0.00014663 0.0220245 3.28705e-05 0.0193206 -0.0113731 -0.000443746 -0.00218748 0.00799706 -0.00105137 0.00342524 0.0115792 -0.00141098 -0.0281664 -0.0267381 -0.0350263 -0.0410426 -0.0575583 0.0721121 -0.0450121 -0.0339425
internal_weight=693.013 526.802 166.21 154.236 11.9745 150.452 143.522 122.068 21.4539 509.262 12.4385 7.37218 496.823 412.313 84.5106 404.211 78.3239 8.21642 6.24601 6.92924 17.5408 12.9866 5.35663 8.10147 3.7581 10.8691 5.99962
internal_count=5465 4124 1341 1174 167 1124 1032 871 161 3972 94 50 3878 3214 664 3161 633 114 89 92 152 123 83 53 53 104 59
is_linear=0
shrinkage=0.05


Tree=256
num_leaves=31
num_cat=0
split_feature=3 3 2 2 2 1 1 2 2 2 3 3 0 1 0 2 1 7 0 3 1 10 1 2 3 2 2 1 3 3
split_gain=0.588628 4.30574 9.52388 5.14475 4.90375 5.42295 4.26167 3.60872 3.02653 2.99677 2.62374 2.57538 4.29452 7.53105 6.73456 6.42643 6.42126 4.7428 4.44571 3.72741 3.58451 3.09744 10.0936 2.51155 6.34193 4.40117 2.44776 1.94256 1.73653 3.27833
threshold=0.0075500000000000003 0.0064500000000000009 32.150000000000013 30.250000000000004 37.250000000000007 42.050000000000004 56.45000000000001 30.800000000000001 26.050000000000004 40.550000000000004 0.005850000000000001 0.0094500000000000018 61.500000000000007 50.650000000000013 60.500000000000007 27.250000000000004 54.050000000000004 4.8060000000000004e-05 67.500000000000014 0.011050000000000003 36.050000000000004 0.35320000000000007 50.250000000000007 16.050000000000004 0.017350000000000001 16.250000000000004 44.300000000000004 51.050000000000004 0.0078500000000000011 0.0081500000000000027
decision_type=2 2 2 2 2 2 2 2 2 2 2 2 2 2 2 2 2 2 2 2 2 2 2 2 2 2 2 2 2 2
left_child=1 3 -3 6 -4 -6 8 -5 10 -9 -1 12 13 14 -2 -16 -15 18 -14 21 -21 -13 -23 24 -22 -25 -11 -7 -19 -30
right_child=11 2 4 7 5 27 -8 9 -10 26 -12 19 17 16 15 -17 -18 28 -20 20 23 22 -24 25 -26 -27 -28 -29 29 -31
leaf_value=-0.0079169778317872454 0.059839813248445423 -0.043156546502670839 0.069564104162921678 -0.076821334864284496 0.056929194942948541 -0.059525055520558638 0.05280475320455548 0.047142261059879578 0.048556343754338462 -0.054498542874806911 0.020488626782604789 -0.031969209406739585 0.051120183937777855 -0.045607776354661289 -0.029727106700292799 0.047596238712652145 0.02456043548782795 -0.028903741935724665 -0.013513814898074395 -0.048731323066806248 -0.031523337682551771 -0.058622592266178788 0.063948201052387937 0.037506337243080543 8.4781311619426833e-06 0.0015351262343776826 0.015692497330191135 0.0005586000335546207 0.051384961987028167 -0.013340813404631065
leaf_weight=25.788218589965254 6.623859904706479 17.042867958662104 3.0372428223490697 2.7474824935197812 2.2975494042038918 2.946431502699852 5.2850625701248637 1.6541496366262434 3.5773767009377471 3.1677964776754379 11.726446111686526 16.314034037292007 14.99005956202746 11.931380558758976 7.6596614010632038 3.9999856725335121 4.2979430332779875 3.6921529266983253 3.0456827133893958 3.6016312558203927 20.158125352114439 2.9510740926489225 3.6116149537265301 8.6000833828002197 73.440514286980033 415.11341497674584 1.7981685027480123 2.1165369532536715 3.1264926567673683 4.7051613312214613
leaf_count=213 47 328 19 13 17 22 45 21 36 32 98 115 111 60 47 24 36 37 18 48 157 41 30 62 581 2992 30 44 56 85
internal_value=-4.48243e-06 -0.00395371 -0.0201592 0.00395583 0.0171112 -0.00450509 0.0108713 -0.0295065 0.00524157 -0.00827494 0.000860068 0.000528301 0.0100058 -0.00184564 0.0199541 -0.00259603 -0.0266826 0.0239713 0.0399155 -0.000580828 0.000278971 -0.0202925 0.00802817 0.000639206 -0.00675549 0.00228571 -0.0282874 -0.0339148 -0.000681271 0.0121902
internal_weight=691.048 83.1853 27.4406 55.7447 10.3978 7.36052 46.3771 9.3676 41.092 6.62011 37.5147 607.863 64.0724 34.5128 18.2835 11.6596 16.2293 29.5595 18.0357 543.79 520.914 22.8767 6.56269 517.312 93.5986 423.713 4.96596 5.06297 11.5238 7.83165
internal_count=5465 918 430 488 102 83 392 96 347 83 311 4547 521 214 118 71 96 307 129 4026 3840 186 71 3792 738 3054 62 66 178 141
is_linear=0
shrinkage=0.05


Tree=257
num_leaves=19
num_cat=0
split_feature=9 8 2 9 8 9 3 9 9 3 9 2 2 2 3 3 2 2
split_gain=0.569102 1.26603 2.96323 1.07068 1.12534 2.38619 1.06813 0.951081 1.33682 4.19499 1.70386 2.21956 0.907433 0.827408 1.25887 0.782102 0.447836 0.258724
threshold=0.70230000000000004 151157180.00000003 18.950000000000003 0.6795000000000001 139379309.60000002 0.7017500000000001 0.0076500000000000014 0.66145000000000009 0.64615000000000011 0.0094500000000000018 0.5989000000000001 16.950000000000003 11.850000000000003 17.750000000000004 98.225550000000013 0.035650000000000008 33.95000000000001 24.750000000000004
decision_type=2 2 2 2 2 2 2 2 2 2 2 2 2 2 2 2 2 2
left_child=3 13 -3 7 5 -5 -6 8 10 -10 12 -12 -1 -2 15 16 -15 -4
right_child=1 2 17 4 6 -7 -8 -9 9 -11 11 -13 -14 14 -16 -17 -18 -19
leaf_value=-0.011146936569166765 -0.042774438177963836 0.052065807001199699 -0.045448566432022844 -0.039841977953133309 0 0.039985515923779136 0.053317785830886734 -0.029124756341250831 0.056655542398988137 -0.034403717991345027 -0.042300533210331448 -0.0031669203644769245 0.00062315469035549489 -0.042589323221643695 -0.049005513418776674 0.029395041386963517 0.0055581550184715892 -0.0053139360071613748
leaf_weight=16.691415584646165 3.1343132704496366 2.1085902154445648 1.0951300710439684 1.8706171847879878 1.3190574881155042 1.6757082492113113 2.7778537720441818 2.6968775102868667 3.5096699316054574 1.7938199173659084 5.2828809119528186 12.138724003918467 626.30684208590537 0.75807465612888358 1.2505463100969789 1.8404723200947044 0.71874197106808424 1.1462891595438121
leaf_count=194 19 17 21 39 36 8 39 40 43 20 108 199 4561 16 15 32 25 33
internal_value=-1.81592e-06 -0.0107332 0.00989939 0.000183657 0.0186704 -0.00068855 0.0362361 -2.30169e-05 9.17226e-05 0.0248642 -0.000103377 -0.0154927 0.000308157 -0.0230044 -0.00774193 0.00732924 -0.0171194 -0.0281623
internal_weight=688.116 12.0522 4.35001 676.063 7.64324 3.54633 4.09691 668.42 665.723 5.30349 660.42 17.4216 642.998 7.70215 4.56784 3.31729 1.47682 2.24142
internal_count=5465 178 71 5287 122 47 75 5165 5125 63 5062 307 4755 107 88 73 41 54
is_linear=0
shrinkage=0.05


Tree=258
num_leaves=31
num_cat=0
split_feature=3 3 3 3 3 4 5 8 4 5 8 10 3 3 8 10 5 3 3 5 10 5 9 3 3 8 10 3 3 5
split_gain=0.550971 3.945 3.29943 3.76979 2.35689 5.98092 4.79616 6.01487 5.94149 3.77497 3.67073 3.4828 3.39877 3.29658 3.0945 2.81808 1.71178 1.68329 3.17206 5.15447 1.51774 1.48532 1.38249 1.7428 2.63716 1.62865 2.507 1.60279 1.37367 1.23267
threshold=0.0075500000000000003 0.0064500000000000009 0.005850000000000001 0.0053500000000000015 0.0094500000000000018 0.00025000000000000006 0.56500000000000006 160914465.00000003 0.00015000000000000004 0.6150000000000001 142387570.00000003 0.28690000000000004 0.011050000000000003 0.0079500000000000022 151157180.00000003 0.35320000000000007 0.56500000000000006 0.0069500000000000004 0.0072500000000000004 0.55500000000000016 0.44035000000000007 0.55500000000000016 0.58795000000000008 0.029650000000000006 0.029100000000000004 91907323.500000015 0.66195000000000015 0.021050000000000003 0.036950000000000004 0.57500000000000007
decision_type=2 2 2 2 2 2 2 2 2 2 2 2 2 2 2 2 2 2 2 2 2 2 2 2 2 2 2 2 2 2
left_child=1 2 3 -1 5 6 8 9 10 -8 -2 -7 15 -10 -13 16 -6 -3 19 -19 21 -17 25 24 -24 27 -27 -14 -25 -18
right_child=4 17 -4 -5 12 11 7 -9 13 -11 -12 14 22 -15 -16 20 29 18 -20 -21 -22 -23 23 28 -26 26 -28 -29 -30 -31
leaf_value=0.0023972369554434753 -0.0031887483022120821 -0.042786430419809091 0.022081871060589297 -0.040108564796208085 -0.043918661560917574 0.066685470446281148 0.046602289586060622 -0.04450837375160481 -0.0026035161251580421 -0.012913837792648925 0.053155028105916186 -0.030809759270824067 0.0048602656808846333 -0.064785377650542 0.05169811732562668 0.065482717041003252 0.017410262246602838 0.072555100432229194 -0.026689889153951513 -0.015515450477055449 -0.014866598223482944 0 -0.0089438518790160536 0.030417972425293861 -0.055573130712789846 0.03935670564727177 -0.021018927859001418 -0.0013863249640057025 -0.006761049835941349 -0.026573350757492037
leaf_weight=32.179160467581823 20.728854522109035 6.1287810538196963 16.898368828929961 6.0887444801628581 9.7333209998905712 6.4174417816102487 12.888702882453805 2.6849217470735303 3.5907881781458837 3.1513140946626654 3.2382678277790538 2.2859025271609426 147.44693898549303 5.8892219886183739 2.0324414670467377 1.5770494770258656 2.3892975598573676 2.399517938494685 13.418723057955502 4.7162462568376213 3.2060061506927013 1.5361049734055996 13.037942673079675 3.4731372371315938 4.0340668000280848 6.0976767484098655 2.1876724185422063 336.26828253176063 7.7145221903920174 3.9935151189565659
leaf_count=257 141 229 156 75 59 47 120 35 26 21 21 44 1012 42 24 16 14 21 107 73 27 28 152 29 45 76 27 2419 80 42
internal_value=-3.71898e-06 -0.00385916 0.00370054 -0.00432239 0.000509527 0.00966739 0.00253996 0.0228083 -0.00869211 0.0345921 0.0044055 0.0434996 -0.000544403 -0.0420274 0.00718236 -0.0195579 -0.0306673 -0.0196424 -0.0123185 0.014084 0.00803257 0.0328996 0.000269513 -0.0104512 -0.0205128 0.000897453 0.0227582 0.000508048 0.0045052 -0.00932297
internal_weight=687.433 81.8295 55.1663 38.2679 605.603 62.9079 52.1721 18.7249 33.4471 16.04 23.9671 10.7358 542.696 9.48001 4.31834 22.4353 16.1161 26.6633 20.5345 7.11576 6.31916 3.11315 520.26 28.2597 17.072 492.001 8.28535 483.715 11.1877 6.38281
internal_count=5465 918 488 332 4547 521 406 176 230 141 162 115 4026 68 68 186 115 430 201 94 71 44 3840 306 197 3534 103 3431 109 56
is_linear=0
shrinkage=0.05


Tree=259
num_leaves=29
num_cat=0
split_feature=4 3 1 1 3 3 5 3 3 1 4 1 2 1 1 3 2 3 1 1 2 2 4 2 1 3 5 2
split_gain=0.581187 4.59117 4.00715 3.51049 3.42003 2.76848 2.4226 3.30506 5.88733 2.37038 1.77471 6.59238 8.52268 2.63741 9.44673 7.79119 3.73757 2.8583 1.46939 1.34177 1.27235 2.49018 0.962655 0.851595 0.57021 0.315812 0.456398 0.0824979
threshold=0.0018500000000000003 0.069850000000000009 56.550000000000004 55.550000000000004 0.093500000000000014 0.17060000000000003 0.59500000000000008 0.055550000000000009 0.074650000000000008 49.250000000000007 0.0015500000000000004 50.050000000000004 29.050000000000004 44.95000000000001 45.350000000000001 0.039550000000000009 39.750000000000007 0.021150000000000006 43.45000000000001 58.750000000000007 16.050000000000004 31.900000000000002 0.00045000000000000004 27.150000000000002 62.250000000000007 0.078650000000000012 0.57500000000000007 28.050000000000004
decision_type=2 2 2 2 2 2 2 2 2 2 2 2 2 2 2 2 2 2 2 2 2 2 2 2 2 2 2 2
left_child=1 10 3 6 19 -6 7 9 -9 -2 13 12 -12 15 22 17 -16 -1 -8 -4 -3 25 -15 -20 -21 -22 -27 -7
right_child=2 20 4 -5 5 27 18 8 -10 -11 11 -13 -14 14 16 -17 -18 -19 23 24 21 -23 -24 -25 -26 26 -28 -29
leaf_value=0.010375760692658487 0.010276230763449313 -0.0021320615644350852 0.08901888667422353 -0.047363082387796379 -0.020668251107540475 0.023645209061784921 0.011934289473673294 -0.031593488298654077 0.0036784970608110452 0.048130700426646245 -0.056231592901695583 0.063106791526442357 0.053143812219368092 -0.065086659899336582 0.00041770405881245005 0.061547818664608268 -0.018451381786012092 -0.0096260375408916687 -0.0026218079687082702 -0.0046696181195991704 -0.056173791232071363 0.013081804654990474 -0.028179983404924593 -0.052483182471945361 0.04522146984469512 -0.020320227105169494 -0.054434249079630008 0.052409547763465972
leaf_weight=50.224084093235433 15.340852623805405 4.5229558199644115 2.5291368961334211 3.6504321284592143 3.7392516620457172 1.7341266442090275 1.5774430707097042 13.172134295571594 108.7125186463818 5.8845523074269286 4.2538948580622655 4.9026807025074959 2.8898210078477859 5.6578916762955469 369.67324521089904 6.1149711348116389 28.119244290748611 27.398427171632648 1.3922734968364237 0.62484614551067386 4.6891508623957616 2.1047368831932536 3.8070626724511385 3.7799184555187821 1.4184049330651758 3.9451363198459148 1.9232936799526212 1.6928834300488231
leaf_count=451 85 29 12 50 40 22 9 119 752 76 36 44 14 44 2840 31 304 182 15 7 45 19 26 68 62 40 19 24
internal_value=-5.70838e-06 -0.000833573 0.00256922 0.000374403 0.0306035 0.00797961 0.00160139 0.00302121 -0.00011515 0.021182 2.7117e-05 0.0189165 -0.0111733 -0.000429904 -0.00210157 0.00763343 -0.000907854 0.00324809 -0.0273772 0.064062 -0.0261711 -0.034282 -0.0512143 -0.040314 0.0281254 -0.0442276 -0.0330631 0.040355
internal_weight=685.475 520.227 165.249 153.51 11.7386 7.16626 149.86 143.11 121.885 21.2254 503.041 12.0464 7.14372 490.995 407.257 83.7375 397.792 77.6225 6.74964 4.57239 17.1853 12.6623 9.46495 5.17219 2.04325 10.5576 5.86843 3.42701
internal_count=5465 4124 1341 1174 167 86 1124 1032 871 161 3972 94 50 3878 3214 664 3144 633 92 81 152 123 70 83 69 104 59 46
is_linear=0
shrinkage=0.05


Tree=260
num_leaves=26
num_cat=0
split_feature=1 1 4 0 4 0 8 8 7 0 1 9 8 0 1 4 1 9 9 9 0 4 0 1 4
split_gain=0.587405 2.9636 2.69537 3.58964 2.75391 2.57074 2.38676 2.89084 2.48733 2.29992 1.9063 1.66466 1.76445 1.62762 3.47524 3.68657 1.50824 1.43739 5.46301 1.98252 1.23463 2.54541 1.56534 0.70479 0.0130683
threshold=52.750000000000007 51.750000000000007 0.013800000000000002 60.500000000000007 0.0080500000000000016 55.500000000000007 214657485.00000003 160914465.00000003 4.8060000000000004e-05 61.500000000000007 51.650000000000013 0.60190000000000021 152024040.00000003 55.500000000000007 47.550000000000004 0.00085000000000000017 56.650000000000013 0.59740000000000004 0.64615000000000011 0.5867500000000001 62.500000000000007 0.0011500000000000002 64.500000000000014 54.350000000000001 0.035800000000000005
decision_type=2 2 2 2 2 2 2 2 2 2 2 2 2 2 2 2 2 2 2 2 2 2 2 2 2
left_child=1 10 3 23 6 -3 7 -5 -8 24 13 20 -13 14 -1 -16 -6 19 -19 -15 21 -7 -22 -2 -4
right_child=2 5 9 4 16 11 8 -9 -10 -11 -12 12 -14 17 15 -17 -18 18 -20 -21 22 -23 -24 -25 -26
leaf_value=0.055809919269127699 -0.052931701972320326 -0.036737385325913051 0.057370805405140127 -0.0010597414808262867 -0.051328341120499991 0.025298718469708055 0.058021305488864118 -0.054476974829100425 -0.013300635498307223 -0.011239391608779473 -0.030346925020426491 -0.044254432074608593 0.022472046828272207 -0.00012867545612635158 0.033089088112127074 -0.01747640555123536 -0.0018774291383564666 -0.047522767904307095 0.0028058013000828281 0.034139082489862166 0.055120513336261438 -0.013116316337778039 0.018714504598753803 -0.014860852066618852 0.032405469732190363
leaf_weight=3.9242721274495151 4.0409222282469264 2.1795972092077127 2.5814223662018767 170.5659023381304 4.2024346739053717 12.553853545337917 3.2814439202193162 2.4778388291597357 1.7100862711668012 2.2291403599083424 5.0898072123527518 2.0400663511827584 1.6545996852219103 393.38265482336283 5.9817119613289824 8.6801989451050741 2.7541726045310497 7.51356560783461 17.89451467897743 4.164471758529543 5.0592342130839816 6.2742140591144553 8.8674642443656904 2.4796723760664463 1.9919719435274599
leaf_count=23 27 19 21 1529 29 96 57 30 16 32 30 50 18 2688 37 63 18 131 285 35 47 38 92 27 27
internal_value=-6.18657e-06 0.000923466 -0.00230549 -0.00343345 -0.00210906 0.0141934 -0.000865489 -0.00188453 0.0328232 0.0283155 -0.000215977 0.0174679 -0.0132496 0.000126825 0.0145769 0.00289881 -0.032763 -0.000499639 -0.0120091 0.000226215 0.0211148 0.0122316 0.0325951 -0.0396524 0.048493
internal_weight=683.575 485.26 198.315 191.512 184.992 38.629 178.035 173.044 4.99153 6.80253 446.631 36.4494 3.69467 441.541 18.5862 14.6619 6.95661 422.955 25.4081 397.547 32.7548 18.8281 13.9267 6.52059 4.57339
internal_count=5465 3652 1813 1733 1679 360 1632 1559 73 80 3292 341 68 3262 123 100 47 3139 416 2723 273 134 139 54 48
is_linear=0
shrinkage=0.05


Tree=261
num_leaves=27
num_cat=0
split_feature=4 1 1 0 4 0 0 1 1 1 1 1 4 1 1 1 4 4 4 4 1 4 1 1 1 4
split_gain=0.548778 3.64767 3.28751 3.21746 2.48653 2.22843 3.05216 5.23376 3.73646 1.78698 1.74726 8.33915 2.5059 5.05558 2.43964 2.24213 4.37311 6.1119 2.1412 4.7131 1.38886 1.28208 0.55889 0.322953 0.206307 0.11275
threshold=0.0018500000000000003 56.550000000000004 55.550000000000004 63.500000000000007 0.00175 65.500000000000014 63.500000000000007 44.750000000000007 47.350000000000001 61.850000000000001 44.95000000000001 45.350000000000001 0.00065000000000000008 49.95000000000001 49.350000000000001 43.45000000000001 0.0011500000000000002 0.00065000000000000008 0.0011500000000000002 0.00055000000000000003 43.45000000000001 0.00045000000000000004 50.050000000000004 57.250000000000007 43.95000000000001 0.010900000000000002
decision_type=2 2 2 2 2 2 2 2 2 2 2 2 2 2 2 2 2 2 2 2 2 2 2 2 2 2
left_child=4 2 5 9 10 6 8 -8 -2 25 15 21 14 -14 -13 16 17 -1 19 -17 -7 -12 -22 -5 -20 -3
right_child=1 3 -4 23 -6 20 7 -9 -10 -11 11 12 13 -15 -16 18 -18 -19 24 -21 22 -23 -24 -25 -26 -27
leaf_value=-0.0096785565939589979 0.0099960097253838278 0.0016829494063722408 -0.046654672054223259 0.095609001354874948 -0.041251867064851025 0.011334526988039472 -0.032044663498623095 0.025968459642248604 -0.0084661395332637987 0.049514507799756025 -0.064187992501210975 0.0094528241088544865 -0.016880614130893465 0.0041089236809127875 -0.00092110377782337206 0.025117931638690756 -0.052763114833725547 0.030265500045279697 0.047757374533854563 -0.014767640172518685 -0.051174277873565738 -0.023693690550458325 -0.009949870656057876 0.048595684746245871 0.025217724782735498 -0.011386542186203115
leaf_weight=29.313296291045845 46.577885161153972 3.4938325472176057 3.5154081974178544 1.2385270297527315 3.6766592077910891 1.5834273882210244 4.4269648697227266 25.445561833679676 66.136999023146927 2.0723625300452113 5.4566952008753997 74.789450500626117 61.126126179471612 53.356403708923608 230.41781502647791 17.876402589492503 3.6920628547668448 14.056709282100199 4.1776308119297019 12.352303044870494 3.4136688653379679 4.0633132979273796 1.5827441960573194 2.3690702430903912 3.7744714021682739 2.374808706343174
leaf_count=315 316 39 50 5 44 9 44 186 486 59 44 577 414 462 1879 116 22 90 20 90 70 28 13 48 23 16
internal_value=-6.88355e-06 0.00250336 0.000412268 0.0294794 -0.000812533 0.0015855 0.00293743 0.0171261 -0.00079049 0.0106246 -0.000505846 -0.00181365 -0.000746327 -0.00705942 0.00160686 0.00601495 -0.00119374 0.00319258 0.015011 0.00865975 -0.0265683 -0.04785 -0.0395479 0.0682279 0.0381259 -0.00287021
internal_weight=682.361 164.231 152.683 11.5486 518.129 149.167 142.587 29.8725 112.715 7.941 514.453 429.21 419.69 114.483 305.207 85.2429 47.0621 43.37 38.1808 30.2287 6.57984 9.52001 4.99641 3.6076 7.9521 5.86864
internal_count=5465 1341 1174 167 4124 1124 1032 230 802 114 4080 3404 3332 876 2456 676 427 405 249 206 92 72 83 53 43 55
is_linear=0
shrinkage=0.05


Tree=262
num_leaves=23
num_cat=0
split_feature=1 2 0 3 1 1 1 2 2 4 4 1 1 2 1 2 2 2 2 3 2 0
split_gain=0.574064 2.57873 2.65468 3.08926 3.45894 3.26792 1.18813 1.14395 3.90336 2.93473 6.98202 7.46623 4.08531 3.91114 2.43805 2.18814 4.63633 1.52176 1.05093 0.764581 0.56906 0.203076
threshold=42.250000000000007 42.650000000000013 61.500000000000007 0.0086500000000000014 41.850000000000001 37.300000000000004 40.850000000000001 37.150000000000013 35.70000000000001 0.00025000000000000006 0.00035000000000000005 43.050000000000004 58.350000000000001 37.550000000000004 49.150000000000013 34.650000000000013 33.650000000000013 32.650000000000013 45.550000000000004 0.032350000000000011 33.45000000000001 61.500000000000007
decision_type=2 2 2 2 2 2 2 2 2 2 2 2 2 2 2 2 2 2 2 2 2 2
left_child=1 2 20 5 19 -4 -7 8 15 12 -11 -12 21 -13 -10 16 17 -2 -3 -5 -1 -9
right_child=7 18 3 4 -6 6 -8 9 14 10 11 13 -14 -15 -16 -17 -18 -19 -20 -21 -22 -23
leaf_value=0.042910469064968808 0.00028800586410395005 0.047466517853254522 0.050098713742333725 -0.048230613416975071 0.040339784654968527 -0.049029756431957845 0.013820593168567137 -0.059461618685130516 0.0053848070818460336 0.058099356483481773 0.050741437934865553 -0.050795937411859907 0.014170159056777805 -0.0070550330355753895 0.057263184446994533 -0.028385131741972103 0.051029170700717955 -0.015896255982207199 0.0038441316366445571 -0.015851094835963957 0.0099562734271758779 -0.031144022983284798
leaf_weight=2.9034806191921296 533.19973188627046 4.5064123049378386 3.3217590562999275 6.4281288180500251 1.5141354501247395 1.6057788673788311 1.1099163051694629 4.8728973455727083 4.7517490945756418 4.3912229835987082 5.1670203581452361 5.5982708521187297 3.2752079199999571 56.270466475281864 4.7271374277770519 6.6468783020973197 4.3612831756472579 14.825163301080464 2.3742881864309311 3.4751521348953247 3.3675685375928879 2.2486834544688463
leaf_count=21 4147 41 30 113 11 28 22 47 30 28 27 37 32 562 48 31 24 91 17 27 22 29
internal_value=-7.74218e-06 0.00666528 -0.000986047 -0.0112162 -0.0266042 0.0170288 -0.0219882 -0.000330457 0.000457301 -0.00585871 -0.00215235 -0.00625432 -0.0305824 -0.0111693 0.0321063 -7.60395e-05 0.000260631 -0.000143509 0.0334009 -0.0376402 0.0264328 -0.0517676
internal_weight=680.942 30.6066 23.7259 17.4549 11.4174 6.03745 2.7157 650.336 568.512 81.8238 71.427 67.0358 10.3968 61.8687 9.47889 559.033 552.386 548.025 6.8807 9.90328 6.27105 7.12158
internal_count=5465 332 274 231 151 80 50 5133 4371 762 654 626 108 599 78 4293 4262 4238 58 140 43 76
is_linear=0
shrinkage=0.05


Tree=263
num_leaves=31
num_cat=0
split_feature=4 3 3 3 1 2 1 1 3 0 3 0 1 1 0 2 3 2 2 1 1 0 10 0 4 0 7 1 3 1
split_gain=0.602116 2.63247 4.21735 4.62897 7.59372 6.4052 2.94193 3.86664 2.29988 6.49092 3.99734 4.41268 3.74817 4.52093 4.38835 2.85808 7.86181 5.29379 7.8378 8.89246 6.35229 4.93441 4.68313 4.05084 3.86586 3.54041 3.16903 2.78717 6.77943 4.11149
threshold=0.00035000000000000005 0.0094500000000000018 0.012150000000000003 0.018950000000000005 46.350000000000001 17.650000000000002 47.650000000000013 53.550000000000004 0.012050000000000002 61.500000000000007 0.023650000000000001 62.500000000000007 49.750000000000007 58.650000000000013 63.500000000000007 25.050000000000004 0.0075500000000000003 15.550000000000002 16.350000000000005 53.750000000000007 48.45000000000001 61.500000000000007 0.41325000000000006 63.500000000000007 0.00025000000000000006 61.500000000000007 8.983500000000001e-05 50.150000000000013 0.014350000000000002 54.650000000000013
decision_type=2 2 2 2 2 2 2 2 2 2 2 2 2 2 2 2 2 2 2 2 2 2 2 2 2 2 2 2 2 2
left_child=8 -2 6 4 -4 -6 -3 -8 15 27 12 -12 14 -14 -11 17 23 22 19 -19 -20 24 26 25 -18 -17 -1 28 -10 -29
right_child=1 2 3 -5 5 -7 7 -9 9 10 11 -13 13 -15 -16 16 21 18 20 -21 -22 -23 -24 -25 -26 -27 -28 29 -30 -31
leaf_value=0.02260011426425778 0.035491913095222184 0.02874064779658668 0.046430978978455856 -0.00064929041659822354 -0.034428047979189046 0.013413518501191008 -0.065207502057294406 0.00029162082066885934 0.020369897131347792 -0.031933516144679812 -0.032621041425923758 0.039043462053331784 -0.062415511262576523 -0.018717492445524266 0.037507575294361779 0.0029612866741970416 0 -0.067201639806254584 -0.029393950323232526 0.03450236893723993 0.0052652915351370354 0.064857773747279968 -0.041519102161624827 0.03602510176886696 0.059842081355326586 -0.03441791087443441 -0.037320970126106558 0.050143646000872483 -0.062607272677992834 -0.0075696025618507959
leaf_weight=31.001332128420472 5.3917145646410054 1.6394058968871821 14.021419156342743 368.47120077861473 8.5044538080692273 36.819657126907259 5.8809705041348916 3.3720684759318829 7.1812859922647494 5.1393072828650457 3.5888861119747144 4.9556920081377029 11.540763074532153 13.191004164516924 3.9114826023578644 13.54612297378481 10.531687468290331 10.210773020284249 17.671343820635229 2.5769798476248971 51.077843807637691 7.9545013085007659 3.4859666489064685 4.6916822791099539 3.4775609672069541 11.42538316734135 2.2266751640709108 7.5556792467832548 3.5962158925831318 4.9050306081771851
leaf_count=272 162 17 124 2790 74 272 47 38 34 40 20 27 93 89 20 115 72 80 182 30 393 64 35 50 23 120 57 63 33 29
internal_value=-4.07697e-06 0.00107217 0.000629772 0.00142633 0.0143772 0.00427059 -0.0299296 -0.0410553 -0.00205496 -0.0100087 -0.0216873 0.00833545 -0.0294307 -0.0394792 -0.00129481 0.000989494 0.0108157 -0.00326376 -0.0103929 -0.0462097 -0.00360068 0.0334535 0.0124185 -0.00583434 0.0149343 -0.0140107 0.0183347 0.0110508 -0.00717913 0.027148
internal_weight=679.544 444.101 438.709 427.817 59.3455 45.3241 10.8924 9.25304 235.443 65.5653 42.3271 8.54458 33.7826 24.7318 9.05079 169.878 51.6269 118.251 81.5369 12.7878 68.7492 21.9637 36.714 29.6632 14.0092 24.9715 33.228 23.2382 10.7775 12.4607
internal_count=5465 3524 3362 3260 470 346 102 85 1941 448 289 47 242 182 60 1493 444 1049 685 110 575 159 364 285 95 235 329 159 67 92
is_linear=0
shrinkage=0.05


Tree=264
num_leaves=31
num_cat=0
split_feature=4 3 3 3 3 0 3 0 1 1 0 1 3 3 1 3 4 0 1 1 3 1 3 1 0 1 1 0 10 3
split_gain=0.548861 2.40624 3.89161 6.46816 2.11525 5.95322 3.68297 4.02734 3.47908 4.36711 4.00994 2.5676 3.29713 2.48055 3.47646 2.35561 2.33704 4.16467 3.35918 2.14659 1.91823 1.84201 5.75207 3.23209 1.57409 1.46218 1.19354 0.792182 0.416176 0.637224
threshold=0.00035000000000000005 0.0094500000000000018 0.012250000000000002 0.015150000000000002 0.012050000000000002 61.500000000000007 0.023650000000000001 62.500000000000007 49.750000000000007 58.650000000000013 63.500000000000007 47.750000000000007 0.013350000000000002 0.0117 61.850000000000001 0.014350000000000002 0.00015000000000000004 61.500000000000007 46.350000000000001 69.800000000000011 0.011950000000000002 50.95000000000001 0.016000000000000004 49.750000000000007 63.500000000000007 48.45000000000001 45.750000000000007 62.500000000000007 0.37035000000000001 0.0066500000000000005
decision_type=2 2 2 2 2 2 2 2 2 2 2 2 2 2 2 2 2 2 2 2 2 2 2 2 2 2 2 2 2 2
left_child=4 26 24 25 13 11 8 -8 10 -10 -7 -6 -13 14 16 -14 18 -18 -1 -16 -15 23 -23 -5 27 -4 -2 -3 -28 -30
right_child=1 2 3 21 5 6 7 -9 9 -11 -12 12 15 20 19 -17 17 -19 -20 -21 -22 22 -24 -25 -26 -27 28 -29 29 -31
leaf_value=-0.021061003521374091 -0.0069383317223670263 -0.024612832607474391 0.023023978045585782 0.00061408543941979265 -0.018316068586236776 -0.030722140969686548 -0.031306875950265677 0.037424830473329028 -0.061284553953889445 -0.017909254762381071 0.03596627342319219 -0.029777234451836072 0.062179321562141711 0.049991280847834135 0.053987490656982717 0.016377325991258043 -0.020449785916882533 0.0071405674867158668 0.0064414867958046285 -0.0057758089960092164 0.00083449618223096394 -0.053827504138664196 0.0069806410837616149 -0.013620775679006717 -0.048409512463713771 0.063732586757881973 0.056451216083959532 0.0031239463738783097 -0.029515967514951037 0.040238258870146551
leaf_weight=12.652817536843939 1.1507966173812736 5.5563985332846624 6.1958801448345167 226.40916268434376 5.5339720696210888 5.0803296715021116 3.5575710386037809 4.9168553054332733 11.17716755717993 13.103784963488577 3.8802449554204941 2.6154831647872951 4.0269545018672934 4.3489760160446149 4.5044779963791362 10.722975831478832 35.780466726049781 21.696259081247263 83.618214651942253 1.9924240205436943 3.972457192838192 3.8904939889907828 134.57878547906876 48.162748300470412 4.7645657807588568 4.1648773141205311 3.0674824304878712 4.1667069140821695 0.37054715957492568 0.74871259368956089
leaf_count=148 40 41 40 1569 32 40 20 27 93 89 20 13 21 19 49 93 313 213 700 19 32 44 1231 324 54 21 42 38 50 30
internal_value=-4.14001e-06 0.00102147 0.000599218 0.00148484 -0.00197463 -0.00966577 -0.020933 0.00795946 -0.0284505 -0.0382506 -0.00121364 0.0106442 0.0202115 0.000947906 -0.000411169 0.0295532 -0.00196576 -0.00995385 0.00275687 0.035092 0.0274073 0.000489096 0.00519845 -0.0018687 -0.0247731 0.0403191 0.0340948 -0.0123068 0.0464386 0.0125175
internal_weight=676.409 443.227 437.89 423.402 233.181 64.6153 41.716 8.47443 33.2415 24.281 8.96057 22.8994 17.3654 168.566 160.245 14.7499 153.748 57.4767 96.271 6.4969 8.32143 413.041 138.469 274.572 14.4877 10.3608 5.33754 9.72311 4.18674 1.11926
internal_count=5465 3524 3362 3229 1941 448 289 47 242 182 60 159 127 1493 1442 114 1374 526 848 68 51 3168 1275 1893 133 61 162 79 122 80
is_linear=0
shrinkage=0.05


Tree=265
num_leaves=26
num_cat=0
split_feature=1 2 3 3 0 1 3 2 2 4 3 1 1 4 9 2 2 1 2 1 1 0 9 2 0
split_gain=0.592393 3.37883 2.70448 3.30746 3.30201 2.3012 1.44124 1.2099 4.78564 2.68654 6.06192 5.26209 3.84814 3.98619 2.74704 1.98806 5.60251 12.2288 9.06356 1.15464 0.795608 0.761035 0.573159 0.355483 0.241083
threshold=41.150000000000013 42.650000000000013 0.0086500000000000014 0.007150000000000001 61.500000000000007 37.300000000000004 0.032350000000000011 36.250000000000007 35.70000000000001 0.00025000000000000006 0.016200000000000003 58.350000000000001 43.050000000000004 0.0014500000000000001 0.59315000000000018 34.650000000000013 33.150000000000013 46.45000000000001 32.650000000000013 51.45000000000001 49.150000000000013 62.500000000000007 0.69555000000000011 44.300000000000004 61.500000000000007
decision_type=2 2 2 2 2 2 2 2 2 2 2 2 2 2 2 2 2 2 2 2 2 2 2 2 2
left_child=1 2 3 5 -4 -1 22 8 15 11 14 24 -12 -14 21 16 18 -18 -2 -16 -10 -11 -6 -3 -9
right_child=7 23 4 -5 6 -7 -8 9 20 10 12 -13 13 -15 19 -17 17 -19 -20 -21 -22 -23 -24 -25 -26
leaf_value=0.030748920270841432 0.0002546701016845401 0.05399088158468314 0.033060178950788513 0.066696833150185264 -0.055085512791507141 -0.049288417751974879 -0.00057783928408012598 -0.060194879653532554 0.016851702127676057 0.054783000520131554 0.026856832973890871 0.018939362179445432 -0.024815853577128857 0.0012618215223139282 -0.047122134692063611 -0.027032154837818307 0.081273012694618729 -0.010525053965788893 -0.060193392566726601 0.027494873140789362 0.056813371272015946 0.016510246307781844 -0.0076049534352563425 0.022015752760507129 -0.030679058629556395
leaf_weight=1.6965309530496662 532.37937637395225 3.1083389446139327 2.2568666860461226 2.4552246481180191 4.6059879176318628 1.6496332772076128 2.6247116066515446 5.274742938578127 2.5542870014905921 6.1466429978609067 6.8597136661410323 3.6816247049719095 30.347938829101622 27.564447924960405 1.2506291978061188 6.5965109765529624 6.5120843555778247 7.8144407793879509 6.1730024814605704 0.67018690844997753 4.0420479141175747 2.3119025742635131 1.0705163562670348 2.469527080655098 2.1798226423561573
leaf_count=11 4187 32 17 24 54 29 20 50 20 48 35 36 241 275 29 31 35 54 38 28 44 25 55 18 29
internal_value=-3.70376e-06 0.00805142 -0.00318111 0.0236267 -0.0184639 -0.00754325 -0.0332937 -0.000283435 0.000549532 -0.00580012 -0.00231498 -0.0286443 -0.00807386 -0.0123367 0.0328801 3.76647e-05 0.000374512 0.0311291 -0.000439962 -0.0185412 0.0425685 0.0452216 -0.0472835 0.041352 -0.0527462
internal_weight=674.297 21.9373 16.3595 5.80139 10.5581 3.34616 8.30122 652.359 566.072 86.2877 75.1515 11.1362 64.7721 57.9124 10.3794 559.475 552.879 14.3265 538.552 1.92082 6.59633 8.45855 5.6765 5.57787 7.45457
internal_count=5465 260 210 64 146 40 129 5205 4409 796 681 115 551 516 130 4345 4314 89 4225 57 64 73 109 50 79
is_linear=0
shrinkage=0.05


Tree=266
num_leaves=31
num_cat=0
split_feature=1 3 3 3 1 1 0 2 2 2 4 1 2 3 2 1 2 2 0 1 3 3 0 3 2 2 2 4 1 0
split_gain=0.585459 2.99292 7.66871 4.9354 4.79448 4.77249 4.51917 4.43143 8.19106 5.6452 3.83211 3.56955 3.01012 5.2106 4.39644 2.50696 2.49426 3.19361 2.86287 4.23607 2.37262 5.95727 4.93462 6.2391 4.18868 2.96798 2.62732 4.78607 2.88214 2.06954
threshold=52.750000000000007 0.016350000000000003 0.019150000000000004 0.012050000000000002 58.150000000000013 72.950000000000017 60.500000000000007 20.150000000000002 17.350000000000005 28.950000000000003 0.00035000000000000005 59.650000000000013 17.350000000000005 0.0097500000000000017 26.600000000000005 51.850000000000001 18.950000000000003 11.950000000000001 62.500000000000007 52.250000000000007 0.016350000000000003 0.017350000000000001 60.500000000000007 0.011050000000000003 14.350000000000003 24.750000000000004 13.950000000000001 0.0020500000000000002 49.150000000000013 65.500000000000014
decision_type=2 2 2 2 2 2 2 2 2 2 2 2 2 2 2 2 2 2 2 2 2 2 2 2 2 2 2 2 2 2
left_child=15 3 10 6 -5 7 -2 8 -4 -9 -3 -6 13 -8 -14 20 17 -17 19 -19 22 -22 -1 25 -25 -24 27 -23 -28 -20
right_child=1 2 5 4 11 -7 12 9 -10 -11 -12 -13 14 -15 -16 16 -18 18 29 -21 21 26 23 24 -26 -27 28 -29 -30 -31
leaf_value=0.041364625524611683 -0.044676810686299105 0.0020045198918883854 -0.010297640052728402 -0.056964468722325329 0.031787727173702013 0.072047812104497316 0.029097144951768614 -0.025436741283482767 0.037140529608117784 0.0090916439727195802 0.055922100655198752 -0.028329114965200471 -0.020220750360581893 -0.026864215909336284 0.012900870491804235 0.050750171807806957 0.027700815365606847 0.013661056866477207 0.053570354060727757 -0.054385946248679165 -0.049721612415979451 0.036840210664349497 -0.013282287383287706 -0.029480958510194766 0.021107042900540333 0.0057311167059012442 0.00034477580683923005 -0.0078908572673883123 -0.011011994841873497 -0.0079798021374940867
leaf_weight=8.7792927548289281 5.7681870125234118 5.3752270340919486 21.805366508662701 9.3262274162843841 3.6279786229133588 2.0169476298615328 17.392502064118165 33.677498854696751 15.356703791767357 17.895042464137077 9.3482266962528211 7.0466509908437729 24.748343770392239 5.2842209711670867 16.524051290005445 2.5571799948811558 16.736630407162011 3.7305056969635171 2.3795979800634077 5.3264183555729687 6.4653503485023966 11.804169872775676 50.013217007392086 4.3210285976529113 46.447728078812361 34.250654269009829 191.67518439795822 11.668323120102285 78.289485557936132 2.7351717974524945
leaf_count=60 46 35 192 115 17 30 173 287 158 184 103 48 225 39 161 20 179 31 26 39 51 125 527 35 315 343 1247 106 521 27
internal_value=-7.02648e-07 -0.00231427 0.00336039 -0.00903753 -0.0308899 -0.00203152 -0.00266152 -0.00385085 0.0092184 -0.0133646 0.0367215 -0.0073278 0.00111401 0.0157766 -0.00684001 0.000935487 0.0141114 0.00013483 -0.00893961 -0.0259686 -4.99492e-05 -0.00259283 0.00521629 0.0028002 0.0166536 -0.00549703 -0.00152081 0.0144529 -0.00293302 0.0201752
internal_weight=672.373 195.193 105.475 89.7182 20.0009 90.7516 69.7173 88.7346 37.1621 51.5725 14.7235 10.6746 63.9491 22.6767 41.2724 477.18 33.4655 16.7289 14.1717 9.05692 443.714 299.903 143.812 135.033 50.7688 84.2639 293.437 23.4725 269.965 5.11477
internal_count=5465 1813 989 824 180 851 644 821 350 471 138 65 598 212 386 3652 322 143 123 70 3330 2050 1280 1220 350 870 1999 231 1768 53
is_linear=0
shrinkage=0.05


Tree=267
num_leaves=19
num_cat=0
split_feature=9 1 2 1 9 1 1 2 0 4 9 2 2 4 2 7 9 4
split_gain=0.61453 1.10779 1.81757 1.60295 1.16149 0.910713 1.2658 2.92837 2.21386 1.49433 1.2503 1.10034 4.3544 2.52962 0.722597 0.642362 0.391207 0.178217
threshold=0.70230000000000004 42.95000000000001 20.950000000000003 53.750000000000007 0.73535000000000006 34.250000000000007 41.150000000000013 42.650000000000013 63.500000000000007 0.0010500000000000004 0.6795000000000001 36.250000000000007 35.70000000000001 0.00025000000000000006 33.95000000000001 5.4855000000000009e-05 0.69030000000000002 0.00065000000000000008
decision_type=2 2 2 2 2 2 2 2 2 2 2 2 2 2 2 2 2 2
left_child=5 14 3 4 -3 -1 7 8 9 -7 11 12 -8 -13 -2 16 -12 -9
right_child=1 2 -4 -5 -6 6 10 17 -10 -11 15 13 -14 -15 -16 -17 -18 -19
leaf_value=-0.026805737767099658 0.058825703582224609 -0.0061248615861339241 -0.049182924821068577 -0.027958333778954195 0.047922507786021869 0 5.5362408001538089e-05 0.058783567134498144 -0.040535596305840596 0.044579834561303683 0.052149209384036527 -0.028050507113216785 0.041309789260890427 -0.0021620888854025646 -0.00033992985653301448 0.0042013931928998908 0.011257844398409335 0.030357449246236463
leaf_weight=3.0032896101474753 0.71812936943024286 1.8156119622290119 3.10422601737082 3.2966463305056095 1.7430644892156122 6.871455769985916 540.0251349338796 2.280065916478633 2.5404127277433863 2.3816440254449844 1.8882568161934608 10.837019195780156 6.3762489669024935 73.56769884401001 0.96652296371757984 3.4990773443132639 1.4528401382267473 2.9153553545475006
leaf_count=32 26 27 57 26 14 72 4130 18 37 19 32 115 64 662 28 38 39 29
internal_value=0 -0.0113419 -0.0179895 -0.0026416 0.0195676 0.000197129 0.000332723 0.0137625 0 0.0113085 -1.93512e-05 -0.000259357 0.000553402 -0.00557442 0.0239624 0.0210785 0.036665 0.0446513
internal_weight=669.283 11.6442 9.95955 6.85532 3.55868 657.638 654.635 16.9889 11.7935 9.2531 637.646 630.806 546.401 84.4047 1.68465 6.84017 3.3411 5.19542
internal_count=5465 178 124 67 41 5287 5255 175 128 91 5080 4971 4194 777 54 109 71 47
is_linear=0
shrinkage=0.05


Tree=268
num_leaves=25
num_cat=0
split_feature=7 7 7 7 8 7 2 8 7 7 8 3 4 2 8 2 8 2 2 3 3 3 8 3
split_gain=0.548402 1.0147 0.672688 1.16114 0.812947 0.65354 1.89492 1.36727 0.8487 2.70609 3.04717 1.9885 3.64483 4.57075 2.07598 1.68897 1.23337 1.19635 0.916625 0.836014 0.180082 0.166539 0.0942434 0.0187998
threshold=0.00014694500000000002 0.00039127500000000001 0.0010981100000000002 0.00083922500000000008 136529291.35000002 9.9695000000000014e-05 14.350000000000003 176451747.00000003 2.7340000000000003e-05 -0.0011786599999999998 132602184.20000002 0.0078500000000000011 0.00015000000000000004 16.650000000000002 139379309.60000002 22.150000000000002 133398635.05000001 27.150000000000002 12.450000000000001 0.47985000000000005 0.0060500000000000007 0.0064500000000000009 182190405.00000003 0.039950000000000006
decision_type=2 2 2 2 2 2 2 2 2 2 2 2 2 2 2 2 2 2 2 2 2 2 2 2
left_child=5 -2 3 4 23 8 -7 21 9 10 19 18 14 -14 -13 -11 -12 -17 -10 -1 -9 -8 -20 -3
right_child=1 2 -4 -5 -6 6 7 20 11 15 16 12 13 -15 -16 17 -18 -19 22 -21 -22 -23 -24 -25
leaf_value=0.00064344141331459481 -0.044063698851910804 -0.042402472422634535 -0.041820354522981829 0.03994624874359344 0.01919839612700909 0.052753429516835197 0.024567366027801102 -0.0070341537762976655 -0.0041251270574508931 0.048247071705678997 -0.067362418088609932 -0.0039965045573859921 -0.041397659223059109 0.0030992064488299703 0.04278091409801809 -0.030035244281020203 -0.015442591813539831 0.019106264987350883 -0.058462591572977729 -0.010466834050959542 -0.045734157966174922 0.0017833338446595634 -0.03032567414817823 -0.0067693045928601189
leaf_weight=577.89653724478558 1.904934424906968 1.0706884809769692 0.75475472211837757 1.5644439477473495 0.94065891578793515 2.1939292913302761 2.4180558286607265 0.9085798631422225 2.3460102975368491 4.48297261726111 2.0655158646404734 3.6550374627113325 8.6125410981476325 16.531513406895101 5.754052672535181 1.4423483647406099 3.3300718786194921 5.4627435046713799 1.9917320124804971 17.31586495693773 1.1949210762977598 1.9653670284897087 2.2723762686364353 0.47213540598750103
leaf_count=4223 29 110 12 37 14 26 26 24 15 65 18 34 99 203 72 16 47 85 47 153 19 22 54 15
internal_value=0 -0.0141219 -0.000569467 0.00673933 -0.0129802 0.000142109 0.0136936 0 -3.24127e-05 0.000427789 -2.36815e-05 -0.0069801 -0.00198249 -0.0120478 0.0242331 0.0244666 -0.0370922 0.0078455 -0.0319401 0.000310119 -0.0323651 0.0157347 -0.0456524 -0.0356174
internal_weight=668.548 6.70762 4.80268 4.04793 2.48348 661.84 8.68085 6.48692 653.159 611.996 600.608 41.1633 34.5531 25.1441 9.40909 11.3881 5.39559 6.90509 6.61012 595.212 2.1035 4.38342 4.26411 1.54282
internal_count=5465 217 188 176 139 5248 117 91 5131 4607 4441 524 408 302 106 166 65 101 116 4376 43 48 101 125
is_linear=0
shrinkage=0.05


Tree=269
num_leaves=18
num_cat=0
split_feature=10 0 10 10 3 4 4 3 0 3 3 2 1 2 4 2 0
split_gain=0.542296 2.46627 1.23749 1.20395 0.610641 5.25667 5.85794 11.5846 6.70221 3.07089 3.00436 2.9388 2.38354 2.16265 4.62402 2.82197 0.0736775
threshold=0.4835000000000001 61.500000000000007 0.53610000000000013 0.46955000000000008 0.021050000000000003 0.00095000000000000011 0.00065000000000000008 0.019350000000000003 61.500000000000007 0.019950000000000006 0.021950000000000001 30.250000000000004 49.550000000000004 12.15 0.00085000000000000017 14.65 63.500000000000007
decision_type=2 2 2 2 2 2 2 2 2 2 2 2 2 2 2 2 2
left_child=3 2 -2 4 5 6 7 -1 -8 -7 11 12 -6 14 -12 -15 -3
right_child=1 16 -4 -5 10 9 8 -9 -10 -11 13 -13 -14 15 -16 -17 -18
leaf_value=-0.00025516992527333313 0.02136639637921206 0.054512141077258214 -0.028737657009116971 -0.02920386937407415 -0.063143867067064027 0.05530761282139518 -0.057435992291176491 0.050149393393738022 0.020563021616848937 0 0.059291882669359419 0.0015441343896699389 -0.010379597328534275 -0.015059016373433624 -0.0024574752289929524 0.00036178307580507165 0.025685744773067565
leaf_weight=275.86133688385598 1.7854186594486217 1.9354379614815118 3.1736743822693825 3.4513869960792354 5.1741194874048251 6.9533232748508436 8.6374939577653986 11.782895900309084 3.8446315261535338 3.9444655030965805 4.5897480100393286 6.9498677104711524 4.1148233413696289 32.980226565152407 8.1504955738782865 282.66660487791523 1.6696747131645677
leaf_count=2486 21 37 31 35 31 76 67 61 48 29 30 39 25 231 125 2068 25
internal_value=0 0.012421 -0.00964464 -0.00016981 -4.91801e-06 0.00159336 0.000332316 0.00180891 -0.0330416 0.0355492 -0.00146191 -0.022394 -0.0406623 -0.00040509 0.0196872 -0.00123788 0.0435645
internal_weight=667.666 8.56421 4.95909 659.101 655.65 311.024 300.126 287.644 12.4821 10.8978 344.626 16.2388 9.28894 328.387 12.7402 315.647 3.60511
internal_count=5465 114 52 5351 5316 2767 2662 2547 115 105 2549 95 56 2454 155 2299 62
is_linear=0
shrinkage=0.05


Tree=270
num_leaves=27
num_cat=0
split_feature=4 1 1 0 4 0 0 1 1 2 1 2 2 2 0 1 1 1 1 1 1 1 2 4 1 1
split_gain=0.566607 3.34631 3.09745 3.03587 2.23006 2.08636 2.72021 4.71267 3.26991 1.70212 2.71474 1.54687 6.96505 4.27556 4.68728 2.51327 6.04687 2.11735 1.63463 8.38381 1.86387 1.19686 0.866162 0.367896 0.2239 0.122772
threshold=0.0018500000000000003 56.550000000000004 55.550000000000004 63.500000000000007 0.00175 65.500000000000014 63.500000000000007 44.750000000000007 47.350000000000001 27.550000000000004 61.850000000000001 12.550000000000002 12.050000000000002 13.750000000000002 62.500000000000007 55.050000000000004 52.95000000000001 56.45000000000001 44.95000000000001 45.250000000000007 44.150000000000013 43.45000000000001 27.150000000000002 0.00035000000000000005 57.250000000000007 54.050000000000004
decision_type=2 2 2 2 2 2 2 2 2 2 2 2 2 2 2 2 2 2 2 2 2 2 2 2 2 2
left_child=4 2 5 9 11 6 8 -8 -2 10 -3 12 15 14 23 16 -1 -16 20 -20 -15 -7 -23 -13 -5 -14
right_child=1 3 -4 24 -6 21 7 -9 -10 -11 -12 13 25 18 17 -17 -18 -19 19 -21 -22 22 -24 -25 -26 -27
leaf_value=0.0046475883035691249 0.0095605294974755745 -0.023834961668396132 -0.046238479706427547 0.091693867171995402 -0.03950929935003826 0.0086550285699867197 -0.030816465452163645 0.02481282132808578 -0.007751466178087793 0.051878607182809469 0.048652864656642363 -0.033302716984931723 0.061230472006733372 0.0013636964138616157 0.030271102256491052 0.040487733266568876 -0.068368029772104377 -0.030813139882153347 -0.054145045955598749 -0.00065785387111756092 0.01850851527691847 -0.00046921533386514553 -0.051667440486101515 -0.062045132899810521 0.047906011331748238 0.032560715732978071
leaf_weight=11.905368508771067 46.407135324552655 4.3063617981970292 3.348319372162222 1.2428244203329089 3.6033876705914727 1.5902905613183964 4.318332182243469 25.253612102940679 65.753010754939169 1.7821029517799614 1.7188084274530409 3.295060455799101 4.8834978877566746 59.026021665893495 3.5286295316182068 2.5228609777986994 3.5776633601635686 2.1870664153248072 7.3793508466333142 372.97251876955852 21.969340890645981 1.3433588743209837 3.4244214054197073 5.0873520765453577 2.2583833457902074 1.8191115614026783
leaf_count=135 316 37 50 5 44 9 44 186 486 25 52 25 48 518 36 31 25 22 51 2980 147 15 68 42 48 20
internal_value=0 0.00255907 0.00055776 0.0286817 -0.000833517 0.00168005 0.00297614 0.0164444 -0.000541818 0.0102571 -0.00188325 -0.000537038 0.0116164 -0.00118146 -0.0282111 -0.00438779 -0.0122337 0.00591003 -0.000338709 -0.00172268 0.00609284 -0.0260365 -0.0385751 -0.051862 0.0669524 0.0547774
internal_weight=666.504 162.747 151.438 11.3085 503.757 148.09 141.732 29.5719 112.16 7.80727 6.02517 500.154 24.7085 475.445 14.0981 18.0059 15.483 5.7157 461.347 380.352 80.9954 6.35807 4.76778 8.38241 3.50121 6.70261
internal_count=5465 1341 1174 167 4124 1124 1032 230 802 114 89 4080 259 3821 125 191 160 58 3696 3031 665 92 83 67 53 68
is_linear=0
shrinkage=0.05


Tree=271
num_leaves=31
num_cat=0
split_feature=3 3 1 3 3 3 0 1 1 0 9 0 3 1 3 1 10 1 10 1 3 3 1 1 1 1 3 1 1 1
split_gain=0.528629 3.81016 5.32551 2.95668 3.27493 1.96983 3.25742 6.01072 6.37974 5.88522 4.23939 3.81645 3.04716 2.85459 2.7457 2.51839 7.37464 1.75721 1.39577 1.35301 2.38542 1.36616 1.26145 1.87647 1.25141 2.69475 1.8135 1.14467 0.996853 6.74299
threshold=0.0075500000000000003 0.0064500000000000009 42.050000000000004 0.005850000000000001 0.0053500000000000015 0.0094500000000000018 61.500000000000007 50.650000000000013 54.050000000000004 60.500000000000007 0.52500000000000013 67.500000000000014 0.0083500000000000015 36.050000000000004 0.011050000000000003 51.150000000000013 0.35320000000000007 47.550000000000004 0.34925000000000006 43.050000000000004 0.011950000000000002 0.021350000000000004 47.95000000000001 56.850000000000001 53.650000000000013 56.350000000000001 0.004850000000000001 49.150000000000013 43.95000000000001 45.45000000000001
decision_type=2 2 2 2 2 2 2 2 2 2 2 2 2 2 2 2 2 2 2 2 2 2 2 2 2 2 2 2 2 2
left_child=1 3 -3 4 24 6 7 9 -9 -2 11 -8 -11 -7 15 17 -17 -15 22 21 -21 -16 -5 -24 26 -26 -1 -6 -4 -30
right_child=5 2 28 18 27 13 10 8 -10 12 -12 -13 -14 14 19 16 -18 -19 -20 20 -22 -23 23 -25 25 -27 -28 -29 29 -31
leaf_value=-0.0059304806663917908 0.058219553721204055 0.055059645316405226 -0.052835364782983334 0.0020344088983210648 -0.052716955923591907 -0.046844680724944701 0.048013735439270178 -0.043104576599988322 0.028511378958244363 -0.03394488405443593 -0.0034112156542230408 -0.012389264588956747 0.019241891722362337 -0.012406580221725756 0.02878743106735171 -0.025156519515519379 0.062728284633424045 -0.059517134765593983 -0.01447927504130235 0.019383496249448965 -0.00069326207068747968 0.0039565480091083034 0.047925574097082438 -0.00067948496074926395 -0.039373626352725663 0.012024051636419649 0.022610567308520447 -0.00022414786991223402 0.080979795859309547 -0.03008210005831638
leaf_weight=10.254128564381977 6.0316957235336313 2.0432820171117809 3.3682248070836094 4.0741858556866672 4.0466361269354811 3.1959044951945534 14.037641357630497 11.466256082057951 4.0870625488460055 4.5273526236414909 10.040782716125248 3.0128270238637915 6.2853820845484734 4.0875776046887058 7.9294509487226632 9.4647679030895215 3.0739679336547843 4.5984171498566866 2.1309980675578108 15.186782045289872 458.93098486401141 20.033856760710478 7.8804057762026769 2.372687079012394 4.7433561682701093 5.1039710678160191 11.472504224628208 1.645305451005697 1.3583669848740125 18.582019071443938
leaf_count=121 47 17 38 24 50 48 114 60 36 37 175 18 34 42 79 77 29 38 22 78 3499 136 87 23 31 38 67 25 8 367
internal_value=0 -0.00383979 -0.0198073 0.00362501 -0.00406416 0.000512934 0.00913323 -0.00142789 -0.0239042 0.0190491 0.0219057 0.0370389 -0.00267652 -0.00045312 -0.000151351 -0.017731 -0.00288943 -0.0383098 0.0212567 0.000585228 -3.56745e-05 0.0112534 0.026982 0.0362969 0.00211935 -0.012378 0.00894576 -0.0386726 -0.026791 -0.0219006
internal_weight=665.067 79.0761 25.3519 53.7242 37.2659 585.991 59.489 32.3977 15.5533 16.8444 27.0913 17.0505 10.8127 526.502 523.306 21.2247 12.5387 8.68599 16.4583 502.081 474.118 27.9633 14.3273 10.2531 31.574 9.84733 21.7266 5.69194 23.3086 19.9404
internal_count=5465 918 430 488 332 4547 521 214 96 118 307 132 71 4026 3978 186 106 80 156 3792 3577 215 134 110 257 69 188 75 413 375
is_linear=0
shrinkage=0.05


Tree=272
num_leaves=31
num_cat=0
split_feature=4 3 1 2 2 3 1 2 10 1 2 2 2 0 0 3 1 2 1 1 2 2 3 1 0 9 1 3 0 1
split_gain=0.544509 2.41314 6.76043 8.27122 8.24481 6.01878 4.38349 3.99724 4.50911 3.98932 2.15287 13.0564 6.51638 4.52195 4.92614 3.59208 2.86722 2.61377 2.31949 2.38423 2.03332 5.65491 4.74177 2.8917 4.96824 4.02445 3.98867 2.91916 2.51857 2.1192
threshold=0.00035000000000000005 0.018950000000000005 49.550000000000004 17.650000000000002 26.050000000000004 0.018100000000000002 55.150000000000013 20.750000000000004 0.28690000000000004 48.45000000000001 23.850000000000005 22.950000000000003 25.250000000000004 64.500000000000014 55.500000000000007 0.019350000000000003 49.550000000000004 19.450000000000003 43.150000000000013 53.250000000000007 31.150000000000002 30.450000000000003 0.0062500000000000012 47.750000000000007 67.500000000000014 0.5867500000000001 38.650000000000013 0.0064500000000000009 62.500000000000007 44.350000000000001
decision_type=2 2 2 2 2 2 2 2 2 2 2 2 2 2 2 2 2 2 2 2 2 2 2 2 2 2 2 2 2 2
left_child=20 2 7 -4 6 -6 -5 -2 9 -9 11 13 18 14 -3 -14 -17 -15 -12 -20 21 23 -22 25 27 26 -1 -25 29 -24
right_child=1 10 3 4 5 -7 -8 8 -10 -11 12 -13 15 17 -16 16 -18 -19 19 -21 22 -23 28 24 -26 -27 -28 -29 -30 -31
leaf_value=0.033544568682601528 0.065352246940537637 0.041914174776584538 -0.044079276216656575 0.058925383334433916 -0.029397908826394693 0.051174658143356623 0.0074306107028832558 0.012200075378937653 -0.048929055382972729 0.062590241558635795 0 0.06026477941254868 -0.037651771693461462 0.033968232810705594 -0.0042667189002256987 0.0046514048955356348 -0.010426696652025337 -0.0053597502171548739 -0.065311780844056117 -0.012258063234737023 -0.043122149567447962 -0.066390129684613705 -0.020676928646091983 0.010653866979968825 0.04356407326727102 0.037186834458706533 -0.024611107796509255 -0.0056492839331310912 0.042304576524733302 0.016290609265449431
leaf_weight=3.0747664980590335 5.7670861706137684 5.8715074434876433 9.495930082513949 8.2820559879764932 14.112031252356248 2.6395335830748072 8.7159715020097774 15.610211422666913 2.1154969148337832 5.3623177260160437 2.9193697832524768 9.3370738811790925 6.5933029204607001 14.200062820687892 164.58751433901489 98.257572613656521 46.28802681947127 5.6710794232785693 7.1428273171186429 3.428804125636816 3.6334849521517745 3.4658652171492568 4.8547487407922807 36.613534905947745 6.2897688979282966 3.271463156444951 33.655830456875265 107.93433139496483 7.1087769884616128 16.663958001881838
leaf_count=31 40 35 93 113 143 36 80 132 68 29 17 52 34 105 1260 680 475 54 47 31 51 30 40 283 57 63 293 896 65 132
internal_value=0 0.00102723 0.00938235 -0.00302608 0.00847321 -0.0161771 0.0330111 0.0280979 0.018335 0.0255571 -0.000614787 0.0028591 -0.00485754 0 -0.00262305 -0.00183939 -0.000146378 0.0225233 -0.0380394 -0.048849 -0.00199338 -0.00394252 0.00956753 -0.00274804 0.000392141 -0.014685 -0.0195292 -0.00148067 0.0165559 0.00766217
internal_weight=662.964 436.398 72.1006 43.2455 33.7496 16.7516 16.998 28.8551 23.088 20.9725 364.297 199.667 164.63 190.33 170.459 151.139 144.546 19.8711 13.491 10.5716 226.567 194.306 32.261 190.84 150.838 40.0021 36.7306 144.548 28.6275 21.5187
internal_count=5465 3524 734 465 372 179 193 269 229 161 2790 1506 1284 1454 1295 1189 1155 159 95 78 1941 1653 288 1623 1236 387 324 1179 237 172
is_linear=0
shrinkage=0.05


Tree=273
num_leaves=17
num_cat=0
split_feature=14 8 2 8 4 3 3 2 1 3 3 3 1 0 2 1
split_gain=0.574398 0.90891 1.18696 0.789753 2.27918 2.10654 2.0457 2.65462 0.878758 3.69719 10.5092 4.15413 2.40872 3.91961 2.8627 0.246596
threshold=51.440000000000005 656974312.00000012 15.65 209559025.00000003 0.00045000000000000004 0.0094500000000000018 0.0083500000000000015 26.950000000000003 52.750000000000007 0.016550000000000006 0.019150000000000004 0.0095500000000000012 50.750000000000007 65.500000000000014 11.850000000000003 54.350000000000001
decision_type=2 2 2 2 2 2 2 2 2 2 2 2 2 2 2 2
left_child=1 3 -3 8 6 -6 7 -5 12 11 -11 -10 14 -14 -1 -7
right_child=-2 2 -4 4 5 15 -8 -9 9 10 -12 -13 13 -15 -16 -17
leaf_value=-0.030598575763238697 0.019092502782724039 0.0089974898721775724 -0.052455080699138748 -0.047578029553144968 0.043840052053780283 -0.049166080330356687 0.051860157377080163 0.044437151586018811 -0.0005648551614918073 0.051580520628055862 -0.0020090664721029287 -0.022571442246285021 0.0040434100543854396 0.034609334474659005 -0.00012690882203302128 -0.0092790407097535672
leaf_weight=7.7837510406970969 3.8151850998401633 1.1028593219816678 1.7720906923059372 1.4850118041504159 0.91601656423881683 1.9451567837968471 4.231200285255909 1.4443968422710893 47.67193078645505 10.089261569082735 88.346311450004578 39.615113126114011 74.062587160617113 12.249110440257935 362.86720150697511 0.97420138120651234
leaf_count=134 32 14 38 43 35 47 43 19 463 114 837 318 597 121 2597 13
internal_value=0 -0.000115878 -0.0276905 1.96725e-06 0.0132351 -0.0167653 0.0300021 -0.000588611 -0.000218689 -0.00312416 0.00347969 -0.0106241 0.000951662 0.00847413 -0.000788387 -0.0382598
internal_weight=660.371 656.556 2.87495 653.681 10.996 3.83537 7.16061 2.92941 642.685 185.723 98.4356 87.287 456.963 86.3117 370.651 2.91936
internal_count=5465 5433 52 5381 200 95 105 62 5181 1732 951 781 3449 718 2731 60
is_linear=0
shrinkage=0.05


Tree=274
num_leaves=14
num_cat=0
split_feature=10 0 1 10 1 1 2 3 2 2 2 3 0
split_gain=0.51742 2.25259 1.13908 1.0578 0.945372 0.679237 3.57074 2.64566 1.07186 3.00099 2.29884 0.802001 0.0935171
threshold=0.4835000000000001 61.500000000000007 29.450000000000003 0.46955000000000008 50.150000000000013 41.150000000000013 23.150000000000002 0.028950000000000004 37.150000000000013 33.150000000000013 38.850000000000009 0.028050000000000002 63.500000000000007
decision_type=2 2 2 2 2 2 2 2 2 2 2 2 2
left_child=2 4 -1 5 -2 6 11 -8 9 -7 -10 -4 -3
right_child=1 12 3 -5 -6 8 7 -9 10 -11 -12 -13 -14
leaf_value=-0.047369873054424944 -0.026107551429086946 0.05408296841940935 -0.051046844933218885 -0.027486762946195117 0.017419709182923113 -0.00028378455329338461 0.032397768477490173 -0.015527605589860067 -0.020616356623587045 0.016052901865875015 -0.00078327717021904858 -0.0011548790614093931 0.024209615009895179
leaf_weight=1.175566017627715 3.0661669261753541 1.8655861886218192 2.2781017888337405 3.3980358517728737 1.8415384441614149 516.13785423501395 11.457535449415444 3.6097211092710486 19.235718563199043 29.604934016242623 62.244360115146264 1.5465225875377653 1.621134217828512
leaf_count=14 30 37 37 35 22 4079 161 34 133 199 648 11 25
internal_value=0 0.012259 -0.000161572 -6.11525e-05 -0.00875447 7.95776e-05 0.00940081 0.0205598 -0.00019466 0.000596051 -0.00554627 -0.03269 0.0426498
internal_weight=659.083 8.39443 650.688 649.513 4.90771 646.115 18.8919 15.0673 627.223 545.743 81.4801 3.82462 3.48672
internal_count=5465 114 5351 5337 52 5302 243 195 5059 4278 781 48 62
is_linear=0
shrinkage=0.05


Tree=275
num_leaves=28
num_cat=0
split_feature=4 1 1 0 1 1 4 1 1 1 1 1 4 1 4 1 4 4 4 4 4 4 1 1 4 4 1
split_gain=0.571671 3.10573 2.89806 2.75796 2.01071 4.21855 2.00555 1.94053 1.77334 1.58122 1.34355 7.08541 2.41084 4.23055 1.95634 1.83491 3.85531 4.69065 2.1364 4.39192 1.26252 1.00523 0.243937 0.144166 0.108556 0.0924023 0.0301086
threshold=0.0018500000000000003 56.550000000000004 55.550000000000004 63.500000000000007 53.350000000000001 53.050000000000004 0.00175 53.95000000000001 49.95000000000001 61.850000000000001 44.95000000000001 45.350000000000001 0.00065000000000000008 49.95000000000001 0.00045000000000000004 43.45000000000001 0.0011500000000000002 0.00065000000000000008 0.0011500000000000002 0.00055000000000000003 0.00045000000000000004 0.0049500000000000004 43.95000000000001 57.250000000000007 0.010900000000000002 0.0080500000000000016 49.650000000000013
decision_type=2 2 2 2 2 2 2 2 2 2 2 2 2 2 2 2 2 2 2 2 2 2 2 2 2 2 2
left_child=6 2 4 9 5 8 10 25 -2 24 15 20 14 -14 -13 16 17 -1 19 -17 -12 -9 -20 -5 -3 -6 -8
right_child=1 3 -4 23 7 -7 26 21 -10 -11 11 12 13 -15 -16 18 -18 -19 22 -21 -22 -23 -24 -25 -26 -27 -28
leaf_value=-0.0091827337736889725 0.0050796785802221817 0.0024687757319897161 -0.045552328435993925 0.087370948567861206 0.06234934485312367 -0.048622376619129798 -0.049239475264230163 0.030685701948784835 -0.0081093753848195966 0.048797398479667679 -0.062961418849706435 -0.00035290426951987432 -0.016079252588960313 0.0033605521187912548 0.0099461199298871584 0.023259479490536208 -0.051262363800021776 0.027094795161103254 0.046581384325577645 -0.015925720549537996 -0.021671965805353136 -0.0062259985236134633 0.023285010589365412 0.046721194082597894 -0.010575627575473397 0.032843441883382084 -0.024271029927761499
leaf_weight=26.557345580309629 96.747185909189284 3.410782039165495 3.2110663894563904 1.2406716346740725 1.9032094795256833 4.2217145506292573 1.5816734060645097 2.6306958100758493 34.321634519845247 1.8926860680803654 4.9422970241866988 235.68649431981612 59.647843901067972 51.940590518992394 56.983020008075982 17.157408345490698 3.4888943731784812 13.236676696687935 4.1400768160819998 11.986175896599887 3.9179910346865654 5.2056641541421413 3.7773938290774822 2.1805768646299839 2.3715835139155388 2.2148682922124863 1.9548314977437256
leaf_count=315 715 39 50 5 22 35 18 42 241 59 44 1982 414 462 474 116 22 90 20 90 28 42 23 48 16 27 26
internal_value=0 0.00257959 0.000654528 0.0279962 0.00172636 0 -0.00084328 0.021294 0.00158433 0.0102593 -0.000560245 -0.0017202 -0.000732695 -0.00699102 0.00163796 0.00533667 -0.00155379 0.00279659 0.013501 0.00697306 -0.045707 0.0057659 0.0365195 0.0649449 -0.0021201 0.0488201 -0.0378599
internal_weight=658.551 161.552 150.456 11.0963 147.245 135.291 496.999 11.9544 131.069 7.67505 493.462 413.118 404.258 111.588 292.67 80.344 43.2829 39.794 37.0611 29.1436 8.86029 7.83636 7.91747 3.42125 5.78237 4.11808 3.5365
internal_count=5465 1341 1174 167 1124 991 4124 133 956 114 4080 3404 3332 876 2456 676 427 405 249 206 72 84 43 53 55 49 44
is_linear=0
shrinkage=0.05


Tree=276
num_leaves=27
num_cat=0
split_feature=4 1 1 0 0 0 1 1 4 2 1 2 2 2 8 4 1 1 2 0 2 1 1 2 1 1
split_gain=0.521268 2.87035 2.71439 2.5791 1.90927 2.50423 4.34031 2.81029 1.86637 1.65045 2.4123 1.52035 6.28587 3.83914 2.2862 2.62496 2.24328 5.77279 1.73917 3.69489 2.9014 1.19159 1.10813 0.856419 0.0789284 0.0175015
threshold=0.0018500000000000003 56.550000000000004 55.550000000000004 63.500000000000007 65.500000000000014 63.500000000000007 46.150000000000013 47.350000000000001 0.00175 27.550000000000004 61.850000000000001 12.550000000000002 12.050000000000002 14.15 116193620.00000001 0.00035000000000000005 55.050000000000004 52.95000000000001 14.750000000000002 62.500000000000007 14.950000000000001 52.350000000000001 43.45000000000001 27.150000000000002 57.250000000000007 52.95000000000001
decision_type=2 2 2 2 2 2 2 2 2 2 2 2 2 2 2 2 2 2 2 2 2 2 2 2 2 2
left_child=8 2 4 9 5 7 -7 -2 11 10 -3 12 16 14 15 -13 17 -1 19 -15 -20 -16 -6 -24 -5 -14
right_child=1 3 -4 24 22 6 -8 -9 -10 -11 -12 13 25 18 21 -17 -18 -19 20 -21 -22 -23 23 -25 -26 -27
leaf_value=0.005345091913069794 0.0088744503918544021 -0.022374646665587319 -0.044876824997939879 0.083626801143483656 0.0077728555508991678 -0.015881839244375463 0.02740831988723786 -0.0072081097672847955 -0.036864390861192094 0.05153873545319252 0.047868374484325689 -0.0039323489227843416 0.060111258645419365 0.035087211259565231 0.044638045813045771 -0.042244579863891088 0.039412073741051622 -0.067169656589762899 -0.039440792100023249 -0.014037256656085802 -0.00028902559805758863 -0.009681771389180735 0 -0.05122208650252056 0.045798652086099498 0.036481444899942414
leaf_weight=11.738780440762644 46.262613397091627 4.3032406717538816 3.1007502265274516 1.235987648367882 1.5957725718617428 7.6665771249681738 21.586323851719499 65.37691491516307 3.4669194277375928 1.7253516167402265 1.5822179820388553 7.5984987230040195 4.250440481118857 9.7741955984383804 1.6651576943695539 12.036029806360601 2.4484652020037165 3.4408022053539744 4.6902078036218873 6.0022155828773966 424.76325697114225 2.0426460243761539 1.3208449911326168 3.2592345699667931 2.1169208586215973 2.2301051621325314
leaf_count=135 316 37 50 5 9 63 167 486 44 25 52 61 43 87 17 89 31 25 46 50 3446 25 15 68 48 25
internal_value=0 0.00246649 0.000621169 0.0270557 0.00164425 0.00287616 0.0158771 -0.000496888 -0.000805895 0.00986672 -0.00217125 -0.000534581 0.0116653 -0.0011753 -0.0208984 -0.0277663 -0.00361657 -0.0110968 -0.000125584 0.0161119 -0.000737338 0.0139315 -0.025261 -0.037759 0.0632094 0.0534175
internal_weight=657.28 161.133 150.169 10.9637 147.068 140.892 29.2529 111.64 496.148 7.61081 5.88546 492.681 24.1086 468.572 23.3423 19.6345 17.628 15.1796 445.23 15.7764 429.453 3.7078 6.17585 4.58008 3.35291 6.48055
internal_count=5465 1341 1174 167 1124 1032 230 802 4124 114 89 4080 259 3821 192 150 191 160 3629 137 3492 42 92 83 53 68
is_linear=0
shrinkage=0.05


Tree=277
num_leaves=16
num_cat=0
split_feature=3 4 4 1 2 1 4 4 3 13 1 2 2 4 3
split_gain=0.542054 4.4522 3.29734 2.37233 2.21542 2.29787 1.71297 1.4294 1.17168 1.5195 0.903413 3.29458 0.964614 0.811227 0.16115
threshold=0.47985000000000005 0.016550000000000006 0.015350000000000001 46.850000000000001 17.950000000000003 52.650000000000013 0.014550000000000002 0.034800000000000005 1.9632000000000003 -6.4949999999999992 41.150000000000013 42.650000000000013 36.250000000000007 0.035800000000000005 0.19675000000000004
decision_type=2 2 2 2 2 2 2 2 2 2 2 2 2 2 2
left_child=1 2 6 8 7 -6 10 -5 -2 -10 11 -1 -12 14 -3
right_child=3 13 -4 4 5 -7 -8 -9 9 -11 12 -13 -14 -15 -16
leaf_value=-0.00033962887022447583 -0.014475943084363349 0.032353750171327182 -0.043602589273321966 0.022322642943290151 -0.05867113191374617 0.0039206378352284613 0.035246590018559253 -0.024516325324177961 -0.0066652009592724718 0.043952079406344505 0.00035965972939467315 0.049725785274392045 -0.0054207656501228559 0.0085121682286352276 0.059682575170949596
leaf_weight=14.219199208542706 2.5055825337767619 2.8323635794222346 4.2465750984847537 3.3362862495705468 4.8872623704373837 1.8552624657750127 3.3469366319477549 2.9965658858418465 2.1273575481027365 3.736313670873642 517.08679361164104 4.0995503179728976 83.600359842414036 2.2277901172637939 2.8031830042600632
leaf_count=200 13 23 39 26 52 20 32 20 20 34 4100 46 789 29 22
internal_value=0 0.000261884 -0.00020229 -0.0078025 -0.0211874 -0.0409122 9.27728e-05 0 0.0125218 0.0249457 -9.48885e-05 0.0108022 -0.000437274 0.0374161 0.0476227
internal_weight=655.907 634.463 626.599 21.4446 13.0754 6.74252 622.353 6.33285 8.36925 5.86367 619.006 18.3187 600.687 7.86334 5.63555
internal_count=5465 5280 5206 185 118 72 5167 46 67 54 5135 246 4889 74 45
is_linear=0
shrinkage=0.05


Tree=278
num_leaves=31
num_cat=0
split_feature=3 3 2 2 2 2 0 2 3 0 2 2 2 3 0 2 2 3 2 3 2 3 10 2 3 9 2 2 3 9
split_gain=0.532145 3.49749 7.56909 4.06705 3.43165 3.24451 3.93499 3.11274 2.67543 4.30009 2.55999 2.24706 2.00188 1.81555 3.01936 3.34923 7.08793 5.21947 4.14449 2.8804 6.11964 2.23779 1.85441 1.53681 5.62222 3.84242 3.54181 2.80259 2.51038 1.5171
threshold=0.0075500000000000003 0.0064500000000000009 32.150000000000013 30.250000000000004 30.800000000000001 37.250000000000007 62.500000000000007 26.050000000000004 0.0055500000000000002 63.500000000000007 40.550000000000004 18.350000000000005 44.300000000000004 0.0094500000000000018 54.500000000000007 25.050000000000004 18.950000000000003 0.0083500000000000015 20.850000000000005 0.0086500000000000014 37.650000000000013 0.011050000000000003 0.35320000000000007 16.050000000000004 0.022650000000000003 0.56955000000000011 16.250000000000004 14.850000000000003 0.011950000000000002 0.5606000000000001
decision_type=2 2 2 2 2 2 2 2 2 2 2 2 2 2 2 2 2 2 2 2 2 2 2 2 2 2 2 2 2 2
left_child=1 3 -3 7 -5 -4 -7 8 9 -1 -6 -10 -12 14 -2 16 17 -16 -18 -17 -21 22 -15 24 27 -26 -25 -23 -28 -24
right_child=13 2 5 4 10 6 -8 -9 11 -11 12 -13 -14 21 15 19 18 -19 -20 20 -22 23 29 26 25 -27 28 -29 -30 -31
leaf_value=0.0016109944273785884 -0.014735192468997339 -0.041030920586335444 0.058535289776505989 -0.072878860773586962 0.046685795393862813 -0.03111864048209443 0.051728044958265565 0.044022632360312827 0.00090224048697511063 -0.066604314650349009 -0.052409923691631034 0.043212138428951108 0.014094539003362633 -0.025830809695476378 -0.0014307065893588121 0.052073193603415238 -0.081476312811070969 0.044524589718034163 -0.0087583542249101542 -0.070367080174185817 0.054387319114396586 -0.012922761321373107 -0.01672816867375863 0.033662085373419207 0.0055357611557732816 -0.044155880852018069 0.022161429227713272 -0.048478333647533942 0.00011671487922027923 0.033687723544415155
leaf_weight=23.146660284139219 10.738722663372753 15.316530246636832 2.9166293889284116 2.7530106306076032 1.5785108115524051 4.339755168184638 2.0040289456956089 5.6245985440909854 6.4439741969108564 2.4524408120196304 2.6441709510982037 6.5236456394195557 1.7035931162536142 14.889616796746852 12.170853646472098 8.7655065916478616 2.5761448107659808 12.026624314486979 8.2021481208503229 1.6419982723891728 2.1561181545257568 16.595802208408717 2.9157397188246241 8.3177788332104665 59.168795585632324 4.0533690676093093 13.276981109753249 8.7740525584667903 388.69534664601088 2.7497702213004231
leaf_count=180 81 328 19 13 21 41 42 60 56 37 32 59 30 115 136 63 22 98 62 42 17 138 27 62 493 43 76 64 2964 44
internal_value=0 -0.00389019 -0.0194634 0.00327771 -0.0276745 0.0157319 -0.00377447 0.00951845 0.00425619 -0.00496334 -0.00498457 0.0227376 -0.0254962 0.00052091 0.00888502 0.0143453 0.00617581 0.0212934 -0.0271877 0.0364651 0 -0.000409405 -0.0165402 0.000248382 -0.00570799 0.00220621 0.00154777 -0.0255579 0.000862609 0.00703398
internal_weight=655.163 77.4475 24.5769 52.8706 8.67929 9.26041 6.34378 44.1913 38.5667 25.5991 5.92627 12.9676 4.34776 577.715 58.2781 47.5394 34.9758 24.1975 10.7783 12.5636 3.79812 519.437 20.5551 498.882 88.592 63.2222 410.29 25.3699 401.972 5.66551
internal_count=5465 918 430 488 96 102 83 392 332 217 83 115 62 4547 521 440 318 234 84 122 59 4026 186 3840 738 536 3102 202 3040 71
is_linear=0
shrinkage=0.05


Tree=279
num_leaves=14
num_cat=0
split_feature=14 8 0 8 8 8 3 8 9 8 8 7 9
split_gain=0.535706 0.867501 1.04804 0.673269 3.53304 2.41441 2.33359 1.93309 1.92304 1.65248 0.747553 0.613337 0.380667
threshold=51.440000000000005 656974312.00000012 62.500000000000007 136482545.10000002 132454429.60000001 136678915.80000004 0.01085 116193620.00000001 0.5867500000000001 76134052.000000015 133398635.05000001 0.00083922500000000008 0.59335000000000016
decision_type=2 2 2 2 2 2 2 2 2 2 2 2 2
left_child=1 3 -3 4 7 -5 8 9 -7 -1 -6 -8 -9
right_child=-2 2 -4 5 10 6 11 12 -10 -11 -12 -13 -14
leaf_value=0.00018590094993063911 0.018396115783808391 -0.052062489174659769 0.0054135491317120719 0.065799788451682745 -0.064832919107080625 -0.0097768853606301272 -0.026745576370487373 0.05276985147399671 0.021584198869140252 -0.015657049740108543 -0.020648462509529501 0.0093538634794931678 0.016566240305224408
leaf_weight=589.36030655354261 3.8328507393598548 1.6562551758252078 1.156540743075311 1.5721496939659143 2.1802975032478562 6.7794642951339545 6.1981911510229102 1.7146284282207478 15.577000762568785 16.821144227171317 2.7008971692994237 1.1621756609529255 2.4287632536143064
leaf_count=4458 32 36 16 8 29 115 100 14 238 305 40 31 43
internal_value=0 -0.000113194 -0.0273389 1.73768e-06 -0.000354908 0.0071522 0.00367152 -4.43002e-06 0.0118503 -0.000247994 -0.0422936 -0.0203264 0.0336169
internal_weight=653.141 649.308 2.8128 646.495 615.206 31.289 29.7168 610.325 22.3565 606.181 4.88119 7.36037 4.14339
internal_count=5465 5433 52 5381 4889 492 484 4820 353 4763 69 131 57
is_linear=0
shrinkage=0.05


Tree=280
num_leaves=15
num_cat=0
split_feature=3 4 4 1 2 1 4 4 11 3 11 1 4 3
split_gain=0.524046 4.12324 3.02815 2.1624 2.06222 2.22456 1.5762 1.29304 1.25768 0.889918 0.823155 0.831686 0.76893 0.165582
threshold=0.47985000000000005 0.016550000000000006 0.015350000000000001 46.850000000000001 17.950000000000003 52.650000000000013 0.014550000000000002 0.034800000000000005 1.0250000000000001 2.4621500000000007 0.91500000000000015 41.150000000000013 0.035800000000000005 0.19675000000000004
decision_type=2 2 2 2 2 2 2 2 2 2 2 2 2 2
left_child=1 2 6 8 7 -6 10 -5 9 -2 11 -1 13 -3
right_child=3 12 -4 4 5 -7 -8 -9 -10 -11 -12 -13 -14 -15
leaf_value=0.010316472532962284 0.003180374718176374 0.03126314047618535 -0.04205259000456088 0.020938435351278858 -0.058131068379955519 0.0037405038957600252 0.034103472589427086 -0.023653846350490091 -0.014204777258208191 0.045352345294143684 0.024787278638031943 -0.00055326910870769151 0.0081461232644138553 0.058813580650457643
leaf_weight=18.013527951203287 2.7349369674921054 2.7878905013203612 4.1896254904568186 3.334383334964512 4.6967991031706333 1.8571813479065893 3.2895340118557206 2.9864705950021744 2.7840136773884296 2.7744659669697285 3.2059589177370063 595.18181422702037 2.2122766487300396 2.7011770159006119
leaf_count=246 18 23 39 26 52 20 32 20 23 26 29 4860 29 22
internal_value=0 0.000258889 -0.000184834 -0.00772068 -0.020626 -0.0400546 9.68993e-05 0 0.011725 0.0257389 -8.19748e-05 -0.000224171 0.036387 0.0465251
internal_weight=652.75 631.582 623.88 21.1683 12.8748 6.55398 619.691 6.32085 8.29342 5.5094 616.401 613.195 7.70134 5.48907
internal_count=5465 5280 5206 185 118 72 5167 46 67 44 5135 5106 74 45
is_linear=0
shrinkage=0.05


Tree=281
num_leaves=15
num_cat=0
split_feature=3 3 1 1 3 1 3 4 4 3 3 3 3 1
split_gain=0.505133 3.46489 3.14197 3.77859 3.37943 3.06613 2.40534 2.6039 2.33713 2.03929 4.71857 3.50402 4.08076 0.56944
threshold=0.2351 0.25040000000000007 47.350000000000001 45.45000000000001 0.32860000000000006 43.050000000000004 0.47985000000000005 0.013550000000000001 0.016250000000000004 0.20560000000000003 0.19675000000000004 0.17785000000000004 0.16200000000000003 55.250000000000007
decision_type=2 2 2 2 2 2 2 2 2 2 2 2 2 2
left_child=8 -2 3 5 -4 -3 7 -6 9 10 11 12 -1 -8
right_child=1 2 4 -5 6 -7 13 -9 -10 -11 -12 -13 -14 -15
leaf_value=0.00024869241180053135 -0.053770081279355932 0.02505227463625688 -0.060022391701399773 0.048749188823082872 -0.016658328856578711 -0.036273849481105895 -0.024128255920953152 0.040306847405338242 0.038440759369772051 0.038282836138714922 -0.064495877143994337 0.043657379292555587 -0.042550843450625826 0.0016732920382349578
leaf_weight=592.42816229001619 3.2977096335962406 4.121645035222171 3.1044052839279201 5.6892690733075142 3.2199118360877064 3.8016270250082016 9.4668334051966649 4.7025285661220551 3.9027319811284533 3.3772828429937354 2.7330066561698905 4.4998410437256089 5.5213443636894217 2.2843560837209216
leaf_count=4946 53 33 22 37 20 32 82 43 33 23 15 31 65 30
internal_value=0 -0.00545751 -0.000807052 0.0179731 -0.0122784 -0.0038345 -0.00422637 0.0166122 0.000356294 9.75657e-05 -0.00011356 0.000180867 -0.000145198 -0.0187189
internal_weight=652.151 39.6883 36.3906 13.6125 22.778 7.92327 19.6736 7.92244 612.462 608.56 605.182 602.449 597.95 11.7512
internal_count=5465 352 299 102 197 65 175 63 5113 5080 5057 5042 5011 112
is_linear=0
shrinkage=0.05


Tree=282
num_leaves=15
num_cat=0
split_feature=10 5 4 10 10 2 7 1 1 3 7 1 7 5
split_gain=0.511816 2.05688 1.01178 0.961329 0.578526 3.10106 0.740339 1.98426 5.15242 2.27047 1.69433 1.15934 1.04698 0.0891619
threshold=0.4835000000000001 0.55500000000000016 0.0014500000000000001 0.46955000000000008 0.44190000000000007 22.150000000000002 2.7340000000000003e-05 46.850000000000001 45.650000000000013 0.029650000000000006 -0.0011786599999999998 51.650000000000013 -0.0022528849999999996 0.57500000000000007
decision_type=2 2 2 2 2 2 2 2 2 2 2 2 2 2
left_child=3 2 -2 4 6 -6 10 8 -8 -9 12 -12 -1 -3
right_child=1 13 -4 -5 5 -7 7 9 -10 -11 11 -13 -14 -15
leaf_value=0.00017390552412736707 -0.029611290430340199 0.053459801063620582 0.014409635666772681 -0.02641973302592393 0.046632665005394938 -0.029669063217696474 -0.012184178086514945 -0.021764229188389175 0.060970864671361369 0.010891221278065522 0.0050164904281680897 0.043282119249219798 -0.019902518637820374 0.023678881306434627
leaf_weight=580.33503025444224 2.5430240165442211 1.7822616822086277 2.3332520760595798 3.366326796822249 3.2556563466787329 2.0431414656341076 7.2554146933834982 21.620346074225385 3.4361369763500988 6.7555232476443043 4.9695873558521253 3.6635836199857295 6.4661898212507358 1.6046053022146223
leaf_count=4357 26 37 26 35 57 30 163 387 35 66 48 89 84 25
internal_value=0 0.0122905 -0.00767664 -0.00015884 -8.74694e-06 0.0162811 -0.000155208 -0.00681893 0.0112108 -0.0138033 0.000274685 0.0221371 -4.21585e-05 0.0418681
internal_weight=651.43 8.26314 4.87628 643.167 639.801 5.2988 634.502 39.0674 10.6916 28.3759 595.434 8.63317 586.801 3.38687
internal_count=5465 114 52 5351 5316 87 5229 651 198 453 4578 137 4441 62
is_linear=0
shrinkage=0.05


Tree=283
num_leaves=31
num_cat=0
split_feature=3 3 1 1 3 1 10 4 1 3 4 0 1 4 1 10 1 3 1 10 9 0 4 1 3 3 0 1 1 1
split_gain=0.49884 3.26758 4.42546 2.69858 3.86028 2.51689 2.011 1.7794 1.64274 1.62503 4.6602 3.88206 6.7256 15.8391 6.08922 2.83429 2.67101 2.06651 2.19115 6.32354 1.98721 3.19452 1.91804 1.6246 1.45866 3.19505 3.0783 1.20519 3.28716 3.13181
threshold=0.0075500000000000003 0.0064500000000000009 42.050000000000004 48.550000000000004 0.0062500000000000012 56.850000000000001 0.31865000000000004 0.00035000000000000005 38.650000000000013 0.0094500000000000018 0.00025000000000000006 62.500000000000007 51.050000000000004 0.00015000000000000004 54.050000000000004 0.28690000000000004 36.050000000000004 0.011050000000000003 51.150000000000013 0.35320000000000007 0.52500000000000013 67.500000000000014 0.00065000000000000008 46.250000000000007 0.0043500000000000006 0.0039500000000000013 61.500000000000007 55.150000000000013 53.650000000000013 56.550000000000004
decision_type=2 2 2 2 2 2 2 2 2 2 2 2 2 2 2 2 2 2 2 2 2 2 2 2 2 2 2 2 2 2
left_child=1 3 -3 6 24 -6 8 -4 -1 10 11 12 13 -2 -14 -12 -11 18 22 -20 21 -13 -18 -10 25 -5 -26 28 -19 -29
right_child=9 2 7 4 5 -7 -8 -9 23 16 15 20 14 -15 -16 -17 17 27 19 -21 -22 -23 -24 -25 26 -27 -28 29 -30 -31
leaf_value=0.019739567372668146 0.040720836825086482 0.053268003627073471 -0.02939772963482189 -0.019658481339345515 0.059177672929130211 -0.00028367286444751038 0.032212437842360379 0.024363697019980951 -0.053811373474148563 -0.046190442180414057 0.063291547322153349 0.045056067897508344 -0.05918455355262954 -0.062437512995982707 0.012633545314411999 0.0053384825155839413 -0.049803288405831814 0.00036663795553901662 -0.022379360505197416 0.061028645338345247 -0.0063724346892975728 -0.012769717179911792 0.0022454169702436333 -0.013073102414682137 0.013910619374502567 0.045648556663041871 -0.023188050203118996 -0.023086686359097358 0.017786815691836887 0.00069282214916669858
leaf_weight=1.8129731565713871 12.968853481113916 1.8113475963473344 20.615173840662468 2.8439973816275623 5.5694125145673743 2.3508585393428802 1.8146204887889315 1.4861704072682176 4.2228743536397797 3.0615540724247685 5.5300555340945703 9.7660793066024798 8.8154765684157592 5.0837959349155417 4.2132927179336539 3.7266797805204988 6.0470320852473396 393.39698443794623 9.1847551017999631 2.9043519534170619 4.5001539830118409 2.9401066452264777 2.2223556041717529 6.8998647555708885 10.957885880023243 4.7652454487979412 11.080547344870864 18.502711995504797 29.042568573728204 52.678680400364101
leaf_count=13 96 17 313 18 54 23 30 100 68 48 47 73 59 36 39 68 65 2815 77 29 85 18 15 46 82 46 108 198 295 484
internal_value=0 -0.00379431 -0.0190949 0.00312672 0.0103162 0.0411217 -0.0147939 -0.025464 -0.021968 0.000507789 0.00847435 0.00210252 -0.00832723 0.0112111 -0.0356596 0.0408009 -0.000370655 -7.90684e-05 -0.0156592 -0.00159449 0.0211709 0.03129 -0.0353584 -0.029327 0.001808 0.0206527 -0.00453659 0.000556419 0.00158003 -0.00544194
internal_weight=650.816 76.231 23.9127 52.3183 37.5679 7.92027 14.7503 22.1013 12.9357 574.585 57.5445 48.2878 31.0814 18.0526 13.0288 9.25674 517.041 513.979 20.3585 12.0891 17.2063 12.7062 8.26939 11.1227 29.6477 7.60924 22.0384 493.621 422.44 71.1814
internal_count=5465 918 430 488 331 77 157 413 127 4547 521 406 230 132 98 115 4026 3978 186 106 176 91 80 114 254 64 190 3792 3110 682
is_linear=0
shrinkage=0.05


Tree=284
num_leaves=17
num_cat=0
split_feature=3 3 1 1 3 1 3 3 3 3 3 3 1 1 3 1
split_gain=0.484037 3.27076 2.86733 3.37193 3.18473 2.79201 2.19956 1.82233 2.43207 4.19158 3.72289 2.25713 1.41371 1.13499 0.703491 0.0828399
threshold=0.2351 0.25040000000000007 47.350000000000001 45.45000000000001 0.32860000000000006 43.050000000000004 0.54375000000000007 0.20560000000000003 0.19675000000000004 0.17785000000000004 0.16200000000000003 0.13845000000000005 50.250000000000007 59.150000000000013 1.1536500000000001 50.650000000000013
decision_type=2 2 2 2 2 2 2 2 2 2 2 2 2 2 2 2
left_child=7 -2 3 5 -4 -3 12 8 9 10 11 -1 -6 -12 -8 -11
right_child=1 2 4 -5 6 -7 14 -9 -10 15 13 -13 -14 -15 -16 -17
leaf_value=-3.90652640668782e-05 -0.053324510741878474 0.0240169248560652 -0.059165283850252104 0.046430593867511805 -0.018465361076713822 -0.034698456622381517 -0.038315209679165269 0.036266854201823476 -0.042486584138201035 0.028351344400007219 -0.058322102668501755 0.023657566492192982 0.020050620064418934 -0.007914379428580252 -0.0061590861148469941 0.052820867188606638
leaf_weight=581.56488418357912 3.1648403424769631 4.1135789882391673 2.9974652454257038 5.6116272732615471 3.0808148644864586 3.7586640976369381 4.2826910950243464 3.4126240424811831 3.2265713363885871 2.3290656059980384 3.4079476259648791 10.118957253172992 8.5332937538623792 2.0590739045292139 3.5488030984997749 3.0611964892596006
leaf_count=4880 53 33 22 37 31 32 45 23 21 24 38 79 80 27 19 21
internal_value=0 -0.00538087 -0.000882386 0.017116 -0.0119456 -0.00347361 -0.00414564 0.000351654 0.000135118 0.000378664 -1.28017e-05 0.000361674 0.00933643 -0.0407181 -0.0246356 0.0438676
internal_weight=648.272 39.0918 35.9269 13.4839 22.4431 7.87224 19.4456 609.18 605.768 602.541 597.151 591.684 11.6141 5.46702 7.83149 5.39026
internal_count=5465 352 299 102 197 65 175 5113 5090 5069 5024 4959 111 65 64 45
is_linear=0
shrinkage=0.05


Tree=285
num_leaves=22
num_cat=0
split_feature=2 2 3 2 3 4 3 2 3 3 2 3 2 3 2 4 4 3 3 2 0
split_gain=0.482277 1.53601 2.28593 0.953503 0.829649 2.68025 2.4015 4.673 2.1477 2.66533 3.41796 2.13386 2.09883 3.91509 3.14553 1.75074 2.27337 0.472437 0.280212 0.379586 0.0955377
threshold=46.750000000000007 59.400000000000013 0.0078500000000000011 45.95000000000001 0.22465000000000004 0.0025500000000000006 0.065300000000000011 15.350000000000003 0.34235000000000004 0.40495000000000009 17.950000000000003 0.062150000000000004 29.950000000000003 0.067650000000000002 35.70000000000001 0.010900000000000002 0.0075500000000000003 0.18300000000000002 0.54740000000000011 53.45000000000001 64.500000000000014
decision_type=2 2 2 2 2 2 2 2 2 2 2 2 2 2 2 2 2 2 2 2 2
left_child=3 2 -2 4 5 6 11 -8 15 -10 -11 -1 13 -7 -14 16 -6 20 19 -4 -3
right_child=1 17 18 -5 8 12 7 -9 9 10 -12 -13 14 -15 -16 -17 -18 -19 -20 -21 -22
leaf_value=-0.00016398595434025253 0.043575732180072761 -0.0098155349314587702 -0.053367422543799441 0.02871413241289382 -0.045344244045447256 -0.038733935496027556 0.008194150902989179 -0.026761948236556289 0.039964834777367092 0.018024726490999645 -0.021460756673186254 0.0286032083511445 0.060647334922273755 0.0091804246564683167 0.0074438323157083527 -0.054174045552882882 0.0081237686828205102 0.032940324924857121 -0.0069595250002314289 -0.012360593121470236 0.0063535970402316816
leaf_weight=475.91455218067858 0.85184704605489781 1.4355809129774573 3.3581673325970769 2.8160988134331992 2.9898980967700464 4.4783331640064707 15.725293818861244 23.481938857585192 3.6389923058450249 8.9372873753309268 13.606664909049867 6.4320769794285289 4.6138707771897298 57.328783700242639 7.4750736244022846 3.5231623649597159 5.2072871420532465 1.4343177173286674 0.98425996303558339 1.178167059086263 2.1517509669065475
leaf_count=3943 23 34 106 24 26 26 125 242 36 80 128 41 36 405 42 52 32 13 4 24 23
internal_value=0 -0.0101483 -0.0264847 0.000185669 4.64155e-05 0.000511309 -0.000743108 -0.0126293 -0.00710749 0.000691226 -0.00557592 0.000215109 0.00942152 0.00557099 0.0284907 -0.0248111 -0.0110874 0.00971857 -0.0387678 -0.044292 0
internal_weight=647.563 11.3941 6.37244 636.169 633.353 595.45 521.554 39.2072 37.9033 26.1829 22.544 482.347 73.8961 61.8071 12.0889 11.7203 8.19719 5.02165 5.52059 4.53633 3.58733
internal_count=5465 227 157 5238 5214 4860 4351 367 354 244 208 3984 509 431 78 110 58 70 134 130 57
is_linear=0
shrinkage=0.05


Tree=286
num_leaves=13
num_cat=0
split_feature=14 8 2 2 1 8 8 8 1 8 1 2
split_gain=0.504028 0.793617 1.2718 0.770417 0.98043 0.686062 3.17737 2.10063 2.07705 1.82436 0.871705 0.0639114
threshold=51.440000000000005 656974312.00000012 15.350000000000003 10.600000000000001 50.850000000000001 136482545.10000002 132454429.60000001 136678915.80000004 56.850000000000001 116193620.00000001 51.750000000000007 9.8500000000000032
decision_type=2 2 2 2 2 2 2 2 2 2 2 2
left_child=1 3 -3 4 11 6 9 -7 -9 -5 -8 -1
right_child=-2 2 -4 5 -6 7 10 8 -10 -11 -12 -13
leaf_value=-0.019528259298033538 0.018141060573061803 0.014646994960702989 -0.051803824098268107 -0.00011029982885140968 0.0061899632054903241 0.062447376799302394 -0.05494348743538268 -0.00012126680146093314 0.044627644533371619 0.033117188640175974 -0.0052349907921874321 -0.051957541947629041
leaf_weight=1.1159051153808826 3.7073681019246569 0.96652878075838033 1.7414546818472443 596.94814691937063 1.6307313796132801 1.5574147850275064 3.2444122834131113 26.01748449285515 2.7541621171403667 4.0587256150320163 1.5489948019385336 1.3787652859464286
leaf_count=28 32 11 41 4696 13 8 57 406 74 57 12 30
internal_value=0 -0.000104879 -0.0266287 3.63711e-06 -0.0212676 0.000152765 -0.000207155 0.00748326 0.00412887 0.000111246 -0.0403372 -0.0406901
internal_weight=646.67 642.963 2.70798 640.255 4.1254 636.129 605.8 30.3291 28.7716 601.007 4.79341 2.49467
internal_count=5465 5433 52 5381 71 5310 4822 488 480 4753 69 58
is_linear=0
shrinkage=0.05


Tree=287
num_leaves=18
num_cat=0
split_feature=10 9 2 10 3 3 3 1 1 2 2 1 2 2 2 1 1
split_gain=0.481645 3.02568 1.66207 0.905347 0.630772 3.25637 2.71657 2.85417 4.3205 2.21112 1.9801 3.39192 2.71197 1.28737 3.57906 2.775 0.313652
threshold=0.4835000000000001 0.33765000000000006 19.050000000000004 0.46955000000000008 0.021050000000000003 0.020350000000000004 0.021950000000000001 49.550000000000004 43.250000000000007 26.950000000000003 12.15 49.350000000000001 14.65 41.800000000000004 37.650000000000013 49.550000000000004 52.150000000000013
decision_type=2 2 2 2 2 2 2 2 2 2 2 2 2 2 2 2 2
left_child=3 -2 16 4 5 13 7 8 -6 -7 11 -8 -12 14 -1 -15 -3
right_child=1 2 -4 -5 6 9 10 -9 -10 -11 12 -13 -14 15 -16 -17 -18
leaf_value=0.0004707714501482219 -0.051882036457082441 0.055404575005005535 -0.005103408852633654 -0.025691347806288057 0.0032295294361049474 0.05130817812477452 -0.024343120207480896 0.0068901458905958604 -0.061779683998260809 0.0024860029239321224 -0.015133482154764226 0.034651548155617884 0.00028834156663389384 0.0016099816739311287 0.030217810428380711 -0.03470171108251361 0.018379655982592568
leaf_weight=255.68354696966708 1.3798348680138568 2.8685062229633331 2.3989519500173628 3.3517417064867905 3.9343151450157148 5.3434849232435209 3.1283107576891771 5.4336607307195655 6.4777999818325043 4.4526020437479019 31.618497291579843 9.1308607170358282 276.31810642872006 15.038894137367608 10.448468606919048 7.7945223932620129 1.4745611995458601
leaf_count=2347 21 31 38 35 20 33 71 34 41 37 231 84 2068 123 95 132 24
internal_value=0 0.0120263 0.0264038 -0.00015312 -6.37824e-06 0.00165696 -0.00150011 -0.0216495 -0.0369427 0.0298717 -0.000480906 0.0191175 -0.00128332 0.000673159 0.00166835 -0.0106648 0.0446558
internal_weight=646.277 8.12185 6.74202 638.155 634.803 298.762 336.042 15.8458 10.4121 9.79609 320.196 12.2592 307.937 288.965 266.132 22.8334 4.34307
internal_count=5465 114 93 5351 5316 2767 2549 95 61 70 2454 155 2299 2697 2442 255 55
is_linear=0
shrinkage=0.05


Tree=288
num_leaves=14
num_cat=0
split_feature=14 2 1 8 2 3 3 2 3 2 3 2 2
split_gain=0.466864 0.74614 0.883198 0.744079 1.21145 0.710848 3.39543 1.35823 1.22635 4.95821 3.65807 0.912139 0.068709
threshold=51.440000000000005 10.600000000000001 50.850000000000001 656974312.00000012 15.350000000000003 0.004850000000000001 0.0043500000000000006 30.250000000000004 0.0064500000000000009 29.850000000000005 0.0069500000000000004 17.550000000000004 9.8500000000000032
decision_type=2 2 2 2 2 2 2 2 2 2 2 2 2
left_child=1 2 12 5 -5 6 7 -3 9 -7 -10 -8 -1
right_child=-2 3 -4 4 -6 8 11 -9 10 -11 -12 -13 -14
leaf_value=-0.018628993914554186 0.017452218676715311 0.024431912363986698 0.0044602215053285779 0.013992980419034138 -0.051277723985714674 0.01693806320253451 -0.063666250604511851 -0.014403575539905584 -0.04016027058409502 -0.03695756798821697 0.00025156222704951037 -0.017632142501748018 -0.051379484384067586
leaf_weight=1.0939032118767493 3.710659082978963 5.1115361126139742 1.6465440094470976 0.96422846615314428 1.6748556504026053 30.729824770241976 2.642186318524181 3.7187665402889252 5.5535961922723791 4.8131766729056826 579.81906058057211 2.5802942188456655 1.3402304174378512
leaf_count=28 32 52 13 11 41 248 21 35 229 59 4626 40 30
internal_value=0 -0.00010071 -0.0211567 2.95045e-05 -0.0259645 0.000149486 -0.010918 0.00753882 0.000409739 0.00941611 -0.00013009 -0.04262 -0.0399503
internal_weight=645.399 641.688 4.08068 637.608 2.63908 634.968 14.0528 8.8303 620.916 35.543 585.373 5.22248 2.43413
internal_count=5465 5433 71 5362 52 5310 148 87 5162 307 4855 61 58
is_linear=0
shrinkage=0.05


Tree=289
num_leaves=31
num_cat=0
split_feature=1 3 3 3 1 4 1 1 1 4 3 3 3 3 1 3 3 4 4 3 1 3 3 3 3 1 1 1 3 3
split_gain=0.455354 2.57103 6.66603 4.30428 5.14729 3.56837 2.847 2.5504 6.28684 2.32138 3.79467 3.42758 8.02459 4.09905 2.26622 2.26672 7.29349 3.75782 4.54522 3.66031 2.93272 3.95241 1.54676 6.86708 2.85794 1.40502 2.4022 1.59387 1.18187 2.60096
threshold=52.750000000000007 0.016350000000000003 0.019150000000000004 0.0117 65.550000000000011 0.00035000000000000005 58.95000000000001 60.150000000000013 58.650000000000013 0.013800000000000002 0.54385000000000006 0.041150000000000006 0.027500000000000004 0.042850000000000006 51.750000000000007 0.016350000000000003 0.017350000000000001 0.00085000000000000017 0.00065000000000000008 0.011050000000000003 51.650000000000013 0.017950000000000004 0.0084500000000000009 0.0095500000000000012 0.0077500000000000008 69.800000000000011 61.850000000000001 71.250000000000014 0.016650000000000002 0.061050000000000007
decision_type=2 2 2 2 2 2 2 2 2 2 2 2 2 2 2 2 2 2 2 2 2 2 2 2 2 2 2 2 2 2
left_child=14 3 5 6 7 -3 22 8 -5 11 -11 12 -4 -13 15 17 -17 18 19 -1 21 -18 24 -24 -2 26 -8 -27 -16 -30
right_child=1 2 9 4 -6 -7 25 -9 -10 10 -12 13 -14 -15 28 16 20 -19 -20 -21 -22 -23 23 -25 -26 27 -28 -29 29 -31
leaf_value=-0.0012074176018624047 -0.0033026509423092713 0.0019977101223395224 -0.01833641814591528 -0.037023750096614121 0.033986846299024862 0.055386839033309966 0.0070103734217664753 -0.067143604935855528 0.050167226038872637 0.055135599092641464 -0.026937127413989334 -0.047413789971292863 0.031792016288221696 -0.0062707621461774998 0 -0.058945304451378182 0.064236711851515652 0.053337257653417416 -0.066010268223281682 0.016422631503798375 -0.048055590140697671 -0.0015223635291176593 0.047146830951158042 -0.02139305065596336 -0.036879517064433071 -0.063461042366422457 0.052569714881694957 0.010073094689038921 0.031615614370490638 -0.0023925091921144239
leaf_weight=83.168077133595943 19.553557965438817 5.2484087869524947 14.609530970454218 14.599003996234396 2.9695114195346823 8.4942150786519033 8.3268303014338034 4.8078614994883528 2.2726168036460868 4.0870659742504349 1.9550504162907598 7.0657465159893027 17.209237217903137 42.55444459291175 12.459718970581887 5.5522337742149821 2.2017466574907294 3.8477069064974776 2.1891383528709403 45.080575565807521 3.252831269055604 277.16722784424201 5.8472300767898551 9.3117111064493638 9.5776834245771152 0.95236602425575201 4.6422012560069552 2.1420927115250379 15.296849380247297 8.4247693549841625
leaf_count=899 210 35 96 149 20 103 67 33 14 57 23 34 152 489 158 47 15 38 14 310 20 1949 40 62 99 13 62 55 143 59
internal_value=0 -0.00208481 0.00326216 -0.00850726 -0.0260776 0.0355201 -0.00121742 -0.0346526 -0.0247581 -0.00178299 0.027759 -0.00406745 0.00863365 -0.0123135 0.000846256 -0.000171909 -0.00268335 0.00517837 0.00367969 0.00495872 -0.00153991 -0.000963416 -0.00783437 0.00485275 -0.0146014 0.0166531 0.0239782 -0.0122711 0.01284 0.0193683
internal_weight=644.867 186.226 101.224 85.0027 24.649 13.7426 60.3537 21.6795 16.8716 87.4811 6.04212 81.439 31.8188 49.6202 458.641 422.46 288.174 134.285 130.438 128.249 282.622 279.369 44.2902 15.1589 29.1312 16.0635 12.969 3.09446 36.1813 23.7216
internal_count=5465 1813 989 824 216 138 608 196 163 851 80 771 248 523 3652 3292 2031 1261 1223 1209 1984 1964 411 102 309 197 129 68 360 202
is_linear=0
shrinkage=0.05


Tree=290
num_leaves=31
num_cat=0
split_feature=3 3 2 2 1 2 5 2 2 2 2 2 3 4 5 1 4 1 8 5 1 9 3 1 7 4 2 3 2 8
split_gain=0.442459 2.8594 7.10115 3.4494 3.65872 3.08944 3.41208 3.05585 2.69996 2.32235 2.0924 1.90339 1.56419 4.10812 3.36314 6.06324 14.7229 5.77554 4.0614 3.08652 2.53172 2.51821 1.8777 2.06761 3.62997 1.78788 1.64512 4.95896 2.96227 1.32879
threshold=0.0075500000000000003 0.0064500000000000009 32.150000000000013 30.250000000000004 56.45000000000001 37.250000000000007 0.56500000000000006 30.800000000000001 26.050000000000004 40.550000000000004 13.350000000000003 44.300000000000004 0.0094500000000000018 0.00025000000000000006 0.56500000000000006 51.050000000000004 0.00015000000000000004 54.050000000000004 160914465.00000003 0.6150000000000001 36.050000000000004 0.6946500000000001 0.011050000000000003 51.150000000000013 -0.50147580499999989 0.00065000000000000008 16.050000000000004 0.017350000000000001 16.250000000000004 151157180.00000003
decision_type=2 2 2 2 2 2 2 2 2 2 2 2 2 2 2 2 2 2 2 2 2 2 2 2 2 2 2 2 2 2
left_child=1 3 -3 4 8 -4 -7 -5 10 -9 -1 -11 13 14 15 16 -2 -17 19 -16 -14 -15 23 25 -25 -22 27 -24 -28 -23
right_child=12 2 5 7 -6 6 -8 9 -10 11 -12 -13 20 21 18 17 -18 -19 -20 -21 22 29 26 24 -26 -27 28 -29 -30 -31
leaf_value=0.036406763743718949 0.039966220736568615 -0.039951817653297791 0.057975184431849951 -0.069055227528884433 0.049518154816063142 -0.028789286096371165 0.050740553476832241 0.046704368987987188 0.046371246077377574 -0.051645127027175879 -0.0047292805840392933 0.014811130827515557 -0.045522651054541452 0.061035649082701066 0.042478133793530777 -0.057029495167710824 -0.060920043788497517 0.013693155661320879 -0.038117249643459916 -0.012861290824323383 -0.048716400013291243 -0.014151441721485431 -0.029088697132235199 -0.01924761810477206 0.041218517126750426 0.0019862421341618917 0.031594215298398683 0.00031531894956760389 0.0012283726084842364 0.047187812247650694
leaf_weight=3.3179545085877171 12.688349515199667 14.340223115636038 2.8907499238848668 2.7020213305950147 4.7802518196403971 4.2302220105193555 1.8466494176536796 1.4838653113692997 3.2309682331979266 2.4546636343002319 31.813646210590377 1.6418146062642334 2.9881731849163762 5.30980037152767 11.381414067000152 8.5834156740456802 4.9228920117020598 4.1247988902032366 2.3829517625272265 3.0151127539575091 5.8763280515559035 2.4511660663411026 17.903768109157681 8.4548111446201784 3.3884258493781081 2.1804723683744669 8.1199891036376339 68.854757782071829 393.7996847932227 1.2147085331380365
leaf_count=37 96 328 19 13 45 41 42 21 36 32 274 30 48 50 120 59 36 39 35 21 65 46 157 69 37 15 62 581 2992 19
internal_value=0 -0.00361394 -0.0181313 0.00289124 0.00866341 0.0162666 -0.00338196 -0.0263241 0.00332711 -0.00390192 -0.000610018 -0.0241006 0.000476276 0.00840014 0.00234642 -0.00747064 0.0112983 -0.0337565 0.0203206 0.0305345 -0.000383987 0.0392396 -0.000100046 -0.0151244 -0.00132895 -0.0345253 0.000504516 -0.00572153 0.001862 0.00555928
internal_weight=642.374 74.733 23.3078 51.4252 43.1428 8.96762 6.07687 8.28236 38.3626 5.58034 35.1316 4.09648 567.641 56.0746 47.0989 30.3195 17.6112 12.7082 16.7795 14.3965 511.566 8.97567 508.578 19.9 11.8432 8.0568 488.678 86.7585 401.92 3.66587
internal_count=5465 918 430 488 392 102 83 96 347 83 311 62 4547 521 406 230 132 98 176 141 4026 115 3978 186 106 80 3792 738 3054 65
is_linear=0
shrinkage=0.05


Tree=291
num_leaves=31
num_cat=0
split_feature=1 4 2 1 0 4 2 2 2 1 2 4 7 2 2 1 1 2 2 0 1 0 8 10 8 2 10 4 10 7
split_gain=0.440633 2.10968 2.79507 2.29163 5.04514 3.27556 4.17817 2.69884 3.88351 5.10317 3.54021 4.66312 3.40436 2.23636 2.53938 2.16662 2.0713 2.30748 2.31885 2.20353 3.59401 1.8669 1.29375 2.21661 1.76723 1.78043 1.57967 4.86883 2.09217 1.4315
threshold=52.750000000000007 0.013800000000000002 17.650000000000002 53.750000000000007 62.500000000000007 0.00015000000000000004 31.550000000000004 18.950000000000003 14.450000000000001 55.150000000000013 23.250000000000004 0.00015000000000000004 -0.0010800699999999998 30.800000000000001 20.550000000000004 54.95000000000001 51.850000000000001 18.950000000000003 12.15 62.500000000000007 52.250000000000007 65.500000000000014 224292808.00000003 0.31945000000000007 182190405.00000003 19.150000000000002 0.35320000000000007 0.00075000000000000012 0.30445000000000005 8.983500000000001e-05
decision_type=2 2 2 2 2 2 2 2 2 2 2 2 2 2 2 2 2 2 2 2 2 2 2 2 2 2 2 2 2 2
left_child=16 3 -3 4 13 -6 -7 8 15 -10 12 -12 -9 14 -2 -5 22 18 -18 20 -20 -21 24 29 26 -26 28 -28 -1 -24
right_child=1 2 -4 7 5 6 -8 10 9 -11 11 -13 -14 -15 -16 -17 17 -19 19 21 -22 -23 23 -25 25 -27 27 -29 -30 -31
leaf_value=0.00035875364509169302 -0.035730953596815405 -0.028881788965203121 0.047410830758746129 -0.045404584981043834 0.052894025057035887 -0.020119542772861203 0.034024617796418292 -0.02212789648247114 0.044308672458447856 0.00067377101196571193 -0.020485872398170221 0.010554950713618285 0.038333404116060066 -0.070774003179941813 0.0039353172853789338 0.00020393272437680025 0.041946773933859718 0.026569069860256995 0.012134949203132409 0.051972333622068018 -0.052409190721152334 -0.0088065109457201845 0.050301334766107597 -0.044224194185152617 0.066550583596083721 -0.003072734250977724 -0.037594893748303319 0.0096351318779407391 0.041393191796027233 -0.017740520599915679
leaf_weight=389.72772320453078 12.423839055001741 1.477901181206106 4.372515432536602 3.2973494976758948 2.8836024701595333 11.860862705856563 4.948832919355481 31.252013567835093 12.957145923515784 14.258280460489912 16.207683218643069 46.409723007120192 2.3685917449183753 2.9906014353036872 5.6090927496552458 10.239525293931363 2.587951801717284 15.853204507380722 3.5942840278148633 2.0925025339238337 4.8323123045265675 2.6708350458648056 1.2537697032093993 4.1801162799820304 1.9062598720192903 1.4380949214100835 10.441834253608251 10.992196718230842 3.0354384118691078 1.582916836021468
leaf_count=2803 85 20 60 30 28 113 47 230 137 181 158 474 59 28 41 122 22 179 31 26 37 27 20 105 11 38 140 117 63 33
internal_value=0 -0.00206663 0.0271364 -0.00307088 -0.01347 0.00449406 -0.00377668 0 0.0107968 0.0217174 -0.00453916 0.00242087 -0.017619 -0.0304758 -0.0231635 -0.0107904 0.000833754 0.0131572 -8.62556e-05 -0.00896321 -0.0244727 0.0173848 -7.54934e-05 -0.0212236 0.000272926 0.0359404 -1.16014e-05 -0.0132091 0.000699068 0.0113191
internal_weight=639.747 183.558 5.85042 177.707 40.7168 19.6933 16.8097 136.99 40.7523 27.2154 96.238 62.6174 33.6206 21.0235 18.0329 13.5369 456.189 31.6311 15.7779 13.1899 8.4266 4.76334 424.558 7.0168 417.542 3.34435 414.197 21.434 392.763 2.83669
internal_count=5465 1813 80 1733 342 188 160 1391 470 318 921 632 289 154 126 152 3652 322 143 121 68 53 3330 158 3172 49 3123 257 2866 53
is_linear=0
shrinkage=0.05


Tree=292
num_leaves=26
num_cat=0
split_feature=3 4 9 4 3 0 3 0 3 1 1 1 1 0 4 2 4 3 1 2 1 1 1 2 2
split_gain=0.515484 4.53899 5.65753 4.98278 9.90347 5.88472 4.19118 3.23539 2.503 2.69003 4.96905 2.28655 2.08549 2.07879 6.00594 5.66049 3.18276 10.0649 9.8937 4.45846 2.64724 2.25528 2.13241 1.8938 1.37937
threshold=0.021050000000000003 0.00095000000000000011 0.59540000000000004 0.00065000000000000008 0.019350000000000003 61.500000000000007 0.019150000000000004 61.500000000000007 0.021950000000000001 49.550000000000004 43.050000000000004 47.150000000000013 72.700000000000003 64.500000000000014 0.00055000000000000003 19.450000000000003 0.00045000000000000004 0.023050000000000005 52.250000000000007 21.050000000000004 60.350000000000001 48.95000000000001 52.350000000000001 15.65 37.650000000000013
decision_type=2 2 2 2 2 2 2 2 2 2 2 2 2 2 2 2 2 2 2 2 2 2 2 2 2
left_child=1 3 -3 4 6 24 12 -6 9 10 -2 -7 -1 16 -15 23 18 -18 21 -20 -19 -10 -17 -16 -5
right_child=8 2 -4 5 7 11 -8 -9 13 -11 -12 -13 -14 14 15 22 17 20 19 -21 -22 -23 -24 -25 -26
leaf_value=0.00084821302597117606 0.010467865007468203 0.056579420208847188 -0.026199002569273617 -0.068526340120675142 0.07046893837375158 -0.019850558164219146 -0.060947885511076584 0.015003761551296436 -0.022415774155594228 0.006760092282726133 -0.061319254700261998 0.055923052750285265 -0.046288091967083417 0.057600708129233874 0.01019774759359228 -0.032605897452590828 0.081785047878325315 -0.0023949453693561818 0.057355525030867507 -0.015995685474714496 0.025417151793606568 -0.067661910097182601 0.00081072098398197047 0.053230458268368877 -0.018499129118820141
leaf_weight=257.77342904760735 3.5485601127147657 7.4744441639631969 2.6755221486091614 5.7637027427554113 6.4482064098119718 1.7198261283338063 2.7134491428732863 4.9528726637363434 5.41455025970936 5.43283987045288 6.629520870745182 1.9665463492274282 2.2662721467204383 5.7038849368691436 6.0836519114673155 8.8175649708136934 3.5806886330246916 258.51538243889809 4.1829962953925124 3.7934176474809647 8.7286584144458157 6.9993236809968948 9.6584394183009845 4.9031815845519304 2.3230995642952621
leaf_count=2436 18 82 23 38 38 23 18 23 33 34 43 25 55 35 50 120 16 1926 40 26 153 31 111 39 29
internal_value=0 0.0015316 0.0342286 0.000341871 0.00173191 -0.031348 -0.000236909 0.0471484 -0.00131764 -0.020817 -0.0359461 0.0196608 0.000400559 -0.000363577 0.0110823 0.00174297 -0.00176625 -0.000309846 -0.0207704 0.022086 -0.00145868 -0.0486633 -0.0149577 0.0301602 -0.0551672
internal_weight=638.07 296.077 10.15 285.927 274.154 11.7732 262.753 11.4011 341.993 15.6109 10.1781 3.68637 260.04 326.382 35.1667 29.4628 291.215 270.825 20.3903 7.97641 267.244 12.4139 18.476 10.9868 8.0868
internal_count=5465 2790 105 2685 2570 115 2509 61 2675 95 61 48 2491 2580 355 320 2225 2095 130 66 2079 64 231 89 67
is_linear=0
shrinkage=0.05


Tree=293
num_leaves=31
num_cat=0
split_feature=1 4 2 1 0 4 2 2 2 1 2 4 7 2 2 1 1 0 4 4 4 4 2 1 2 0 1 2 4 1
split_gain=0.460154 1.96403 2.61998 2.10288 4.60212 3.08921 3.82715 2.446 3.50355 4.75481 3.27173 4.20426 3.07655 2.10745 2.36128 2.00332 1.84839 3.99612 5.39712 8.96564 3.70066 1.93488 3.0405 3.0377 1.8522 6.2802 5.80932 4.93199 3.57187 2.73201
threshold=52.750000000000007 0.013800000000000002 17.650000000000002 53.750000000000007 62.500000000000007 0.00015000000000000004 31.550000000000004 18.950000000000003 14.450000000000001 55.150000000000013 23.250000000000004 0.00015000000000000004 -0.0010800699999999998 30.800000000000001 20.550000000000004 54.850000000000001 50.750000000000007 62.500000000000007 0.00025000000000000006 0.00035000000000000005 0.0050500000000000015 0.0016500000000000002 18.150000000000002 52.150000000000013 18.250000000000004 60.500000000000007 48.750000000000007 17.450000000000003 0.00035000000000000005 48.350000000000001
decision_type=2 2 2 2 2 2 2 2 2 2 2 2 2 2 2 2 2 2 2 2 2 2 2 2 2 2 2 2 2 2
left_child=16 3 -3 4 13 -6 -7 8 15 -10 12 -12 -9 14 -2 -5 24 20 -19 -20 21 22 -18 -23 25 26 -1 28 -27 -26
right_child=1 2 -4 7 5 6 -8 10 9 -11 11 -13 -14 -15 -16 -17 17 18 19 -21 -22 23 -24 -25 29 27 -28 -29 -30 -31
leaf_value=0.074472632013252285 -0.034636003236608821 -0.027959024626364976 0.046552518615192821 -0.04584574363144895 0.051976575128717908 -0.019593047848920936 0.032334508171360674 -0.021375675604280053 0.042653547923532771 0.00031942631850630942 -0.019524638067485202 0.0099714969104318773 0.036840318970323138 -0.069265584900842628 0.0036970650698341951 0 0.01206621317232563 0.058296850610697372 -0.054452791293166859 0.023431196085694949 0.040688341069689077 -0.047837051667303981 -0.016001371195192682 0.011116205167988183 -0.0015213449723814544 -0.020215406765347929 -0.011584688062697131 -0.050083225928637488 0.0012721143201870288 0.009884153037540519
leaf_weight=4.286432519555091 12.249226965010171 1.455687935464083 4.2306265775114298 2.9734000461176029 2.7896266654133823 11.759504291694613 4.9343452542088917 31.0131716132164 12.761172813829036 14.196896123234181 16.195767169818282 46.231126232771203 2.2992726839147499 2.8981607817113391 5.5977208688855162 10.491080705076454 21.56813319819048 7.4765757741406551 4.3492313916794982 21.198180365376174 4.7102663218975058 5.7358689308166486 17.279800502816215 3.2529042214155197 201.67215886386111 30.89269317407161 3.3455808833241463 7.1516351476311675 50.371008160756901 70.674131840467453
leaf_count=33 85 20 60 28 28 113 47 230 137 181 158 474 59 28 41 124 154 88 33 213 29 46 169 21 1532 302 22 85 438 487
internal_value=0 -0.00211685 0.02646 -0.00308089 -0.0131103 0.00411633 -0.0038455 -7.35904e-05 0.0101876 0.0206275 -0.00446428 0.00222019 -0.0171096 -0.0294713 -0.0223806 -0.0103443 0.000857706 0.00747784 0.0210862 0.00981654 -0.0010034 -0.00528921 -0.000299074 -0.026065 -0.000668071 -0.00664352 0.0364398 -0.0104559 -0.0068498 0.00142258
internal_weight=636.041 182.077 5.68631 176.39 40.2286 19.4835 16.6938 136.162 40.4225 26.9581 95.7393 62.4269 33.3124 20.7451 17.8469 13.4645 453.965 85.571 33.024 25.5474 52.547 47.8367 38.8479 8.98877 368.394 96.0473 7.63201 88.4153 81.2637 272.346
internal_count=5465 1813 80 1733 342 188 160 1391 470 318 921 632 289 154 126 152 3652 753 334 246 419 390 323 67 2899 880 55 825 740 2019
is_linear=0
shrinkage=0.05


Tree=294
num_leaves=31
num_cat=0
split_feature=3 4 4 3 9 0 3 4 1 7 4 1 4 3 3 1 3 3 4 4 3 1 0 1 3 1 4 0 3 1
split_gain=0.501592 4.21265 5.71908 10.7782 5.35772 4.12287 2.33895 6.02024 17.7812 14.5763 5.73076 9.60084 5.27331 4.85988 4.13883 13.9072 3.65708 3.47744 3.24148 3.92237 4.81788 2.94814 2.9077 2.63987 2.0163 1.47651 0.991282 3.99072 2.36102 0.902877
threshold=0.020950000000000003 0.00095000000000000011 0.00065000000000000008 0.019550000000000001 0.59740000000000004 61.500000000000007 0.029650000000000006 0.00045000000000000004 50.050000000000004 4.8060000000000004e-05 0.0011500000000000002 42.750000000000007 0.00025000000000000006 0.038750000000000007 0.042850000000000006 45.750000000000007 0.047550000000000009 0.049350000000000012 0.00055000000000000003 0.0015500000000000004 0.030250000000000003 49.250000000000007 61.500000000000007 57.45000000000001 0.021950000000000001 56.050000000000004 0.00035000000000000005 64.500000000000014 0.012050000000000002 46.750000000000007
decision_type=2 2 2 2 2 2 2 2 2 2 2 2 2 2 2 2 2 2 2 2 2 2 2 2 2 2 2 2 2 2
left_child=1 2 3 26 -3 29 7 12 10 23 11 -9 -2 18 15 -15 22 -18 -8 20 -20 -17 -16 -10 -12 -14 28 -28 -1 -4
right_child=6 4 5 -5 -6 -7 13 8 9 -11 24 -13 25 14 16 21 17 -19 19 -21 -22 -23 -24 -25 -26 -27 27 -29 -30 -31
leaf_value=0.0012522606136630508 0.0071482593470891826 0.052240220877079246 -0.026489100388986747 0.060721981700944616 -0.037560716427565144 0.012864540368319813 0.04427039515144722 0.017295343236295654 0.066123741551105189 -0.054593793928635018 -0.0096761108756650352 -0.046016789451558689 -0.064839339631870357 0.085286786833717265 -0.012327796140901131 -0.058468403847998209 -0.031968603409135918 0.0006106901545311806 0.03204069629724695 0.047566903794919055 -0.019974163136600814 -0.019000151484146285 0.049717493469191604 0.014045108503372495 0.037307659258827279 -0.026245931486041596 0.011208596949849619 -0.019751562070087558 -0.011897574741499434 -0.067177939174959039
leaf_weight=153.09244775387924 5.2277459204196957 7.8381760288029891 2.7894206345081312 7.4547769352793685 1.9563436470925806 3.0524141774512827 9.0598721373826248 7.7768084481358555 13.456631183624273 3.4753647521138182 4.0875488072633726 23.977352412417531 8.1032634526491147 2.5772326886653927 2.4557921681553108 8.4055216293782014 8.4542594794183952 188.57270206790417 6.7984487786889138 5.0768473185598841 12.413056593388317 12.257640935480593 6.3658103235065937 3.356578715145587 4.6494942158460617 4.622444622218608 55.283763150917366 12.636640270124188 43.665871249511838 5.0940428311005235
leaf_count=1493 27 85 22 44 20 38 91 68 75 41 25 142 40 14 20 83 51 1605 36 43 82 97 64 30 22 31 536 159 336 45
internal_value=0 0.00152449 0.000385518 0.00183326 0.0335998 -0.034878 -0.00129589 -0.00885466 -0.00123664 0.0367741 -0.0204492 -0.0303486 -0.0342181 0.000955262 -0.00162337 -0.0215836 0.000615248 -0.000777403 0.0187708 0.00891163 -0.00123795 -0.0355004 0.0319401 0.0561669 0.0149002 -0.0515246 0.000133451 0.00535436 -0.0016452 -0.0539194
internal_weight=634.034 292.864 283.069 272.133 9.79452 10.9359 341.17 78.7332 60.7798 20.2886 40.4912 31.7542 17.9535 262.437 229.089 23.2404 205.849 197.027 33.3482 24.2884 19.2115 20.6632 8.8216 16.8132 8.73704 12.7257 264.679 67.9204 196.758 7.88346
internal_count=5465 2778 2673 2568 105 105 2687 501 403 146 257 210 98 2186 1934 194 1740 1656 252 161 118 180 84 105 47 71 2524 695 1829 67
is_linear=0
shrinkage=0.05


Tree=295
num_leaves=16
num_cat=0
split_feature=3 3 1 2 3 4 3 3 3 3 3 2 1 2 1
split_gain=0.50581 2.83819 2.94688 4.11965 2.83598 1.92509 1.73721 1.71612 4.23294 2.76898 3.37954 1.30177 0.826604 0.747101 0.201074
threshold=0.2351 0.25040000000000007 47.350000000000001 23.850000000000005 0.32860000000000006 0.016250000000000004 0.54375000000000007 0.20560000000000003 0.19675000000000004 0.17785000000000004 0.16200000000000003 16.350000000000005 43.050000000000004 18.150000000000002 45.550000000000004
decision_type=2 2 2 2 2 2 2 2 2 2 2 2 2 2 2
left_child=5 -2 3 14 -4 7 11 8 9 10 -1 -6 -5 -8 -3
right_child=1 2 4 12 6 -7 13 -9 -10 -11 -12 -13 -14 -15 -16
leaf_value=0.00027420120179110305 -0.052446192707397282 0.030507084156911075 -0.058369001952178062 0.010621842936965404 0.034954799666266689 0.035856251300591377 -0.0085475492236637366 0.03494630061890653 -0.062638337951758397 0.039430140820736481 -0.039657901867494502 -0.0029015817858499232 -0.021961738278537563 -0.042127562441870825 0.058799436065671506
leaf_weight=573.64314542047214 2.8837347775697699 2.5722746755927783 2.8853027001023319 3.2223946452140808 2.9255258310586241 3.6974739953875533 4.3741783797740927 3.4185342974960795 2.5914683789014807 4.365975707769393 5.2473152298480263 8.3232319317758066 4.2342529036104679 3.2389454580843449 3.2901214584708214
leaf_count=4946 53 28 22 18 25 33 26 23 15 31 65 86 36 38 20
internal_value=0 -0.00558111 -0.00144671 0.016839 -0.0129004 0.000365704 -0.00541027 0.000128481 -7.20837e-05 0.000208023 -8.5912e-05 0.00672461 -0.00726483 -0.0238431 0.0479439
internal_weight=630.914 37.95 35.0662 13.319 21.7472 592.964 18.8619 589.266 585.848 583.256 578.89 11.2488 7.45665 7.61312 5.8624
internal_count=5465 352 299 102 197 5113 175 5080 5057 5042 5011 111 54 64 48
is_linear=0
shrinkage=0.05


Tree=296
num_leaves=23
num_cat=0
split_feature=3 3 1 2 1 2 3 3 2 2 3 2 2 0 2 1 2 2 3 1 2 1
split_gain=0.469787 1.85344 2.69993 3.79147 2.71245 2.3351 1.59268 3.0902 2.46088 2.85306 1.83859 3.94243 1.96676 2.67355 2.42156 1.7047 1.33762 1.29047 0.8361 0.752205 0.302694 0.171441
threshold=0.22465000000000004 0.25040000000000007 47.350000000000001 23.850000000000005 49.650000000000013 16.350000000000005 0.17785000000000004 0.16200000000000003 17.050000000000004 23.750000000000004 0.13845000000000005 20.150000000000002 16.350000000000005 67.500000000000014 17.350000000000005 60.550000000000004 27.150000000000002 28.050000000000004 0.2351 43.050000000000004 19.050000000000004 45.550000000000004
decision_type=2 2 2 2 2 2 2 2 2 2 2 2 2 2 2 2 2 2 2 2 2 2
left_child=6 18 3 21 20 -6 7 10 -8 -10 12 -12 13 -1 -14 -9 -11 -7 -2 -5 -4 -3
right_child=1 2 4 19 5 17 8 15 9 16 11 -13 14 -15 -16 -17 -18 -19 -20 -21 -22 -23
leaf_value=-0.0071412792833054671 0 0.029449315002008675 -0.025422195310715625 0.010102998752501251 0.028586292471170796 -0.022804900732844899 0.051639521517767545 -0.057720666603804753 -0.037393948235350555 0.057065021333329337 0.054742990532640784 -0.0078004306758900745 0.015129611579608342 0.03348024927962006 0.00050325706026692276 0 0 0.015325208228606838 -0.052026123670702855 -0.020977543085962169 -0.056585200047380269 0.056630130874022439
leaf_weight=115.87627619010163 1.2919101566076268 2.5359673742204887 2.6525227203965214 3.2235917747020721 4.3920521717518595 9.1131382174789888 3.7273051589727384 3.4760094648227087 2.7176738232374191 1.9082076326012609 4.6418737098574621 5.0809970106929541 30.346758257597685 4.0621002413099623 415.82629880891182 1.7398524228483436 2.1132416892796755 2.6825567856430999 2.7654711650684476 4.2164230030030012 2.72435337677598 3.2502037659287453
leaf_count=1080 11 28 18 18 34 104 21 40 15 22 41 38 215 46 3539 25 20 17 53 36 24 20
internal_value=0 -0.00531315 -0.00138896 0.0161622 -0.0124093 -0.00178357 0.000355995 0 0.0195939 0.000642961 0.000356403 0.0218032 -6.89734e-06 -0.0056971 0.00151245 -0.0379411 0.0278449 -0.0136572 -0.0369164 -0.00689252 -0.0428697 0.0462695
internal_weight=630.365 38.8482 34.7908 13.2262 21.5646 16.1877 591.517 581.05 10.4664 6.73912 575.834 9.72287 566.111 119.938 446.173 5.21586 4.02145 11.7957 4.05738 7.44001 5.37688 5.78617
internal_count=5465 363 299 102 197 155 5102 5024 78 57 4959 79 4880 1126 3754 65 42 121 64 54 42 48
is_linear=0
shrinkage=0.05


Tree=297
num_leaves=25
num_cat=0
split_feature=14 3 4 4 3 9 0 3 4 3 4 3 3 4 4 4 4 4 4 3 0 3 3 3
split_gain=0.479983 0.529873 3.93528 5.27632 10.0102 5.14674 3.86735 2.02888 5.46147 7.62299 4.85563 4.57707 3.74148 5.42513 3.23982 3.05554 3.65507 0.892982 0.441389 0.324597 0.308737 0.295643 0.228657 0.176471
threshold=51.440000000000005 0.020950000000000003 0.00095000000000000011 0.00065000000000000008 0.019550000000000001 0.59540000000000004 61.500000000000007 0.029650000000000006 0.00045000000000000004 0.029100000000000004 0.00025000000000000006 0.038750000000000007 0.039950000000000006 0.00055000000000000003 0.00055000000000000003 0.00055000000000000003 0.0015500000000000004 0.00035000000000000005 0.00055000000000000003 0.025550000000000003 61.500000000000007 0.039750000000000008 0.019350000000000003 0.020650000000000005
decision_type=2 2 2 2 2 2 2 2 2 2 2 2 2 2 2 2 2 2 2 2 2 2 2 2
left_child=1 2 3 4 17 -4 22 8 10 14 -3 15 21 -14 -10 20 -17 -1 -11 -12 -9 -13 -5 -6
right_child=-2 7 5 6 23 -7 -8 11 9 18 19 12 13 -15 -16 16 -18 -19 -20 -21 -22 -23 -24 -25
leaf_value=-0.0015679703059887995 0.017765557149282286 0.006750997793532415 0.055691477710503173 -0.063104476609594076 0.072609338329644016 -0.024908861488729919 0.01220645369033444 0.023777220297219695 0.027947263567978338 -0.028636054061740863 -0.040549374214638056 -0.021846089014449441 -0.053639778822802853 0.00074783611232221705 -0.0014174538435372573 -0.0012459809327165922 0.046338660002440746 0.0050798686188939122 -0.061719803742456038 -0.063468580212069678 0.050467781291761937 -0.042993611919963273 -0.036645083092629441 0.045441988988746518
leaf_weight=196.5550250239321 3.6819156445562831 5.2341970354318645 6.865368500351904 4.2890365589410049 3.2810040041804305 2.6014894396066666 3.0518182357773185 2.7153888959437591 11.992982491850851 2.6539077926427117 8.0504054054617864 6.3466412127017957 4.5866676717996588 208.41823889920488 40.842078186571598 19.123559655621651 4.9524794407188883 67.823551767738536 4.2477531358599663 4.5058502554893485 6.1168914344161749 4.1061189249157906 3.3964592786505818 3.9981225878000259
leaf_count=1829 32 27 82 30 22 23 38 29 84 27 50 50 21 1782 257 118 43 695 35 21 62 49 37 22
internal_value=0 -0.000100546 0.0014468 0.000360323 0.00174204 0.032991 -0.0338297 -0.00146811 -0.00855475 -0.00120781 -0.0328001 0.000657956 -0.00188821 -0.000424459 0.00519376 0.018052 0.00848662 0.000119834 -0.0503029 -0.0496056 0.0431799 -0.0309559 -0.0526743 0.0591831
internal_weight=629.437 625.755 291.862 282.395 271.658 9.46686 10.7373 333.893 77.5272 59.7367 17.7905 256.366 223.458 213.005 52.8351 32.9083 24.076 264.379 6.90166 12.5563 8.83228 10.4528 7.6855 7.27913
internal_count=5465 5433 2778 2673 2568 105 105 2655 501 403 98 2154 1902 1803 341 252 161 2524 62 71 91 99 67 44
is_linear=0
shrinkage=0.05


Tree=298
num_leaves=30
num_cat=0
split_feature=1 1 3 3 3 1 1 3 1 1 3 3 0 1 3 1 1 3 3 3 1 3 1 1 0 1 1 3 1
split_gain=0.472863 1.47106 1.46048 2.3948 1.51269 1.24144 2.64596 2.84402 1.72498 2.22523 1.45817 1.18608 1.12859 2.4302 1.96084 2.48776 1.17079 0.998856 2.44549 1.72962 2.8916 1.28195 0.984797 0.944049 0.775711 2.60636 1.3838 0.0662829 0.0127351
threshold=59.45000000000001 57.45000000000001 0.020950000000000003 0.0097500000000000017 0.0079500000000000022 56.45000000000001 55.550000000000004 0.041250000000000009 56.750000000000007 56.850000000000001 0.016550000000000006 0.0072500000000000004 63.500000000000007 61.750000000000007 0.022650000000000003 65.850000000000009 60.150000000000013 0.0117 0.0078500000000000011 0.016000000000000004 62.95000000000001 0.0064500000000000009 57.150000000000013 55.750000000000007 62.500000000000007 50.750000000000007 53.850000000000001 0.011950000000000002 63.650000000000013
decision_type=2 2 2 2 2 2 2 2 2 2 2 2 2 2 2 2 2 2 2 2 2 2 2 2 2 2 2 2 2
left_child=1 5 3 4 11 6 24 23 10 -10 -7 -3 16 -14 15 -15 -2 18 21 -19 -21 -18 -11 -8 26 -26 -1 -17 -16
right_child=12 2 -4 -5 -6 8 7 -9 9 22 -12 -13 13 14 28 27 17 19 -20 20 -22 -23 -24 -25 25 -27 -28 -29 -30
leaf_value=-0.0019180709639601637 0.034237973298135403 -0.031740158569395265 -0.033950877579735361 0.026351042652193749 -0.054231585593866795 0.0081947749847154673 -0.028324713980933131 -0.050153830788920807 -0.039289655582085241 0.044006823794610662 0.068837714795946719 0.019892698793777568 -0.044854779814411841 0.021931494559026946 0.023557345462789224 -0.020812663792098163 0.021506061408109366 -0.034875473596908957 0.05498734870071767 0.026610015477245619 -0.0098092478718989524 -0.024853663003548552 0 0.0032557103482645715 -0.0017440220537899146 0.010504511371565354 0.010537810842592067 -0.049982850595207476 0.05459799586331171
leaf_weight=327.4388034195872 4.0589791256934395 1.9387728180736319 6.2559966444969168 4.03593510389328 2.2649975754320621 2.1748576015233976 3.1144454441964653 5.2343499343842259 2.2358836364001036 2.1819677003659308 2.1918325163424015 2.2894032225012779 3.2457603886723509 3.0099326521158201 1.1423581223934891 1.3517482369206848 3.2021101973950845 2.9348409995436695 3.1082064770162106 9.2639777022413927 12.719537089578806 2.6158734082709998 2.5635239724069834 8.1783804744482023 111.93674921436468 70.31588910066057 23.748610946116969 1.8192666620016096 1.2171751502901313
leaf_count=2529 33 23 38 21 23 27 26 76 24 25 15 31 25 27 14 52 26 23 35 99 132 32 26 86 984 718 240 21 34
internal_value=0 -0.000396924 -0.0149387 -0.00295892 -0.0220587 3.16004e-05 -0.000298645 -0.0199453 0.016336 8.60544e-05 0.0406132 -0.00281396 0.00468117 -0.00856715 0.00500459 -0.00922467 0.00894406 0.00567133 0.0199339 0.00030314 0.00536262 0 0.0200982 -0.00518714 0.000304306 0.0029574 -0.00105876 -0.0400931 0.0431715
internal_weight=627.79 578.1 16.7851 10.5291 6.49317 561.315 549.967 16.5272 11.3481 6.98138 4.36669 4.22818 49.6898 11.7862 8.54048 6.18095 37.9035 33.8445 8.92619 24.9184 21.9835 5.81798 4.74549 11.2928 533.44 182.253 351.187 3.17101 2.35953
internal_count=5465 4912 136 98 77 4776 4659 188 117 75 42 54 553 173 148 100 380 347 93 254 231 58 51 112 4471 1702 2769 73 48
is_linear=0
shrinkage=0.05


Tree=299
num_leaves=31
num_cat=0
split_feature=1 4 0 4 2 2 2 2 1 2 2 1 0 7 8 10 8 2 7 10 4 10 1 2 2 1 4 1 2 8
split_gain=0.468503 1.85477 1.97352 2.58051 2.31496 4.16764 2.05596 1.83734 1.53249 2.25274 2.70418 2.04883 3.60943 1.6251 1.21708 2.0393 1.59625 1.6893 1.37559 1.36309 4.45592 1.62304 1.08489 0.792803 0.631993 0.508894 3.19902 0.495627 0.315946 0.312626
threshold=52.750000000000007 0.013800000000000002 60.500000000000007 0.0080500000000000016 35.20000000000001 34.100000000000009 42.650000000000013 18.650000000000002 51.850000000000001 18.950000000000003 11.950000000000001 52.250000000000007 62.500000000000007 -0.00010500999999999999 224292808.00000003 0.31945000000000007 182190405.00000003 19.150000000000002 8.983500000000001e-05 0.35320000000000007 0.00075000000000000012 0.30355000000000004 56.650000000000013 15.550000000000002 16.250000000000004 52.250000000000007 0.0011500000000000002 44.350000000000001 24.150000000000002 148430970.00000003
decision_type=2 2 2 2 2 2 2 2 2 2 2 2 2 2 2 2 2 2 2 2 2 2 2 2 2 2 2 2 2 2
left_child=8 2 24 4 5 -4 -6 -3 14 10 -10 23 -13 25 16 18 19 -18 -16 21 -21 -1 -5 -12 -2 26 -11 -17 -27 -15
right_child=1 7 3 22 6 -7 -8 -9 9 13 11 12 -14 29 15 27 17 -19 -20 20 -22 -23 -24 -25 -26 28 -28 -29 -30 -31
leaf_value=0.00050701832111715731 -0.056829030561741517 -0.014582505560718809 -0.0015109167875192236 -0.04870914595285001 0.035810264861900809 -0.07004466511435789 -0.0042142574802889457 0.045223881607830779 0.047488705194451766 0.049539136198997559 -0.009676857613825085 -0.052523650554080585 0.02335467872741228 -0.031221338182040943 0.049509583243885213 0 0.064861948087198112 -0.0035083007551637391 -0.017808863598067354 -0.036057570019646788 0.0096919787216748973 0.036266833629352777 -0.0051171219099937241 0.025733664775039373 -0.017245914488238402 0.056225911747060875 -0.027072673028567487 -0.051782458754012585 0.029498768598147068 0.0032474879623405522
leaf_weight=383.02137821074575 1.8679808527231205 1.6924385139718641 146.55285970587283 4.0002959687262765 7.6537840459495765 2.1581555195152751 5.0927616350818425 3.8206915892660618 2.2375852018594768 3.1430697822943312 2.5192722938954812 4.9255500733852386 2.1024015250150114 1.1405725535005324 1.2157712932676068 0.75648583890870202 1.8640858568251126 1.4137292075902221 1.5754971047863364 10.108952850627249 10.79598221182823 3.1060648346319786 2.654812403023243 3.4463497963733971 3.5350921442732215 2.8167765252292156 2.17726044729352 3.2524766707792878 5.1779959984123707 0.88664836436510075
leaf_count=2796 12 24 1442 29 82 12 96 56 20 40 18 39 28 28 20 19 11 38 33 140 117 70 18 38 42 26 17 86 52 16
internal_value=0 -0.0021557 -0.00309487 -0.00209728 -0.000798295 -0.00258551 0.0195213 0.0260408 0.00086989 0.0116573 -0.00166985 -0.0108152 -0.0291141 0.0251369 6.45988e-05 -0.0207456 0.000426648 0.0346626 0.0104814 0.00013022 -0.0122593 0.000816937 -0.0323931 0.0100425 -0.0326234 0.0315838 0.0173435 -0.0434304 0.0401114 -0.0143512
internal_weight=626.713 179.029 173.516 168.113 161.458 148.711 12.7465 5.51313 447.684 30.5735 15.2312 12.9936 7.02795 15.3423 417.11 6.80023 410.31 3.27782 2.79127 407.032 20.9049 386.127 6.65511 5.96562 5.40307 13.3151 5.32033 4.00896 7.99477 2.02722
internal_count=5465 1813 1733 1679 1632 1454 178 80 3652 322 143 123 67 179 3330 158 3172 49 53 3123 257 2866 47 56 54 135 57 105 78 44
is_linear=0
shrinkage=0.05


end of trees

feature_importances:
ema20=1678
adx=1430
rsi=1405
atr=821
score=405
deriv_oi=286
deriv_buy_ratio=228
deriv_sell_ratio=205
deriv_funding=129
final_probability=68
taker_imb=31
spread_bps=27
imb_10=20
imb_20=10
n_trades=4

parameters:
[boosting: gbdt]
[objective: binary]
[metric: binary_logloss]
[tree_learner: serial]
[device_type: cpu]
[data_sample_strategy: bagging]
[data: ]
[valid: ]
[num_iterations: 300]
[learning_rate: 0.05]
[num_leaves: 31]
[num_threads: 6]
[seed: 42]
[deterministic: 0]
[force_col_wise: 0]
[force_row_wise: 0]
[histogram_pool_size: -1]
[max_depth: 6]
[min_data_in_leaf: 20]
[min_sum_hessian_in_leaf: 0.001]
[bagging_fraction: 0.8]
[pos_bagging_fraction: 1]
[neg_bagging_fraction: 1]
[bagging_freq: 0]
[bagging_seed: 400]
[bagging_by_query: 0]
[feature_fraction: 0.8]
[feature_fraction_bynode: 1]
[feature_fraction_seed: 30056]
[extra_trees: 0]
[extra_seed: 12879]
[early_stopping_round: 0]
[early_stopping_min_delta: 0]
[first_metric_only: 0]
[max_delta_step: 0]
[lambda_l1: 0.1]
[lambda_l2: 0.1]
[linear_lambda: 0]
[min_gain_to_split: 0]
[drop_rate: 0.1]
[max_drop: 50]
[skip_drop: 0.5]
[xgboost_dart_mode: 0]
[uniform_drop: 0]
[drop_seed: 17869]
[top_rate: 0.2]
[other_rate: 0.1]
[min_data_per_group: 100]
[max_cat_threshold: 32]
[cat_l2: 10]
[cat_smooth: 10]
[max_cat_to_onehot: 4]
[top_k: 20]
[monotone_constraints: ]
[monotone_constraints_method: basic]
[monotone_penalty: 0]
[feature_contri: ]
[forcedsplits_filename: ]
[refit_decay_rate: 0.9]
[cegb_tradeoff: 1]
[cegb_penalty_split: 0]
[cegb_penalty_feature_lazy: ]
[cegb_penalty_feature_coupled: ]
[path_smooth: 0]
[interaction_constraints: ]
[verbosity: -1]
[saved_feature_importance_type: 0]
[use_quantized_grad: 0]
[num_grad_quant_bins: 4]
[quant_train_renew_leaf: 0]
[stochastic_rounding: 1]
[linear_tree: 0]
[max_bin: 255]
[max_bin_by_feature: ]
[min_data_in_bin: 3]
[bin_construct_sample_cnt: 200000]
[data_random_seed: 175]
[is_enable_sparse: 1]
[enable_bundle: 1]
[use_missing: 1]
[zero_as_missing: 0]
[feature_pre_filter: 1]
[pre_partition: 0]
[two_round: 0]
[header: 0]
[label_column: ]
[weight_column: ]
[group_column: ]
[ignore_column: ]
[categorical_feature: ]
[forcedbins_filename: ]
[precise_float_parser: 0]
[parser_config_file: ]
[objective_seed: 16083]
[num_class: 1]
[is_unbalance: 0]
[scale_pos_weight: 1]
[sigmoid: 1]
[boost_from_average: 1]
[reg_sqrt: 0]
[alpha: 0.9]
[fair_c: 1]
[poisson_max_delta_step: 0.7]
[tweedie_variance_power: 1.5]
[lambdarank_truncation_level: 30]
[lambdarank_norm: 1]
[label_gain: ]
[lambdarank_position_bias_regularization: 0]
[eval_at: ]
[multi_error_top_k: 1]
[auc_mu_weights: ]
[num_machines: 1]
[local_listen_port: 12400]
[time_out: 120]
[machine_list_filename: ]
[machines: ]
[gpu_platform_id: -1]
[gpu_device_id: -1]
[gpu_device_id_list: ]
[gpu_use_dp: 0]
[num_gpu: 1]

end of parameters

pandas_categorical:[]
